{"type":"FeatureCollection","features":[{"type":"Feature","id":"equipamento_cultura_bibliotecas_v3.40029","geometry":{"type":"Point","coordinates":[357285.8429,7396545.4295]},"geometry_name":"ge_ponto","properties":{"cd_identificador":40029,"cd_identificador_tema_equipamento":3,"nm_tema_equipamento":"CULTURA","cd_identificador_rede_equipamento":0,"nm_rede_equipamento":"SEM REDE","tx_rede_equipamento":"Sem descrição","cd_identificador_tipo_equipamento":2,"nm_tipo_equipamento":"Bibliotecas Públicas (inclui  Bosques e Pontos de Leitura)","tx_tipo_equipamento":"Bibliotecas Públicas (inclui  Bosques e Pontos de Leitura)","cd_identificador_classe_equipamento":1,"nm_classe_equipamento":"BIBLIOTECAS","tx_classe_equipamento":"BIBLIOTECAS","cd_identificador_esfera_administrativa_equipamento":1,"nm_esfera_administrativa_equipamento":"Municipal","tx_esfera_administrativa_equipamento":"Entidade mantenedora: PMSP","cd_equipamento":null,"nm_equipamento":"Biblioteca Jamil Almansur Haddad","tx_endereco_equipamento":"Rua Andes, 491-A","nm_bairro_equipamento":"","cd_cep_equipamento":"08408-408","tx_horario_funcionamento":null,"tx_numero_telefone":"(11) 2557-0067","cd_equipamento_base_origem":null}},{"type":"Feature","id":"equipamento_cultura_bibliotecas_v3.40030","geometry":{"type":"Point","coordinates":[336488.8749,7390514.91]},"geometry_name":"ge_ponto","properties":{"cd_identificador":40030,"cd_identificador_tema_equipamento":3,"nm_tema_equipamento":"CULTURA","cd_identificador_rede_equipamento":0,"nm_rede_equipamento":"SEM REDE","tx_rede_equipamento":"Sem descrição","cd_identificador_tipo_equipamento":2,"nm_tipo_equipamento":"Bibliotecas Públicas (inclui  Bosques e Pontos de Leitura)","tx_tipo_equipamento":"Bibliotecas Públicas (inclui  Bosques e Pontos de Leitura)","cd_identificador_classe_equipamento":1,"nm_classe_equipamento":"BIBLIOTECAS","tx_classe_equipamento":"BIBLIOTECAS","cd_identificador_esfera_administrativa_equipamento":1,"nm_esfera_administrativa_equipamento":"Municipal","tx_esfera_administrativa_equipamento":"Entidade mantenedora: PMSP","cd_equipamento":null,"nm_equipamento":"Biblioteca Roberto Santos","tx_endereco_equipamento":"Rua Cisplatina, 505","nm_bairro_equipamento":"","cd_cep_equipamento":"04211-040","tx_horario_funcionamento":null,"tx_numero_telefone":"(11) 2273-2390 / (11) 2063-0901","cd_equipamento_base_origem":null}},{"type":"Feature","id":"equipamento_cultura_bibliotecas_v3.40031","geometry":{"type":"Point","coordinates":[336971.5518,7394651.6056]},"geometry_name":"ge_ponto","properties":{"cd_identificador":40031,"cd_identificador_tema_equipamento":3,"nm_tema_equipamento":"CULTURA","cd_identificador_rede_equipamento":0,"nm_rede_equipamento":"SEM REDE","tx_rede_equipamento":"Sem descrição","cd_identificador_tipo_equipamento":2,"nm_tipo_equipamento":"Bibliotecas Públicas (inclui  Bosques e Pontos de Leitura)","tx_tipo_equipamento":"Bibliotecas Públicas (inclui  Bosques e Pontos de Leitura)","cd_identificador_classe_equipamento":1,"nm_classe_equipamento":"BIBLIOTECAS","tx_classe_equipamento":"BIBLIOTECAS","cd_identificador_esfera_administrativa_equipamento":1,"nm_esfera_administrativa_equipamento":"Municipal","tx_esfera_administrativa_equipamento":"Entidade mantenedora: PMSP","cd_equipamento":null,"nm_equipamento":"Biblioteca Affonso Taunay","tx_endereco_equipamento":"Rua Taquari, 549","nm_bairro_equipamento":"","cd_cep_equipamento":"03166-000","tx_horario_funcionamento":null,"tx_numero_telefone":"(11) 2292-5126","cd_equipamento_base_origem":null}},{"type":"Feature","id":"equipamento_cultura_bibliotecas_v3.40032","geometry":{"type":"Point","coordinates":[326407.5874,7397170.5166]},"geometry_name":"ge_ponto","properties":{"cd_identificador":40032,"cd_identificador_tema_equipamento":3,"nm_tema_equipamento":"CULTURA","cd_identificador_rede_equipamento":0,"nm_rede_equipamento":"SEM REDE","tx_rede_equipamento":"Sem descrição","cd_identificador_tipo_equipamento":2,"nm_tipo_equipamento":"Bibliotecas Públicas (inclui  Bosques e Pontos de Leitura)","tx_tipo_equipamento":"Bibliotecas Públicas (inclui  Bosques e Pontos de Leitura)","cd_identificador_classe_equipamento":1,"nm_classe_equipamento":"BIBLIOTECAS","tx_classe_equipamento":"BIBLIOTECAS","cd_identificador_esfera_administrativa_equipamento":1,"nm_esfera_administrativa_equipamento":"Municipal","tx_esfera_administrativa_equipamento":"Entidade mantenedora: PMSP","cd_equipamento":null,"nm_equipamento":"Biblioteca Mário Schenberg","tx_endereco_equipamento":"Rua Catão, 611","nm_bairro_equipamento":"","cd_cep_equipamento":"05049-000","tx_horario_funcionamento":null,"tx_numero_telefone":"(11) 3672-0456 / (11) 3675-1681","cd_equipamento_base_origem":null}},{"type":"Feature","id":"equipamento_cultura_bibliotecas_v3.40001","geometry":{"type":"Point","coordinates":[325711.7116,7379104.87]},"geometry_name":"ge_ponto","properties":{"cd_identificador":40001,"cd_identificador_tema_equipamento":3,"nm_tema_equipamento":"CULTURA","cd_identificador_rede_equipamento":0,"nm_rede_equipamento":"SEM REDE","tx_rede_equipamento":"Sem descrição","cd_identificador_tipo_equipamento":2,"nm_tipo_equipamento":"Bibliotecas Públicas (inclui  Bosques e Pontos de Leitura)","tx_tipo_equipamento":"Bibliotecas Públicas (inclui  Bosques e Pontos de Leitura)","cd_identificador_classe_equipamento":1,"nm_classe_equipamento":"BIBLIOTECAS","tx_classe_equipamento":"BIBLIOTECAS","cd_identificador_esfera_administrativa_equipamento":1,"nm_esfera_administrativa_equipamento":"Municipal","tx_esfera_administrativa_equipamento":"Entidade mantenedora: PMSP","cd_equipamento":null,"nm_equipamento":"Biblioteca Malba Tahan","tx_endereco_equipamento":"Rua Brás Pires Meira, 100","nm_bairro_equipamento":"","cd_cep_equipamento":"04784-150","tx_horario_funcionamento":null,"tx_numero_telefone":"(11) 5523-4556","cd_equipamento_base_origem":null}},{"type":"Feature","id":"equipamento_cultura_bibliotecas_v3.40002","geometry":{"type":"Point","coordinates":[333294.426,7402148.7893]},"geometry_name":"ge_ponto","properties":{"cd_identificador":40002,"cd_identificador_tema_equipamento":3,"nm_tema_equipamento":"CULTURA","cd_identificador_rede_equipamento":0,"nm_rede_equipamento":"SEM REDE","tx_rede_equipamento":"Sem descrição","cd_identificador_tipo_equipamento":2,"nm_tipo_equipamento":"Bibliotecas Públicas (inclui  Bosques e Pontos de Leitura)","tx_tipo_equipamento":"Bibliotecas Públicas (inclui  Bosques e Pontos de Leitura)","cd_identificador_classe_equipamento":1,"nm_classe_equipamento":"BIBLIOTECAS","tx_classe_equipamento":"BIBLIOTECAS","cd_identificador_esfera_administrativa_equipamento":1,"nm_esfera_administrativa_equipamento":"Municipal","tx_esfera_administrativa_equipamento":"Entidade mantenedora: PMSP","cd_equipamento":null,"nm_equipamento":"Biblioteca Pedro Nava","tx_endereco_equipamento":"Rua Helena do Sacramento, 1000","nm_bairro_equipamento":"","cd_cep_equipamento":"02413-100","tx_horario_funcionamento":null,"tx_numero_telefone":"(11) 2973-7293 / (11) 2950-3598","cd_equipamento_base_origem":null}},{"type":"Feature","id":"equipamento_cultura_bibliotecas_v3.40003","geometry":{"type":"Point","coordinates":[324710.9352,7406188.1498]},"geometry_name":"ge_ponto","properties":{"cd_identificador":40003,"cd_identificador_tema_equipamento":3,"nm_tema_equipamento":"CULTURA","cd_identificador_rede_equipamento":0,"nm_rede_equipamento":"SEM REDE","tx_rede_equipamento":"Sem descrição","cd_identificador_tipo_equipamento":2,"nm_tipo_equipamento":"Bibliotecas Públicas (inclui  Bosques e Pontos de Leitura)","tx_tipo_equipamento":"Bibliotecas Públicas (inclui  Bosques e Pontos de Leitura)","cd_identificador_classe_equipamento":1,"nm_classe_equipamento":"BIBLIOTECAS","tx_classe_equipamento":"BIBLIOTECAS","cd_identificador_esfera_administrativa_equipamento":1,"nm_esfera_administrativa_equipamento":"Municipal","tx_esfera_administrativa_equipamento":"Entidade mantenedora: PMSP","cd_equipamento":null,"nm_equipamento":"Biblioteca Érico Veríssimo","tx_endereco_equipamento":"Rua Diógenes Dourado, 101","nm_bairro_equipamento":"","cd_cep_equipamento":"02815-060","tx_horario_funcionamento":null,"tx_numero_telefone":"(11) 3972-0450","cd_equipamento_base_origem":null}},{"type":"Feature","id":"equipamento_cultura_bibliotecas_v3.40004","geometry":{"type":"Point","coordinates":[356097.3975,7395488.0491]},"geometry_name":"ge_ponto","properties":{"cd_identificador":40004,"cd_identificador_tema_equipamento":3,"nm_tema_equipamento":"CULTURA","cd_identificador_rede_equipamento":0,"nm_rede_equipamento":"SEM REDE","tx_rede_equipamento":"Sem descrição","cd_identificador_tipo_equipamento":2,"nm_tipo_equipamento":"Bibliotecas Públicas (inclui  Bosques e Pontos de Leitura)","tx_tipo_equipamento":"Bibliotecas Públicas (inclui  Bosques e Pontos de Leitura)","cd_identificador_classe_equipamento":1,"nm_classe_equipamento":"BIBLIOTECAS","tx_classe_equipamento":"BIBLIOTECAS","cd_identificador_esfera_administrativa_equipamento":1,"nm_esfera_administrativa_equipamento":"Municipal","tx_esfera_administrativa_equipamento":"Entidade mantenedora: PMSP","cd_equipamento":null,"nm_equipamento":"Biblioteca Cora Coralina","tx_endereco_equipamento":"Rua Otelo Augusto Ribeiro, 113","nm_bairro_equipamento":"","cd_cep_equipamento":"08412-000","tx_horario_funcionamento":null,"tx_numero_telefone":"(11) 2557-8004","cd_equipamento_base_origem":null}},{"type":"Feature","id":"equipamento_cultura_bibliotecas_v3.40005","geometry":{"type":"Point","coordinates":[333817.365,7392219.4193]},"geometry_name":"ge_ponto","properties":{"cd_identificador":40005,"cd_identificador_tema_equipamento":3,"nm_tema_equipamento":"CULTURA","cd_identificador_rede_equipamento":0,"nm_rede_equipamento":"SEM REDE","tx_rede_equipamento":"Sem descrição","cd_identificador_tipo_equipamento":2,"nm_tipo_equipamento":"Bibliotecas Públicas (inclui  Bosques e Pontos de Leitura)","tx_tipo_equipamento":"Bibliotecas Públicas (inclui  Bosques e Pontos de Leitura)","cd_identificador_classe_equipamento":1,"nm_classe_equipamento":"BIBLIOTECAS","tx_classe_equipamento":"BIBLIOTECAS","cd_identificador_esfera_administrativa_equipamento":1,"nm_esfera_administrativa_equipamento":"Municipal","tx_esfera_administrativa_equipamento":"Entidade mantenedora: PMSP","cd_equipamento":null,"nm_equipamento":"Biblioteca Raul Bopp","tx_endereco_equipamento":"Rua Muniz de Souza, 1155","nm_bairro_equipamento":"","cd_cep_equipamento":"01534-001","tx_horario_funcionamento":null,"tx_numero_telefone":"(11) 3208-1895","cd_equipamento_base_origem":null}},{"type":"Feature","id":"equipamento_cultura_bibliotecas_v3.40006","geometry":{"type":"Point","coordinates":[322272.4503,7401615.0363]},"geometry_name":"ge_ponto","properties":{"cd_identificador":40006,"cd_identificador_tema_equipamento":3,"nm_tema_equipamento":"CULTURA","cd_identificador_rede_equipamento":0,"nm_rede_equipamento":"SEM REDE","tx_rede_equipamento":"Sem descrição","cd_identificador_tipo_equipamento":2,"nm_tipo_equipamento":"Bibliotecas Públicas (inclui  Bosques e Pontos de Leitura)","tx_tipo_equipamento":"Bibliotecas Públicas (inclui  Bosques e Pontos de Leitura)","cd_identificador_classe_equipamento":1,"nm_classe_equipamento":"BIBLIOTECAS","tx_classe_equipamento":"BIBLIOTECAS","cd_identificador_esfera_administrativa_equipamento":1,"nm_esfera_administrativa_equipamento":"Municipal","tx_esfera_administrativa_equipamento":"Entidade mantenedora: PMSP","cd_equipamento":null,"nm_equipamento":"Biblioteca Brito Broca","tx_endereco_equipamento":"Avenida Mutinga, 1425","nm_bairro_equipamento":"","cd_cep_equipamento":"05110-000","tx_horario_funcionamento":null,"tx_numero_telefone":"(11) 3904-1444 / (11) 3904-2476","cd_equipamento_base_origem":null}},{"type":"Feature","id":"equipamento_cultura_bibliotecas_v3.40007","geometry":{"type":"Point","coordinates":[335551.7074,7397298.4624]},"geometry_name":"ge_ponto","properties":{"cd_identificador":40007,"cd_identificador_tema_equipamento":3,"nm_tema_equipamento":"CULTURA","cd_identificador_rede_equipamento":0,"nm_rede_equipamento":"SEM REDE","tx_rede_equipamento":"Sem descrição","cd_identificador_tipo_equipamento":2,"nm_tipo_equipamento":"Bibliotecas Públicas (inclui  Bosques e Pontos de Leitura)","tx_tipo_equipamento":"Bibliotecas Públicas (inclui  Bosques e Pontos de Leitura)","cd_identificador_classe_equipamento":1,"nm_classe_equipamento":"BIBLIOTECAS","tx_classe_equipamento":"BIBLIOTECAS","cd_identificador_esfera_administrativa_equipamento":1,"nm_esfera_administrativa_equipamento":"Municipal","tx_esfera_administrativa_equipamento":"Entidade mantenedora: PMSP","cd_equipamento":null,"nm_equipamento":"Biblioteca Adelpha Figueiredo","tx_endereco_equipamento":"Praça Ilo Ottani, 146","nm_bairro_equipamento":"","cd_cep_equipamento":"03028-003","tx_horario_funcionamento":null,"tx_numero_telefone":"(11) 2292-3439","cd_equipamento_base_origem":null}},{"type":"Feature","id":"equipamento_cultura_bibliotecas_v3.40008","geometry":{"type":"Point","coordinates":[326270.9071,7402170.7981]},"geometry_name":"ge_ponto","properties":{"cd_identificador":40008,"cd_identificador_tema_equipamento":3,"nm_tema_equipamento":"CULTURA","cd_identificador_rede_equipamento":0,"nm_rede_equipamento":"SEM REDE","tx_rede_equipamento":"Sem descrição","cd_identificador_tipo_equipamento":2,"nm_tipo_equipamento":"Bibliotecas Públicas (inclui  Bosques e Pontos de Leitura)","tx_tipo_equipamento":"Bibliotecas Públicas (inclui  Bosques e Pontos de Leitura)","cd_identificador_classe_equipamento":1,"nm_classe_equipamento":"BIBLIOTECAS","tx_classe_equipamento":"BIBLIOTECAS","cd_identificador_esfera_administrativa_equipamento":1,"nm_esfera_administrativa_equipamento":"Municipal","tx_esfera_administrativa_equipamento":"Entidade mantenedora: PMSP","cd_equipamento":null,"nm_equipamento":"Biblioteca Afonso Schmidt","tx_endereco_equipamento":"Avenida Elísio Teixeira Leite, 1470","nm_bairro_equipamento":"","cd_cep_equipamento":"02801-000","tx_horario_funcionamento":null,"tx_numero_telefone":"(11) 3975-2305","cd_equipamento_base_origem":null}},{"type":"Feature","id":"equipamento_cultura_bibliotecas_v3.40009","geometry":{"type":"Point","coordinates":[342807.0999,7392342.0705]},"geometry_name":"ge_ponto","properties":{"cd_identificador":40009,"cd_identificador_tema_equipamento":3,"nm_tema_equipamento":"CULTURA","cd_identificador_rede_equipamento":0,"nm_rede_equipamento":"SEM REDE","tx_rede_equipamento":"Sem descrição","cd_identificador_tipo_equipamento":2,"nm_tipo_equipamento":"Bibliotecas Públicas (inclui  Bosques e Pontos de Leitura)","tx_tipo_equipamento":"Bibliotecas Públicas (inclui  Bosques e Pontos de Leitura)","cd_identificador_classe_equipamento":1,"nm_classe_equipamento":"BIBLIOTECAS","tx_classe_equipamento":"BIBLIOTECAS","cd_identificador_esfera_administrativa_equipamento":1,"nm_esfera_administrativa_equipamento":"Municipal","tx_esfera_administrativa_equipamento":"Entidade mantenedora: PMSP","cd_equipamento":null,"nm_equipamento":"Biblioteca Paulo Setúbal (fechado temporariamente)","tx_endereco_equipamento":"Avenida Renata, 163","nm_bairro_equipamento":"","cd_cep_equipamento":"03377-000","tx_horario_funcionamento":null,"tx_numero_telefone":"(11) 2211-1508 / (11) 2211-1507","cd_equipamento_base_origem":null}},{"type":"Feature","id":"equipamento_cultura_bibliotecas_v3.40010","geometry":{"type":"Point","coordinates":[333822.9797,7400540.8791]},"geometry_name":"ge_ponto","properties":{"cd_identificador":40010,"cd_identificador_tema_equipamento":3,"nm_tema_equipamento":"CULTURA","cd_identificador_rede_equipamento":0,"nm_rede_equipamento":"SEM REDE","tx_rede_equipamento":"Sem descrição","cd_identificador_tipo_equipamento":2,"nm_tipo_equipamento":"Bibliotecas Públicas (inclui  Bosques e Pontos de Leitura)","tx_tipo_equipamento":"Bibliotecas Públicas (inclui  Bosques e Pontos de Leitura)","cd_identificador_classe_equipamento":1,"nm_classe_equipamento":"BIBLIOTECAS","tx_classe_equipamento":"BIBLIOTECAS","cd_identificador_esfera_administrativa_equipamento":1,"nm_esfera_administrativa_equipamento":"Municipal","tx_esfera_administrativa_equipamento":"Entidade mantenedora: PMSP","cd_equipamento":null,"nm_equipamento":"Biblioteca Narbal Fontes","tx_endereco_equipamento":"Rua Cons. Moreira de Barros, 170","nm_bairro_equipamento":"","cd_cep_equipamento":"02018-010","tx_horario_funcionamento":null,"tx_numero_telefone":"(11) 2973-4461","cd_equipamento_base_origem":null}},{"type":"Feature","id":"equipamento_cultura_bibliotecas_v3.40011","geometry":{"type":"Point","coordinates":[326333.3669,7393713.3147]},"geometry_name":"ge_ponto","properties":{"cd_identificador":40011,"cd_identificador_tema_equipamento":3,"nm_tema_equipamento":"CULTURA","cd_identificador_rede_equipamento":0,"nm_rede_equipamento":"SEM REDE","tx_rede_equipamento":"Sem descrição","cd_identificador_tipo_equipamento":2,"nm_tipo_equipamento":"Bibliotecas Públicas (inclui  Bosques e Pontos de Leitura)","tx_tipo_equipamento":"Bibliotecas Públicas (inclui  Bosques e Pontos de Leitura)","cd_identificador_classe_equipamento":1,"nm_classe_equipamento":"BIBLIOTECAS","tx_classe_equipamento":"BIBLIOTECAS","cd_identificador_esfera_administrativa_equipamento":1,"nm_esfera_administrativa_equipamento":"Municipal","tx_esfera_administrativa_equipamento":"Entidade mantenedora: PMSP","cd_equipamento":null,"nm_equipamento":"Biblioteca Álvaro Guerra","tx_endereco_equipamento":"Avenida Pedroso de Moraes, 1919","nm_bairro_equipamento":"","cd_cep_equipamento":"05419-001","tx_horario_funcionamento":null,"tx_numero_telefone":"(11) 3031-7784","cd_equipamento_base_origem":null}},{"type":"Feature","id":"equipamento_cultura_bibliotecas_v3.40012","geometry":{"type":"Point","coordinates":[342061.6644,7389775.4085]},"geometry_name":"ge_ponto","properties":{"cd_identificador":40012,"cd_identificador_tema_equipamento":3,"nm_tema_equipamento":"CULTURA","cd_identificador_rede_equipamento":0,"nm_rede_equipamento":"SEM REDE","tx_rede_equipamento":"Sem descrição","cd_identificador_tipo_equipamento":2,"nm_tipo_equipamento":"Bibliotecas Públicas (inclui  Bosques e Pontos de Leitura)","tx_tipo_equipamento":"Bibliotecas Públicas (inclui  Bosques e Pontos de Leitura)","cd_identificador_classe_equipamento":1,"nm_classe_equipamento":"BIBLIOTECAS","tx_classe_equipamento":"BIBLIOTECAS","cd_identificador_esfera_administrativa_equipamento":1,"nm_esfera_administrativa_equipamento":"Municipal","tx_esfera_administrativa_equipamento":"Entidade mantenedora: PMSP","cd_equipamento":null,"nm_equipamento":"Biblioteca Aureliano Leite","tx_endereco_equipamento":"Rua Otto Shubart, 196","nm_bairro_equipamento":"","cd_cep_equipamento":"03238-030","tx_horario_funcionamento":null,"tx_numero_telefone":"(11) 2211-7716","cd_equipamento_base_origem":null}},{"type":"Feature","id":"equipamento_cultura_bibliotecas_v3.40013","geometry":{"type":"Point","coordinates":[338441.3628,7391160.6751]},"geometry_name":"ge_ponto","properties":{"cd_identificador":40013,"cd_identificador_tema_equipamento":3,"nm_tema_equipamento":"CULTURA","cd_identificador_rede_equipamento":0,"nm_rede_equipamento":"SEM REDE","tx_rede_equipamento":"Sem descrição","cd_identificador_tipo_equipamento":2,"nm_tipo_equipamento":"Bibliotecas Públicas (inclui  Bosques e Pontos de Leitura)","tx_tipo_equipamento":"Bibliotecas Públicas (inclui  Bosques e Pontos de Leitura)","cd_identificador_classe_equipamento":1,"nm_classe_equipamento":"BIBLIOTECAS","tx_classe_equipamento":"BIBLIOTECAS","cd_identificador_esfera_administrativa_equipamento":1,"nm_esfera_administrativa_equipamento":"Municipal","tx_esfera_administrativa_equipamento":"Entidade mantenedora: PMSP","cd_equipamento":null,"nm_equipamento":"Biblioteca Ricardo Ramos","tx_endereco_equipamento":"Praça do Centenário de Vila Prudente, 25","nm_bairro_equipamento":"","cd_cep_equipamento":"03132-050","tx_horario_funcionamento":null,"tx_numero_telefone":"(11) 2273-4860","cd_equipamento_base_origem":null}},{"type":"Feature","id":"equipamento_cultura_bibliotecas_v3.40014","geometry":{"type":"Point","coordinates":[332790.7231,7389850.3962]},"geometry_name":"ge_ponto","properties":{"cd_identificador":40014,"cd_identificador_tema_equipamento":3,"nm_tema_equipamento":"CULTURA","cd_identificador_rede_equipamento":0,"nm_rede_equipamento":"SEM REDE","tx_rede_equipamento":"Sem descrição","cd_identificador_tipo_equipamento":2,"nm_tipo_equipamento":"Bibliotecas Públicas (inclui  Bosques e Pontos de Leitura)","tx_tipo_equipamento":"Bibliotecas Públicas (inclui  Bosques e Pontos de Leitura)","cd_identificador_classe_equipamento":1,"nm_classe_equipamento":"BIBLIOTECAS","tx_classe_equipamento":"BIBLIOTECAS","cd_identificador_esfera_administrativa_equipamento":1,"nm_esfera_administrativa_equipamento":"Municipal","tx_esfera_administrativa_equipamento":"Entidade mantenedora: PMSP","cd_equipamento":null,"nm_equipamento":"Biblioteca Viriato Corrêa","tx_endereco_equipamento":"Rua Sena Madureira, 298","nm_bairro_equipamento":"","cd_cep_equipamento":"04021-050","tx_horario_funcionamento":null,"tx_numero_telefone":"(11) 5573-4017 / (11) 5574-0389","cd_equipamento_base_origem":null}},{"type":"Feature","id":"equipamento_cultura_bibliotecas_v3.40015","geometry":{"type":"Point","coordinates":[334654.1916,7400349.8522]},"geometry_name":"ge_ponto","properties":{"cd_identificador":40015,"cd_identificador_tema_equipamento":3,"nm_tema_equipamento":"CULTURA","cd_identificador_rede_equipamento":0,"nm_rede_equipamento":"SEM REDE","tx_rede_equipamento":"Sem descrição","cd_identificador_tipo_equipamento":2,"nm_tipo_equipamento":"Bibliotecas Públicas (inclui  Bosques e Pontos de Leitura)","tx_tipo_equipamento":"Bibliotecas Públicas (inclui  Bosques e Pontos de Leitura)","cd_identificador_classe_equipamento":1,"nm_classe_equipamento":"BIBLIOTECAS","tx_classe_equipamento":"BIBLIOTECAS","cd_identificador_esfera_administrativa_equipamento":1,"nm_esfera_administrativa_equipamento":"Municipal","tx_esfera_administrativa_equipamento":"Entidade mantenedora: PMSP","cd_equipamento":null,"nm_equipamento":"Biblioteca Nuto Sant’Anna","tx_endereco_equipamento":"Praça Tenório de Aguiar, 32","nm_bairro_equipamento":"","cd_cep_equipamento":"02044-080","tx_horario_funcionamento":null,"tx_numero_telefone":"(11) 2973-0072","cd_equipamento_base_origem":null}},{"type":"Feature","id":"equipamento_cultura_bibliotecas_v3.40016","geometry":{"type":"Point","coordinates":[348438.2219,7395198.4634]},"geometry_name":"ge_ponto","properties":{"cd_identificador":40016,"cd_identificador_tema_equipamento":3,"nm_tema_equipamento":"CULTURA","cd_identificador_rede_equipamento":0,"nm_rede_equipamento":"SEM REDE","tx_rede_equipamento":"Sem descrição","cd_identificador_tipo_equipamento":2,"nm_tipo_equipamento":"Bibliotecas Públicas (inclui  Bosques e Pontos de Leitura)","tx_tipo_equipamento":"Bibliotecas Públicas (inclui  Bosques e Pontos de Leitura)","cd_identificador_classe_equipamento":1,"nm_classe_equipamento":"BIBLIOTECAS","tx_classe_equipamento":"BIBLIOTECAS","cd_identificador_esfera_administrativa_equipamento":1,"nm_esfera_administrativa_equipamento":"Municipal","tx_esfera_administrativa_equipamento":"Entidade mantenedora: PMSP","cd_equipamento":null,"nm_equipamento":"Biblioteca Jovina Rocha Álvares Pessoa","tx_endereco_equipamento":"Avenida Pe. Francisco de Toledo, 331","nm_bairro_equipamento":"","cd_cep_equipamento":"03590-120","tx_horario_funcionamento":null,"tx_numero_telefone":"(11) 2741-7371 / (11) 2741-0371","cd_equipamento_base_origem":null}},{"type":"Feature","id":"equipamento_cultura_bibliotecas_v3.40017","geometry":{"type":"Point","coordinates":[334329.0091,7390962.763]},"geometry_name":"ge_ponto","properties":{"cd_identificador":40017,"cd_identificador_tema_equipamento":3,"nm_tema_equipamento":"CULTURA","cd_identificador_rede_equipamento":0,"nm_rede_equipamento":"SEM REDE","tx_rede_equipamento":"Sem descrição","cd_identificador_tipo_equipamento":2,"nm_tipo_equipamento":"Bibliotecas Públicas (inclui  Bosques e Pontos de Leitura)","tx_tipo_equipamento":"Bibliotecas Públicas (inclui  Bosques e Pontos de Leitura)","cd_identificador_classe_equipamento":1,"nm_classe_equipamento":"BIBLIOTECAS","tx_classe_equipamento":"BIBLIOTECAS","cd_identificador_esfera_administrativa_equipamento":1,"nm_esfera_administrativa_equipamento":"Municipal","tx_esfera_administrativa_equipamento":"Entidade mantenedora: PMSP","cd_equipamento":null,"nm_equipamento":"Biblioteca Chácara do Castelo (fechado temporariamente)","tx_endereco_equipamento":"Rua Brás Lourenço, 333","nm_bairro_equipamento":"","cd_cep_equipamento":"04113-010","tx_horario_funcionamento":null,"tx_numero_telefone":"(11) 5573-4929","cd_equipamento_base_origem":null}},{"type":"Feature","id":"equipamento_cultura_bibliotecas_v3.40018","geometry":{"type":"Point","coordinates":[329457.1118,7402815.2605]},"geometry_name":"ge_ponto","properties":{"cd_identificador":40018,"cd_identificador_tema_equipamento":3,"nm_tema_equipamento":"CULTURA","cd_identificador_rede_equipamento":0,"nm_rede_equipamento":"SEM REDE","tx_rede_equipamento":"Sem descrição","cd_identificador_tipo_equipamento":2,"nm_tipo_equipamento":"Bibliotecas Públicas (inclui  Bosques e Pontos de Leitura)","tx_tipo_equipamento":"Bibliotecas Públicas (inclui  Bosques e Pontos de Leitura)","cd_identificador_classe_equipamento":1,"nm_classe_equipamento":"BIBLIOTECAS","tx_classe_equipamento":"BIBLIOTECAS","cd_identificador_esfera_administrativa_equipamento":1,"nm_esfera_administrativa_equipamento":"Municipal","tx_esfera_administrativa_equipamento":"Entidade mantenedora: PMSP","cd_equipamento":null,"nm_equipamento":"Biblioteca Jayme Cortez","tx_endereco_equipamento":"Avenida Deputado Emílio Carlos, 3641","nm_bairro_equipamento":"","cd_cep_equipamento":"02721-200","tx_horario_funcionamento":null,"tx_numero_telefone":"(11) 3343-8999 ramal 8959","cd_equipamento_base_origem":null}},{"type":"Feature","id":"equipamento_cultura_bibliotecas_v3.40019","geometry":{"type":"Point","coordinates":[329151.6576,7400465.8326]},"geometry_name":"ge_ponto","properties":{"cd_identificador":40019,"cd_identificador_tema_equipamento":3,"nm_tema_equipamento":"CULTURA","cd_identificador_rede_equipamento":0,"nm_rede_equipamento":"SEM REDE","tx_rede_equipamento":"Sem descrição","cd_identificador_tipo_equipamento":2,"nm_tipo_equipamento":"Bibliotecas Públicas (inclui  Bosques e Pontos de Leitura)","tx_tipo_equipamento":"Bibliotecas Públicas (inclui  Bosques e Pontos de Leitura)","cd_identificador_classe_equipamento":1,"nm_classe_equipamento":"BIBLIOTECAS","tx_classe_equipamento":"BIBLIOTECAS","cd_identificador_esfera_administrativa_equipamento":1,"nm_esfera_administrativa_equipamento":"Municipal","tx_esfera_administrativa_equipamento":"Entidade mantenedora: PMSP","cd_equipamento":null,"nm_equipamento":"Biblioteca Menotti Del Picchia","tx_endereco_equipamento":"Rua São Romualdo, 382","nm_bairro_equipamento":"","cd_cep_equipamento":"02557-060","tx_horario_funcionamento":null,"tx_numero_telefone":"(11) 3966-4814 / (11) 3956-5070","cd_equipamento_base_origem":null}},{"type":"Feature","id":"equipamento_cultura_bibliotecas_v3.40020","geometry":{"type":"Point","coordinates":[322631.6207,7391658.5506]},"geometry_name":"ge_ponto","properties":{"cd_identificador":40020,"cd_identificador_tema_equipamento":3,"nm_tema_equipamento":"CULTURA","cd_identificador_rede_equipamento":0,"nm_rede_equipamento":"SEM REDE","tx_rede_equipamento":"Sem descrição","cd_identificador_tipo_equipamento":2,"nm_tipo_equipamento":"Bibliotecas Públicas (inclui  Bosques e Pontos de Leitura)","tx_tipo_equipamento":"Bibliotecas Públicas (inclui  Bosques e Pontos de Leitura)","cd_identificador_classe_equipamento":1,"nm_classe_equipamento":"BIBLIOTECAS","tx_classe_equipamento":"BIBLIOTECAS","cd_identificador_esfera_administrativa_equipamento":1,"nm_esfera_administrativa_equipamento":"Municipal","tx_esfera_administrativa_equipamento":"Entidade mantenedora: PMSP","cd_equipamento":null,"nm_equipamento":"Biblioteca Camila Cerqueira César","tx_endereco_equipamento":"Rua Valdemar Sanches, 41","nm_bairro_equipamento":"","cd_cep_equipamento":"05589-050","tx_horario_funcionamento":null,"tx_numero_telefone":"(11) 3731-5210","cd_equipamento_base_origem":null}},{"type":"Feature","id":"equipamento_cultura_bibliotecas_v3.40021","geometry":{"type":"Point","coordinates":[339481.1142,7396237.3016]},"geometry_name":"ge_ponto","properties":{"cd_identificador":40021,"cd_identificador_tema_equipamento":3,"nm_tema_equipamento":"CULTURA","cd_identificador_rede_equipamento":0,"nm_rede_equipamento":"SEM REDE","tx_rede_equipamento":"Sem descrição","cd_identificador_tipo_equipamento":2,"nm_tipo_equipamento":"Bibliotecas Públicas (inclui  Bosques e Pontos de Leitura)","tx_tipo_equipamento":"Bibliotecas Públicas (inclui  Bosques e Pontos de Leitura)","cd_identificador_classe_equipamento":1,"nm_classe_equipamento":"BIBLIOTECAS","tx_classe_equipamento":"BIBLIOTECAS","cd_identificador_esfera_administrativa_equipamento":1,"nm_esfera_administrativa_equipamento":"Municipal","tx_esfera_administrativa_equipamento":"Entidade mantenedora: PMSP","cd_equipamento":null,"nm_equipamento":"Biblioteca Hans Christian Andersen","tx_endereco_equipamento":"Avenida Celso Garcia, 4142","nm_bairro_equipamento":"","cd_cep_equipamento":"03064-000","tx_horario_funcionamento":null,"tx_numero_telefone":"(11) 2295-3447 / (11) 2227-2453","cd_equipamento_base_origem":null}},{"type":"Feature","id":"equipamento_cultura_bibliotecas_v3.40022","geometry":{"type":"Point","coordinates":[339530.1333,7396243.2926]},"geometry_name":"ge_ponto","properties":{"cd_identificador":40022,"cd_identificador_tema_equipamento":3,"nm_tema_equipamento":"CULTURA","cd_identificador_rede_equipamento":0,"nm_rede_equipamento":"SEM REDE","tx_rede_equipamento":"Sem descrição","cd_identificador_tipo_equipamento":2,"nm_tipo_equipamento":"Bibliotecas Públicas (inclui  Bosques e Pontos de Leitura)","tx_tipo_equipamento":"Bibliotecas Públicas (inclui  Bosques e Pontos de Leitura)","cd_identificador_classe_equipamento":1,"nm_classe_equipamento":"BIBLIOTECAS","tx_classe_equipamento":"BIBLIOTECAS","cd_identificador_esfera_administrativa_equipamento":1,"nm_esfera_administrativa_equipamento":"Municipal","tx_esfera_administrativa_equipamento":"Entidade mantenedora: PMSP","cd_equipamento":null,"nm_equipamento":"Biblioteca Cassiano Ricardo","tx_endereco_equipamento":"Avenida Celso Garcia, 4200","nm_bairro_equipamento":"","cd_cep_equipamento":"03064-000","tx_horario_funcionamento":null,"tx_numero_telefone":"(11) 2092-4570 / (11) 2942-9952","cd_equipamento_base_origem":null}},{"type":"Feature","id":"equipamento_cultura_bibliotecas_v3.40023","geometry":{"type":"Point","coordinates":[351540.8808,7396287.5659]},"geometry_name":"ge_ponto","properties":{"cd_identificador":40023,"cd_identificador_tema_equipamento":3,"nm_tema_equipamento":"CULTURA","cd_identificador_rede_equipamento":0,"nm_rede_equipamento":"SEM REDE","tx_rede_equipamento":"Sem descrição","cd_identificador_tipo_equipamento":2,"nm_tipo_equipamento":"Bibliotecas Públicas (inclui  Bosques e Pontos de Leitura)","tx_tipo_equipamento":"Bibliotecas Públicas (inclui  Bosques e Pontos de Leitura)","cd_identificador_classe_equipamento":1,"nm_classe_equipamento":"BIBLIOTECAS","tx_classe_equipamento":"BIBLIOTECAS","cd_identificador_esfera_administrativa_equipamento":1,"nm_esfera_administrativa_equipamento":"Municipal","tx_esfera_administrativa_equipamento":"Entidade mantenedora: PMSP","cd_equipamento":null,"nm_equipamento":"Biblioteca Sérgio Buarque de Holanda","tx_endereco_equipamento":"Rua Vitório Santim, 44","nm_bairro_equipamento":"","cd_cep_equipamento":"08290-000","tx_horario_funcionamento":null,"tx_numero_telefone":"(11) 2205-7406","cd_equipamento_base_origem":null}},{"type":"Feature","id":"equipamento_cultura_bibliotecas_v3.40024","geometry":{"type":"Point","coordinates":[326354.7731,7401595.6875]},"geometry_name":"ge_ponto","properties":{"cd_identificador":40024,"cd_identificador_tema_equipamento":3,"nm_tema_equipamento":"CULTURA","cd_identificador_rede_equipamento":0,"nm_rede_equipamento":"SEM REDE","tx_rede_equipamento":"Sem descrição","cd_identificador_tipo_equipamento":2,"nm_tipo_equipamento":"Bibliotecas Públicas (inclui  Bosques e Pontos de Leitura)","tx_tipo_equipamento":"Bibliotecas Públicas (inclui  Bosques e Pontos de Leitura)","cd_identificador_classe_equipamento":1,"nm_classe_equipamento":"BIBLIOTECAS","tx_classe_equipamento":"BIBLIOTECAS","cd_identificador_esfera_administrativa_equipamento":1,"nm_esfera_administrativa_equipamento":"Municipal","tx_esfera_administrativa_equipamento":"Entidade mantenedora: PMSP","cd_equipamento":null,"nm_equipamento":"Biblioteca Thales Castanho de Andrade","tx_endereco_equipamento":"Rua Dr. Artur Fajardo, 447","nm_bairro_equipamento":"","cd_cep_equipamento":"02963-000","tx_horario_funcionamento":null,"tx_numero_telefone":"(11) 3975-7439","cd_equipamento_base_origem":null}},{"type":"Feature","id":"equipamento_cultura_bibliotecas_v3.40025","geometry":{"type":"Point","coordinates":[332228.9642,7383454.0122]},"geometry_name":"ge_ponto","properties":{"cd_identificador":40025,"cd_identificador_tema_equipamento":3,"nm_tema_equipamento":"CULTURA","cd_identificador_rede_equipamento":0,"nm_rede_equipamento":"SEM REDE","tx_rede_equipamento":"Sem descrição","cd_identificador_tipo_equipamento":2,"nm_tipo_equipamento":"Bibliotecas Públicas (inclui  Bosques e Pontos de Leitura)","tx_tipo_equipamento":"Bibliotecas Públicas (inclui  Bosques e Pontos de Leitura)","cd_identificador_classe_equipamento":1,"nm_classe_equipamento":"BIBLIOTECAS","tx_classe_equipamento":"BIBLIOTECAS","cd_identificador_esfera_administrativa_equipamento":1,"nm_esfera_administrativa_equipamento":"Municipal","tx_esfera_administrativa_equipamento":"Entidade mantenedora: PMSP","cd_equipamento":null,"nm_equipamento":"Biblioteca Paulo Duarte","tx_endereco_equipamento":"Rua Arsênio Tavolieri, 45","nm_bairro_equipamento":"","cd_cep_equipamento":"04321-030","tx_horario_funcionamento":null,"tx_numero_telefone":"(11) 5011-8819 / (11) 5011-7445","cd_equipamento_base_origem":null}},{"type":"Feature","id":"equipamento_cultura_bibliotecas_v3.40026","geometry":{"type":"Point","coordinates":[328029.2,7390513]},"geometry_name":"ge_ponto","properties":{"cd_identificador":40026,"cd_identificador_tema_equipamento":3,"nm_tema_equipamento":"CULTURA","cd_identificador_rede_equipamento":0,"nm_rede_equipamento":"SEM REDE","tx_rede_equipamento":"Sem descrição","cd_identificador_tipo_equipamento":2,"nm_tipo_equipamento":"Bibliotecas Públicas (inclui  Bosques e Pontos de Leitura)","tx_tipo_equipamento":"Bibliotecas Públicas (inclui  Bosques e Pontos de Leitura)","cd_identificador_classe_equipamento":1,"nm_classe_equipamento":"BIBLIOTECAS","tx_classe_equipamento":"BIBLIOTECAS","cd_identificador_esfera_administrativa_equipamento":1,"nm_esfera_administrativa_equipamento":"Municipal","tx_esfera_administrativa_equipamento":"Entidade mantenedora: PMSP","cd_equipamento":null,"nm_equipamento":"Biblioteca Anne Frank","tx_endereco_equipamento":"Rua Cojuba, 45","nm_bairro_equipamento":"","cd_cep_equipamento":"04533-040","tx_horario_funcionamento":null,"tx_numero_telefone":"(11) 3078-6352","cd_equipamento_base_origem":null}},{"type":"Feature","id":"equipamento_cultura_bibliotecas_v3.40027","geometry":{"type":"Point","coordinates":[343638.0754,7395101.6521]},"geometry_name":"ge_ponto","properties":{"cd_identificador":40027,"cd_identificador_tema_equipamento":3,"nm_tema_equipamento":"CULTURA","cd_identificador_rede_equipamento":0,"nm_rede_equipamento":"SEM REDE","tx_rede_equipamento":"Sem descrição","cd_identificador_tipo_equipamento":2,"nm_tipo_equipamento":"Bibliotecas Públicas (inclui  Bosques e Pontos de Leitura)","tx_tipo_equipamento":"Bibliotecas Públicas (inclui  Bosques e Pontos de Leitura)","cd_identificador_classe_equipamento":1,"nm_classe_equipamento":"BIBLIOTECAS","tx_classe_equipamento":"BIBLIOTECAS","cd_identificador_esfera_administrativa_equipamento":1,"nm_esfera_administrativa_equipamento":"Municipal","tx_esfera_administrativa_equipamento":"Entidade mantenedora: PMSP","cd_equipamento":null,"nm_equipamento":"Biblioteca Lenyra Fraccaroli","tx_endereco_equipamento":"Praça Haroldo Daltro, 451","nm_bairro_equipamento":"","cd_cep_equipamento":"03444-090","tx_horario_funcionamento":null,"tx_numero_telefone":"(11) 2295-2295","cd_equipamento_base_origem":null}},{"type":"Feature","id":"equipamento_cultura_bibliotecas_v3.40028","geometry":{"type":"Point","coordinates":[326321.6874,7396197.5638]},"geometry_name":"ge_ponto","properties":{"cd_identificador":40028,"cd_identificador_tema_equipamento":3,"nm_tema_equipamento":"CULTURA","cd_identificador_rede_equipamento":0,"nm_rede_equipamento":"SEM REDE","tx_rede_equipamento":"Sem descrição","cd_identificador_tipo_equipamento":2,"nm_tipo_equipamento":"Bibliotecas Públicas (inclui  Bosques e Pontos de Leitura)","tx_tipo_equipamento":"Bibliotecas Públicas (inclui  Bosques e Pontos de Leitura)","cd_identificador_classe_equipamento":1,"nm_classe_equipamento":"BIBLIOTECAS","tx_classe_equipamento":"BIBLIOTECAS","cd_identificador_esfera_administrativa_equipamento":1,"nm_esfera_administrativa_equipamento":"Municipal","tx_esfera_administrativa_equipamento":"Entidade mantenedora: PMSP","cd_equipamento":null,"nm_equipamento":"Biblioteca Clarice Lispector","tx_endereco_equipamento":"Rua Jaricunas, 458","nm_bairro_equipamento":"","cd_cep_equipamento":"05053-070","tx_horario_funcionamento":null,"tx_numero_telefone":"(11) 3672-1423","cd_equipamento_base_origem":null}},{"type":"Feature","id":"equipamento_cultura_bibliotecas_v3.40033","geometry":{"type":"Point","coordinates":[320687.4843,7410313.6324]},"geometry_name":"ge_ponto","properties":{"cd_identificador":40033,"cd_identificador_tema_equipamento":3,"nm_tema_equipamento":"CULTURA","cd_identificador_rede_equipamento":0,"nm_rede_equipamento":"SEM REDE","tx_rede_equipamento":"Sem descrição","cd_identificador_tipo_equipamento":2,"nm_tipo_equipamento":"Bibliotecas Públicas (inclui  Bosques e Pontos de Leitura)","tx_tipo_equipamento":"Bibliotecas Públicas (inclui  Bosques e Pontos de Leitura)","cd_identificador_classe_equipamento":1,"nm_classe_equipamento":"BIBLIOTECAS","tx_classe_equipamento":"BIBLIOTECAS","cd_identificador_esfera_administrativa_equipamento":1,"nm_esfera_administrativa_equipamento":"Municipal","tx_esfera_administrativa_equipamento":"Entidade mantenedora: PMSP","cd_equipamento":null,"nm_equipamento":"Biblioteca Padre José de Anchieta","tx_endereco_equipamento":"Rua Antônio Maia, 651","nm_bairro_equipamento":"","cd_cep_equipamento":"05126-010","tx_horario_funcionamento":null,"tx_numero_telefone":"(11) 3917-0751","cd_equipamento_base_origem":null}},{"type":"Feature","id":"equipamento_cultura_bibliotecas_v3.40034","geometry":{"type":"Point","coordinates":[328291.3225,7393671.4274]},"geometry_name":"ge_ponto","properties":{"cd_identificador":40034,"cd_identificador_tema_equipamento":3,"nm_tema_equipamento":"CULTURA","cd_identificador_rede_equipamento":0,"nm_rede_equipamento":"SEM REDE","tx_rede_equipamento":"Sem descrição","cd_identificador_tipo_equipamento":2,"nm_tipo_equipamento":"Bibliotecas Públicas (inclui  Bosques e Pontos de Leitura)","tx_tipo_equipamento":"Bibliotecas Públicas (inclui  Bosques e Pontos de Leitura)","cd_identificador_classe_equipamento":1,"nm_classe_equipamento":"BIBLIOTECAS","tx_classe_equipamento":"BIBLIOTECAS","cd_identificador_esfera_administrativa_equipamento":1,"nm_esfera_administrativa_equipamento":"Municipal","tx_esfera_administrativa_equipamento":"Entidade mantenedora: PMSP","cd_equipamento":null,"nm_equipamento":"Biblioteca Alceu Amoroso Lima","tx_endereco_equipamento":"Rua Henrique Schaumann, 777","nm_bairro_equipamento":"","cd_cep_equipamento":"05413-021","tx_horario_funcionamento":null,"tx_numero_telefone":"(11) 3082-5023 / (11) 3063-3064","cd_equipamento_base_origem":null}},{"type":"Feature","id":"equipamento_cultura_bibliotecas_v3.40035","geometry":{"type":"Point","coordinates":[319011.3,7385288.7]},"geometry_name":"ge_ponto","properties":{"cd_identificador":40035,"cd_identificador_tema_equipamento":3,"nm_tema_equipamento":"CULTURA","cd_identificador_rede_equipamento":0,"nm_rede_equipamento":"SEM REDE","tx_rede_equipamento":"Sem descrição","cd_identificador_tipo_equipamento":2,"nm_tipo_equipamento":"Bibliotecas Públicas (inclui  Bosques e Pontos de Leitura)","tx_tipo_equipamento":"Bibliotecas Públicas (inclui  Bosques e Pontos de Leitura)","cd_identificador_classe_equipamento":1,"nm_classe_equipamento":"BIBLIOTECAS","tx_classe_equipamento":"BIBLIOTECAS","cd_identificador_esfera_administrativa_equipamento":1,"nm_esfera_administrativa_equipamento":"Municipal","tx_esfera_administrativa_equipamento":"Entidade mantenedora: PMSP","cd_equipamento":null,"nm_equipamento":"Biblioteca Helena Silveira","tx_endereco_equipamento":"Rua José Viriato de Castro, 78","nm_bairro_equipamento":"","cd_cep_equipamento":"05788-310","tx_horario_funcionamento":null,"tx_numero_telefone":"(11) 5841-1259","cd_equipamento_base_origem":null}},{"type":"Feature","id":"equipamento_cultura_bibliotecas_v3.40036","geometry":{"type":"Point","coordinates":[336156.7313,7402285.5273]},"geometry_name":"ge_ponto","properties":{"cd_identificador":40036,"cd_identificador_tema_equipamento":3,"nm_tema_equipamento":"CULTURA","cd_identificador_rede_equipamento":0,"nm_rede_equipamento":"SEM REDE","tx_rede_equipamento":"Sem descrição","cd_identificador_tipo_equipamento":2,"nm_tipo_equipamento":"Bibliotecas Públicas (inclui  Bosques e Pontos de Leitura)","tx_tipo_equipamento":"Bibliotecas Públicas (inclui  Bosques e Pontos de Leitura)","cd_identificador_classe_equipamento":1,"nm_classe_equipamento":"BIBLIOTECAS","tx_classe_equipamento":"BIBLIOTECAS","cd_identificador_esfera_administrativa_equipamento":1,"nm_esfera_administrativa_equipamento":"Municipal","tx_esfera_administrativa_equipamento":"Entidade mantenedora: PMSP","cd_equipamento":null,"nm_equipamento":"Biblioteca Sylvia Orthof","tx_endereco_equipamento":"Avenida Tucuruvi, 808","nm_bairro_equipamento":"","cd_cep_equipamento":"02304-002","tx_horario_funcionamento":null,"tx_numero_telefone":"(11) 2981-6263 / (11) 2981-6264","cd_equipamento_base_origem":null}},{"type":"Feature","id":"equipamento_cultura_bibliotecas_v3.40037","geometry":{"type":"Point","coordinates":[320717.4571,7386991.4317]},"geometry_name":"ge_ponto","properties":{"cd_identificador":40037,"cd_identificador_tema_equipamento":3,"nm_tema_equipamento":"CULTURA","cd_identificador_rede_equipamento":0,"nm_rede_equipamento":"SEM REDE","tx_rede_equipamento":"Sem descrição","cd_identificador_tipo_equipamento":2,"nm_tipo_equipamento":"Bibliotecas Públicas (inclui  Bosques e Pontos de Leitura)","tx_tipo_equipamento":"Bibliotecas Públicas (inclui  Bosques e Pontos de Leitura)","cd_identificador_classe_equipamento":1,"nm_classe_equipamento":"BIBLIOTECAS","tx_classe_equipamento":"BIBLIOTECAS","cd_identificador_esfera_administrativa_equipamento":1,"nm_esfera_administrativa_equipamento":"Municipal","tx_esfera_administrativa_equipamento":"Entidade mantenedora: PMSP","cd_equipamento":null,"nm_equipamento":"Biblioteca Marcos Rey","tx_endereco_equipamento":"Avenida Anacê, 92","nm_bairro_equipamento":"","cd_cep_equipamento":"05755-090","tx_horario_funcionamento":null,"tx_numero_telefone":"(11) 5845-2572","cd_equipamento_base_origem":null}},{"type":"Feature","id":"equipamento_cultura_bibliotecas_v3.40038","geometry":{"type":"Point","coordinates":[332390.694,7394935.6271]},"geometry_name":"ge_ponto","properties":{"cd_identificador":40038,"cd_identificador_tema_equipamento":3,"nm_tema_equipamento":"CULTURA","cd_identificador_rede_equipamento":0,"nm_rede_equipamento":"SEM REDE","tx_rede_equipamento":"Sem descrição","cd_identificador_tipo_equipamento":2,"nm_tipo_equipamento":"Bibliotecas Públicas (inclui  Bosques e Pontos de Leitura)","tx_tipo_equipamento":"Bibliotecas Públicas (inclui  Bosques e Pontos de Leitura)","cd_identificador_classe_equipamento":1,"nm_classe_equipamento":"BIBLIOTECAS","tx_classe_equipamento":"BIBLIOTECAS","cd_identificador_esfera_administrativa_equipamento":1,"nm_esfera_administrativa_equipamento":"Municipal","tx_esfera_administrativa_equipamento":"Entidade mantenedora: PMSP","cd_equipamento":null,"nm_equipamento":"Biblioteca Mário de Andrade","tx_endereco_equipamento":"Rua da Consolação, 94","nm_bairro_equipamento":"","cd_cep_equipamento":"01302-000","tx_horario_funcionamento":null,"tx_numero_telefone":"(11) 3150-9457 / (11) 3154-2240","cd_equipamento_base_origem":null}},{"type":"Feature","id":"equipamento_cultura_bibliotecas_v3.40039","geometry":{"type":"Point","coordinates":[339470.2117,7394412.0117]},"geometry_name":"ge_ponto","properties":{"cd_identificador":40039,"cd_identificador_tema_equipamento":3,"nm_tema_equipamento":"CULTURA","cd_identificador_rede_equipamento":0,"nm_rede_equipamento":"SEM REDE","tx_rede_equipamento":"Sem descrição","cd_identificador_tipo_equipamento":2,"nm_tipo_equipamento":"Bibliotecas Públicas (inclui  Bosques e Pontos de Leitura)","tx_tipo_equipamento":"Bibliotecas Públicas (inclui  Bosques e Pontos de Leitura)","cd_identificador_classe_equipamento":1,"nm_classe_equipamento":"BIBLIOTECAS","tx_classe_equipamento":"BIBLIOTECAS","cd_identificador_esfera_administrativa_equipamento":1,"nm_esfera_administrativa_equipamento":"Municipal","tx_esfera_administrativa_equipamento":"Entidade mantenedora: PMSP","cd_equipamento":null,"nm_equipamento":"Biblioteca Paulo Sérgio Duarte Milliet","tx_endereco_equipamento":"Praça Ituzaingó, s/n","nm_bairro_equipamento":"","cd_cep_equipamento":"03334-020","tx_horario_funcionamento":null,"tx_numero_telefone":"(11) 2671-4974","cd_equipamento_base_origem":null}},{"type":"Feature","id":"equipamento_cultura_bibliotecas_v3.40040","geometry":{"type":"Point","coordinates":[337416.6486,7399798.3448]},"geometry_name":"ge_ponto","properties":{"cd_identificador":40040,"cd_identificador_tema_equipamento":3,"nm_tema_equipamento":"CULTURA","cd_identificador_rede_equipamento":0,"nm_rede_equipamento":"SEM REDE","tx_rede_equipamento":"Sem descrição","cd_identificador_tipo_equipamento":2,"nm_tipo_equipamento":"Bibliotecas Públicas (inclui  Bosques e Pontos de Leitura)","tx_tipo_equipamento":"Bibliotecas Públicas (inclui  Bosques e Pontos de Leitura)","cd_identificador_classe_equipamento":1,"nm_classe_equipamento":"BIBLIOTECAS","tx_classe_equipamento":"BIBLIOTECAS","cd_identificador_esfera_administrativa_equipamento":1,"nm_esfera_administrativa_equipamento":"Municipal","tx_esfera_administrativa_equipamento":"Entidade mantenedora: PMSP","cd_equipamento":null,"nm_equipamento":"Biblioteca Álvares de Azevedo","tx_endereco_equipamento":"Praça Joaquim José da Nova, s/n","nm_bairro_equipamento":"","cd_cep_equipamento":"02126-000","tx_horario_funcionamento":null,"tx_numero_telefone":"(11) 2954-2813","cd_equipamento_base_origem":null}},{"type":"Feature","id":"equipamento_cultura_bibliotecas_v3.40041","geometry":{"type":"Point","coordinates":[335036.8669,7387749.2342]},"geometry_name":"ge_ponto","properties":{"cd_identificador":40041,"cd_identificador_tema_equipamento":3,"nm_tema_equipamento":"CULTURA","cd_identificador_rede_equipamento":0,"nm_rede_equipamento":"SEM REDE","tx_rede_equipamento":"Sem descrição","cd_identificador_tipo_equipamento":2,"nm_tipo_equipamento":"Bibliotecas Públicas (inclui  Bosques e Pontos de Leitura)","tx_tipo_equipamento":"Bibliotecas Públicas (inclui  Bosques e Pontos de Leitura)","cd_identificador_classe_equipamento":1,"nm_classe_equipamento":"BIBLIOTECAS","tx_classe_equipamento":"BIBLIOTECAS","cd_identificador_esfera_administrativa_equipamento":1,"nm_esfera_administrativa_equipamento":"Municipal","tx_esfera_administrativa_equipamento":"Entidade mantenedora: PMSP","cd_equipamento":null,"nm_equipamento":"Biblioteca Amadeu Amaral","tx_endereco_equipamento":"R. José Clovis de Castro, s/n","nm_bairro_equipamento":"","cd_cep_equipamento":"04290-100","tx_horario_funcionamento":null,"tx_numero_telefone":"(11) 5061-3320","cd_equipamento_base_origem":null}},{"type":"Feature","id":"equipamento_cultura_bibliotecas_v3.40042","geometry":{"type":"Point","coordinates":[337776.1774,7385706.3376]},"geometry_name":"ge_ponto","properties":{"cd_identificador":40042,"cd_identificador_tema_equipamento":3,"nm_tema_equipamento":"CULTURA","cd_identificador_rede_equipamento":0,"nm_rede_equipamento":"SEM REDE","tx_rede_equipamento":"Sem descrição","cd_identificador_tipo_equipamento":2,"nm_tipo_equipamento":"Bibliotecas Públicas (inclui  Bosques e Pontos de Leitura)","tx_tipo_equipamento":"Bibliotecas Públicas (inclui  Bosques e Pontos de Leitura)","cd_identificador_classe_equipamento":1,"nm_classe_equipamento":"BIBLIOTECAS","tx_classe_equipamento":"BIBLIOTECAS","cd_identificador_esfera_administrativa_equipamento":1,"nm_esfera_administrativa_equipamento":"Municipal","tx_esfera_administrativa_equipamento":"Entidade mantenedora: PMSP","cd_equipamento":null,"nm_equipamento":"Biblioteca Castro Alves","tx_endereco_equipamento":"Rua Abrahão Mussa, s/n","nm_bairro_equipamento":"","cd_cep_equipamento":"04256-190","tx_horario_funcionamento":null,"tx_numero_telefone":"(11) 2946-4562","cd_equipamento_base_origem":null}},{"type":"Feature","id":"equipamento_cultura_bibliotecas_v3.40043","geometry":{"type":"Point","coordinates":[332719.6965,7392690.3341]},"geometry_name":"ge_ponto","properties":{"cd_identificador":40043,"cd_identificador_tema_equipamento":3,"nm_tema_equipamento":"CULTURA","cd_identificador_rede_equipamento":0,"nm_rede_equipamento":"SEM REDE","tx_rede_equipamento":"Sem descrição","cd_identificador_tipo_equipamento":2,"nm_tipo_equipamento":"Bibliotecas Públicas (inclui  Bosques e Pontos de Leitura)","tx_tipo_equipamento":"Bibliotecas Públicas (inclui  Bosques e Pontos de Leitura)","cd_identificador_classe_equipamento":1,"nm_classe_equipamento":"BIBLIOTECAS","tx_classe_equipamento":"BIBLIOTECAS","cd_identificador_esfera_administrativa_equipamento":1,"nm_esfera_administrativa_equipamento":"Municipal","tx_esfera_administrativa_equipamento":"Entidade mantenedora: PMSP","cd_equipamento":null,"nm_equipamento":"Biblioteca do HSPM-SP","tx_endereco_equipamento":"Rua Castro Alves, 60","nm_bairro_equipamento":"","cd_cep_equipamento":"01532-000","tx_horario_funcionamento":null,"tx_numero_telefone":"(11) 3397-7824","cd_equipamento_base_origem":null}},{"type":"Feature","id":"equipamento_cultura_bibliotecas_v3.40044","geometry":{"type":"Point","coordinates":[334120.7476,7388831.6835]},"geometry_name":"ge_ponto","properties":{"cd_identificador":40044,"cd_identificador_tema_equipamento":3,"nm_tema_equipamento":"CULTURA","cd_identificador_rede_equipamento":0,"nm_rede_equipamento":"SEM REDE","tx_rede_equipamento":"Sem descrição","cd_identificador_tipo_equipamento":2,"nm_tipo_equipamento":"Bibliotecas Públicas (inclui  Bosques e Pontos de Leitura)","tx_tipo_equipamento":"Bibliotecas Públicas (inclui  Bosques e Pontos de Leitura)","cd_identificador_classe_equipamento":1,"nm_classe_equipamento":"BIBLIOTECAS","tx_classe_equipamento":"BIBLIOTECAS","cd_identificador_esfera_administrativa_equipamento":2,"nm_esfera_administrativa_equipamento":"Estadual","tx_esfera_administrativa_equipamento":"Entidade mantenedora: governo do estado","cd_equipamento":null,"nm_equipamento":"Acervo técnico - Diretoria de Ensino Centro Sul","tx_endereco_equipamento":"Rua Dom Antonio Galvão, 95","nm_bairro_equipamento":"","cd_cep_equipamento":"04123-040","tx_horario_funcionamento":null,"tx_numero_telefone":"(11) 5591-2036 / (11) 5591-2030","cd_equipamento_base_origem":null}},{"type":"Feature","id":"equipamento_cultura_bibliotecas_v3.40045","geometry":{"type":"Point","coordinates":[327018.1436,7401982.6898]},"geometry_name":"ge_ponto","properties":{"cd_identificador":40045,"cd_identificador_tema_equipamento":3,"nm_tema_equipamento":"CULTURA","cd_identificador_rede_equipamento":0,"nm_rede_equipamento":"SEM REDE","tx_rede_equipamento":"Sem descrição","cd_identificador_tipo_equipamento":2,"nm_tipo_equipamento":"Bibliotecas Públicas (inclui  Bosques e Pontos de Leitura)","tx_tipo_equipamento":"Bibliotecas Públicas (inclui  Bosques e Pontos de Leitura)","cd_identificador_classe_equipamento":1,"nm_classe_equipamento":"BIBLIOTECAS","tx_classe_equipamento":"BIBLIOTECAS","cd_identificador_esfera_administrativa_equipamento":1,"nm_esfera_administrativa_equipamento":"Municipal","tx_esfera_administrativa_equipamento":"Entidade mantenedora: PMSP","cd_equipamento":null,"nm_equipamento":"Biblioteca - CEU Freguesia do Ò","tx_endereco_equipamento":"R. Crespo de Carvalho, 71","nm_bairro_equipamento":"","cd_cep_equipamento":"02832-210","tx_horario_funcionamento":null,"tx_numero_telefone":"(11) 5990-2340","cd_equipamento_base_origem":null}},{"type":"Feature","id":"equipamento_cultura_bibliotecas_v3.40046","geometry":{"type":"Point","coordinates":[330802.1937,7391210.3772]},"geometry_name":"ge_ponto","properties":{"cd_identificador":40046,"cd_identificador_tema_equipamento":3,"nm_tema_equipamento":"CULTURA","cd_identificador_rede_equipamento":0,"nm_rede_equipamento":"SEM REDE","tx_rede_equipamento":"Sem descrição","cd_identificador_tipo_equipamento":2,"nm_tipo_equipamento":"Bibliotecas Públicas (inclui  Bosques e Pontos de Leitura)","tx_tipo_equipamento":"Bibliotecas Públicas (inclui  Bosques e Pontos de Leitura)","cd_identificador_classe_equipamento":1,"nm_classe_equipamento":"BIBLIOTECAS","tx_classe_equipamento":"BIBLIOTECAS","cd_identificador_esfera_administrativa_equipamento":2,"nm_esfera_administrativa_equipamento":"Estadual","tx_esfera_administrativa_equipamento":"Entidade mantenedora: governo do estado","cd_equipamento":null,"nm_equipamento":"Biblioteca Alceu de Amoroso Lima - Tristão de Ataíde (Biblioteca da Alesp)","tx_endereco_equipamento":"Avenida Pedro Álvares Cabral, 201","nm_bairro_equipamento":"","cd_cep_equipamento":"04097-900","tx_horario_funcionamento":null,"tx_numero_telefone":"(11) 3886-6582","cd_equipamento_base_origem":null}},{"type":"Feature","id":"equipamento_cultura_bibliotecas_v3.40047","geometry":{"type":"Point","coordinates":[335468.9,7394684.9]},"geometry_name":"ge_ponto","properties":{"cd_identificador":40047,"cd_identificador_tema_equipamento":3,"nm_tema_equipamento":"CULTURA","cd_identificador_rede_equipamento":0,"nm_rede_equipamento":"SEM REDE","tx_rede_equipamento":"Sem descrição","cd_identificador_tipo_equipamento":2,"nm_tipo_equipamento":"Bibliotecas Públicas (inclui  Bosques e Pontos de Leitura)","tx_tipo_equipamento":"Bibliotecas Públicas (inclui  Bosques e Pontos de Leitura)","cd_identificador_classe_equipamento":1,"nm_classe_equipamento":"BIBLIOTECAS","tx_classe_equipamento":"BIBLIOTECAS","cd_identificador_esfera_administrativa_equipamento":4,"nm_esfera_administrativa_equipamento":"Particular","tx_esfera_administrativa_equipamento":"Entidade mantenedora: particular","cd_equipamento":null,"nm_equipamento":"Biblioteca Arsenal da Esperança - BAE","tx_endereco_equipamento":"Rua Dr. Almeida Lima, 900","nm_bairro_equipamento":"","cd_cep_equipamento":"03164-000","tx_horario_funcionamento":null,"tx_numero_telefone":"(11) 2292-0977 / (11) 2292-0977","cd_equipamento_base_origem":null}},{"type":"Feature","id":"equipamento_cultura_bibliotecas_v3.40048","geometry":{"type":"Point","coordinates":[324273.8529,7393172.4789]},"geometry_name":"ge_ponto","properties":{"cd_identificador":40048,"cd_identificador_tema_equipamento":3,"nm_tema_equipamento":"CULTURA","cd_identificador_rede_equipamento":0,"nm_rede_equipamento":"SEM REDE","tx_rede_equipamento":"Sem descrição","cd_identificador_tipo_equipamento":2,"nm_tipo_equipamento":"Bibliotecas Públicas (inclui  Bosques e Pontos de Leitura)","tx_tipo_equipamento":"Bibliotecas Públicas (inclui  Bosques e Pontos de Leitura)","cd_identificador_classe_equipamento":1,"nm_classe_equipamento":"BIBLIOTECAS","tx_classe_equipamento":"BIBLIOTECAS","cd_identificador_esfera_administrativa_equipamento":2,"nm_esfera_administrativa_equipamento":"Estadual","tx_esfera_administrativa_equipamento":"Entidade mantenedora: governo do estado","cd_equipamento":null,"nm_equipamento":"Biblioteca Brasiliana Guita e José Mindlin","tx_endereco_equipamento":"Rua da Biblioteca,, 21","nm_bairro_equipamento":"","cd_cep_equipamento":"05508-050","tx_horario_funcionamento":null,"tx_numero_telefone":"(11) 2648-0317","cd_equipamento_base_origem":null}},{"type":"Feature","id":"equipamento_cultura_bibliotecas_v3.40049","geometry":{"type":"Point","coordinates":[356490.5,7390023.1]},"geometry_name":"ge_ponto","properties":{"cd_identificador":40049,"cd_identificador_tema_equipamento":3,"nm_tema_equipamento":"CULTURA","cd_identificador_rede_equipamento":0,"nm_rede_equipamento":"SEM REDE","tx_rede_equipamento":"Sem descrição","cd_identificador_tipo_equipamento":2,"nm_tipo_equipamento":"Bibliotecas Públicas (inclui  Bosques e Pontos de Leitura)","tx_tipo_equipamento":"Bibliotecas Públicas (inclui  Bosques e Pontos de Leitura)","cd_identificador_classe_equipamento":1,"nm_classe_equipamento":"BIBLIOTECAS","tx_classe_equipamento":"BIBLIOTECAS","cd_identificador_esfera_administrativa_equipamento":1,"nm_esfera_administrativa_equipamento":"Municipal","tx_esfera_administrativa_equipamento":"Entidade mantenedora: PMSP","cd_equipamento":null,"nm_equipamento":"Biblioteca CEU Água Azul","tx_endereco_equipamento":"Avenida dos Metalúrgicos, 1262","nm_bairro_equipamento":"","cd_cep_equipamento":"08471-000","tx_horario_funcionamento":null,"tx_numero_telefone":"(11) 3396-3535","cd_equipamento_base_origem":null}},{"type":"Feature","id":"equipamento_cultura_bibliotecas_v3.40050","geometry":{"type":"Point","coordinates":[346584.023,7392534.8914]},"geometry_name":"ge_ponto","properties":{"cd_identificador":40050,"cd_identificador_tema_equipamento":3,"nm_tema_equipamento":"CULTURA","cd_identificador_rede_equipamento":0,"nm_rede_equipamento":"SEM REDE","tx_rede_equipamento":"Sem descrição","cd_identificador_tipo_equipamento":2,"nm_tipo_equipamento":"Bibliotecas Públicas (inclui  Bosques e Pontos de Leitura)","tx_tipo_equipamento":"Bibliotecas Públicas (inclui  Bosques e Pontos de Leitura)","cd_identificador_classe_equipamento":1,"nm_classe_equipamento":"BIBLIOTECAS","tx_classe_equipamento":"BIBLIOTECAS","cd_identificador_esfera_administrativa_equipamento":1,"nm_esfera_administrativa_equipamento":"Municipal","tx_esfera_administrativa_equipamento":"Entidade mantenedora: PMSP","cd_equipamento":null,"nm_equipamento":"Biblioteca CEU Aricanduva - Mário Quintana","tx_endereco_equipamento":"Rua Olga Fadel Abarca s/nº, 0","nm_bairro_equipamento":"","cd_cep_equipamento":"03572-020","tx_horario_funcionamento":null,"tx_numero_telefone":"(11) 2723-7511 / (11) 2723-7513","cd_equipamento_base_origem":null}},{"type":"Feature","id":"equipamento_cultura_bibliotecas_v3.40051","geometry":{"type":"Point","coordinates":[348232,7394489.4]},"geometry_name":"ge_ponto","properties":{"cd_identificador":40051,"cd_identificador_tema_equipamento":3,"nm_tema_equipamento":"CULTURA","cd_identificador_rede_equipamento":0,"nm_rede_equipamento":"SEM REDE","tx_rede_equipamento":"Sem descrição","cd_identificador_tipo_equipamento":2,"nm_tipo_equipamento":"Bibliotecas Públicas (inclui  Bosques e Pontos de Leitura)","tx_tipo_equipamento":"Bibliotecas Públicas (inclui  Bosques e Pontos de Leitura)","cd_identificador_classe_equipamento":1,"nm_classe_equipamento":"BIBLIOTECAS","tx_classe_equipamento":"BIBLIOTECAS","cd_identificador_esfera_administrativa_equipamento":1,"nm_esfera_administrativa_equipamento":"Municipal","tx_esfera_administrativa_equipamento":"Entidade mantenedora: PMSP","cd_equipamento":null,"nm_equipamento":"Biblioteca CEU Arthur Alvim – Abdias do Nascimento","tx_endereco_equipamento":"Av. Sylvio Torres, 295","nm_bairro_equipamento":"","cd_cep_equipamento":"03589-010","tx_horario_funcionamento":null,"tx_numero_telefone":"(11) 5990-3365","cd_equipamento_base_origem":null}},{"type":"Feature","id":"equipamento_cultura_bibliotecas_v3.40052","geometry":{"type":"Point","coordinates":[351214.9759,7397926.1524]},"geometry_name":"ge_ponto","properties":{"cd_identificador":40052,"cd_identificador_tema_equipamento":3,"nm_tema_equipamento":"CULTURA","cd_identificador_rede_equipamento":0,"nm_rede_equipamento":"SEM REDE","tx_rede_equipamento":"Sem descrição","cd_identificador_tipo_equipamento":2,"nm_tipo_equipamento":"Bibliotecas Públicas (inclui  Bosques e Pontos de Leitura)","tx_tipo_equipamento":"Bibliotecas Públicas (inclui  Bosques e Pontos de Leitura)","cd_identificador_classe_equipamento":1,"nm_classe_equipamento":"BIBLIOTECAS","tx_classe_equipamento":"BIBLIOTECAS","cd_identificador_esfera_administrativa_equipamento":1,"nm_esfera_administrativa_equipamento":"Municipal","tx_esfera_administrativa_equipamento":"Entidade mantenedora: PMSP","cd_equipamento":null,"nm_equipamento":"Biblioteca CEU Azul da Cor do Mar","tx_endereco_equipamento":"Avenida Ernesto Souza Cruz, 2171","nm_bairro_equipamento":"","cd_cep_equipamento":"08225-380","tx_horario_funcionamento":null,"tx_numero_telefone":"(11) 3397-9019 / (11) 3397-9000","cd_equipamento_base_origem":null}},{"type":"Feature","id":"equipamento_cultura_bibliotecas_v3.40053","geometry":{"type":"Point","coordinates":[321415.0393,7390977.0197]},"geometry_name":"ge_ponto","properties":{"cd_identificador":40053,"cd_identificador_tema_equipamento":3,"nm_tema_equipamento":"CULTURA","cd_identificador_rede_equipamento":0,"nm_rede_equipamento":"SEM REDE","tx_rede_equipamento":"Sem descrição","cd_identificador_tipo_equipamento":2,"nm_tipo_equipamento":"Bibliotecas Públicas (inclui  Bosques e Pontos de Leitura)","tx_tipo_equipamento":"Bibliotecas Públicas (inclui  Bosques e Pontos de Leitura)","cd_identificador_classe_equipamento":1,"nm_classe_equipamento":"BIBLIOTECAS","tx_classe_equipamento":"BIBLIOTECAS","cd_identificador_esfera_administrativa_equipamento":1,"nm_esfera_administrativa_equipamento":"Municipal","tx_esfera_administrativa_equipamento":"Entidade mantenedora: PMSP","cd_equipamento":null,"nm_equipamento":"Biblioteca CEU Butantã - Jornalista Roberto Marinho","tx_endereco_equipamento":"Av. Engenheiro Heitor Antonio Eiras Garcia, 1870","nm_bairro_equipamento":"","cd_cep_equipamento":"05588-001","tx_horario_funcionamento":null,"tx_numero_telefone":"(11) 3732-4558 / (11) 3732-4559","cd_equipamento_base_origem":null}},{"type":"Feature","id":"equipamento_cultura_bibliotecas_v3.40054","geometry":{"type":"Point","coordinates":[317799.2849,7383462.9934]},"geometry_name":"ge_ponto","properties":{"cd_identificador":40054,"cd_identificador_tema_equipamento":3,"nm_tema_equipamento":"CULTURA","cd_identificador_rede_equipamento":0,"nm_rede_equipamento":"SEM REDE","tx_rede_equipamento":"Sem descrição","cd_identificador_tipo_equipamento":2,"nm_tipo_equipamento":"Bibliotecas Públicas (inclui  Bosques e Pontos de Leitura)","tx_tipo_equipamento":"Bibliotecas Públicas (inclui  Bosques e Pontos de Leitura)","cd_identificador_classe_equipamento":1,"nm_classe_equipamento":"BIBLIOTECAS","tx_classe_equipamento":"BIBLIOTECAS","cd_identificador_esfera_administrativa_equipamento":1,"nm_esfera_administrativa_equipamento":"Municipal","tx_esfera_administrativa_equipamento":"Entidade mantenedora: PMSP","cd_equipamento":null,"nm_equipamento":"Biblioteca CEU Cantos do Amanhecer","tx_endereco_equipamento":"Av. Cantos do Amanhecer, 0","nm_bairro_equipamento":"","cd_cep_equipamento":"05856-020","tx_horario_funcionamento":null,"tx_numero_telefone":"(11) 3397-9767","cd_equipamento_base_origem":null}},{"type":"Feature","id":"equipamento_cultura_bibliotecas_v3.40055","geometry":{"type":"Point","coordinates":[322083.2698,7383847.2962]},"geometry_name":"ge_ponto","properties":{"cd_identificador":40055,"cd_identificador_tema_equipamento":3,"nm_tema_equipamento":"CULTURA","cd_identificador_rede_equipamento":0,"nm_rede_equipamento":"SEM REDE","tx_rede_equipamento":"Sem descrição","cd_identificador_tipo_equipamento":2,"nm_tipo_equipamento":"Bibliotecas Públicas (inclui  Bosques e Pontos de Leitura)","tx_tipo_equipamento":"Bibliotecas Públicas (inclui  Bosques e Pontos de Leitura)","cd_identificador_classe_equipamento":1,"nm_classe_equipamento":"BIBLIOTECAS","tx_classe_equipamento":"BIBLIOTECAS","cd_identificador_esfera_administrativa_equipamento":1,"nm_esfera_administrativa_equipamento":"Municipal","tx_esfera_administrativa_equipamento":"Entidade mantenedora: PMSP","cd_equipamento":null,"nm_equipamento":"Biblioteca CEU Casa Blanca - Patativa do Assaré","tx_endereco_equipamento":"Rua João Damasceno, 85","nm_bairro_equipamento":"","cd_cep_equipamento":"05841-160","tx_horario_funcionamento":null,"tx_numero_telefone":"(11) 5519-5244","cd_equipamento_base_origem":null}},{"type":"Feature","id":"equipamento_cultura_bibliotecas_v3.40056","geometry":{"type":"Point","coordinates":[326228.2383,7376796.9298]},"geometry_name":"ge_ponto","properties":{"cd_identificador":40056,"cd_identificador_tema_equipamento":3,"nm_tema_equipamento":"CULTURA","cd_identificador_rede_equipamento":0,"nm_rede_equipamento":"SEM REDE","tx_rede_equipamento":"Sem descrição","cd_identificador_tipo_equipamento":2,"nm_tipo_equipamento":"Bibliotecas Públicas (inclui  Bosques e Pontos de Leitura)","tx_tipo_equipamento":"Bibliotecas Públicas (inclui  Bosques e Pontos de Leitura)","cd_identificador_classe_equipamento":1,"nm_classe_equipamento":"BIBLIOTECAS","tx_classe_equipamento":"BIBLIOTECAS","cd_identificador_esfera_administrativa_equipamento":1,"nm_esfera_administrativa_equipamento":"Municipal","tx_esfera_administrativa_equipamento":"Entidade mantenedora: PMSP","cd_equipamento":null,"nm_equipamento":"Biblioteca CEU Cidade Dutra - Biblioteca Rubem Braga","tx_endereco_equipamento":"Rua Cristina de Vasconcelos Ceccato, 111","nm_bairro_equipamento":"","cd_cep_equipamento":"04802-080","tx_horario_funcionamento":null,"tx_numero_telefone":"(11) 5668-1915 / (11) 5668-1916","cd_equipamento_base_origem":null}},{"type":"Feature","id":"equipamento_cultura_bibliotecas_v3.40057","geometry":{"type":"Point","coordinates":[317006.2637,7379361.6346]},"geometry_name":"ge_ponto","properties":{"cd_identificador":40057,"cd_identificador_tema_equipamento":3,"nm_tema_equipamento":"CULTURA","cd_identificador_rede_equipamento":0,"nm_rede_equipamento":"SEM REDE","tx_rede_equipamento":"Sem descrição","cd_identificador_tipo_equipamento":2,"nm_tipo_equipamento":"Bibliotecas Públicas (inclui  Bosques e Pontos de Leitura)","tx_tipo_equipamento":"Bibliotecas Públicas (inclui  Bosques e Pontos de Leitura)","cd_identificador_classe_equipamento":1,"nm_classe_equipamento":"BIBLIOTECAS","tx_classe_equipamento":"BIBLIOTECAS","cd_identificador_esfera_administrativa_equipamento":1,"nm_esfera_administrativa_equipamento":"Municipal","tx_esfera_administrativa_equipamento":"Entidade mantenedora: PMSP","cd_equipamento":null,"nm_equipamento":"Biblioteca CEU Feitiço da Vila - Dep. Prof. José Freitas Nobre","tx_endereco_equipamento":"Rua Feitiço da Vila, 399","nm_bairro_equipamento":"","cd_cep_equipamento":"05879-000","tx_horario_funcionamento":null,"tx_numero_telefone":"(11) 3397-6566","cd_equipamento_base_origem":null}},{"type":"Feature","id":"equipamento_cultura_bibliotecas_v3.40058","geometry":{"type":"Point","coordinates":[344319.0102,7391320.3979]},"geometry_name":"ge_ponto","properties":{"cd_identificador":40058,"cd_identificador_tema_equipamento":3,"nm_tema_equipamento":"CULTURA","cd_identificador_rede_equipamento":0,"nm_rede_equipamento":"SEM REDE","tx_rede_equipamento":"Sem descrição","cd_identificador_tipo_equipamento":2,"nm_tipo_equipamento":"Bibliotecas Públicas (inclui  Bosques e Pontos de Leitura)","tx_tipo_equipamento":"Bibliotecas Públicas (inclui  Bosques e Pontos de Leitura)","cd_identificador_classe_equipamento":1,"nm_classe_equipamento":"BIBLIOTECAS","tx_classe_equipamento":"BIBLIOTECAS","cd_identificador_esfera_administrativa_equipamento":1,"nm_esfera_administrativa_equipamento":"Municipal","tx_esfera_administrativa_equipamento":"Entidade mantenedora: PMSP","cd_equipamento":null,"nm_equipamento":"Biblioteca CEU Formosa","tx_endereco_equipamento":"Rua  Srg. Claudiner Evaristo Dias, 10","nm_bairro_equipamento":"","cd_cep_equipamento":"03385-150","tx_horario_funcionamento":null,"tx_numero_telefone":"(11) 2036-4302","cd_equipamento_base_origem":null}},{"type":"Feature","id":"equipamento_cultura_bibliotecas_v3.40059","geometry":{"type":"Point","coordinates":[319640.1654,7378004.9932]},"geometry_name":"ge_ponto","properties":{"cd_identificador":40059,"cd_identificador_tema_equipamento":3,"nm_tema_equipamento":"CULTURA","cd_identificador_rede_equipamento":0,"nm_rede_equipamento":"SEM REDE","tx_rede_equipamento":"Sem descrição","cd_identificador_tipo_equipamento":2,"nm_tipo_equipamento":"Bibliotecas Públicas (inclui  Bosques e Pontos de Leitura)","tx_tipo_equipamento":"Bibliotecas Públicas (inclui  Bosques e Pontos de Leitura)","cd_identificador_classe_equipamento":1,"nm_classe_equipamento":"BIBLIOTECAS","tx_classe_equipamento":"BIBLIOTECAS","cd_identificador_esfera_administrativa_equipamento":1,"nm_esfera_administrativa_equipamento":"Municipal","tx_esfera_administrativa_equipamento":"Entidade mantenedora: PMSP","cd_equipamento":null,"nm_equipamento":"Biblioteca CEU Guarapiranga","tx_endereco_equipamento":"Estrada da Baronesa, 1120","nm_bairro_equipamento":"","cd_cep_equipamento":"04941-175","tx_horario_funcionamento":null,"tx_numero_telefone":"(11) 3397-9576 / (11) 3397-9581","cd_equipamento_base_origem":null}},{"type":"Feature","id":"equipamento_cultura_bibliotecas_v3.40060","geometry":{"type":"Point","coordinates":[337369.1362,7387410.2053]},"geometry_name":"ge_ponto","properties":{"cd_identificador":40060,"cd_identificador_tema_equipamento":3,"nm_tema_equipamento":"CULTURA","cd_identificador_rede_equipamento":0,"nm_rede_equipamento":"SEM REDE","tx_rede_equipamento":"Sem descrição","cd_identificador_tipo_equipamento":2,"nm_tipo_equipamento":"Bibliotecas Públicas (inclui  Bosques e Pontos de Leitura)","tx_tipo_equipamento":"Bibliotecas Públicas (inclui  Bosques e Pontos de Leitura)","cd_identificador_classe_equipamento":1,"nm_classe_equipamento":"BIBLIOTECAS","tx_classe_equipamento":"BIBLIOTECAS","cd_identificador_esfera_administrativa_equipamento":1,"nm_esfera_administrativa_equipamento":"Municipal","tx_esfera_administrativa_equipamento":"Entidade mantenedora: PMSP","cd_equipamento":null,"nm_equipamento":"Biblioteca CEU Heliópolis","tx_endereco_equipamento":"Estrada das Lágrimas, 2385","nm_bairro_equipamento":"","cd_cep_equipamento":"04244-000","tx_horario_funcionamento":null,"tx_numero_telefone":"(11) 2353-4317 / (11) 2353-4314","cd_equipamento_base_origem":null}},{"type":"Feature","id":"equipamento_cultura_bibliotecas_v3.40061","geometry":{"type":"Point","coordinates":[357117.5806,7395627.2528]},"geometry_name":"ge_ponto","properties":{"cd_identificador":40061,"cd_identificador_tema_equipamento":3,"nm_tema_equipamento":"CULTURA","cd_identificador_rede_equipamento":0,"nm_rede_equipamento":"SEM REDE","tx_rede_equipamento":"Sem descrição","cd_identificador_tipo_equipamento":2,"nm_tipo_equipamento":"Bibliotecas Públicas (inclui  Bosques e Pontos de Leitura)","tx_tipo_equipamento":"Bibliotecas Públicas (inclui  Bosques e Pontos de Leitura)","cd_identificador_classe_equipamento":1,"nm_classe_equipamento":"BIBLIOTECAS","tx_classe_equipamento":"BIBLIOTECAS","cd_identificador_esfera_administrativa_equipamento":1,"nm_esfera_administrativa_equipamento":"Municipal","tx_esfera_administrativa_equipamento":"Entidade mantenedora: PMSP","cd_equipamento":null,"nm_equipamento":"Biblioteca CEU Lajeado","tx_endereco_equipamento":"Rua Manuel da Mota Coutinho, 293","nm_bairro_equipamento":"","cd_cep_equipamento":"08451-420","tx_horario_funcionamento":null,"tx_numero_telefone":"(11) 3397-6940","cd_equipamento_base_origem":null}},{"type":"Feature","id":"equipamento_cultura_bibliotecas_v3.40062","geometry":{"type":"Point","coordinates":[330739.1211,7373064.1527]},"geometry_name":"ge_ponto","properties":{"cd_identificador":40062,"cd_identificador_tema_equipamento":3,"nm_tema_equipamento":"CULTURA","cd_identificador_rede_equipamento":0,"nm_rede_equipamento":"SEM REDE","tx_rede_equipamento":"Sem descrição","cd_identificador_tipo_equipamento":2,"nm_tipo_equipamento":"Bibliotecas Públicas (inclui  Bosques e Pontos de Leitura)","tx_tipo_equipamento":"Bibliotecas Públicas (inclui  Bosques e Pontos de Leitura)","cd_identificador_classe_equipamento":1,"nm_classe_equipamento":"BIBLIOTECAS","tx_classe_equipamento":"BIBLIOTECAS","cd_identificador_esfera_administrativa_equipamento":1,"nm_esfera_administrativa_equipamento":"Municipal","tx_esfera_administrativa_equipamento":"Entidade mantenedora: PMSP","cd_equipamento":null,"nm_equipamento":"Biblioteca CEU Navegantes - Narcisa Amália de Campos","tx_endereco_equipamento":"Rua Maria Moassab Barbour, 0","nm_bairro_equipamento":"","cd_cep_equipamento":"04849-503","tx_horario_funcionamento":null,"tx_numero_telefone":"(11) 5976-5516","cd_equipamento_base_origem":null}},{"type":"Feature","id":"equipamento_cultura_bibliotecas_v3.40063","geometry":{"type":"Point","coordinates":[358108.5,7398971.9]},"geometry_name":"ge_ponto","properties":{"cd_identificador":40063,"cd_identificador_tema_equipamento":3,"nm_tema_equipamento":"CULTURA","cd_identificador_rede_equipamento":0,"nm_rede_equipamento":"SEM REDE","tx_rede_equipamento":"Sem descrição","cd_identificador_tipo_equipamento":2,"nm_tipo_equipamento":"Bibliotecas Públicas (inclui  Bosques e Pontos de Leitura)","tx_tipo_equipamento":"Bibliotecas Públicas (inclui  Bosques e Pontos de Leitura)","cd_identificador_classe_equipamento":1,"nm_classe_equipamento":"BIBLIOTECAS","tx_classe_equipamento":"BIBLIOTECAS","cd_identificador_esfera_administrativa_equipamento":1,"nm_esfera_administrativa_equipamento":"Municipal","tx_esfera_administrativa_equipamento":"Entidade mantenedora: PMSP","cd_equipamento":null,"nm_equipamento":"Biblioteca CEU Parque Veredas - Paulo Leminski","tx_endereco_equipamento":"Rua Daniel Muller, 347","nm_bairro_equipamento":"","cd_cep_equipamento":"08141-290","tx_horario_funcionamento":null,"tx_numero_telefone":"(11) 2563-6212","cd_equipamento_base_origem":null}},{"type":"Feature","id":"equipamento_cultura_bibliotecas_v3.40064","geometry":{"type":"Point","coordinates":[327493.2428,7405856.5169]},"geometry_name":"ge_ponto","properties":{"cd_identificador":40064,"cd_identificador_tema_equipamento":3,"nm_tema_equipamento":"CULTURA","cd_identificador_rede_equipamento":0,"nm_rede_equipamento":"SEM REDE","tx_rede_equipamento":"Sem descrição","cd_identificador_tipo_equipamento":2,"nm_tipo_equipamento":"Bibliotecas Públicas (inclui  Bosques e Pontos de Leitura)","tx_tipo_equipamento":"Bibliotecas Públicas (inclui  Bosques e Pontos de Leitura)","cd_identificador_classe_equipamento":1,"nm_classe_equipamento":"BIBLIOTECAS","tx_classe_equipamento":"BIBLIOTECAS","cd_identificador_esfera_administrativa_equipamento":1,"nm_esfera_administrativa_equipamento":"Municipal","tx_esfera_administrativa_equipamento":"Entidade mantenedora: PMSP","cd_equipamento":null,"nm_equipamento":"Biblioteca Ceu Paz - Augusto dos Anjos","tx_endereco_equipamento":"Rua Daniel Cerri, 1549","nm_bairro_equipamento":"","cd_cep_equipamento":"02876-170","tx_horario_funcionamento":null,"tx_numero_telefone":"(11) 3986-3436 / (11) 3986-3404","cd_equipamento_base_origem":null}},{"type":"Feature","id":"equipamento_cultura_bibliotecas_v3.40065","geometry":{"type":"Point","coordinates":[321177.1014,7407008.7722]},"geometry_name":"ge_ponto","properties":{"cd_identificador":40065,"cd_identificador_tema_equipamento":3,"nm_tema_equipamento":"CULTURA","cd_identificador_rede_equipamento":0,"nm_rede_equipamento":"SEM REDE","tx_rede_equipamento":"Sem descrição","cd_identificador_tipo_equipamento":2,"nm_tipo_equipamento":"Bibliotecas Públicas (inclui  Bosques e Pontos de Leitura)","tx_tipo_equipamento":"Bibliotecas Públicas (inclui  Bosques e Pontos de Leitura)","cd_identificador_classe_equipamento":1,"nm_classe_equipamento":"BIBLIOTECAS","tx_classe_equipamento":"BIBLIOTECAS","cd_identificador_esfera_administrativa_equipamento":1,"nm_esfera_administrativa_equipamento":"Municipal","tx_esfera_administrativa_equipamento":"Entidade mantenedora: PMSP","cd_equipamento":null,"nm_equipamento":"Biblioteca CEU Pêra-Marmelo - Educador Paulo Freire","tx_endereco_equipamento":"Rua Pêra Marmelo, 226","nm_bairro_equipamento":"","cd_cep_equipamento":"05185-420","tx_horario_funcionamento":null,"tx_numero_telefone":"(11) 3948-3900","cd_equipamento_base_origem":null}},{"type":"Feature","id":"equipamento_cultura_bibliotecas_v3.40066","geometry":{"type":"Point","coordinates":[320942.9025,7410487.6886]},"geometry_name":"ge_ponto","properties":{"cd_identificador":40066,"cd_identificador_tema_equipamento":3,"nm_tema_equipamento":"CULTURA","cd_identificador_rede_equipamento":0,"nm_rede_equipamento":"SEM REDE","tx_rede_equipamento":"Sem descrição","cd_identificador_tipo_equipamento":2,"nm_tipo_equipamento":"Bibliotecas Públicas (inclui  Bosques e Pontos de Leitura)","tx_tipo_equipamento":"Bibliotecas Públicas (inclui  Bosques e Pontos de Leitura)","cd_identificador_classe_equipamento":1,"nm_classe_equipamento":"BIBLIOTECAS","tx_classe_equipamento":"BIBLIOTECAS","cd_identificador_esfera_administrativa_equipamento":1,"nm_esfera_administrativa_equipamento":"Municipal","tx_esfera_administrativa_equipamento":"Entidade mantenedora: PMSP","cd_equipamento":null,"nm_equipamento":"Biblioteca CEU Perus - João Antônio","tx_endereco_equipamento":"Rua Bernardo José de Lorena, S/N, 1","nm_bairro_equipamento":"","cd_cep_equipamento":"05203-200","tx_horario_funcionamento":null,"tx_numero_telefone":"(11) 3915-8710 / (11) 3915-8779","cd_equipamento_base_origem":null}},{"type":"Feature","id":"equipamento_cultura_bibliotecas_v3.40067","geometry":{"type":"Point","coordinates":[347190.2936,7400496.069]},"geometry_name":"ge_ponto","properties":{"cd_identificador":40067,"cd_identificador_tema_equipamento":3,"nm_tema_equipamento":"CULTURA","cd_identificador_rede_equipamento":0,"nm_rede_equipamento":"SEM REDE","tx_rede_equipamento":"Sem descrição","cd_identificador_tipo_equipamento":2,"nm_tipo_equipamento":"Bibliotecas Públicas (inclui  Bosques e Pontos de Leitura)","tx_tipo_equipamento":"Bibliotecas Públicas (inclui  Bosques e Pontos de Leitura)","cd_identificador_classe_equipamento":1,"nm_classe_equipamento":"BIBLIOTECAS","tx_classe_equipamento":"BIBLIOTECAS","cd_identificador_esfera_administrativa_equipamento":1,"nm_esfera_administrativa_equipamento":"Municipal","tx_esfera_administrativa_equipamento":"Entidade mantenedora: PMSP","cd_equipamento":null,"nm_equipamento":"Biblioteca CEU Quinta do Sol","tx_endereco_equipamento":"Avenida Luiz Imparato, 564","nm_bairro_equipamento":"","cd_cep_equipamento":"03819-160","tx_horario_funcionamento":null,"tx_numero_telefone":"(11) 3396-8591","cd_equipamento_base_origem":null}},{"type":"Feature","id":"equipamento_cultura_bibliotecas_v3.40068","geometry":{"type":"Point","coordinates":[346898.4436,7386879.2854]},"geometry_name":"ge_ponto","properties":{"cd_identificador":40068,"cd_identificador_tema_equipamento":3,"nm_tema_equipamento":"CULTURA","cd_identificador_rede_equipamento":0,"nm_rede_equipamento":"SEM REDE","tx_rede_equipamento":"Sem descrição","cd_identificador_tipo_equipamento":2,"nm_tipo_equipamento":"Bibliotecas Públicas (inclui  Bosques e Pontos de Leitura)","tx_tipo_equipamento":"Bibliotecas Públicas (inclui  Bosques e Pontos de Leitura)","cd_identificador_classe_equipamento":1,"nm_classe_equipamento":"BIBLIOTECAS","tx_classe_equipamento":"BIBLIOTECAS","cd_identificador_esfera_administrativa_equipamento":1,"nm_esfera_administrativa_equipamento":"Municipal","tx_esfera_administrativa_equipamento":"Entidade mantenedora: PMSP","cd_equipamento":null,"nm_equipamento":"Biblioteca CEU Rosa da China - Juó Bananére","tx_endereco_equipamento":"Rua Clara Petrela, 113","nm_bairro_equipamento":"","cd_cep_equipamento":"03978-500","tx_horario_funcionamento":null,"tx_numero_telefone":"(11) 2701-2318 / (11) 2701-2315","cd_equipamento_base_origem":null}},{"type":"Feature","id":"equipamento_cultura_bibliotecas_v3.40069","geometry":{"type":"Point","coordinates":[352105.8172,7389033.3862]},"geometry_name":"ge_ponto","properties":{"cd_identificador":40069,"cd_identificador_tema_equipamento":3,"nm_tema_equipamento":"CULTURA","cd_identificador_rede_equipamento":0,"nm_rede_equipamento":"SEM REDE","tx_rede_equipamento":"Sem descrição","cd_identificador_tipo_equipamento":2,"nm_tipo_equipamento":"Bibliotecas Públicas (inclui  Bosques e Pontos de Leitura)","tx_tipo_equipamento":"Bibliotecas Públicas (inclui  Bosques e Pontos de Leitura)","cd_identificador_classe_equipamento":1,"nm_classe_equipamento":"BIBLIOTECAS","tx_classe_equipamento":"BIBLIOTECAS","cd_identificador_esfera_administrativa_equipamento":1,"nm_esfera_administrativa_equipamento":"Municipal","tx_esfera_administrativa_equipamento":"Entidade mantenedora: PMSP","cd_equipamento":null,"nm_equipamento":"Biblioteca CEU São Mateus - Camilo Pedro dos Reis","tx_endereco_equipamento":"Rua Curumatim, 201","nm_bairro_equipamento":"","cd_cep_equipamento":"08341-240","tx_horario_funcionamento":null,"tx_numero_telefone":"(11) 2732-8117","cd_equipamento_base_origem":null}},{"type":"Feature","id":"equipamento_cultura_bibliotecas_v3.40070","geometry":{"type":"Point","coordinates":[351426.1122,7387054.3611]},"geometry_name":"ge_ponto","properties":{"cd_identificador":40070,"cd_identificador_tema_equipamento":3,"nm_tema_equipamento":"CULTURA","cd_identificador_rede_equipamento":0,"nm_rede_equipamento":"SEM REDE","tx_rede_equipamento":"Sem descrição","cd_identificador_tipo_equipamento":2,"nm_tipo_equipamento":"Bibliotecas Públicas (inclui  Bosques e Pontos de Leitura)","tx_tipo_equipamento":"Bibliotecas Públicas (inclui  Bosques e Pontos de Leitura)","cd_identificador_classe_equipamento":1,"nm_classe_equipamento":"BIBLIOTECAS","tx_classe_equipamento":"BIBLIOTECAS","cd_identificador_esfera_administrativa_equipamento":1,"nm_esfera_administrativa_equipamento":"Municipal","tx_esfera_administrativa_equipamento":"Entidade mantenedora: PMSP","cd_equipamento":null,"nm_equipamento":"Biblioteca CEU São Rafael - Mário Palmério","tx_endereco_equipamento":"Rua Cinira, Polônio, 100","nm_bairro_equipamento":"","cd_cep_equipamento":"08395-320","tx_horario_funcionamento":null,"tx_numero_telefone":"(11) 2752-1043","cd_equipamento_base_origem":null}},{"type":"Feature","id":"equipamento_cultura_bibliotecas_v3.40071","geometry":{"type":"Point","coordinates":[358860.7266,7402844.854]},"geometry_name":"ge_ponto","properties":{"cd_identificador":40071,"cd_identificador_tema_equipamento":3,"nm_tema_equipamento":"CULTURA","cd_identificador_rede_equipamento":0,"nm_rede_equipamento":"SEM REDE","tx_rede_equipamento":"Sem descrição","cd_identificador_tipo_equipamento":2,"nm_tipo_equipamento":"Bibliotecas Públicas (inclui  Bosques e Pontos de Leitura)","tx_tipo_equipamento":"Bibliotecas Públicas (inclui  Bosques e Pontos de Leitura)","cd_identificador_classe_equipamento":1,"nm_classe_equipamento":"BIBLIOTECAS","tx_classe_equipamento":"BIBLIOTECAS","cd_identificador_esfera_administrativa_equipamento":1,"nm_esfera_administrativa_equipamento":"Municipal","tx_esfera_administrativa_equipamento":"Entidade mantenedora: PMSP","cd_equipamento":null,"nm_equipamento":"Biblioteca CEU Três Pontes","tx_endereco_equipamento":"Rua Capachós, 400","nm_bairro_equipamento":"","cd_cep_equipamento":"08191-330","tx_horario_funcionamento":null,"tx_numero_telefone":"(11) 3397-6432","cd_equipamento_base_origem":null}},{"type":"Feature","id":"equipamento_cultura_bibliotecas_v3.40072","geometry":{"type":"Point","coordinates":[319992.6988,7402026.821]},"geometry_name":"ge_ponto","properties":{"cd_identificador":40072,"cd_identificador_tema_equipamento":3,"nm_tema_equipamento":"CULTURA","cd_identificador_rede_equipamento":0,"nm_rede_equipamento":"SEM REDE","tx_rede_equipamento":"Sem descrição","cd_identificador_tipo_equipamento":2,"nm_tipo_equipamento":"Bibliotecas Públicas (inclui  Bosques e Pontos de Leitura)","tx_tipo_equipamento":"Bibliotecas Públicas (inclui  Bosques e Pontos de Leitura)","cd_identificador_classe_equipamento":1,"nm_classe_equipamento":"BIBLIOTECAS","tx_classe_equipamento":"BIBLIOTECAS","cd_identificador_esfera_administrativa_equipamento":1,"nm_esfera_administrativa_equipamento":"Municipal","tx_esfera_administrativa_equipamento":"Entidade mantenedora: PMSP","cd_equipamento":null,"nm_equipamento":"Biblioteca CEU Vila Atlântica - Maria Benedita Câmara Bormann","tx_endereco_equipamento":"Rua Coronel José Venâncio Dias, 840","nm_bairro_equipamento":"","cd_cep_equipamento":"05160-030","tx_horario_funcionamento":null,"tx_numero_telefone":"(11) 3901-8719","cd_equipamento_base_origem":null}},{"type":"Feature","id":"equipamento_cultura_bibliotecas_v3.40073","geometry":{"type":"Point","coordinates":[318511.1202,7373654.8474]},"geometry_name":"ge_ponto","properties":{"cd_identificador":40073,"cd_identificador_tema_equipamento":3,"nm_tema_equipamento":"CULTURA","cd_identificador_rede_equipamento":0,"nm_rede_equipamento":"SEM REDE","tx_rede_equipamento":"Sem descrição","cd_identificador_tipo_equipamento":2,"nm_tipo_equipamento":"Bibliotecas Públicas (inclui  Bosques e Pontos de Leitura)","tx_tipo_equipamento":"Bibliotecas Públicas (inclui  Bosques e Pontos de Leitura)","cd_identificador_classe_equipamento":1,"nm_classe_equipamento":"BIBLIOTECAS","tx_classe_equipamento":"BIBLIOTECAS","cd_identificador_esfera_administrativa_equipamento":1,"nm_esfera_administrativa_equipamento":"Municipal","tx_esfera_administrativa_equipamento":"Entidade mantenedora: PMSP","cd_equipamento":null,"nm_equipamento":"Biblioteca CEU Vila do Sol - Dona Maria dos Anjos","tx_endereco_equipamento":"Av. dos Funcionários Públicos, 369","nm_bairro_equipamento":"","cd_cep_equipamento":"04962-000","tx_horario_funcionamento":null,"tx_numero_telefone":"(11) 3397-9850","cd_equipamento_base_origem":null}},{"type":"Feature","id":"equipamento_cultura_bibliotecas_v3.40074","geometry":{"type":"Point","coordinates":[326995.9885,7374872.8993]},"geometry_name":"ge_ponto","properties":{"cd_identificador":40074,"cd_identificador_tema_equipamento":3,"nm_tema_equipamento":"CULTURA","cd_identificador_rede_equipamento":0,"nm_rede_equipamento":"SEM REDE","tx_rede_equipamento":"Sem descrição","cd_identificador_tipo_equipamento":2,"nm_tipo_equipamento":"Bibliotecas Públicas (inclui  Bosques e Pontos de Leitura)","tx_tipo_equipamento":"Bibliotecas Públicas (inclui  Bosques e Pontos de Leitura)","cd_identificador_classe_equipamento":1,"nm_classe_equipamento":"BIBLIOTECAS","tx_classe_equipamento":"BIBLIOTECAS","cd_identificador_esfera_administrativa_equipamento":1,"nm_esfera_administrativa_equipamento":"Municipal","tx_esfera_administrativa_equipamento":"Entidade mantenedora: PMSP","cd_equipamento":null,"nm_equipamento":"Biblioteca CEU Vila Rubi - José Eurícledes Ferreira","tx_endereco_equipamento":"Rua Domingos Tarroso, 101","nm_bairro_equipamento":"","cd_cep_equipamento":"04823-090","tx_horario_funcionamento":null,"tx_numero_telefone":"(11) 5662-9411","cd_equipamento_base_origem":null}},{"type":"Feature","id":"equipamento_cultura_bibliotecas_v3.40075","geometry":{"type":"Point","coordinates":[325226.6615,7361194.7404]},"geometry_name":"ge_ponto","properties":{"cd_identificador":40075,"cd_identificador_tema_equipamento":3,"nm_tema_equipamento":"CULTURA","cd_identificador_rede_equipamento":0,"nm_rede_equipamento":"SEM REDE","tx_rede_equipamento":"Sem descrição","cd_identificador_tipo_equipamento":2,"nm_tipo_equipamento":"Bibliotecas Públicas (inclui  Bosques e Pontos de Leitura)","tx_tipo_equipamento":"Bibliotecas Públicas (inclui  Bosques e Pontos de Leitura)","cd_identificador_classe_equipamento":1,"nm_classe_equipamento":"BIBLIOTECAS","tx_classe_equipamento":"BIBLIOTECAS","cd_identificador_esfera_administrativa_equipamento":4,"nm_esfera_administrativa_equipamento":"Particular","tx_esfera_administrativa_equipamento":"Entidade mantenedora: particular","cd_equipamento":null,"nm_equipamento":"Biblioteca Comunitária Caminhos da Leitura - BCCL","tx_endereco_equipamento":"Rua Ricardo vinis, 254","nm_bairro_equipamento":"","cd_cep_equipamento":"04892-110","tx_horario_funcionamento":null,"tx_numero_telefone":"(11) 94367-3882","cd_equipamento_base_origem":null}},{"type":"Feature","id":"equipamento_cultura_bibliotecas_v3.40076","geometry":{"type":"Point","coordinates":[320985.6233,7385556.9464]},"geometry_name":"ge_ponto","properties":{"cd_identificador":40076,"cd_identificador_tema_equipamento":3,"nm_tema_equipamento":"CULTURA","cd_identificador_rede_equipamento":0,"nm_rede_equipamento":"SEM REDE","tx_rede_equipamento":"Sem descrição","cd_identificador_tipo_equipamento":2,"nm_tipo_equipamento":"Bibliotecas Públicas (inclui  Bosques e Pontos de Leitura)","tx_tipo_equipamento":"Bibliotecas Públicas (inclui  Bosques e Pontos de Leitura)","cd_identificador_classe_equipamento":1,"nm_classe_equipamento":"BIBLIOTECAS","tx_classe_equipamento":"BIBLIOTECAS","cd_identificador_esfera_administrativa_equipamento":4,"nm_esfera_administrativa_equipamento":"Particular","tx_esfera_administrativa_equipamento":"Entidade mantenedora: particular","cd_equipamento":null,"nm_equipamento":"Biblioteca Comunitária Djeanne Firmino","tx_endereco_equipamento":"Rua Carandazinho, 50","nm_bairro_equipamento":"","cd_cep_equipamento":"05766-280","tx_horario_funcionamento":null,"tx_numero_telefone":"(11) 95843-7623","cd_equipamento_base_origem":null}},{"type":"Feature","id":"equipamento_cultura_bibliotecas_v3.40077","geometry":{"type":"Point","coordinates":[316865.7886,7379635.0376]},"geometry_name":"ge_ponto","properties":{"cd_identificador":40077,"cd_identificador_tema_equipamento":3,"nm_tema_equipamento":"CULTURA","cd_identificador_rede_equipamento":0,"nm_rede_equipamento":"SEM REDE","tx_rede_equipamento":"Sem descrição","cd_identificador_tipo_equipamento":2,"nm_tipo_equipamento":"Bibliotecas Públicas (inclui  Bosques e Pontos de Leitura)","tx_tipo_equipamento":"Bibliotecas Públicas (inclui  Bosques e Pontos de Leitura)","cd_identificador_classe_equipamento":1,"nm_classe_equipamento":"BIBLIOTECAS","tx_classe_equipamento":"BIBLIOTECAS","cd_identificador_esfera_administrativa_equipamento":4,"nm_esfera_administrativa_equipamento":"Particular","tx_esfera_administrativa_equipamento":"Entidade mantenedora: particular","cd_equipamento":null,"nm_equipamento":"Biblioteca Comunitária Espaço Jovem Alexandre Araujo Chaves - EJAAC","tx_endereco_equipamento":"Rua José Tartini, 34","nm_bairro_equipamento":"","cd_cep_equipamento":"05886-090","tx_horario_funcionamento":null,"tx_numero_telefone":"(11) 5874-2422","cd_equipamento_base_origem":null}},{"type":"Feature","id":"equipamento_cultura_bibliotecas_v3.40078","geometry":{"type":"Point","coordinates":[332976.6891,7379490.3995]},"geometry_name":"ge_ponto","properties":{"cd_identificador":40078,"cd_identificador_tema_equipamento":3,"nm_tema_equipamento":"CULTURA","cd_identificador_rede_equipamento":0,"nm_rede_equipamento":"SEM REDE","tx_rede_equipamento":"Sem descrição","cd_identificador_tipo_equipamento":2,"nm_tipo_equipamento":"Bibliotecas Públicas (inclui  Bosques e Pontos de Leitura)","tx_tipo_equipamento":"Bibliotecas Públicas (inclui  Bosques e Pontos de Leitura)","cd_identificador_classe_equipamento":1,"nm_classe_equipamento":"BIBLIOTECAS","tx_classe_equipamento":"BIBLIOTECAS","cd_identificador_esfera_administrativa_equipamento":4,"nm_esfera_administrativa_equipamento":"Particular","tx_esfera_administrativa_equipamento":"Entidade mantenedora: particular","cd_equipamento":null,"nm_equipamento":"Biblioteca Comunitária JAMAC","tx_endereco_equipamento":"Rua Maria Balades Correa, 8","nm_bairro_equipamento":"","cd_cep_equipamento":"04421-020","tx_horario_funcionamento":null,"tx_numero_telefone":"(11) 5626-9720","cd_equipamento_base_origem":null}},{"type":"Feature","id":"equipamento_cultura_bibliotecas_v3.40079","geometry":{"type":"Point","coordinates":[320828.469,7379155.0286]},"geometry_name":"ge_ponto","properties":{"cd_identificador":40079,"cd_identificador_tema_equipamento":3,"nm_tema_equipamento":"CULTURA","cd_identificador_rede_equipamento":0,"nm_rede_equipamento":"SEM REDE","tx_rede_equipamento":"Sem descrição","cd_identificador_tipo_equipamento":2,"nm_tipo_equipamento":"Bibliotecas Públicas (inclui  Bosques e Pontos de Leitura)","tx_tipo_equipamento":"Bibliotecas Públicas (inclui  Bosques e Pontos de Leitura)","cd_identificador_classe_equipamento":1,"nm_classe_equipamento":"BIBLIOTECAS","tx_classe_equipamento":"BIBLIOTECAS","cd_identificador_esfera_administrativa_equipamento":2,"nm_esfera_administrativa_equipamento":"Estadual","tx_esfera_administrativa_equipamento":"Entidade mantenedora: governo do estado","cd_equipamento":null,"nm_equipamento":"Biblioteca da ETEC Jardim Ângela","tx_endereco_equipamento":"Estrada da Baronesa, 1695","nm_bairro_equipamento":"","cd_cep_equipamento":"04941-175","tx_horario_funcionamento":null,"tx_numero_telefone":"(11) 5833-0861","cd_equipamento_base_origem":null}},{"type":"Feature","id":"equipamento_cultura_bibliotecas_v3.40080","geometry":{"type":"Point","coordinates":[317790.0886,7380220.6679]},"geometry_name":"ge_ponto","properties":{"cd_identificador":40080,"cd_identificador_tema_equipamento":3,"nm_tema_equipamento":"CULTURA","cd_identificador_rede_equipamento":0,"nm_rede_equipamento":"SEM REDE","tx_rede_equipamento":"Sem descrição","cd_identificador_tipo_equipamento":2,"nm_tipo_equipamento":"Bibliotecas Públicas (inclui  Bosques e Pontos de Leitura)","tx_tipo_equipamento":"Bibliotecas Públicas (inclui  Bosques e Pontos de Leitura)","cd_identificador_classe_equipamento":1,"nm_classe_equipamento":"BIBLIOTECAS","tx_classe_equipamento":"BIBLIOTECAS","cd_identificador_esfera_administrativa_equipamento":2,"nm_esfera_administrativa_equipamento":"Estadual","tx_esfera_administrativa_equipamento":"Entidade mantenedora: governo do estado","cd_equipamento":null,"nm_equipamento":"Biblioteca da Fábrica de Cultura Capão Redondo","tx_endereco_equipamento":"Rua Bacia de São Francisco, s/n, 0","nm_bairro_equipamento":"","cd_cep_equipamento":"05885-540","tx_horario_funcionamento":null,"tx_numero_telefone":"(11) 5822-5240","cd_equipamento_base_origem":null}},{"type":"Feature","id":"equipamento_cultura_bibliotecas_v3.40081","geometry":{"type":"Point","coordinates":[321468.912,7382132.6778]},"geometry_name":"ge_ponto","properties":{"cd_identificador":40081,"cd_identificador_tema_equipamento":3,"nm_tema_equipamento":"CULTURA","cd_identificador_rede_equipamento":0,"nm_rede_equipamento":"SEM REDE","tx_rede_equipamento":"Sem descrição","cd_identificador_tipo_equipamento":2,"nm_tipo_equipamento":"Bibliotecas Públicas (inclui  Bosques e Pontos de Leitura)","tx_tipo_equipamento":"Bibliotecas Públicas (inclui  Bosques e Pontos de Leitura)","cd_identificador_classe_equipamento":1,"nm_classe_equipamento":"BIBLIOTECAS","tx_classe_equipamento":"BIBLIOTECAS","cd_identificador_esfera_administrativa_equipamento":2,"nm_esfera_administrativa_equipamento":"Estadual","tx_esfera_administrativa_equipamento":"Entidade mantenedora: governo do estado","cd_equipamento":null,"nm_equipamento":"Biblioteca da Fábrica de Cultura do Jardim São Luís","tx_endereco_equipamento":"Rua Antônio Ramos Rosa,, 651","nm_bairro_equipamento":"","cd_cep_equipamento":"05822-010","tx_horario_funcionamento":null,"tx_numero_telefone":"(11) 5510-5530","cd_equipamento_base_origem":null}},{"type":"Feature","id":"equipamento_cultura_bibliotecas_v3.40082","geometry":{"type":"Point","coordinates":[335726.3522,7390104.3472]},"geometry_name":"ge_ponto","properties":{"cd_identificador":40082,"cd_identificador_tema_equipamento":3,"nm_tema_equipamento":"CULTURA","cd_identificador_rede_equipamento":0,"nm_rede_equipamento":"SEM REDE","tx_rede_equipamento":"Sem descrição","cd_identificador_tipo_equipamento":2,"nm_tipo_equipamento":"Bibliotecas Públicas (inclui  Bosques e Pontos de Leitura)","tx_tipo_equipamento":"Bibliotecas Públicas (inclui  Bosques e Pontos de Leitura)","cd_identificador_classe_equipamento":1,"nm_classe_equipamento":"BIBLIOTECAS","tx_classe_equipamento":"BIBLIOTECAS","cd_identificador_esfera_administrativa_equipamento":2,"nm_esfera_administrativa_equipamento":"Estadual","tx_esfera_administrativa_equipamento":"Entidade mantenedora: governo do estado","cd_equipamento":null,"nm_equipamento":"Biblioteca da UNESP Ipiranga (Instituto Confúcio na UNESP e Coordenadoria de Desenvolvimento Profissional e Práticas Pedagógicas - CDeP3","tx_endereco_equipamento":"Rua Dom Luís Lasanha, 400 - Ipiranga, São Paulo - SP, 04266-030, 400","nm_bairro_equipamento":"","cd_cep_equipamento":"04266-030","tx_horario_funcionamento":null,"tx_numero_telefone":"(11) 2066-5952","cd_equipamento_base_origem":null}},{"type":"Feature","id":"equipamento_cultura_bibliotecas_v3.40083","geometry":{"type":"Point","coordinates":[317348.1764,7388790.1204]},"geometry_name":"ge_ponto","properties":{"cd_identificador":40083,"cd_identificador_tema_equipamento":3,"nm_tema_equipamento":"CULTURA","cd_identificador_rede_equipamento":0,"nm_rede_equipamento":"SEM REDE","tx_rede_equipamento":"Sem descrição","cd_identificador_tipo_equipamento":2,"nm_tipo_equipamento":"Bibliotecas Públicas (inclui  Bosques e Pontos de Leitura)","tx_tipo_equipamento":"Bibliotecas Públicas (inclui  Bosques e Pontos de Leitura)","cd_identificador_classe_equipamento":1,"nm_classe_equipamento":"BIBLIOTECAS","tx_classe_equipamento":"BIBLIOTECAS","cd_identificador_esfera_administrativa_equipamento":1,"nm_esfera_administrativa_equipamento":"Municipal","tx_esfera_administrativa_equipamento":"Entidade mantenedora: PMSP","cd_equipamento":null,"nm_equipamento":"Biblioteca do CEU Uirapuru","tx_endereco_equipamento":"Rua Nazir Miguel., 849","nm_bairro_equipamento":"","cd_cep_equipamento":"05569-010","tx_horario_funcionamento":null,"tx_numero_telefone":"(11) 3788-7747 / (11) 3788-7746","cd_equipamento_base_origem":null}},{"type":"Feature","id":"equipamento_cultura_bibliotecas_v3.40084","geometry":{"type":"Point","coordinates":[331786.189,7390473.1797]},"geometry_name":"ge_ponto","properties":{"cd_identificador":40084,"cd_identificador_tema_equipamento":3,"nm_tema_equipamento":"CULTURA","cd_identificador_rede_equipamento":0,"nm_rede_equipamento":"SEM REDE","tx_rede_equipamento":"Sem descrição","cd_identificador_tipo_equipamento":2,"nm_tipo_equipamento":"Bibliotecas Públicas (inclui  Bosques e Pontos de Leitura)","tx_tipo_equipamento":"Bibliotecas Públicas (inclui  Bosques e Pontos de Leitura)","cd_identificador_classe_equipamento":1,"nm_classe_equipamento":"BIBLIOTECAS","tx_classe_equipamento":"BIBLIOTECAS","cd_identificador_esfera_administrativa_equipamento":2,"nm_esfera_administrativa_equipamento":"Estadual","tx_esfera_administrativa_equipamento":"Entidade mantenedora: governo do estado","cd_equipamento":null,"nm_equipamento":"Biblioteca do Instituto Biológico de São Paulo","tx_endereco_equipamento":"Avenida Conselheiro Rodrigues Alves, 1252","nm_bairro_equipamento":"","cd_cep_equipamento":"04014-900","tx_horario_funcionamento":null,"tx_numero_telefone":"(11) 5087-1726 / (11) 5087-1727","cd_equipamento_base_origem":null}},{"type":"Feature","id":"equipamento_cultura_bibliotecas_v3.40085","geometry":{"type":"Point","coordinates":[352320.3715,7401287.7274]},"geometry_name":"ge_ponto","properties":{"cd_identificador":40085,"cd_identificador_tema_equipamento":3,"nm_tema_equipamento":"CULTURA","cd_identificador_rede_equipamento":0,"nm_rede_equipamento":"SEM REDE","tx_rede_equipamento":"Sem descrição","cd_identificador_tipo_equipamento":2,"nm_tipo_equipamento":"Bibliotecas Públicas (inclui  Bosques e Pontos de Leitura)","tx_tipo_equipamento":"Bibliotecas Públicas (inclui  Bosques e Pontos de Leitura)","cd_identificador_classe_equipamento":1,"nm_classe_equipamento":"BIBLIOTECAS","tx_classe_equipamento":"BIBLIOTECAS","cd_identificador_esfera_administrativa_equipamento":2,"nm_esfera_administrativa_equipamento":"Estadual","tx_esfera_administrativa_equipamento":"Entidade mantenedora: governo do estado","cd_equipamento":null,"nm_equipamento":"Biblioteca do Instituto Paulista de Geriatria e Gerontologia José Ermírio de Moraes","tx_endereco_equipamento":"Praça Padre Aleixo  Monteiro  Mafra, 34","nm_bairro_equipamento":"","cd_cep_equipamento":"08011-110","tx_horario_funcionamento":null,"tx_numero_telefone":"(11) 2030-4043 / (11) 98703-9649","cd_equipamento_base_origem":null}},{"type":"Feature","id":"equipamento_cultura_bibliotecas_v3.40086","geometry":{"type":"Point","coordinates":[335435.7467,7394647.3314]},"geometry_name":"ge_ponto","properties":{"cd_identificador":40086,"cd_identificador_tema_equipamento":3,"nm_tema_equipamento":"CULTURA","cd_identificador_rede_equipamento":0,"nm_rede_equipamento":"SEM REDE","tx_rede_equipamento":"Sem descrição","cd_identificador_tipo_equipamento":2,"nm_tipo_equipamento":"Bibliotecas Públicas (inclui  Bosques e Pontos de Leitura)","tx_tipo_equipamento":"Bibliotecas Públicas (inclui  Bosques e Pontos de Leitura)","cd_identificador_classe_equipamento":1,"nm_classe_equipamento":"BIBLIOTECAS","tx_classe_equipamento":"BIBLIOTECAS","cd_identificador_esfera_administrativa_equipamento":2,"nm_esfera_administrativa_equipamento":"Estadual","tx_esfera_administrativa_equipamento":"Entidade mantenedora: governo do estado","cd_equipamento":null,"nm_equipamento":"Biblioteca do Museu da Imigração do Estado de São Paulo","tx_endereco_equipamento":"R. Visc. de Parnaíba, 1316","nm_bairro_equipamento":"","cd_cep_equipamento":"03164-300","tx_horario_funcionamento":null,"tx_numero_telefone":"(11) 2692-1866","cd_equipamento_base_origem":null}},{"type":"Feature","id":"equipamento_cultura_bibliotecas_v3.40087","geometry":{"type":"Point","coordinates":[331818.4965,7396751.0883]},"geometry_name":"ge_ponto","properties":{"cd_identificador":40087,"cd_identificador_tema_equipamento":3,"nm_tema_equipamento":"CULTURA","cd_identificador_rede_equipamento":0,"nm_rede_equipamento":"SEM REDE","tx_rede_equipamento":"Sem descrição","cd_identificador_tipo_equipamento":2,"nm_tipo_equipamento":"Bibliotecas Públicas (inclui  Bosques e Pontos de Leitura)","tx_tipo_equipamento":"Bibliotecas Públicas (inclui  Bosques e Pontos de Leitura)","cd_identificador_classe_equipamento":1,"nm_classe_equipamento":"BIBLIOTECAS","tx_classe_equipamento":"BIBLIOTECAS","cd_identificador_esfera_administrativa_equipamento":2,"nm_esfera_administrativa_equipamento":"Estadual","tx_esfera_administrativa_equipamento":"Entidade mantenedora: governo do estado","cd_equipamento":null,"nm_equipamento":"Biblioteca do Museu das Favelas - CRIA (Centro de Referência, Pesquisa e Biblioteca das Favelas)","tx_endereco_equipamento":"Rua Guaianases, 1024","nm_bairro_equipamento":"","cd_cep_equipamento":"01204-001","tx_horario_funcionamento":null,"tx_numero_telefone":"(11) 4240-3355","cd_equipamento_base_origem":null}},{"type":"Feature","id":"equipamento_cultura_bibliotecas_v3.40088","geometry":{"type":"Point","coordinates":[341336.0285,7398814.3419]},"geometry_name":"ge_ponto","properties":{"cd_identificador":40088,"cd_identificador_tema_equipamento":3,"nm_tema_equipamento":"CULTURA","cd_identificador_rede_equipamento":0,"nm_rede_equipamento":"SEM REDE","tx_rede_equipamento":"Sem descrição","cd_identificador_tipo_equipamento":2,"nm_tipo_equipamento":"Bibliotecas Públicas (inclui  Bosques e Pontos de Leitura)","tx_tipo_equipamento":"Bibliotecas Públicas (inclui  Bosques e Pontos de Leitura)","cd_identificador_classe_equipamento":1,"nm_classe_equipamento":"BIBLIOTECAS","tx_classe_equipamento":"BIBLIOTECAS","cd_identificador_esfera_administrativa_equipamento":1,"nm_esfera_administrativa_equipamento":"Municipal","tx_esfera_administrativa_equipamento":"Entidade mantenedora: PMSP","cd_equipamento":null,"nm_equipamento":"Biblioteca Doutor Dirceu de Paula Brasil CEU Tiquatira","tx_endereco_equipamento":"Av. Condessa Elizabeth de Robiano, S/N, 5280","nm_bairro_equipamento":"","cd_cep_equipamento":"03074-000","tx_horario_funcionamento":null,"tx_numero_telefone":"(11) 2075-7460","cd_equipamento_base_origem":null}},{"type":"Feature","id":"equipamento_cultura_bibliotecas_v3.40089","geometry":{"type":"Point","coordinates":[333245.9033,7396528.3957]},"geometry_name":"ge_ponto","properties":{"cd_identificador":40089,"cd_identificador_tema_equipamento":3,"nm_tema_equipamento":"CULTURA","cd_identificador_rede_equipamento":0,"nm_rede_equipamento":"SEM REDE","tx_rede_equipamento":"Sem descrição","cd_identificador_tipo_equipamento":2,"nm_tipo_equipamento":"Bibliotecas Públicas (inclui  Bosques e Pontos de Leitura)","tx_tipo_equipamento":"Bibliotecas Públicas (inclui  Bosques e Pontos de Leitura)","cd_identificador_classe_equipamento":1,"nm_classe_equipamento":"BIBLIOTECAS","tx_classe_equipamento":"BIBLIOTECAS","cd_identificador_esfera_administrativa_equipamento":2,"nm_esfera_administrativa_equipamento":"Estadual","tx_esfera_administrativa_equipamento":"Entidade mantenedora: governo do estado","cd_equipamento":null,"nm_equipamento":"Biblioteca e Centro de Documentação e Pesquisa (Pinacoteca de São Paulo)","tx_endereco_equipamento":"Avenida Tiradentes, 273","nm_bairro_equipamento":"","cd_cep_equipamento":"01101-010","tx_horario_funcionamento":null,"tx_numero_telefone":"(11) 3324-1000","cd_equipamento_base_origem":null}},{"type":"Feature","id":"equipamento_cultura_bibliotecas_v3.40090","geometry":{"type":"Point","coordinates":[329935.0018,7395295.1072]},"geometry_name":"ge_ponto","properties":{"cd_identificador":40090,"cd_identificador_tema_equipamento":3,"nm_tema_equipamento":"CULTURA","cd_identificador_rede_equipamento":0,"nm_rede_equipamento":"SEM REDE","tx_rede_equipamento":"Sem descrição","cd_identificador_tipo_equipamento":2,"nm_tipo_equipamento":"Bibliotecas Públicas (inclui  Bosques e Pontos de Leitura)","tx_tipo_equipamento":"Bibliotecas Públicas (inclui  Bosques e Pontos de Leitura)","cd_identificador_classe_equipamento":1,"nm_classe_equipamento":"BIBLIOTECAS","tx_classe_equipamento":"BIBLIOTECAS","cd_identificador_esfera_administrativa_equipamento":2,"nm_esfera_administrativa_equipamento":"Estadual","tx_esfera_administrativa_equipamento":"Entidade mantenedora: governo do estado","cd_equipamento":null,"nm_equipamento":"Biblioteca e Midiateca do Centro de Referência do Futebol Brasileiro","tx_endereco_equipamento":"Praça Charles Miller, 0","nm_bairro_equipamento":"","cd_cep_equipamento":"01234-010","tx_horario_funcionamento":null,"tx_numero_telefone":"(11) 3664-3853","cd_equipamento_base_origem":null}},{"type":"Feature","id":"equipamento_cultura_bibliotecas_v3.40091","geometry":{"type":"Point","coordinates":[329968.3264,7397451.8922]},"geometry_name":"ge_ponto","properties":{"cd_identificador":40091,"cd_identificador_tema_equipamento":3,"nm_tema_equipamento":"CULTURA","cd_identificador_rede_equipamento":0,"nm_rede_equipamento":"SEM REDE","tx_rede_equipamento":"Sem descrição","cd_identificador_tipo_equipamento":2,"nm_tipo_equipamento":"Bibliotecas Públicas (inclui  Bosques e Pontos de Leitura)","tx_tipo_equipamento":"Bibliotecas Públicas (inclui  Bosques e Pontos de Leitura)","cd_identificador_classe_equipamento":1,"nm_classe_equipamento":"BIBLIOTECAS","tx_classe_equipamento":"BIBLIOTECAS","cd_identificador_esfera_administrativa_equipamento":2,"nm_esfera_administrativa_equipamento":"Estadual","tx_esfera_administrativa_equipamento":"Entidade mantenedora: governo do estado","cd_equipamento":null,"nm_equipamento":"Biblioteca Engenheiro José Hugo Leal Ferreira","tx_endereco_equipamento":"R. Dr. Bento Teobaldo Ferraz,, 271","nm_bairro_equipamento":"","cd_cep_equipamento":"01140-070","tx_horario_funcionamento":null,"tx_numero_telefone":"(11) 3393-7800","cd_equipamento_base_origem":null}},{"type":"Feature","id":"equipamento_cultura_bibliotecas_v3.40092","geometry":{"type":"Point","coordinates":[328894.5633,7405316.9998]},"geometry_name":"ge_ponto","properties":{"cd_identificador":40092,"cd_identificador_tema_equipamento":3,"nm_tema_equipamento":"CULTURA","cd_identificador_rede_equipamento":0,"nm_rede_equipamento":"SEM REDE","tx_rede_equipamento":"Sem descrição","cd_identificador_tipo_equipamento":2,"nm_tipo_equipamento":"Bibliotecas Públicas (inclui  Bosques e Pontos de Leitura)","tx_tipo_equipamento":"Bibliotecas Públicas (inclui  Bosques e Pontos de Leitura)","cd_identificador_classe_equipamento":1,"nm_classe_equipamento":"BIBLIOTECAS","tx_classe_equipamento":"BIBLIOTECAS","cd_identificador_esfera_administrativa_equipamento":2,"nm_esfera_administrativa_equipamento":"Estadual","tx_esfera_administrativa_equipamento":"Entidade mantenedora: governo do estado","cd_equipamento":null,"nm_equipamento":"Biblioteca Fabrica de Cultura Brasilândia","tx_endereco_equipamento":"Av. General Penha Brasil, 2508","nm_bairro_equipamento":"","cd_cep_equipamento":"26730-000","tx_horario_funcionamento":null,"tx_numero_telefone":"(11) 3859-2300","cd_equipamento_base_origem":null}},{"type":"Feature","id":"equipamento_cultura_bibliotecas_v3.40093","geometry":{"type":"Point","coordinates":[338847.6,7405736.7]},"geometry_name":"ge_ponto","properties":{"cd_identificador":40093,"cd_identificador_tema_equipamento":3,"nm_tema_equipamento":"CULTURA","cd_identificador_rede_equipamento":0,"nm_rede_equipamento":"SEM REDE","tx_rede_equipamento":"Sem descrição","cd_identificador_tipo_equipamento":2,"nm_tipo_equipamento":"Bibliotecas Públicas (inclui  Bosques e Pontos de Leitura)","tx_tipo_equipamento":"Bibliotecas Públicas (inclui  Bosques e Pontos de Leitura)","cd_identificador_classe_equipamento":1,"nm_classe_equipamento":"BIBLIOTECAS","tx_classe_equipamento":"BIBLIOTECAS","cd_identificador_esfera_administrativa_equipamento":2,"nm_esfera_administrativa_equipamento":"Estadual","tx_esfera_administrativa_equipamento":"Entidade mantenedora: governo do estado","cd_equipamento":null,"nm_equipamento":"Biblioteca Fábrica de Cultura Jaçanã","tx_endereco_equipamento":"Rua Raimundo Eduardo da Silva, 138","nm_bairro_equipamento":"","cd_cep_equipamento":"02281-213","tx_horario_funcionamento":null,"tx_numero_telefone":"(11) 2249-8010","cd_equipamento_base_origem":null}},{"type":"Feature","id":"equipamento_cultura_bibliotecas_v3.40094","geometry":{"type":"Point","coordinates":[323664.0202,7381831.782]},"geometry_name":"ge_ponto","properties":{"cd_identificador":40094,"cd_identificador_tema_equipamento":3,"nm_tema_equipamento":"CULTURA","cd_identificador_rede_equipamento":0,"nm_rede_equipamento":"SEM REDE","tx_rede_equipamento":"Sem descrição","cd_identificador_tipo_equipamento":2,"nm_tipo_equipamento":"Bibliotecas Públicas (inclui  Bosques e Pontos de Leitura)","tx_tipo_equipamento":"Bibliotecas Públicas (inclui  Bosques e Pontos de Leitura)","cd_identificador_classe_equipamento":1,"nm_classe_equipamento":"BIBLIOTECAS","tx_classe_equipamento":"BIBLIOTECAS","cd_identificador_esfera_administrativa_equipamento":2,"nm_esfera_administrativa_equipamento":"Estadual","tx_esfera_administrativa_equipamento":"Entidade mantenedora: governo do estado","cd_equipamento":null,"nm_equipamento":"Biblioteca Fatec Zona Sul","tx_endereco_equipamento":"Rua Frederico Grotte, 322","nm_bairro_equipamento":"","cd_cep_equipamento":"05818-270","tx_horario_funcionamento":null,"tx_numero_telefone":"(11) 5851-8949","cd_equipamento_base_origem":null}},{"type":"Feature","id":"equipamento_cultura_bibliotecas_v3.40095","geometry":{"type":"Point","coordinates":[324626.6494,7390849.3272]},"geometry_name":"ge_ponto","properties":{"cd_identificador":40095,"cd_identificador_tema_equipamento":3,"nm_tema_equipamento":"CULTURA","cd_identificador_rede_equipamento":0,"nm_rede_equipamento":"SEM REDE","tx_rede_equipamento":"Sem descrição","cd_identificador_tipo_equipamento":2,"nm_tipo_equipamento":"Bibliotecas Públicas (inclui  Bosques e Pontos de Leitura)","tx_tipo_equipamento":"Bibliotecas Públicas (inclui  Bosques e Pontos de Leitura)","cd_identificador_classe_equipamento":1,"nm_classe_equipamento":"BIBLIOTECAS","tx_classe_equipamento":"BIBLIOTECAS","cd_identificador_esfera_administrativa_equipamento":4,"nm_esfera_administrativa_equipamento":"Particular","tx_esfera_administrativa_equipamento":"Entidade mantenedora: particular","cd_equipamento":null,"nm_equipamento":"Biblioteca feminista do Caxingui - Nisia Floresta","tx_endereco_equipamento":"Rua Oscar P Coelho, 159","nm_bairro_equipamento":"","cd_cep_equipamento":"05516-050","tx_horario_funcionamento":null,"tx_numero_telefone":"(11) 99495-1886","cd_equipamento_base_origem":null}},{"type":"Feature","id":"equipamento_cultura_bibliotecas_v3.40096","geometry":{"type":"Point","coordinates":[318383.4802,7384729.3783]},"geometry_name":"ge_ponto","properties":{"cd_identificador":40096,"cd_identificador_tema_equipamento":3,"nm_tema_equipamento":"CULTURA","cd_identificador_rede_equipamento":0,"nm_rede_equipamento":"SEM REDE","tx_rede_equipamento":"Sem descrição","cd_identificador_tipo_equipamento":2,"nm_tipo_equipamento":"Bibliotecas Públicas (inclui  Bosques e Pontos de Leitura)","tx_tipo_equipamento":"Bibliotecas Públicas (inclui  Bosques e Pontos de Leitura)","cd_identificador_classe_equipamento":1,"nm_classe_equipamento":"BIBLIOTECAS","tx_classe_equipamento":"BIBLIOTECAS","cd_identificador_esfera_administrativa_equipamento":1,"nm_esfera_administrativa_equipamento":"Municipal","tx_esfera_administrativa_equipamento":"Entidade mantenedora: PMSP","cd_equipamento":null,"nm_equipamento":"Biblioteca João do Rio","tx_endereco_equipamento":"Avenida Carlos Lacerda, 678","nm_bairro_equipamento":"","cd_cep_equipamento":"05789-000","tx_horario_funcionamento":null,"tx_numero_telefone":"(11) 5843-4825","cd_equipamento_base_origem":null}},{"type":"Feature","id":"equipamento_cultura_bibliotecas_v3.40097","geometry":{"type":"Point","coordinates":[339221.4849,7398252.0885]},"geometry_name":"ge_ponto","properties":{"cd_identificador":40097,"cd_identificador_tema_equipamento":3,"nm_tema_equipamento":"CULTURA","cd_identificador_rede_equipamento":0,"nm_rede_equipamento":"SEM REDE","tx_rede_equipamento":"Sem descrição","cd_identificador_tipo_equipamento":2,"nm_tipo_equipamento":"Bibliotecas Públicas (inclui  Bosques e Pontos de Leitura)","tx_tipo_equipamento":"Bibliotecas Públicas (inclui  Bosques e Pontos de Leitura)","cd_identificador_classe_equipamento":1,"nm_classe_equipamento":"BIBLIOTECAS","tx_classe_equipamento":"BIBLIOTECAS","cd_identificador_esfera_administrativa_equipamento":1,"nm_esfera_administrativa_equipamento":"Municipal","tx_esfera_administrativa_equipamento":"Entidade mantenedora: PMSP","cd_equipamento":null,"nm_equipamento":"Biblioteca Leônidas da Silva - CEU Parque Novo Mundo","tx_endereco_equipamento":"Av. Ernesto Augusto Lopes, 100","nm_bairro_equipamento":"","cd_cep_equipamento":"02169-030","tx_horario_funcionamento":null,"tx_numero_telefone":"(11) 3928-1317 / (11) 5990-3373","cd_equipamento_base_origem":null}},{"type":"Feature","id":"equipamento_cultura_bibliotecas_v3.40098","geometry":{"type":"Point","coordinates":[323042.1296,7406901.2396]},"geometry_name":"ge_ponto","properties":{"cd_identificador":40098,"cd_identificador_tema_equipamento":3,"nm_tema_equipamento":"CULTURA","cd_identificador_rede_equipamento":0,"nm_rede_equipamento":"SEM REDE","tx_rede_equipamento":"Sem descrição","cd_identificador_tipo_equipamento":2,"nm_tipo_equipamento":"Bibliotecas Públicas (inclui  Bosques e Pontos de Leitura)","tx_tipo_equipamento":"Bibliotecas Públicas (inclui  Bosques e Pontos de Leitura)","cd_identificador_classe_equipamento":1,"nm_classe_equipamento":"BIBLIOTECAS","tx_classe_equipamento":"BIBLIOTECAS","cd_identificador_esfera_administrativa_equipamento":1,"nm_esfera_administrativa_equipamento":"Municipal","tx_esfera_administrativa_equipamento":"Entidade mantenedora: PMSP","cd_equipamento":null,"nm_equipamento":"Biblioteca Luis Gama - CEU Pinheirinho","tx_endereco_equipamento":"Rua Camillo Zanotti, 92","nm_bairro_equipamento":"","cd_cep_equipamento":"02998-080","tx_horario_funcionamento":null,"tx_numero_telefone":"(11) 5990-3371","cd_equipamento_base_origem":null}},{"type":"Feature","id":"equipamento_cultura_bibliotecas_v3.40099","geometry":{"type":"Point","coordinates":[336906.1904,7405743.4117]},"geometry_name":"ge_ponto","properties":{"cd_identificador":40099,"cd_identificador_tema_equipamento":3,"nm_tema_equipamento":"CULTURA","cd_identificador_rede_equipamento":0,"nm_rede_equipamento":"SEM REDE","tx_rede_equipamento":"Sem descrição","cd_identificador_tipo_equipamento":2,"nm_tipo_equipamento":"Bibliotecas Públicas (inclui  Bosques e Pontos de Leitura)","tx_tipo_equipamento":"Bibliotecas Públicas (inclui  Bosques e Pontos de Leitura)","cd_identificador_classe_equipamento":1,"nm_classe_equipamento":"BIBLIOTECAS","tx_classe_equipamento":"BIBLIOTECAS","cd_identificador_esfera_administrativa_equipamento":1,"nm_esfera_administrativa_equipamento":"Municipal","tx_esfera_administrativa_equipamento":"Entidade mantenedora: PMSP","cd_equipamento":null,"nm_equipamento":"Biblioteca Maria Firmino dos Reis - CEU Tremembé","tx_endereco_equipamento":"Rua Adauto Bezerra Delgado, 94","nm_bairro_equipamento":"","cd_cep_equipamento":"02320-110","tx_horario_funcionamento":null,"tx_numero_telefone":"(11) 2204-3764","cd_equipamento_base_origem":null}},{"type":"Feature","id":"equipamento_cultura_bibliotecas_v3.40100","geometry":{"type":"Point","coordinates":[331748.4906,7396733.0482]},"geometry_name":"ge_ponto","properties":{"cd_identificador":40100,"cd_identificador_tema_equipamento":3,"nm_tema_equipamento":"CULTURA","cd_identificador_rede_equipamento":0,"nm_rede_equipamento":"SEM REDE","tx_rede_equipamento":"Sem descrição","cd_identificador_tipo_equipamento":2,"nm_tipo_equipamento":"Bibliotecas Públicas (inclui  Bosques e Pontos de Leitura)","tx_tipo_equipamento":"Bibliotecas Públicas (inclui  Bosques e Pontos de Leitura)","cd_identificador_classe_equipamento":1,"nm_classe_equipamento":"BIBLIOTECAS","tx_classe_equipamento":"BIBLIOTECAS","cd_identificador_esfera_administrativa_equipamento":2,"nm_esfera_administrativa_equipamento":"Estadual","tx_esfera_administrativa_equipamento":"Entidade mantenedora: governo do estado","cd_equipamento":null,"nm_equipamento":"Biblioteca ETEC Doutora Maria Augusta Saraiva","tx_endereco_equipamento":"Rua Guaianazes, 1385","nm_bairro_equipamento":"","cd_cep_equipamento":"01204-001","tx_horario_funcionamento":null,"tx_numero_telefone":"(11) 3105-7250 / (11) 3224-3224","cd_equipamento_base_origem":null}},{"type":"Feature","id":"equipamento_cultura_bibliotecas_v3.40101","geometry":{"type":"Point","coordinates":[331035.1702,7390441.6715]},"geometry_name":"ge_ponto","properties":{"cd_identificador":40101,"cd_identificador_tema_equipamento":3,"nm_tema_equipamento":"CULTURA","cd_identificador_rede_equipamento":0,"nm_rede_equipamento":"SEM REDE","tx_rede_equipamento":"Sem descrição","cd_identificador_tipo_equipamento":2,"nm_tipo_equipamento":"Bibliotecas Públicas (inclui  Bosques e Pontos de Leitura)","tx_tipo_equipamento":"Bibliotecas Públicas (inclui  Bosques e Pontos de Leitura)","cd_identificador_classe_equipamento":1,"nm_classe_equipamento":"BIBLIOTECAS","tx_classe_equipamento":"BIBLIOTECAS","cd_identificador_esfera_administrativa_equipamento":4,"nm_esfera_administrativa_equipamento":"Particular","tx_esfera_administrativa_equipamento":"Entidade mantenedora: particular","cd_equipamento":null,"nm_equipamento":"Biblioteca Paulo Mendes de Almeida","tx_endereco_equipamento":"Av. Pedro Álvares Cabral, 0","nm_bairro_equipamento":"","cd_cep_equipamento":"04094-000","tx_horario_funcionamento":null,"tx_numero_telefone":"(11) 5085-1300","cd_equipamento_base_origem":null}},{"type":"Feature","id":"equipamento_cultura_bibliotecas_v3.40102","geometry":{"type":"Point","coordinates":[333639.6699,7401666.0346]},"geometry_name":"ge_ponto","properties":{"cd_identificador":40102,"cd_identificador_tema_equipamento":3,"nm_tema_equipamento":"CULTURA","cd_identificador_rede_equipamento":0,"nm_rede_equipamento":"SEM REDE","tx_rede_equipamento":"Sem descrição","cd_identificador_tipo_equipamento":2,"nm_tipo_equipamento":"Bibliotecas Públicas (inclui  Bosques e Pontos de Leitura)","tx_tipo_equipamento":"Bibliotecas Públicas (inclui  Bosques e Pontos de Leitura)","cd_identificador_classe_equipamento":1,"nm_classe_equipamento":"BIBLIOTECAS","tx_classe_equipamento":"BIBLIOTECAS","cd_identificador_esfera_administrativa_equipamento":2,"nm_esfera_administrativa_equipamento":"Estadual","tx_esfera_administrativa_equipamento":"Entidade mantenedora: governo do estado","cd_equipamento":null,"nm_equipamento":"Biblioteca Pedro Celestino - ETEC Mandaqui","tx_endereco_equipamento":"Rua Dr. Luis Lustosa da Silva, 303","nm_bairro_equipamento":"","cd_cep_equipamento":"02416-020","tx_horario_funcionamento":null,"tx_numero_telefone":"(11) 2973-8755","cd_equipamento_base_origem":null}},{"type":"Feature","id":"equipamento_cultura_bibliotecas_v3.40103","geometry":{"type":"Point","coordinates":[329868.7743,7397472.4566]},"geometry_name":"ge_ponto","properties":{"cd_identificador":40103,"cd_identificador_tema_equipamento":3,"nm_tema_equipamento":"CULTURA","cd_identificador_rede_equipamento":0,"nm_rede_equipamento":"SEM REDE","tx_rede_equipamento":"Sem descrição","cd_identificador_tipo_equipamento":2,"nm_tipo_equipamento":"Bibliotecas Públicas (inclui  Bosques e Pontos de Leitura)","tx_tipo_equipamento":"Bibliotecas Públicas (inclui  Bosques e Pontos de Leitura)","cd_identificador_classe_equipamento":1,"nm_classe_equipamento":"BIBLIOTECAS","tx_classe_equipamento":"BIBLIOTECAS","cd_identificador_esfera_administrativa_equipamento":2,"nm_esfera_administrativa_equipamento":"Estadual","tx_esfera_administrativa_equipamento":"Entidade mantenedora: governo do estado","cd_equipamento":null,"nm_equipamento":"Biblioteca Prof. José de Arruda Penteado - Biblioteca do Instituto de Artes - Unesp","tx_endereco_equipamento":"Rua: Dr. Bento Theobaldo Ferraz, 271","nm_bairro_equipamento":"","cd_cep_equipamento":"01140-070","tx_horario_funcionamento":null,"tx_numero_telefone":"(11) 3393-8666","cd_equipamento_base_origem":null}},{"type":"Feature","id":"equipamento_cultura_bibliotecas_v3.40104","geometry":{"type":"Point","coordinates":[324853.6466,7405813.5506]},"geometry_name":"ge_ponto","properties":{"cd_identificador":40104,"cd_identificador_tema_equipamento":3,"nm_tema_equipamento":"CULTURA","cd_identificador_rede_equipamento":0,"nm_rede_equipamento":"SEM REDE","tx_rede_equipamento":"Sem descrição","cd_identificador_tipo_equipamento":2,"nm_tipo_equipamento":"Bibliotecas Públicas (inclui  Bosques e Pontos de Leitura)","tx_tipo_equipamento":"Bibliotecas Públicas (inclui  Bosques e Pontos de Leitura)","cd_identificador_classe_equipamento":1,"nm_classe_equipamento":"BIBLIOTECAS","tx_classe_equipamento":"BIBLIOTECAS","cd_identificador_esfera_administrativa_equipamento":1,"nm_esfera_administrativa_equipamento":"Municipal","tx_esfera_administrativa_equipamento":"Entidade mantenedora: PMSP","cd_equipamento":null,"nm_equipamento":"Biblioteca Profª Maria Beatriz do Nascimento - CEU Taipas","tx_endereco_equipamento":"R. João Amado Coutinho, 240","nm_bairro_equipamento":"","cd_cep_equipamento":"02815-000","tx_horario_funcionamento":null,"tx_numero_telefone":"(11) 5090-3370","cd_equipamento_base_origem":null}},{"type":"Feature","id":"equipamento_cultura_bibliotecas_v3.40105","geometry":{"type":"Point","coordinates":[340187,7390837.9]},"geometry_name":"ge_ponto","properties":{"cd_identificador":40105,"cd_identificador_tema_equipamento":3,"nm_tema_equipamento":"CULTURA","cd_identificador_rede_equipamento":0,"nm_rede_equipamento":"SEM REDE","tx_rede_equipamento":"Sem descrição","cd_identificador_tipo_equipamento":2,"nm_tipo_equipamento":"Bibliotecas Públicas (inclui  Bosques e Pontos de Leitura)","tx_tipo_equipamento":"Bibliotecas Públicas (inclui  Bosques e Pontos de Leitura)","cd_identificador_classe_equipamento":1,"nm_classe_equipamento":"BIBLIOTECAS","tx_classe_equipamento":"BIBLIOTECAS","cd_identificador_esfera_administrativa_equipamento":1,"nm_esfera_administrativa_equipamento":"Municipal","tx_esfera_administrativa_equipamento":"Entidade mantenedora: PMSP","cd_equipamento":null,"nm_equipamento":"Biblioteca Profª Virginia Leone Bicudo - CEU Vila Alpina","tx_endereco_equipamento":"Rua João Pedro Lecor, 144","nm_bairro_equipamento":"","cd_cep_equipamento":"03227-190","tx_horario_funcionamento":null,"tx_numero_telefone":"(11) 2024-6230","cd_equipamento_base_origem":null}},{"type":"Feature","id":"equipamento_cultura_bibliotecas_v3.40106","geometry":{"type":"Point","coordinates":[337805.858,7393053.1626]},"geometry_name":"ge_ponto","properties":{"cd_identificador":40106,"cd_identificador_tema_equipamento":3,"nm_tema_equipamento":"CULTURA","cd_identificador_rede_equipamento":0,"nm_rede_equipamento":"SEM REDE","tx_rede_equipamento":"Sem descrição","cd_identificador_tipo_equipamento":2,"nm_tipo_equipamento":"Bibliotecas Públicas (inclui  Bosques e Pontos de Leitura)","tx_tipo_equipamento":"Bibliotecas Públicas (inclui  Bosques e Pontos de Leitura)","cd_identificador_classe_equipamento":1,"nm_classe_equipamento":"BIBLIOTECAS","tx_classe_equipamento":"BIBLIOTECAS","cd_identificador_esfera_administrativa_equipamento":2,"nm_esfera_administrativa_equipamento":"Estadual","tx_esfera_administrativa_equipamento":"Entidade mantenedora: governo do estado","cd_equipamento":null,"nm_equipamento":"Biblioteca Sabesp","tx_endereco_equipamento":"Av. Do Estado, 561","nm_bairro_equipamento":"","cd_cep_equipamento":"01107-900","tx_horario_funcionamento":null,"tx_numero_telefone":"(11) 3388-7352","cd_equipamento_base_origem":null}},{"type":"Feature","id":"equipamento_cultura_bibliotecas_v3.40107","geometry":{"type":"Point","coordinates":[337996.5746,7396566.4413]},"geometry_name":"ge_ponto","properties":{"cd_identificador":40107,"cd_identificador_tema_equipamento":3,"nm_tema_equipamento":"CULTURA","cd_identificador_rede_equipamento":0,"nm_rede_equipamento":"SEM REDE","tx_rede_equipamento":"Sem descrição","cd_identificador_tipo_equipamento":2,"nm_tipo_equipamento":"Bibliotecas Públicas (inclui  Bosques e Pontos de Leitura)","tx_tipo_equipamento":"Bibliotecas Públicas (inclui  Bosques e Pontos de Leitura)","cd_identificador_classe_equipamento":1,"nm_classe_equipamento":"BIBLIOTECAS","tx_classe_equipamento":"BIBLIOTECAS","cd_identificador_esfera_administrativa_equipamento":2,"nm_esfera_administrativa_equipamento":"Estadual","tx_esfera_administrativa_equipamento":"Entidade mantenedora: governo do estado","cd_equipamento":null,"nm_equipamento":"Bibliotech da Fábrica de Cultura 4.0 Parque Belém","tx_endereco_equipamento":"Av. Celso Garcia, 2.231","nm_bairro_equipamento":"","cd_cep_equipamento":"03015-000","tx_horario_funcionamento":null,"tx_numero_telefone":"(11) 2618-3447 / (11) 3246-4104","cd_equipamento_base_origem":null}},{"type":"Feature","id":"equipamento_cultura_bibliotecas_v3.40108","geometry":{"type":"Point","coordinates":[348187,7387626.5]},"geometry_name":"ge_ponto","properties":{"cd_identificador":40108,"cd_identificador_tema_equipamento":3,"nm_tema_equipamento":"CULTURA","cd_identificador_rede_equipamento":0,"nm_rede_equipamento":"SEM REDE","tx_rede_equipamento":"Sem descrição","cd_identificador_tipo_equipamento":2,"nm_tipo_equipamento":"Bibliotecas Públicas (inclui  Bosques e Pontos de Leitura)","tx_tipo_equipamento":"Bibliotecas Públicas (inclui  Bosques e Pontos de Leitura)","cd_identificador_classe_equipamento":1,"nm_classe_equipamento":"BIBLIOTECAS","tx_classe_equipamento":"BIBLIOTECAS","cd_identificador_esfera_administrativa_equipamento":2,"nm_esfera_administrativa_equipamento":"Estadual","tx_esfera_administrativa_equipamento":"Entidade mantenedora: governo do estado","cd_equipamento":null,"nm_equipamento":"Bibliotech da Fábrica de Cultura 4.0 Sapopemba","tx_endereco_equipamento":"R. Augustin Luberti, 300","nm_bairro_equipamento":"","cd_cep_equipamento":"03977-409","tx_horario_funcionamento":null,"tx_numero_telefone":"(11) 2012-5803 / (11) 2618-3447","cd_equipamento_base_origem":null}},{"type":"Feature","id":"equipamento_cultura_bibliotecas_v3.40109","geometry":{"type":"Point","coordinates":[356306.9539,7397532.5941]},"geometry_name":"ge_ponto","properties":{"cd_identificador":40109,"cd_identificador_tema_equipamento":3,"nm_tema_equipamento":"CULTURA","cd_identificador_rede_equipamento":0,"nm_rede_equipamento":"SEM REDE","tx_rede_equipamento":"Sem descrição","cd_identificador_tipo_equipamento":2,"nm_tipo_equipamento":"Bibliotecas Públicas (inclui  Bosques e Pontos de Leitura)","tx_tipo_equipamento":"Bibliotecas Públicas (inclui  Bosques e Pontos de Leitura)","cd_identificador_classe_equipamento":1,"nm_classe_equipamento":"BIBLIOTECAS","tx_classe_equipamento":"BIBLIOTECAS","cd_identificador_esfera_administrativa_equipamento":2,"nm_esfera_administrativa_equipamento":"Estadual","tx_esfera_administrativa_equipamento":"Entidade mantenedora: governo do estado","cd_equipamento":null,"nm_equipamento":"Bibliotech da Fábrica de Cultura 4.0 Vila Curuçá","tx_endereco_equipamento":"R. Pedra Dourada, 65","nm_bairro_equipamento":"","cd_cep_equipamento":"08441-030","tx_horario_funcionamento":null,"tx_numero_telefone":"(11) 2016-3316 / (11) 2618-3447","cd_equipamento_base_origem":null}},{"type":"Feature","id":"equipamento_cultura_bibliotecas_v3.40110","geometry":{"type":"Point","coordinates":[355208.4761,7392792.8948]},"geometry_name":"ge_ponto","properties":{"cd_identificador":40110,"cd_identificador_tema_equipamento":3,"nm_tema_equipamento":"CULTURA","cd_identificador_rede_equipamento":0,"nm_rede_equipamento":"SEM REDE","tx_rede_equipamento":"Sem descrição","cd_identificador_tipo_equipamento":2,"nm_tipo_equipamento":"Bibliotecas Públicas (inclui  Bosques e Pontos de Leitura)","tx_tipo_equipamento":"Bibliotecas Públicas (inclui  Bosques e Pontos de Leitura)","cd_identificador_classe_equipamento":1,"nm_classe_equipamento":"BIBLIOTECAS","tx_classe_equipamento":"BIBLIOTECAS","cd_identificador_esfera_administrativa_equipamento":2,"nm_esfera_administrativa_equipamento":"Estadual","tx_esfera_administrativa_equipamento":"Entidade mantenedora: governo do estado","cd_equipamento":null,"nm_equipamento":"Bibliotech da Fábrica de Cultural 4.0 Cidade Tiradentes","tx_endereco_equipamento":"Rua Henriqueta Noguez Brieba, 281","nm_bairro_equipamento":"","cd_cep_equipamento":"08421-530","tx_horario_funcionamento":null,"tx_numero_telefone":"(11) 2618-3447 / (11) 3246-4104","cd_equipamento_base_origem":null}},{"type":"Feature","id":"equipamento_cultura_bibliotecas_v3.40111","geometry":{"type":"Point","coordinates":[359954.2371,7400176.4336]},"geometry_name":"ge_ponto","properties":{"cd_identificador":40111,"cd_identificador_tema_equipamento":3,"nm_tema_equipamento":"CULTURA","cd_identificador_rede_equipamento":0,"nm_rede_equipamento":"SEM REDE","tx_rede_equipamento":"Sem descrição","cd_identificador_tipo_equipamento":2,"nm_tipo_equipamento":"Bibliotecas Públicas (inclui  Bosques e Pontos de Leitura)","tx_tipo_equipamento":"Bibliotecas Públicas (inclui  Bosques e Pontos de Leitura)","cd_identificador_classe_equipamento":1,"nm_classe_equipamento":"BIBLIOTECAS","tx_classe_equipamento":"BIBLIOTECAS","cd_identificador_esfera_administrativa_equipamento":2,"nm_esfera_administrativa_equipamento":"Estadual","tx_esfera_administrativa_equipamento":"Entidade mantenedora: governo do estado","cd_equipamento":null,"nm_equipamento":"Bibliotech da Fábrica de Cultural 4.0 Itaim Paulista","tx_endereco_equipamento":"Rua Estudantes da China, 500","nm_bairro_equipamento":"","cd_cep_equipamento":"08131-220","tx_horario_funcionamento":null,"tx_numero_telefone":"(11) 2618-3447 / (11) 3246-4104","cd_equipamento_base_origem":null}},{"type":"Feature","id":"equipamento_cultura_bibliotecas_v3.40112","geometry":{"type":"Point","coordinates":[334127.2099,7399328.2595]},"geometry_name":"ge_ponto","properties":{"cd_identificador":40112,"cd_identificador_tema_equipamento":3,"nm_tema_equipamento":"CULTURA","cd_identificador_rede_equipamento":0,"nm_rede_equipamento":"SEM REDE","tx_rede_equipamento":"Sem descrição","cd_identificador_tipo_equipamento":2,"nm_tipo_equipamento":"Bibliotecas Públicas (inclui  Bosques e Pontos de Leitura)","tx_tipo_equipamento":"Bibliotecas Públicas (inclui  Bosques e Pontos de Leitura)","cd_identificador_classe_equipamento":1,"nm_classe_equipamento":"BIBLIOTECAS","tx_classe_equipamento":"BIBLIOTECAS","cd_identificador_esfera_administrativa_equipamento":2,"nm_esfera_administrativa_equipamento":"Estadual","tx_esfera_administrativa_equipamento":"Entidade mantenedora: governo do estado","cd_equipamento":null,"nm_equipamento":"BPE Biblioteca de São Paulo","tx_endereco_equipamento":"Av. Cruzeiro do Sul, 2630","nm_bairro_equipamento":"","cd_cep_equipamento":"02030-100","tx_horario_funcionamento":null,"tx_numero_telefone":"(11) 2089-0800","cd_equipamento_base_origem":null}},{"type":"Feature","id":"equipamento_cultura_bibliotecas_v3.40113","geometry":{"type":"Point","coordinates":[323416.2,7395443.9]},"geometry_name":"ge_ponto","properties":{"cd_identificador":40113,"cd_identificador_tema_equipamento":3,"nm_tema_equipamento":"CULTURA","cd_identificador_rede_equipamento":0,"nm_rede_equipamento":"SEM REDE","tx_rede_equipamento":"Sem descrição","cd_identificador_tipo_equipamento":2,"nm_tipo_equipamento":"Bibliotecas Públicas (inclui  Bosques e Pontos de Leitura)","tx_tipo_equipamento":"Bibliotecas Públicas (inclui  Bosques e Pontos de Leitura)","cd_identificador_classe_equipamento":1,"nm_classe_equipamento":"BIBLIOTECAS","tx_classe_equipamento":"BIBLIOTECAS","cd_identificador_esfera_administrativa_equipamento":2,"nm_esfera_administrativa_equipamento":"Estadual","tx_esfera_administrativa_equipamento":"Entidade mantenedora: governo do estado","cd_equipamento":null,"nm_equipamento":"BPE Parque Villa-Lobos","tx_endereco_equipamento":"Av. Queiroz Filho, 1205","nm_bairro_equipamento":"","cd_cep_equipamento":"05319-000","tx_horario_funcionamento":null,"tx_numero_telefone":"(11) 3024-2500","cd_equipamento_base_origem":null}},{"type":"Feature","id":"equipamento_cultura_bibliotecas_v3.40114","geometry":{"type":"Point","coordinates":[355973.2,7392751.6]},"geometry_name":"ge_ponto","properties":{"cd_identificador":40114,"cd_identificador_tema_equipamento":3,"nm_tema_equipamento":"CULTURA","cd_identificador_rede_equipamento":0,"nm_rede_equipamento":"SEM REDE","tx_rede_equipamento":"Sem descrição","cd_identificador_tipo_equipamento":2,"nm_tipo_equipamento":"Bibliotecas Públicas (inclui  Bosques e Pontos de Leitura)","tx_tipo_equipamento":"Bibliotecas Públicas (inclui  Bosques e Pontos de Leitura)","cd_identificador_classe_equipamento":1,"nm_classe_equipamento":"BIBLIOTECAS","tx_classe_equipamento":"BIBLIOTECAS","cd_identificador_esfera_administrativa_equipamento":1,"nm_esfera_administrativa_equipamento":"Municipal","tx_esfera_administrativa_equipamento":"Entidade mantenedora: PMSP","cd_equipamento":null,"nm_equipamento":"Biblioteca Adelaide de Castro Alves Guimarães (CEU Inácio Monteiro)","tx_endereco_equipamento":"Rua Barão Barroso do Amazonas, 115","nm_bairro_equipamento":"","cd_cep_equipamento":"08472-721","tx_horario_funcionamento":null,"tx_numero_telefone":"(11) 2518-9027 / (11) 2518-9014","cd_equipamento_base_origem":null}},{"type":"Feature","id":"equipamento_cultura_bibliotecas_v3.40115","geometry":{"type":"Point","coordinates":[354141.912,7388848.6473]},"geometry_name":"ge_ponto","properties":{"cd_identificador":40115,"cd_identificador_tema_equipamento":3,"nm_tema_equipamento":"CULTURA","cd_identificador_rede_equipamento":0,"nm_rede_equipamento":"SEM REDE","tx_rede_equipamento":"Sem descrição","cd_identificador_tipo_equipamento":2,"nm_tipo_equipamento":"Bibliotecas Públicas (inclui  Bosques e Pontos de Leitura)","tx_tipo_equipamento":"Bibliotecas Públicas (inclui  Bosques e Pontos de Leitura)","cd_identificador_classe_equipamento":1,"nm_classe_equipamento":"BIBLIOTECAS","tx_classe_equipamento":"BIBLIOTECAS","cd_identificador_esfera_administrativa_equipamento":1,"nm_esfera_administrativa_equipamento":"Municipal","tx_esfera_administrativa_equipamento":"Entidade mantenedora: PMSP","cd_equipamento":null,"nm_equipamento":"Biblioteca CEU Alto Alegre","tx_endereco_equipamento":"Av. Bento Guelfi, 0","nm_bairro_equipamento":"","cd_cep_equipamento":"08381-001","tx_horario_funcionamento":null,"tx_numero_telefone":"(11) 2075-1018 / (11) 2075-1014","cd_equipamento_base_origem":null}},{"type":"Feature","id":"equipamento_cultura_bibliotecas_v3.40116","geometry":{"type":"Point","coordinates":[331433.75,7402901.4187]},"geometry_name":"ge_ponto","properties":{"cd_identificador":40116,"cd_identificador_tema_equipamento":3,"nm_tema_equipamento":"CULTURA","cd_identificador_rede_equipamento":0,"nm_rede_equipamento":"SEM REDE","tx_rede_equipamento":"Sem descrição","cd_identificador_tipo_equipamento":2,"nm_tipo_equipamento":"Bibliotecas Públicas (inclui  Bosques e Pontos de Leitura)","tx_tipo_equipamento":"Bibliotecas Públicas (inclui  Bosques e Pontos de Leitura)","cd_identificador_classe_equipamento":1,"nm_classe_equipamento":"BIBLIOTECAS","tx_classe_equipamento":"BIBLIOTECAS","cd_identificador_esfera_administrativa_equipamento":2,"nm_esfera_administrativa_equipamento":"Estadual","tx_esfera_administrativa_equipamento":"Entidade mantenedora: governo do estado","cd_equipamento":null,"nm_equipamento":"Biblioteca Fábrica de Cultura Vila Nova Cachoeirinha","tx_endereco_equipamento":"Rua Franklin do Amaral, 1575","nm_bairro_equipamento":"","cd_cep_equipamento":"02479-001","tx_horario_funcionamento":null,"tx_numero_telefone":"(11) 2233-9270","cd_equipamento_base_origem":null}},{"type":"Feature","id":"equipamento_cultura_bibliotecas_v3.40117","geometry":{"type":"Point","coordinates":[333560.469,7396812.4262]},"geometry_name":"ge_ponto","properties":{"cd_identificador":40117,"cd_identificador_tema_equipamento":3,"nm_tema_equipamento":"CULTURA","cd_identificador_rede_equipamento":0,"nm_rede_equipamento":"SEM REDE","tx_rede_equipamento":"Sem descrição","cd_identificador_tipo_equipamento":2,"nm_tipo_equipamento":"Bibliotecas Públicas (inclui  Bosques e Pontos de Leitura)","tx_tipo_equipamento":"Bibliotecas Públicas (inclui  Bosques e Pontos de Leitura)","cd_identificador_classe_equipamento":1,"nm_classe_equipamento":"BIBLIOTECAS","tx_classe_equipamento":"BIBLIOTECAS","cd_identificador_esfera_administrativa_equipamento":2,"nm_esfera_administrativa_equipamento":"Estadual","tx_esfera_administrativa_equipamento":"Entidade mantenedora: governo do estado","cd_equipamento":null,"nm_equipamento":"Biblioteca José Mindlin (Museu de Arte Sacra)","tx_endereco_equipamento":"Av. Tiradentes, 676","nm_bairro_equipamento":"","cd_cep_equipamento":"01102-000","tx_horario_funcionamento":null,"tx_numero_telefone":"(11) 3326-3336","cd_equipamento_base_origem":null}},{"type":"Feature","id":"equipamento_cultura_bibliotecas_v3.40118","geometry":{"type":"Point","coordinates":[330000.3185,7397074.2874]},"geometry_name":"ge_ponto","properties":{"cd_identificador":40118,"cd_identificador_tema_equipamento":3,"nm_tema_equipamento":"CULTURA","cd_identificador_rede_equipamento":0,"nm_rede_equipamento":"SEM REDE","tx_rede_equipamento":"Sem descrição","cd_identificador_tipo_equipamento":2,"nm_tipo_equipamento":"Bibliotecas Públicas (inclui  Bosques e Pontos de Leitura)","tx_tipo_equipamento":"Bibliotecas Públicas (inclui  Bosques e Pontos de Leitura)","cd_identificador_classe_equipamento":1,"nm_classe_equipamento":"BIBLIOTECAS","tx_classe_equipamento":"BIBLIOTECAS","cd_identificador_esfera_administrativa_equipamento":2,"nm_esfera_administrativa_equipamento":"Estadual","tx_esfera_administrativa_equipamento":"Entidade mantenedora: governo do estado","cd_equipamento":null,"nm_equipamento":"Biblioteca Latino-Americana Victor Civita (Memorial da América Latina)","tx_endereco_equipamento":"Av. Mário de Andrade, 664","nm_bairro_equipamento":"","cd_cep_equipamento":"01156-001","tx_horario_funcionamento":null,"tx_numero_telefone":"(11) 3823-4729 / (11) 3823-4732","cd_equipamento_base_origem":null}},{"type":"Feature","id":"equipamento_cultura_bibliotecas_v3.40119","geometry":{"type":"Point","coordinates":[332667.7233,7396254.9132]},"geometry_name":"ge_ponto","properties":{"cd_identificador":40119,"cd_identificador_tema_equipamento":3,"nm_tema_equipamento":"CULTURA","cd_identificador_rede_equipamento":0,"nm_rede_equipamento":"SEM REDE","tx_rede_equipamento":"Sem descrição","cd_identificador_tipo_equipamento":2,"nm_tipo_equipamento":"Bibliotecas Públicas (inclui  Bosques e Pontos de Leitura)","tx_tipo_equipamento":"Bibliotecas Públicas (inclui  Bosques e Pontos de Leitura)","cd_identificador_classe_equipamento":1,"nm_classe_equipamento":"BIBLIOTECAS","tx_classe_equipamento":"BIBLIOTECAS","cd_identificador_esfera_administrativa_equipamento":2,"nm_esfera_administrativa_equipamento":"Estadual","tx_esfera_administrativa_equipamento":"Entidade mantenedora: governo do estado","cd_equipamento":null,"nm_equipamento":"Biblioteca Mario Casali","tx_endereco_equipamento":"Largo General Osorio, 147","nm_bairro_equipamento":"","cd_cep_equipamento":"01213-010","tx_horario_funcionamento":null,"tx_numero_telefone":"(11) 3585-9888","cd_equipamento_base_origem":null}},{"type":"Feature","id":"equipamento_cultura_bibliotecas_v3.40120","geometry":{"type":"Point","coordinates":[341920.2372,7397415.0411]},"geometry_name":"ge_ponto","properties":{"cd_identificador":40120,"cd_identificador_tema_equipamento":3,"nm_tema_equipamento":"CULTURA","cd_identificador_rede_equipamento":0,"nm_rede_equipamento":"SEM REDE","tx_rede_equipamento":"Sem descrição","cd_identificador_tipo_equipamento":2,"nm_tipo_equipamento":"Bibliotecas Públicas (inclui  Bosques e Pontos de Leitura)","tx_tipo_equipamento":"Bibliotecas Públicas (inclui  Bosques e Pontos de Leitura)","cd_identificador_classe_equipamento":1,"nm_classe_equipamento":"BIBLIOTECAS","tx_classe_equipamento":"BIBLIOTECAS","cd_identificador_esfera_administrativa_equipamento":1,"nm_esfera_administrativa_equipamento":"Municipal","tx_esfera_administrativa_equipamento":"Entidade mantenedora: PMSP","cd_equipamento":null,"nm_equipamento":"Biblioteca Paulo Paes","tx_endereco_equipamento":"Largo do Rosário, 20","nm_bairro_equipamento":"","cd_cep_equipamento":"03634-000","tx_horario_funcionamento":null,"tx_numero_telefone":"(11) 2227-1170 / (11) 2091-3944","cd_equipamento_base_origem":null}},{"type":"Feature","id":"equipamento_cultura_bibliotecas_v3.40121","geometry":{"type":"Point","coordinates":[338681.4583,7395875.4661]},"geometry_name":"ge_ponto","properties":{"cd_identificador":40121,"cd_identificador_tema_equipamento":3,"nm_tema_equipamento":"CULTURA","cd_identificador_rede_equipamento":0,"nm_rede_equipamento":"SEM REDE","tx_rede_equipamento":"Sem descrição","cd_identificador_tipo_equipamento":2,"nm_tipo_equipamento":"Bibliotecas Públicas (inclui  Bosques e Pontos de Leitura)","tx_tipo_equipamento":"Bibliotecas Públicas (inclui  Bosques e Pontos de Leitura)","cd_identificador_classe_equipamento":1,"nm_classe_equipamento":"BIBLIOTECAS","tx_classe_equipamento":"BIBLIOTECAS","cd_identificador_esfera_administrativa_equipamento":1,"nm_esfera_administrativa_equipamento":"Municipal","tx_esfera_administrativa_equipamento":"Entidade mantenedora: PMSP","cd_equipamento":null,"nm_equipamento":"Biblioteca Professor Arnaldo Magalhães de giácomo","tx_endereco_equipamento":"Rua Restinga, 136","nm_bairro_equipamento":"","cd_cep_equipamento":"09403-290","tx_horario_funcionamento":null,"tx_numero_telefone":"(11) 98985-9623 / (11) 98985-9623","cd_equipamento_base_origem":null}},{"type":"Feature","id":"equipamento_cultura_bibliotecas_v3.40122","geometry":{"type":"Point","coordinates":[330696.5912,7390889.678]},"geometry_name":"ge_ponto","properties":{"cd_identificador":40122,"cd_identificador_tema_equipamento":3,"nm_tema_equipamento":"CULTURA","cd_identificador_rede_equipamento":0,"nm_rede_equipamento":"SEM REDE","tx_rede_equipamento":"Sem descrição","cd_identificador_tipo_equipamento":2,"nm_tipo_equipamento":"Bibliotecas Públicas (inclui  Bosques e Pontos de Leitura)","tx_tipo_equipamento":"Bibliotecas Públicas (inclui  Bosques e Pontos de Leitura)","cd_identificador_classe_equipamento":1,"nm_classe_equipamento":"BIBLIOTECAS","tx_classe_equipamento":"BIBLIOTECAS","cd_identificador_esfera_administrativa_equipamento":2,"nm_esfera_administrativa_equipamento":"Estadual","tx_esfera_administrativa_equipamento":"Entidade mantenedora: governo do estado","cd_equipamento":null,"nm_equipamento":"Carolina Maria de Jesus","tx_endereco_equipamento":"Av. Perdro Álvares Cabral s/n, 0","nm_bairro_equipamento":"","cd_cep_equipamento":"04094-050","tx_horario_funcionamento":null,"tx_numero_telefone":"(11) 3320-8900 / (11) 3003-3200","cd_equipamento_base_origem":null}},{"type":"Feature","id":"equipamento_cultura_bibliotecas_v3.40123","geometry":{"type":"Point","coordinates":[326316.3965,7393256.5496]},"geometry_name":"ge_ponto","properties":{"cd_identificador":40123,"cd_identificador_tema_equipamento":3,"nm_tema_equipamento":"CULTURA","cd_identificador_rede_equipamento":0,"nm_rede_equipamento":"SEM REDE","tx_rede_equipamento":"Sem descrição","cd_identificador_tipo_equipamento":2,"nm_tipo_equipamento":"Bibliotecas Públicas (inclui  Bosques e Pontos de Leitura)","tx_tipo_equipamento":"Bibliotecas Públicas (inclui  Bosques e Pontos de Leitura)","cd_identificador_classe_equipamento":1,"nm_classe_equipamento":"BIBLIOTECAS","tx_classe_equipamento":"BIBLIOTECAS","cd_identificador_esfera_administrativa_equipamento":2,"nm_esfera_administrativa_equipamento":"Estadual","tx_esfera_administrativa_equipamento":"Entidade mantenedora: governo do estado","cd_equipamento":null,"nm_equipamento":"CETESB - Biblioteca Prof. Dr. Lucas Nogueira Garcez","tx_endereco_equipamento":"Av. Prof. Frederico Hermann Jr., 345","nm_bairro_equipamento":"","cd_cep_equipamento":"05459-900","tx_horario_funcionamento":null,"tx_numero_telefone":"(11) 3133-3710 / (11) 3133-3710","cd_equipamento_base_origem":null}},{"type":"Feature","id":"equipamento_cultura_bibliotecas_v3.40124","geometry":{"type":"Point","coordinates":[357947.1938,7390968.588]},"geometry_name":"ge_ponto","properties":{"cd_identificador":40124,"cd_identificador_tema_equipamento":3,"nm_tema_equipamento":"CULTURA","cd_identificador_rede_equipamento":0,"nm_rede_equipamento":"SEM REDE","tx_rede_equipamento":"Sem descrição","cd_identificador_tipo_equipamento":2,"nm_tipo_equipamento":"Bibliotecas Públicas (inclui  Bosques e Pontos de Leitura)","tx_tipo_equipamento":"Bibliotecas Públicas (inclui  Bosques e Pontos de Leitura)","cd_identificador_classe_equipamento":1,"nm_classe_equipamento":"BIBLIOTECAS","tx_classe_equipamento":"BIBLIOTECAS","cd_identificador_esfera_administrativa_equipamento":1,"nm_esfera_administrativa_equipamento":"Municipal","tx_esfera_administrativa_equipamento":"Entidade mantenedora: PMSP","cd_equipamento":null,"nm_equipamento":"CEU Barro Branco – Enedina Alves Marques","tx_endereco_equipamento":"Rua Numa Pompilio, s/n","nm_bairro_equipamento":"","cd_cep_equipamento":"08473-572","tx_horario_funcionamento":null,"tx_numero_telefone":"(11) 5990-3368","cd_equipamento_base_origem":null}},{"type":"Feature","id":"equipamento_cultura_bibliotecas_v3.40125","geometry":{"type":"Point","coordinates":[333118.9384,7381678.8598]},"geometry_name":"ge_ponto","properties":{"cd_identificador":40125,"cd_identificador_tema_equipamento":3,"nm_tema_equipamento":"CULTURA","cd_identificador_rede_equipamento":0,"nm_rede_equipamento":"SEM REDE","tx_rede_equipamento":"Sem descrição","cd_identificador_tipo_equipamento":2,"nm_tipo_equipamento":"Bibliotecas Públicas (inclui  Bosques e Pontos de Leitura)","tx_tipo_equipamento":"Bibliotecas Públicas (inclui  Bosques e Pontos de Leitura)","cd_identificador_classe_equipamento":1,"nm_classe_equipamento":"BIBLIOTECAS","tx_classe_equipamento":"BIBLIOTECAS","cd_identificador_esfera_administrativa_equipamento":1,"nm_esfera_administrativa_equipamento":"Municipal","tx_esfera_administrativa_equipamento":"Entidade mantenedora: PMSP","cd_equipamento":null,"nm_equipamento":"CEU Caminho do Mar","tx_endereco_equipamento":"Avenida Engenheiro Armando de Arruda Pereira, 5241","nm_bairro_equipamento":"","cd_cep_equipamento":"04325-001","tx_horario_funcionamento":null,"tx_numero_telefone":"(11) 3396-5599 / (11) 3396-5544","cd_equipamento_base_origem":null}},{"type":"Feature","id":"equipamento_cultura_bibliotecas_v3.40126","geometry":{"type":"Point","coordinates":[340550.2549,7395878.2839]},"geometry_name":"ge_ponto","properties":{"cd_identificador":40126,"cd_identificador_tema_equipamento":3,"nm_tema_equipamento":"CULTURA","cd_identificador_rede_equipamento":0,"nm_rede_equipamento":"SEM REDE","tx_rede_equipamento":"Sem descrição","cd_identificador_tipo_equipamento":2,"nm_tipo_equipamento":"Bibliotecas Públicas (inclui  Bosques e Pontos de Leitura)","tx_tipo_equipamento":"Bibliotecas Públicas (inclui  Bosques e Pontos de Leitura)","cd_identificador_classe_equipamento":1,"nm_classe_equipamento":"BIBLIOTECAS","tx_classe_equipamento":"BIBLIOTECAS","cd_identificador_esfera_administrativa_equipamento":1,"nm_esfera_administrativa_equipamento":"Municipal","tx_esfera_administrativa_equipamento":"Entidade mantenedora: PMSP","cd_equipamento":null,"nm_equipamento":"CEU Carrão, Carolina Maria de Jesus","tx_endereco_equipamento":"Rua Monte Serrat, 233","nm_bairro_equipamento":"","cd_cep_equipamento":"03312-000","tx_horario_funcionamento":null,"tx_numero_telefone":"(11) 5990-3364","cd_equipamento_base_origem":null}},{"type":"Feature","id":"equipamento_cultura_bibliotecas_v3.40127","geometry":{"type":"Point","coordinates":[323652.6978,7386666.1699]},"geometry_name":"ge_ponto","properties":{"cd_identificador":40127,"cd_identificador_tema_equipamento":3,"nm_tema_equipamento":"CULTURA","cd_identificador_rede_equipamento":0,"nm_rede_equipamento":"SEM REDE","tx_rede_equipamento":"Sem descrição","cd_identificador_tipo_equipamento":2,"nm_tipo_equipamento":"Bibliotecas Públicas (inclui  Bosques e Pontos de Leitura)","tx_tipo_equipamento":"Bibliotecas Públicas (inclui  Bosques e Pontos de Leitura)","cd_identificador_classe_equipamento":1,"nm_classe_equipamento":"BIBLIOTECAS","tx_classe_equipamento":"BIBLIOTECAS","cd_identificador_esfera_administrativa_equipamento":1,"nm_esfera_administrativa_equipamento":"Municipal","tx_esfera_administrativa_equipamento":"Entidade mantenedora: PMSP","cd_equipamento":null,"nm_equipamento":"CEU Paraisópolis","tx_endereco_equipamento":"R JOSE AUGUSTO DE SOUZA E SILVA, 0","nm_bairro_equipamento":"","cd_cep_equipamento":"05712-040","tx_horario_funcionamento":null,"tx_numero_telefone":"(11) 3747-1962","cd_equipamento_base_origem":null}},{"type":"Feature","id":"equipamento_cultura_bibliotecas_v3.40128","geometry":{"type":"Point","coordinates":[349050.3,7392008.7]},"geometry_name":"ge_ponto","properties":{"cd_identificador":40128,"cd_identificador_tema_equipamento":3,"nm_tema_equipamento":"CULTURA","cd_identificador_rede_equipamento":0,"nm_rede_equipamento":"SEM REDE","tx_rede_equipamento":"Sem descrição","cd_identificador_tipo_equipamento":2,"nm_tipo_equipamento":"Bibliotecas Públicas (inclui  Bosques e Pontos de Leitura)","tx_tipo_equipamento":"Bibliotecas Públicas (inclui  Bosques e Pontos de Leitura)","cd_identificador_classe_equipamento":1,"nm_classe_equipamento":"BIBLIOTECAS","tx_classe_equipamento":"BIBLIOTECAS","cd_identificador_esfera_administrativa_equipamento":1,"nm_esfera_administrativa_equipamento":"Municipal","tx_esfera_administrativa_equipamento":"Entidade mantenedora: PMSP","cd_equipamento":null,"nm_equipamento":"CEU Parque do Carmo – João Cândido (Almirante Negro)","tx_endereco_equipamento":"Rua Gaspar da Silva, 240","nm_bairro_equipamento":"","cd_cep_equipamento":"08270-000","tx_horario_funcionamento":null,"tx_numero_telefone":"(11) 2217-4072","cd_equipamento_base_origem":null}},{"type":"Feature","id":"equipamento_cultura_bibliotecas_v3.40129","geometry":{"type":"Point","coordinates":[354031.2724,7400416.8542]},"geometry_name":"ge_ponto","properties":{"cd_identificador":40129,"cd_identificador_tema_equipamento":3,"nm_tema_equipamento":"CULTURA","cd_identificador_rede_equipamento":0,"nm_rede_equipamento":"SEM REDE","tx_rede_equipamento":"Sem descrição","cd_identificador_tipo_equipamento":2,"nm_tipo_equipamento":"Bibliotecas Públicas (inclui  Bosques e Pontos de Leitura)","tx_tipo_equipamento":"Bibliotecas Públicas (inclui  Bosques e Pontos de Leitura)","cd_identificador_classe_equipamento":1,"nm_classe_equipamento":"BIBLIOTECAS","tx_classe_equipamento":"BIBLIOTECAS","cd_identificador_esfera_administrativa_equipamento":1,"nm_esfera_administrativa_equipamento":"Municipal","tx_esfera_administrativa_equipamento":"Entidade mantenedora: PMSP","cd_equipamento":null,"nm_equipamento":"CEU São Miguel - Luiz Melodia","tx_endereco_equipamento":"R. José Ferreira Crespo, 471","nm_bairro_equipamento":"","cd_cep_equipamento":"08021-480","tx_horario_funcionamento":null,"tx_numero_telefone":"(11) 5990-3367","cd_equipamento_base_origem":null}},{"type":"Feature","id":"equipamento_cultura_bibliotecas_v3.40130","geometry":{"type":"Point","coordinates":[354244.5572,7395020.0494]},"geometry_name":"ge_ponto","properties":{"cd_identificador":40130,"cd_identificador_tema_equipamento":3,"nm_tema_equipamento":"CULTURA","cd_identificador_rede_equipamento":0,"nm_rede_equipamento":"SEM REDE","tx_rede_equipamento":"Sem descrição","cd_identificador_tipo_equipamento":2,"nm_tipo_equipamento":"Bibliotecas Públicas (inclui  Bosques e Pontos de Leitura)","tx_tipo_equipamento":"Bibliotecas Públicas (inclui  Bosques e Pontos de Leitura)","cd_identificador_classe_equipamento":1,"nm_classe_equipamento":"BIBLIOTECAS","tx_classe_equipamento":"BIBLIOTECAS","cd_identificador_esfera_administrativa_equipamento":1,"nm_esfera_administrativa_equipamento":"Municipal","tx_esfera_administrativa_equipamento":"Entidade mantenedora: PMSP","cd_equipamento":null,"nm_equipamento":"CEU São Pedro/José Bonifácio - Francisco José do Nascimento (Dragão do Mar)","tx_endereco_equipamento":"Rua Professora Lucila Cerqueira, 194","nm_bairro_equipamento":"","cd_cep_equipamento":"08420-690","tx_horario_funcionamento":null,"tx_numero_telefone":"(11) 5990-3366","cd_equipamento_base_origem":null}},{"type":"Feature","id":"equipamento_cultura_bibliotecas_v3.40131","geometry":{"type":"Point","coordinates":[355885.7074,7400933.9081]},"geometry_name":"ge_ponto","properties":{"cd_identificador":40131,"cd_identificador_tema_equipamento":3,"nm_tema_equipamento":"CULTURA","cd_identificador_rede_equipamento":0,"nm_rede_equipamento":"SEM REDE","tx_rede_equipamento":"Sem descrição","cd_identificador_tipo_equipamento":2,"nm_tipo_equipamento":"Bibliotecas Públicas (inclui  Bosques e Pontos de Leitura)","tx_tipo_equipamento":"Bibliotecas Públicas (inclui  Bosques e Pontos de Leitura)","cd_identificador_classe_equipamento":1,"nm_classe_equipamento":"BIBLIOTECAS","tx_classe_equipamento":"BIBLIOTECAS","cd_identificador_esfera_administrativa_equipamento":1,"nm_esfera_administrativa_equipamento":"Municipal","tx_esfera_administrativa_equipamento":"Entidade mantenedora: PMSP","cd_equipamento":null,"nm_equipamento":"CEU Vila Curuçá -João Cabral de Melo Neto","tx_endereco_equipamento":"Av. Marechal Tito, 3452","nm_bairro_equipamento":"","cd_cep_equipamento":"08161-945","tx_horario_funcionamento":null,"tx_numero_telefone":"(11) 2563-6135 / (11) 2563-6147","cd_equipamento_base_origem":null}},{"type":"Feature","id":"equipamento_cultura_bibliotecas_v3.40132","geometry":{"type":"Point","coordinates":[334127.2099,7399328.2595]},"geometry_name":"ge_ponto","properties":{"cd_identificador":40132,"cd_identificador_tema_equipamento":3,"nm_tema_equipamento":"CULTURA","cd_identificador_rede_equipamento":0,"nm_rede_equipamento":"SEM REDE","tx_rede_equipamento":"Sem descrição","cd_identificador_tipo_equipamento":2,"nm_tipo_equipamento":"Bibliotecas Públicas (inclui  Bosques e Pontos de Leitura)","tx_tipo_equipamento":"Bibliotecas Públicas (inclui  Bosques e Pontos de Leitura)","cd_identificador_classe_equipamento":1,"nm_classe_equipamento":"BIBLIOTECAS","tx_classe_equipamento":"BIBLIOTECAS","cd_identificador_esfera_administrativa_equipamento":2,"nm_esfera_administrativa_equipamento":"Estadual","tx_esfera_administrativa_equipamento":"Entidade mantenedora: governo do estado","cd_equipamento":null,"nm_equipamento":"ETEC de Artes - Biblioteca Rogério Caserta","tx_endereco_equipamento":"Avenida Cruzeiro do Sul, 2630","nm_bairro_equipamento":"","cd_cep_equipamento":"02030-100","tx_horario_funcionamento":null,"tx_numero_telefone":"(11) 2089-8600","cd_equipamento_base_origem":null}},{"type":"Feature","id":"equipamento_cultura_bibliotecas_v3.40133","geometry":{"type":"Point","coordinates":[335473.1569,7390277.2846]},"geometry_name":"ge_ponto","properties":{"cd_identificador":40133,"cd_identificador_tema_equipamento":3,"nm_tema_equipamento":"CULTURA","cd_identificador_rede_equipamento":0,"nm_rede_equipamento":"SEM REDE","tx_rede_equipamento":"Sem descrição","cd_identificador_tipo_equipamento":2,"nm_tipo_equipamento":"Bibliotecas Públicas (inclui  Bosques e Pontos de Leitura)","tx_tipo_equipamento":"Bibliotecas Públicas (inclui  Bosques e Pontos de Leitura)","cd_identificador_classe_equipamento":1,"nm_classe_equipamento":"BIBLIOTECAS","tx_classe_equipamento":"BIBLIOTECAS","cd_identificador_esfera_administrativa_equipamento":2,"nm_esfera_administrativa_equipamento":"Estadual","tx_esfera_administrativa_equipamento":"Entidade mantenedora: governo do estado","cd_equipamento":null,"nm_equipamento":"ETEC Getúlio Vargas","tx_endereco_equipamento":"Rua Moreira Costa, 243","nm_bairro_equipamento":"","cd_cep_equipamento":"04266-010","tx_horario_funcionamento":null,"tx_numero_telefone":"(11) 2066-2518","cd_equipamento_base_origem":null}},{"type":"Feature","id":"equipamento_cultura_bibliotecas_v3.40134","geometry":{"type":"Point","coordinates":[323536.2462,7397782.0358]},"geometry_name":"ge_ponto","properties":{"cd_identificador":40134,"cd_identificador_tema_equipamento":3,"nm_tema_equipamento":"CULTURA","cd_identificador_rede_equipamento":0,"nm_rede_equipamento":"SEM REDE","tx_rede_equipamento":"Sem descrição","cd_identificador_tipo_equipamento":2,"nm_tipo_equipamento":"Bibliotecas Públicas (inclui  Bosques e Pontos de Leitura)","tx_tipo_equipamento":"Bibliotecas Públicas (inclui  Bosques e Pontos de Leitura)","cd_identificador_classe_equipamento":1,"nm_classe_equipamento":"BIBLIOTECAS","tx_classe_equipamento":"BIBLIOTECAS","cd_identificador_esfera_administrativa_equipamento":2,"nm_esfera_administrativa_equipamento":"Estadual","tx_esfera_administrativa_equipamento":"Entidade mantenedora: governo do estado","cd_equipamento":null,"nm_equipamento":"ETEC Professor Basilides de Godoy","tx_endereco_equipamento":"Rua Guaipá, 678","nm_bairro_equipamento":"","cd_cep_equipamento":"05089-000","tx_horario_funcionamento":null,"tx_numero_telefone":"(11) 3831-6034","cd_equipamento_base_origem":null}},{"type":"Feature","id":"equipamento_cultura_bibliotecas_v3.40135","geometry":{"type":"Point","coordinates":[331842.1039,7396518.5713]},"geometry_name":"ge_ponto","properties":{"cd_identificador":40135,"cd_identificador_tema_equipamento":3,"nm_tema_equipamento":"CULTURA","cd_identificador_rede_equipamento":0,"nm_rede_equipamento":"SEM REDE","tx_rede_equipamento":"Sem descrição","cd_identificador_tipo_equipamento":2,"nm_tipo_equipamento":"Bibliotecas Públicas (inclui  Bosques e Pontos de Leitura)","tx_tipo_equipamento":"Bibliotecas Públicas (inclui  Bosques e Pontos de Leitura)","cd_identificador_classe_equipamento":1,"nm_classe_equipamento":"BIBLIOTECAS","tx_classe_equipamento":"BIBLIOTECAS","cd_identificador_esfera_administrativa_equipamento":2,"nm_esfera_administrativa_equipamento":"Estadual","tx_esfera_administrativa_equipamento":"Entidade mantenedora: governo do estado","cd_equipamento":null,"nm_equipamento":"ETEC Sebrae","tx_endereco_equipamento":"Alameda Nothmann, 598","nm_bairro_equipamento":"","cd_cep_equipamento":"01216-000","tx_horario_funcionamento":null,"tx_numero_telefone":"(11) 3224-1260","cd_equipamento_base_origem":null}},{"type":"Feature","id":"equipamento_cultura_bibliotecas_v3.40136","geometry":{"type":"Point","coordinates":[340906.602,7396133.3706]},"geometry_name":"ge_ponto","properties":{"cd_identificador":40136,"cd_identificador_tema_equipamento":3,"nm_tema_equipamento":"CULTURA","cd_identificador_rede_equipamento":0,"nm_rede_equipamento":"SEM REDE","tx_rede_equipamento":"Sem descrição","cd_identificador_tipo_equipamento":2,"nm_tipo_equipamento":"Bibliotecas Públicas (inclui  Bosques e Pontos de Leitura)","tx_tipo_equipamento":"Bibliotecas Públicas (inclui  Bosques e Pontos de Leitura)","cd_identificador_classe_equipamento":1,"nm_classe_equipamento":"BIBLIOTECAS","tx_classe_equipamento":"BIBLIOTECAS","cd_identificador_esfera_administrativa_equipamento":2,"nm_esfera_administrativa_equipamento":"Estadual","tx_esfera_administrativa_equipamento":"Entidade mantenedora: governo do estado","cd_equipamento":null,"nm_equipamento":"Faculdade de Tecnologia Victor Civita - Fatec tatuapé","tx_endereco_equipamento":"Rua Antônio de Barros, 800","nm_bairro_equipamento":"","cd_cep_equipamento":"03401-000","tx_horario_funcionamento":null,"tx_numero_telefone":"(11) 2093-9053 / (11) 2293-1220","cd_equipamento_base_origem":null}},{"type":"Feature","id":"equipamento_cultura_bibliotecas_v3.40137","geometry":{"type":"Point","coordinates":[332534.2801,7396252.0447]},"geometry_name":"ge_ponto","properties":{"cd_identificador":40137,"cd_identificador_tema_equipamento":3,"nm_tema_equipamento":"CULTURA","cd_identificador_rede_equipamento":0,"nm_rede_equipamento":"SEM REDE","tx_rede_equipamento":"Sem descrição","cd_identificador_tipo_equipamento":2,"nm_tipo_equipamento":"Bibliotecas Públicas (inclui  Bosques e Pontos de Leitura)","tx_tipo_equipamento":"Bibliotecas Públicas (inclui  Bosques e Pontos de Leitura)","cd_identificador_classe_equipamento":1,"nm_classe_equipamento":"BIBLIOTECAS","tx_classe_equipamento":"BIBLIOTECAS","cd_identificador_esfera_administrativa_equipamento":2,"nm_esfera_administrativa_equipamento":"Estadual","tx_esfera_administrativa_equipamento":"Entidade mantenedora: governo do estado","cd_equipamento":null,"nm_equipamento":"Mediateca Sala Eleazar de Carvalho (Fundação Osesp)","tx_endereco_equipamento":"Praça Julio Prestes, 16","nm_bairro_equipamento":"","cd_cep_equipamento":"01218-020","tx_horario_funcionamento":null,"tx_numero_telefone":"(11) 3367-9500","cd_equipamento_base_origem":null}},{"type":"Feature","id":"equipamento_cultura_bibliotecas_v3.40138","geometry":{"type":"Point","coordinates":[333314.6782,7396858.4132]},"geometry_name":"ge_ponto","properties":{"cd_identificador":40138,"cd_identificador_tema_equipamento":3,"nm_tema_equipamento":"CULTURA","cd_identificador_rede_equipamento":0,"nm_rede_equipamento":"SEM REDE","tx_rede_equipamento":"Sem descrição","cd_identificador_tipo_equipamento":2,"nm_tipo_equipamento":"Bibliotecas Públicas (inclui  Bosques e Pontos de Leitura)","tx_tipo_equipamento":"Bibliotecas Públicas (inclui  Bosques e Pontos de Leitura)","cd_identificador_classe_equipamento":1,"nm_classe_equipamento":"BIBLIOTECAS","tx_classe_equipamento":"BIBLIOTECAS","cd_identificador_esfera_administrativa_equipamento":2,"nm_esfera_administrativa_equipamento":"Estadual","tx_esfera_administrativa_equipamento":"Entidade mantenedora: governo do estado","cd_equipamento":null,"nm_equipamento":"Nelson Alves Vianna","tx_endereco_equipamento":"Praça Coronel Fernando Prestes, 30","nm_bairro_equipamento":"","cd_cep_equipamento":"01124-060","tx_horario_funcionamento":null,"tx_numero_telefone":"(11) 3322-2211","cd_equipamento_base_origem":null}},{"type":"Feature","id":"equipamento_cultura_bibliotecas_v3.40139","geometry":{"type":"Point","coordinates":[334222.9917,7377172.7969]},"geometry_name":"ge_ponto","properties":{"cd_identificador":40139,"cd_identificador_tema_equipamento":3,"nm_tema_equipamento":"CULTURA","cd_identificador_rede_equipamento":0,"nm_rede_equipamento":"SEM REDE","tx_rede_equipamento":"Sem descrição","cd_identificador_tipo_equipamento":2,"nm_tipo_equipamento":"Bibliotecas Públicas (inclui  Bosques e Pontos de Leitura)","tx_tipo_equipamento":"Bibliotecas Públicas (inclui  Bosques e Pontos de Leitura)","cd_identificador_classe_equipamento":1,"nm_classe_equipamento":"BIBLIOTECAS","tx_classe_equipamento":"BIBLIOTECAS","cd_identificador_esfera_administrativa_equipamento":4,"nm_esfera_administrativa_equipamento":"Particular","tx_esfera_administrativa_equipamento":"Entidade mantenedora: particular","cd_equipamento":null,"nm_equipamento":"Poloteca da Associação Lar Maria e Sininha","tx_endereco_equipamento":"Rua da Saúde, 739","nm_bairro_equipamento":"","cd_cep_equipamento":"04476-320","tx_horario_funcionamento":null,"tx_numero_telefone":"(11) 5560-0733","cd_equipamento_base_origem":null}},{"type":"Feature","id":"equipamento_cultura_bibliotecas_v3.40140","geometry":{"type":"Point","coordinates":[332125.6051,7377354.4455]},"geometry_name":"ge_ponto","properties":{"cd_identificador":40140,"cd_identificador_tema_equipamento":3,"nm_tema_equipamento":"CULTURA","cd_identificador_rede_equipamento":0,"nm_rede_equipamento":"SEM REDE","tx_rede_equipamento":"Sem descrição","cd_identificador_tipo_equipamento":2,"nm_tipo_equipamento":"Bibliotecas Públicas (inclui  Bosques e Pontos de Leitura)","tx_tipo_equipamento":"Bibliotecas Públicas (inclui  Bosques e Pontos de Leitura)","cd_identificador_classe_equipamento":1,"nm_classe_equipamento":"BIBLIOTECAS","tx_classe_equipamento":"BIBLIOTECAS","cd_identificador_esfera_administrativa_equipamento":1,"nm_esfera_administrativa_equipamento":"Municipal","tx_esfera_administrativa_equipamento":"Entidade mantenedora: PMSP","cd_equipamento":null,"nm_equipamento":"CEU Alvarenga","tx_endereco_equipamento":"Estrada do alvarenga, 3752","nm_bairro_equipamento":"","cd_cep_equipamento":"04474-340","tx_horario_funcionamento":null,"tx_numero_telefone":"(11) 5672-2561 / (11) 5672-2540","cd_equipamento_base_origem":null}},{"type":"Feature","id":"equipamento_cultura_bibliotecas_v3.40141","geometry":{"type":"Point","coordinates":[323662.5802,7393230.912]},"geometry_name":"ge_ponto","properties":{"cd_identificador":40141,"cd_identificador_tema_equipamento":3,"nm_tema_equipamento":"CULTURA","cd_identificador_rede_equipamento":0,"nm_rede_equipamento":"SEM REDE","tx_rede_equipamento":"Sem descrição","cd_identificador_tipo_equipamento":2,"nm_tipo_equipamento":"Bibliotecas Públicas (inclui  Bosques e Pontos de Leitura)","tx_tipo_equipamento":"Bibliotecas Públicas (inclui  Bosques e Pontos de Leitura)","cd_identificador_classe_equipamento":1,"nm_classe_equipamento":"BIBLIOTECAS","tx_classe_equipamento":"BIBLIOTECAS","cd_identificador_esfera_administrativa_equipamento":2,"nm_esfera_administrativa_equipamento":"Estadual","tx_esfera_administrativa_equipamento":"Entidade mantenedora: governo do estado","cd_equipamento":null,"nm_equipamento":"Serviço de Biblioteca do Instituto de Geociências da USP","tx_endereco_equipamento":"Rua do Lago, 562","nm_bairro_equipamento":"","cd_cep_equipamento":"05508-080","tx_horario_funcionamento":null,"tx_numero_telefone":"(11) 3091-4140 / (11) 3091-4292","cd_equipamento_base_origem":null}},{"type":"Feature","id":"equipamento_cultura_bibliotecas_v3.40142","geometry":{"type":"Point","coordinates":[323400.2403,7393372.2514]},"geometry_name":"ge_ponto","properties":{"cd_identificador":40142,"cd_identificador_tema_equipamento":3,"nm_tema_equipamento":"CULTURA","cd_identificador_rede_equipamento":0,"nm_rede_equipamento":"SEM REDE","tx_rede_equipamento":"Sem descrição","cd_identificador_tipo_equipamento":2,"nm_tipo_equipamento":"Bibliotecas Públicas (inclui  Bosques e Pontos de Leitura)","tx_tipo_equipamento":"Bibliotecas Públicas (inclui  Bosques e Pontos de Leitura)","cd_identificador_classe_equipamento":1,"nm_classe_equipamento":"BIBLIOTECAS","tx_classe_equipamento":"BIBLIOTECAS","cd_identificador_esfera_administrativa_equipamento":2,"nm_esfera_administrativa_equipamento":"Estadual","tx_esfera_administrativa_equipamento":"Entidade mantenedora: governo do estado","cd_equipamento":null,"nm_equipamento":"Serviço Técnico de Biblioteca da FAUUSP","tx_endereco_equipamento":"Rua do Lago, 876","nm_bairro_equipamento":"","cd_cep_equipamento":"05508-080","tx_horario_funcionamento":null,"tx_numero_telefone":"(11) 3091-4558","cd_equipamento_base_origem":null}},{"type":"Feature","id":"equipamento_cultura_bibliotecas_v3.40143","geometry":{"type":"Point","coordinates":[335355.0305,7395747.1141]},"geometry_name":"ge_ponto","properties":{"cd_identificador":40143,"cd_identificador_tema_equipamento":3,"nm_tema_equipamento":"CULTURA","cd_identificador_rede_equipamento":0,"nm_rede_equipamento":"SEM REDE","tx_rede_equipamento":"Sem descrição","cd_identificador_tipo_equipamento":2,"nm_tipo_equipamento":"Bibliotecas Públicas (inclui  Bosques e Pontos de Leitura)","tx_tipo_equipamento":"Bibliotecas Públicas (inclui  Bosques e Pontos de Leitura)","cd_identificador_classe_equipamento":1,"nm_classe_equipamento":"BIBLIOTECAS","tx_classe_equipamento":"BIBLIOTECAS","cd_identificador_esfera_administrativa_equipamento":2,"nm_esfera_administrativa_equipamento":"Estadual","tx_esfera_administrativa_equipamento":"Entidade mantenedora: governo do estado","cd_equipamento":null,"nm_equipamento":"SP Escola de Teatro – Centro de Formação das Artes do Palco","tx_endereco_equipamento":"Avenida Rangel Pestana, 2401","nm_bairro_equipamento":"","cd_cep_equipamento":"03012-050","tx_horario_funcionamento":null,"tx_numero_telefone":"(11) 3121-3200 / (11) 99442-6381","cd_equipamento_base_origem":null}},{"type":"Feature","id":"equipamento_cultura_bibliotecas_v3.40144","geometry":{"type":"Point","coordinates":[340207.5505,7402781.6799]},"geometry_name":"ge_ponto","properties":{"cd_identificador":40144,"cd_identificador_tema_equipamento":3,"nm_tema_equipamento":"CULTURA","cd_identificador_rede_equipamento":0,"nm_rede_equipamento":"SEM REDE","tx_rede_equipamento":"Sem descrição","cd_identificador_tipo_equipamento":2,"nm_tipo_equipamento":"Bibliotecas Públicas (inclui  Bosques e Pontos de Leitura)","tx_tipo_equipamento":"Bibliotecas Públicas (inclui  Bosques e Pontos de Leitura)","cd_identificador_classe_equipamento":1,"nm_classe_equipamento":"BIBLIOTECAS","tx_classe_equipamento":"BIBLIOTECAS","cd_identificador_esfera_administrativa_equipamento":1,"nm_esfera_administrativa_equipamento":"Municipal","tx_esfera_administrativa_equipamento":"Entidade mantenedora: PMSP","cd_equipamento":null,"nm_equipamento":"Biblioteca José Mauro de Vasconcelos","tx_endereco_equipamento":"Pça. Com. Eduardo Oliveira, 100","nm_bairro_equipamento":"","cd_cep_equipamento":null,"tx_horario_funcionamento":null,"tx_numero_telefone":"(11) 2242-8196","cd_equipamento_base_origem":null}},{"type":"Feature","id":"equipamento_cultura_bibliotecas_v3.40145","geometry":{"type":"Point","coordinates":[317986.1721,7409192.3883]},"geometry_name":"ge_ponto","properties":{"cd_identificador":40145,"cd_identificador_tema_equipamento":3,"nm_tema_equipamento":"CULTURA","cd_identificador_rede_equipamento":0,"nm_rede_equipamento":"SEM REDE","tx_rede_equipamento":"Sem descrição","cd_identificador_tipo_equipamento":2,"nm_tipo_equipamento":"Bibliotecas Públicas (inclui  Bosques e Pontos de Leitura)","tx_tipo_equipamento":"Bibliotecas Públicas (inclui  Bosques e Pontos de Leitura)","cd_identificador_classe_equipamento":1,"nm_classe_equipamento":"BIBLIOTECAS","tx_classe_equipamento":"BIBLIOTECAS","cd_identificador_esfera_administrativa_equipamento":1,"nm_esfera_administrativa_equipamento":"Municipal","tx_esfera_administrativa_equipamento":"Entidade mantenedora: PMSP","cd_equipamento":null,"nm_equipamento":"Bosque de leitura Parque Anhanguera (fechado temporariamente)","tx_endereco_equipamento":"Av Fotunata Tadiello Natucci, 1000","nm_bairro_equipamento":"","cd_cep_equipamento":null,"tx_horario_funcionamento":null,"tx_numero_telefone":"(11) 2291-5763","cd_equipamento_base_origem":null}},{"type":"Feature","id":"equipamento_cultura_bibliotecas_v3.40146","geometry":{"type":"Point","coordinates":[332602.3012,7392281.018]},"geometry_name":"ge_ponto","properties":{"cd_identificador":40146,"cd_identificador_tema_equipamento":3,"nm_tema_equipamento":"CULTURA","cd_identificador_rede_equipamento":0,"nm_rede_equipamento":"SEM REDE","tx_rede_equipamento":"Sem descrição","cd_identificador_tipo_equipamento":2,"nm_tipo_equipamento":"Bibliotecas Públicas (inclui  Bosques e Pontos de Leitura)","tx_tipo_equipamento":"Bibliotecas Públicas (inclui  Bosques e Pontos de Leitura)","cd_identificador_classe_equipamento":1,"nm_classe_equipamento":"BIBLIOTECAS","tx_classe_equipamento":"BIBLIOTECAS","cd_identificador_esfera_administrativa_equipamento":1,"nm_esfera_administrativa_equipamento":"Municipal","tx_esfera_administrativa_equipamento":"Entidade mantenedora: PMSP","cd_equipamento":null,"nm_equipamento":"Biblioteca Pública Municipal Louis Braille","tx_endereco_equipamento":"Rua Vergueiro, 1000","nm_bairro_equipamento":"","cd_cep_equipamento":null,"tx_horario_funcionamento":null,"tx_numero_telefone":"(11) 3397-4001 / (11) 3397-4002","cd_equipamento_base_origem":null}},{"type":"Feature","id":"equipamento_cultura_bibliotecas_v3.40147","geometry":{"type":"Point","coordinates":[332602.3012,7392281.018]},"geometry_name":"ge_ponto","properties":{"cd_identificador":40147,"cd_identificador_tema_equipamento":3,"nm_tema_equipamento":"CULTURA","cd_identificador_rede_equipamento":0,"nm_rede_equipamento":"SEM REDE","tx_rede_equipamento":"Sem descrição","cd_identificador_tipo_equipamento":2,"nm_tipo_equipamento":"Bibliotecas Públicas (inclui  Bosques e Pontos de Leitura)","tx_tipo_equipamento":"Bibliotecas Públicas (inclui  Bosques e Pontos de Leitura)","cd_identificador_classe_equipamento":1,"nm_classe_equipamento":"BIBLIOTECAS","tx_classe_equipamento":"BIBLIOTECAS","cd_identificador_esfera_administrativa_equipamento":1,"nm_esfera_administrativa_equipamento":"Municipal","tx_esfera_administrativa_equipamento":"Entidade mantenedora: PMSP","cd_equipamento":null,"nm_equipamento":"Biblioteca Pública Municipal Sérgio Milliet","tx_endereco_equipamento":"Rua Vergueiro, 1000","nm_bairro_equipamento":"","cd_cep_equipamento":null,"tx_horario_funcionamento":null,"tx_numero_telefone":"(11) 3397-4001 / (11) 3397-4002","cd_equipamento_base_origem":null}},{"type":"Feature","id":"equipamento_cultura_bibliotecas_v3.40148","geometry":{"type":"Point","coordinates":[332602.3012,7392281.018]},"geometry_name":"ge_ponto","properties":{"cd_identificador":40148,"cd_identificador_tema_equipamento":3,"nm_tema_equipamento":"CULTURA","cd_identificador_rede_equipamento":0,"nm_rede_equipamento":"SEM REDE","tx_rede_equipamento":"Sem descrição","cd_identificador_tipo_equipamento":2,"nm_tipo_equipamento":"Bibliotecas Públicas (inclui  Bosques e Pontos de Leitura)","tx_tipo_equipamento":"Bibliotecas Públicas (inclui  Bosques e Pontos de Leitura)","cd_identificador_classe_equipamento":1,"nm_classe_equipamento":"BIBLIOTECAS","tx_classe_equipamento":"BIBLIOTECAS","cd_identificador_esfera_administrativa_equipamento":1,"nm_esfera_administrativa_equipamento":"Municipal","tx_esfera_administrativa_equipamento":"Entidade mantenedora: PMSP","cd_equipamento":null,"nm_equipamento":"Gibiteca Henfil","tx_endereco_equipamento":"Rua Vergueiro, 1000","nm_bairro_equipamento":"","cd_cep_equipamento":null,"tx_horario_funcionamento":null,"tx_numero_telefone":"(11) 3397-4001 / (11) 3397-4002","cd_equipamento_base_origem":null}},{"type":"Feature","id":"equipamento_cultura_bibliotecas_v3.40149","geometry":{"type":"Point","coordinates":[332602.3012,7392281.018]},"geometry_name":"ge_ponto","properties":{"cd_identificador":40149,"cd_identificador_tema_equipamento":3,"nm_tema_equipamento":"CULTURA","cd_identificador_rede_equipamento":0,"nm_rede_equipamento":"SEM REDE","tx_rede_equipamento":"Sem descrição","cd_identificador_tipo_equipamento":2,"nm_tipo_equipamento":"Bibliotecas Públicas (inclui  Bosques e Pontos de Leitura)","tx_tipo_equipamento":"Bibliotecas Públicas (inclui  Bosques e Pontos de Leitura)","cd_identificador_classe_equipamento":1,"nm_classe_equipamento":"BIBLIOTECAS","tx_classe_equipamento":"BIBLIOTECAS","cd_identificador_esfera_administrativa_equipamento":1,"nm_esfera_administrativa_equipamento":"Municipal","tx_esfera_administrativa_equipamento":"Entidade mantenedora: PMSP","cd_equipamento":null,"nm_equipamento":"Biblioteca de Culturas Surdas","tx_endereco_equipamento":"Rua Vergueiro, 1000","nm_bairro_equipamento":"","cd_cep_equipamento":null,"tx_horario_funcionamento":null,"tx_numero_telefone":"(11) 3397-4001 / (11) 3397-4002","cd_equipamento_base_origem":null}},{"type":"Feature","id":"equipamento_cultura_bibliotecas_v3.40150","geometry":{"type":"Point","coordinates":[332602.3012,7392281.018]},"geometry_name":"ge_ponto","properties":{"cd_identificador":40150,"cd_identificador_tema_equipamento":3,"nm_tema_equipamento":"CULTURA","cd_identificador_rede_equipamento":0,"nm_rede_equipamento":"SEM REDE","tx_rede_equipamento":"Sem descrição","cd_identificador_tipo_equipamento":2,"nm_tipo_equipamento":"Bibliotecas Públicas (inclui  Bosques e Pontos de Leitura)","tx_tipo_equipamento":"Bibliotecas Públicas (inclui  Bosques e Pontos de Leitura)","cd_identificador_classe_equipamento":1,"nm_classe_equipamento":"BIBLIOTECAS","tx_classe_equipamento":"BIBLIOTECAS","cd_identificador_esfera_administrativa_equipamento":1,"nm_esfera_administrativa_equipamento":"Municipal","tx_esfera_administrativa_equipamento":"Entidade mantenedora: PMSP","cd_equipamento":null,"nm_equipamento":"Biblioteca Alfredo Volpi","tx_endereco_equipamento":"Rua Vergueiro, 1000","nm_bairro_equipamento":"","cd_cep_equipamento":null,"tx_horario_funcionamento":null,"tx_numero_telefone":"(11) 3397-4001 / (11) 3397-4002","cd_equipamento_base_origem":null}},{"type":"Feature","id":"equipamento_cultura_bibliotecas_v3.40151","geometry":{"type":"Point","coordinates":[353449.943,7394450.7132]},"geometry_name":"ge_ponto","properties":{"cd_identificador":40151,"cd_identificador_tema_equipamento":3,"nm_tema_equipamento":"CULTURA","cd_identificador_rede_equipamento":0,"nm_rede_equipamento":"SEM REDE","tx_rede_equipamento":"Sem descrição","cd_identificador_tipo_equipamento":2,"nm_tipo_equipamento":"Bibliotecas Públicas (inclui  Bosques e Pontos de Leitura)","tx_tipo_equipamento":"Bibliotecas Públicas (inclui  Bosques e Pontos de Leitura)","cd_identificador_classe_equipamento":1,"nm_classe_equipamento":"BIBLIOTECAS","tx_classe_equipamento":"BIBLIOTECAS","cd_identificador_esfera_administrativa_equipamento":1,"nm_esfera_administrativa_equipamento":"Municipal","tx_esfera_administrativa_equipamento":"Entidade mantenedora: PMSP","cd_equipamento":null,"nm_equipamento":"Biblioteca Vinicius de Moraes","tx_endereco_equipamento":"Rua Jardim Tamoio, 1119","nm_bairro_equipamento":"","cd_cep_equipamento":null,"tx_horario_funcionamento":null,"tx_numero_telefone":"(11) 2521-6914","cd_equipamento_base_origem":null}},{"type":"Feature","id":"equipamento_cultura_bibliotecas_v3.40152","geometry":{"type":"Point","coordinates":[324529.2055,7363778.1625]},"geometry_name":"ge_ponto","properties":{"cd_identificador":40152,"cd_identificador_tema_equipamento":3,"nm_tema_equipamento":"CULTURA","cd_identificador_rede_equipamento":0,"nm_rede_equipamento":"SEM REDE","tx_rede_equipamento":"Sem descrição","cd_identificador_tipo_equipamento":2,"nm_tipo_equipamento":"Bibliotecas Públicas (inclui  Bosques e Pontos de Leitura)","tx_tipo_equipamento":"Bibliotecas Públicas (inclui  Bosques e Pontos de Leitura)","cd_identificador_classe_equipamento":1,"nm_classe_equipamento":"BIBLIOTECAS","tx_classe_equipamento":"BIBLIOTECAS","cd_identificador_esfera_administrativa_equipamento":1,"nm_esfera_administrativa_equipamento":"Municipal","tx_esfera_administrativa_equipamento":"Entidade mantenedora: PMSP","cd_equipamento":null,"nm_equipamento":"Ponto de leitura Carolina Maria de Jesus (fechado temporariamente)","tx_endereco_equipamento":"Rua Teresinha Prado de Oliveira, 119","nm_bairro_equipamento":"","cd_cep_equipamento":null,"tx_horario_funcionamento":null,"tx_numero_telefone":"(11) 5921-3665","cd_equipamento_base_origem":null}},{"type":"Feature","id":"equipamento_cultura_bibliotecas_v3.40153","geometry":{"type":"Point","coordinates":[330380.0418,7390002.8007]},"geometry_name":"ge_ponto","properties":{"cd_identificador":40153,"cd_identificador_tema_equipamento":3,"nm_tema_equipamento":"CULTURA","cd_identificador_rede_equipamento":0,"nm_rede_equipamento":"SEM REDE","tx_rede_equipamento":"Sem descrição","cd_identificador_tipo_equipamento":2,"nm_tipo_equipamento":"Bibliotecas Públicas (inclui  Bosques e Pontos de Leitura)","tx_tipo_equipamento":"Bibliotecas Públicas (inclui  Bosques e Pontos de Leitura)","cd_identificador_classe_equipamento":1,"nm_classe_equipamento":"BIBLIOTECAS","tx_classe_equipamento":"BIBLIOTECAS","cd_identificador_esfera_administrativa_equipamento":1,"nm_esfera_administrativa_equipamento":"Municipal","tx_esfera_administrativa_equipamento":"Entidade mantenedora: PMSP","cd_equipamento":null,"nm_equipamento":"Bosque de leitura Parque Ibirapuera (fechado temporariamente)","tx_endereco_equipamento":"Av Quarto Centenário, 1268","nm_bairro_equipamento":"","cd_cep_equipamento":null,"tx_horario_funcionamento":null,"tx_numero_telefone":"(11) 2291-5763","cd_equipamento_base_origem":null}},{"type":"Feature","id":"equipamento_cultura_bibliotecas_v3.40154","geometry":{"type":"Point","coordinates":[323196.468,7390399.1673]},"geometry_name":"ge_ponto","properties":{"cd_identificador":40154,"cd_identificador_tema_equipamento":3,"nm_tema_equipamento":"CULTURA","cd_identificador_rede_equipamento":0,"nm_rede_equipamento":"SEM REDE","tx_rede_equipamento":"Sem descrição","cd_identificador_tipo_equipamento":2,"nm_tipo_equipamento":"Bibliotecas Públicas (inclui  Bosques e Pontos de Leitura)","tx_tipo_equipamento":"Bibliotecas Públicas (inclui  Bosques e Pontos de Leitura)","cd_identificador_classe_equipamento":1,"nm_classe_equipamento":"BIBLIOTECAS","tx_classe_equipamento":"BIBLIOTECAS","cd_identificador_esfera_administrativa_equipamento":1,"nm_esfera_administrativa_equipamento":"Municipal","tx_esfera_administrativa_equipamento":"Entidade mantenedora: PMSP","cd_equipamento":null,"nm_equipamento":"Ponto de leitura Butantã (fechado temporariamente)","tx_endereco_equipamento":"Av. Junta Mizumoto, 13","nm_bairro_equipamento":"","cd_cep_equipamento":null,"tx_horario_funcionamento":null,"tx_numero_telefone":"(11) 3397-4515","cd_equipamento_base_origem":null}},{"type":"Feature","id":"equipamento_cultura_bibliotecas_v3.40155","geometry":{"type":"Point","coordinates":[338681.4583,7395875.4661]},"geometry_name":"ge_ponto","properties":{"cd_identificador":40155,"cd_identificador_tema_equipamento":3,"nm_tema_equipamento":"CULTURA","cd_identificador_rede_equipamento":0,"nm_rede_equipamento":"SEM REDE","tx_rede_equipamento":"Sem descrição","cd_identificador_tipo_equipamento":2,"nm_tipo_equipamento":"Bibliotecas Públicas (inclui  Bosques e Pontos de Leitura)","tx_tipo_equipamento":"Bibliotecas Públicas (inclui  Bosques e Pontos de Leitura)","cd_identificador_classe_equipamento":1,"nm_classe_equipamento":"BIBLIOTECAS","tx_classe_equipamento":"BIBLIOTECAS","cd_identificador_esfera_administrativa_equipamento":1,"nm_esfera_administrativa_equipamento":"Municipal","tx_esfera_administrativa_equipamento":"Entidade mantenedora: PMSP","cd_equipamento":null,"nm_equipamento":"Biblioteca Prof. Arnaldo Magalhães Giácomo","tx_endereco_equipamento":"Rua Restinga, 136","nm_bairro_equipamento":"","cd_cep_equipamento":null,"tx_horario_funcionamento":null,"tx_numero_telefone":"(11) 2295-0785 / (11) 2092-0108","cd_equipamento_base_origem":null}},{"type":"Feature","id":"equipamento_cultura_bibliotecas_v3.40156","geometry":{"type":"Point","coordinates":[332461.8249,7394949.9775]},"geometry_name":"ge_ponto","properties":{"cd_identificador":40156,"cd_identificador_tema_equipamento":3,"nm_tema_equipamento":"CULTURA","cd_identificador_rede_equipamento":0,"nm_rede_equipamento":"SEM REDE","tx_rede_equipamento":"Sem descrição","cd_identificador_tipo_equipamento":2,"nm_tipo_equipamento":"Bibliotecas Públicas (inclui  Bosques e Pontos de Leitura)","tx_tipo_equipamento":"Bibliotecas Públicas (inclui  Bosques e Pontos de Leitura)","cd_identificador_classe_equipamento":1,"nm_classe_equipamento":"BIBLIOTECAS","tx_classe_equipamento":"BIBLIOTECAS","cd_identificador_esfera_administrativa_equipamento":1,"nm_esfera_administrativa_equipamento":"Municipal","tx_esfera_administrativa_equipamento":"Entidade mantenedora: PMSP","cd_equipamento":null,"nm_equipamento":"Hemeroteca Mário de Andrade","tx_endereco_equipamento":"Rua Bráulio Gomes, 139","nm_bairro_equipamento":"","cd_cep_equipamento":null,"tx_horario_funcionamento":null,"tx_numero_telefone":"(11) 3154-2240 / (11) 3154-2222 / (11) 3154-2243","cd_equipamento_base_origem":null}},{"type":"Feature","id":"equipamento_cultura_bibliotecas_v3.40157","geometry":{"type":"Point","coordinates":[354882.1525,7401324.3367]},"geometry_name":"ge_ponto","properties":{"cd_identificador":40157,"cd_identificador_tema_equipamento":3,"nm_tema_equipamento":"CULTURA","cd_identificador_rede_equipamento":0,"nm_rede_equipamento":"SEM REDE","tx_rede_equipamento":"Sem descrição","cd_identificador_tipo_equipamento":2,"nm_tipo_equipamento":"Bibliotecas Públicas (inclui  Bosques e Pontos de Leitura)","tx_tipo_equipamento":"Bibliotecas Públicas (inclui  Bosques e Pontos de Leitura)","cd_identificador_classe_equipamento":1,"nm_classe_equipamento":"BIBLIOTECAS","tx_classe_equipamento":"BIBLIOTECAS","cd_identificador_esfera_administrativa_equipamento":1,"nm_esfera_administrativa_equipamento":"Municipal","tx_esfera_administrativa_equipamento":"Entidade mantenedora: PMSP","cd_equipamento":null,"nm_equipamento":"Ponto de leitura Vila Mara (fechado temporariamente)","tx_endereco_equipamento":"R Conceicão do Almeida, 170","nm_bairro_equipamento":"","cd_cep_equipamento":null,"tx_horario_funcionamento":null,"tx_numero_telefone":"(11) 2586-2526","cd_equipamento_base_origem":null}},{"type":"Feature","id":"equipamento_cultura_bibliotecas_v3.40158","geometry":{"type":"Point","coordinates":[354028.2373,7400513.6693]},"geometry_name":"ge_ponto","properties":{"cd_identificador":40158,"cd_identificador_tema_equipamento":3,"nm_tema_equipamento":"CULTURA","cd_identificador_rede_equipamento":0,"nm_rede_equipamento":"SEM REDE","tx_rede_equipamento":"Sem descrição","cd_identificador_tipo_equipamento":2,"nm_tipo_equipamento":"Bibliotecas Públicas (inclui  Bosques e Pontos de Leitura)","tx_tipo_equipamento":"Bibliotecas Públicas (inclui  Bosques e Pontos de Leitura)","cd_identificador_classe_equipamento":1,"nm_classe_equipamento":"BIBLIOTECAS","tx_classe_equipamento":"BIBLIOTECAS","cd_identificador_esfera_administrativa_equipamento":1,"nm_esfera_administrativa_equipamento":"Municipal","tx_esfera_administrativa_equipamento":"Entidade mantenedora: PMSP","cd_equipamento":null,"nm_equipamento":"Ponto de leitura Tide Setúbal (fechado temporariamente)","tx_endereco_equipamento":"R Mario Dalari, 170","nm_bairro_equipamento":"","cd_cep_equipamento":null,"tx_horario_funcionamento":null,"tx_numero_telefone":"(11) 2297-5969","cd_equipamento_base_origem":null}},{"type":"Feature","id":"equipamento_cultura_bibliotecas_v3.40159","geometry":{"type":"Point","coordinates":[341920.2372,7397415.0411]},"geometry_name":"ge_ponto","properties":{"cd_identificador":40159,"cd_identificador_tema_equipamento":3,"nm_tema_equipamento":"CULTURA","cd_identificador_rede_equipamento":0,"nm_rede_equipamento":"SEM REDE","tx_rede_equipamento":"Sem descrição","cd_identificador_tipo_equipamento":2,"nm_tipo_equipamento":"Bibliotecas Públicas (inclui  Bosques e Pontos de Leitura)","tx_tipo_equipamento":"Bibliotecas Públicas (inclui  Bosques e Pontos de Leitura)","cd_identificador_classe_equipamento":1,"nm_classe_equipamento":"BIBLIOTECAS","tx_classe_equipamento":"BIBLIOTECAS","cd_identificador_esfera_administrativa_equipamento":1,"nm_esfera_administrativa_equipamento":"Municipal","tx_esfera_administrativa_equipamento":"Entidade mantenedora: PMSP","cd_equipamento":null,"nm_equipamento":"Biblioteca José Paulo Paes","tx_endereco_equipamento":"Largo do Rosário, 20","nm_bairro_equipamento":"","cd_cep_equipamento":null,"tx_horario_funcionamento":null,"tx_numero_telefone":"(11) 2295-0401 / (11) 2295-9624","cd_equipamento_base_origem":null}},{"type":"Feature","id":"equipamento_cultura_bibliotecas_v3.40160","geometry":{"type":"Point","coordinates":[320774.5587,7390259.8462]},"geometry_name":"ge_ponto","properties":{"cd_identificador":40160,"cd_identificador_tema_equipamento":3,"nm_tema_equipamento":"CULTURA","cd_identificador_rede_equipamento":0,"nm_rede_equipamento":"SEM REDE","tx_rede_equipamento":"Sem descrição","cd_identificador_tipo_equipamento":2,"nm_tipo_equipamento":"Bibliotecas Públicas (inclui  Bosques e Pontos de Leitura)","tx_tipo_equipamento":"Bibliotecas Públicas (inclui  Bosques e Pontos de Leitura)","cd_identificador_classe_equipamento":1,"nm_classe_equipamento":"BIBLIOTECAS","tx_classe_equipamento":"BIBLIOTECAS","cd_identificador_esfera_administrativa_equipamento":1,"nm_esfera_administrativa_equipamento":"Municipal","tx_esfera_administrativa_equipamento":"Entidade mantenedora: PMSP","cd_equipamento":null,"nm_equipamento":"Bosque de leitura Parque Raposo Tavares (fechado temporariamente)","tx_endereco_equipamento":"R Telmo Coelho Filho, 200","nm_bairro_equipamento":"","cd_cep_equipamento":null,"tx_horario_funcionamento":null,"tx_numero_telefone":"(11) 2291-5763","cd_equipamento_base_origem":null}},{"type":"Feature","id":"equipamento_cultura_bibliotecas_v3.40161","geometry":{"type":"Point","coordinates":[316554.3087,7407744.1378]},"geometry_name":"ge_ponto","properties":{"cd_identificador":40161,"cd_identificador_tema_equipamento":3,"nm_tema_equipamento":"CULTURA","cd_identificador_rede_equipamento":0,"nm_rede_equipamento":"SEM REDE","tx_rede_equipamento":"Sem descrição","cd_identificador_tipo_equipamento":2,"nm_tipo_equipamento":"Bibliotecas Públicas (inclui  Bosques e Pontos de Leitura)","tx_tipo_equipamento":"Bibliotecas Públicas (inclui  Bosques e Pontos de Leitura)","cd_identificador_classe_equipamento":1,"nm_classe_equipamento":"BIBLIOTECAS","tx_classe_equipamento":"BIBLIOTECAS","cd_identificador_esfera_administrativa_equipamento":1,"nm_esfera_administrativa_equipamento":"Municipal","tx_esfera_administrativa_equipamento":"Entidade mantenedora: PMSP","cd_equipamento":null,"nm_equipamento":"Ponto de leitura União dos Moradores do Parque Anhanguera (fechado temporariamente)","tx_endereco_equipamento":"R Amadeo Caego Monteiro, 209","nm_bairro_equipamento":"","cd_cep_equipamento":null,"tx_horario_funcionamento":null,"tx_numero_telefone":"(11) 3911-3394","cd_equipamento_base_origem":null}},{"type":"Feature","id":"equipamento_cultura_bibliotecas_v3.40162","geometry":{"type":"Point","coordinates":[352983.8065,7394852.1633]},"geometry_name":"ge_ponto","properties":{"cd_identificador":40162,"cd_identificador_tema_equipamento":3,"nm_tema_equipamento":"CULTURA","cd_identificador_rede_equipamento":0,"nm_rede_equipamento":"SEM REDE","tx_rede_equipamento":"Sem descrição","cd_identificador_tipo_equipamento":2,"nm_tipo_equipamento":"Bibliotecas Públicas (inclui  Bosques e Pontos de Leitura)","tx_tipo_equipamento":"Bibliotecas Públicas (inclui  Bosques e Pontos de Leitura)","cd_identificador_classe_equipamento":1,"nm_classe_equipamento":"BIBLIOTECAS","tx_classe_equipamento":"BIBLIOTECAS","cd_identificador_esfera_administrativa_equipamento":1,"nm_esfera_administrativa_equipamento":"Municipal","tx_esfera_administrativa_equipamento":"Entidade mantenedora: PMSP","cd_equipamento":null,"nm_equipamento":"Biblioteca Vicente de Carvalho (fechado temporariamente)","tx_endereco_equipamento":"Rua Guilherme Valência, 210","nm_bairro_equipamento":"","cd_cep_equipamento":null,"tx_horario_funcionamento":null,"tx_numero_telefone":"(11) 2521-0553","cd_equipamento_base_origem":null}},{"type":"Feature","id":"equipamento_cultura_bibliotecas_v3.40163","geometry":{"type":"Point","coordinates":[354960.5268,7400207.7606]},"geometry_name":"ge_ponto","properties":{"cd_identificador":40163,"cd_identificador_tema_equipamento":3,"nm_tema_equipamento":"CULTURA","cd_identificador_rede_equipamento":0,"nm_rede_equipamento":"SEM REDE","tx_rede_equipamento":"Sem descrição","cd_identificador_tipo_equipamento":2,"nm_tipo_equipamento":"Bibliotecas Públicas (inclui  Bosques e Pontos de Leitura)","tx_tipo_equipamento":"Bibliotecas Públicas (inclui  Bosques e Pontos de Leitura)","cd_identificador_classe_equipamento":1,"nm_classe_equipamento":"BIBLIOTECAS","tx_classe_equipamento":"BIBLIOTECAS","cd_identificador_esfera_administrativa_equipamento":1,"nm_esfera_administrativa_equipamento":"Municipal","tx_esfera_administrativa_equipamento":"Entidade mantenedora: PMSP","cd_equipamento":null,"nm_equipamento":"Biblioteca Vicente Paulo Guimarães","tx_endereco_equipamento":"Rua Jaguar, 225","nm_bairro_equipamento":"","cd_cep_equipamento":null,"tx_horario_funcionamento":null,"tx_numero_telefone":"(11) 2035-5322 / (11) 2034-0646","cd_equipamento_base_origem":null}},{"type":"Feature","id":"equipamento_cultura_bibliotecas_v3.40164","geometry":{"type":"Point","coordinates":[356928.0788,7389458.6226]},"geometry_name":"ge_ponto","properties":{"cd_identificador":40164,"cd_identificador_tema_equipamento":3,"nm_tema_equipamento":"CULTURA","cd_identificador_rede_equipamento":0,"nm_rede_equipamento":"SEM REDE","tx_rede_equipamento":"Sem descrição","cd_identificador_tipo_equipamento":2,"nm_tipo_equipamento":"Bibliotecas Públicas (inclui  Bosques e Pontos de Leitura)","tx_tipo_equipamento":"Bibliotecas Públicas (inclui  Bosques e Pontos de Leitura)","cd_identificador_classe_equipamento":1,"nm_classe_equipamento":"BIBLIOTECAS","tx_classe_equipamento":"BIBLIOTECAS","cd_identificador_esfera_administrativa_equipamento":1,"nm_esfera_administrativa_equipamento":"Municipal","tx_esfera_administrativa_equipamento":"Entidade mantenedora: PMSP","cd_equipamento":null,"nm_equipamento":"Ponto de leitura André Vital (fechado temporariamente)","tx_endereco_equipamento":"Av dos Metalúrgicos, 2255","nm_bairro_equipamento":"","cd_cep_equipamento":null,"tx_horario_funcionamento":null,"tx_numero_telefone":"(11) 3396-0000 ramal 24","cd_equipamento_base_origem":null}},{"type":"Feature","id":"equipamento_cultura_bibliotecas_v3.40165","geometry":{"type":"Point","coordinates":[327570.3849,7374037.5353]},"geometry_name":"ge_ponto","properties":{"cd_identificador":40165,"cd_identificador_tema_equipamento":3,"nm_tema_equipamento":"CULTURA","cd_identificador_rede_equipamento":0,"nm_rede_equipamento":"SEM REDE","tx_rede_equipamento":"Sem descrição","cd_identificador_tipo_equipamento":2,"nm_tipo_equipamento":"Bibliotecas Públicas (inclui  Bosques e Pontos de Leitura)","tx_tipo_equipamento":"Bibliotecas Públicas (inclui  Bosques e Pontos de Leitura)","cd_identificador_classe_equipamento":1,"nm_classe_equipamento":"BIBLIOTECAS","tx_classe_equipamento":"BIBLIOTECAS","cd_identificador_esfera_administrativa_equipamento":1,"nm_esfera_administrativa_equipamento":"Municipal","tx_esfera_administrativa_equipamento":"Entidade mantenedora: PMSP","cd_equipamento":null,"nm_equipamento":"Ponto de leitura Graciliano Ramos","tx_endereco_equipamento":"R  Prof. Oscar Barreto Filho, 252","nm_bairro_equipamento":"","cd_cep_equipamento":null,"tx_horario_funcionamento":null,"tx_numero_telefone":"(11) 3397-2700","cd_equipamento_base_origem":null}},{"type":"Feature","id":"equipamento_cultura_bibliotecas_v3.40166","geometry":{"type":"Point","coordinates":[345225.4355,7389064.7188]},"geometry_name":"ge_ponto","properties":{"cd_identificador":40166,"cd_identificador_tema_equipamento":3,"nm_tema_equipamento":"CULTURA","cd_identificador_rede_equipamento":0,"nm_rede_equipamento":"SEM REDE","tx_rede_equipamento":"Sem descrição","cd_identificador_tipo_equipamento":2,"nm_tipo_equipamento":"Bibliotecas Públicas (inclui  Bosques e Pontos de Leitura)","tx_tipo_equipamento":"Bibliotecas Públicas (inclui  Bosques e Pontos de Leitura)","cd_identificador_classe_equipamento":1,"nm_classe_equipamento":"BIBLIOTECAS","tx_classe_equipamento":"BIBLIOTECAS","cd_identificador_esfera_administrativa_equipamento":1,"nm_esfera_administrativa_equipamento":"Municipal","tx_esfera_administrativa_equipamento":"Entidade mantenedora: PMSP","cd_equipamento":null,"nm_equipamento":"Biblioteca Gilberto Freyre","tx_endereco_equipamento":"Rua José Joaquim, 290","nm_bairro_equipamento":"","cd_cep_equipamento":null,"tx_horario_funcionamento":null,"tx_numero_telefone":"(11) 2143-1811","cd_equipamento_base_origem":null}},{"type":"Feature","id":"equipamento_cultura_bibliotecas_v3.40167","geometry":{"type":"Point","coordinates":[324441.1712,7402124.2759]},"geometry_name":"ge_ponto","properties":{"cd_identificador":40167,"cd_identificador_tema_equipamento":3,"nm_tema_equipamento":"CULTURA","cd_identificador_rede_equipamento":0,"nm_rede_equipamento":"SEM REDE","tx_rede_equipamento":"Sem descrição","cd_identificador_tipo_equipamento":2,"nm_tipo_equipamento":"Bibliotecas Públicas (inclui  Bosques e Pontos de Leitura)","tx_tipo_equipamento":"Bibliotecas Públicas (inclui  Bosques e Pontos de Leitura)","cd_identificador_classe_equipamento":1,"nm_classe_equipamento":"BIBLIOTECAS","tx_classe_equipamento":"BIBLIOTECAS","cd_identificador_esfera_administrativa_equipamento":1,"nm_esfera_administrativa_equipamento":"Municipal","tx_esfera_administrativa_equipamento":"Entidade mantenedora: PMSP","cd_equipamento":null,"nm_equipamento":"Bosque de leitura Parque Rodrigo de Gásperi (fechado temporariamente)","tx_endereco_equipamento":"Av Miguel de Castro, 321","nm_bairro_equipamento":"","cd_cep_equipamento":null,"tx_horario_funcionamento":null,"tx_numero_telefone":"(11) 2291-5763","cd_equipamento_base_origem":null}},{"type":"Feature","id":"equipamento_cultura_bibliotecas_v3.40168","geometry":{"type":"Point","coordinates":[322068.2279,7389123.5049]},"geometry_name":"ge_ponto","properties":{"cd_identificador":40168,"cd_identificador_tema_equipamento":3,"nm_tema_equipamento":"CULTURA","cd_identificador_rede_equipamento":0,"nm_rede_equipamento":"SEM REDE","tx_rede_equipamento":"Sem descrição","cd_identificador_tipo_equipamento":2,"nm_tipo_equipamento":"Bibliotecas Públicas (inclui  Bosques e Pontos de Leitura)","tx_tipo_equipamento":"Bibliotecas Públicas (inclui  Bosques e Pontos de Leitura)","cd_identificador_classe_equipamento":1,"nm_classe_equipamento":"BIBLIOTECAS","tx_classe_equipamento":"BIBLIOTECAS","cd_identificador_esfera_administrativa_equipamento":1,"nm_esfera_administrativa_equipamento":"Municipal","tx_esfera_administrativa_equipamento":"Entidade mantenedora: PMSP","cd_equipamento":null,"nm_equipamento":"Ponto de leitura Chácara do Jockey","tx_endereco_equipamento":"Rua Santa Crescência, 323","nm_bairro_equipamento":"","cd_cep_equipamento":null,"tx_horario_funcionamento":null,"tx_numero_telefone":"(11) 2291-5763","cd_equipamento_base_origem":null}},{"type":"Feature","id":"equipamento_cultura_bibliotecas_v3.40169","geometry":{"type":"Point","coordinates":[357360.9225,7400663.1374]},"geometry_name":"ge_ponto","properties":{"cd_identificador":40169,"cd_identificador_tema_equipamento":3,"nm_tema_equipamento":"CULTURA","cd_identificador_rede_equipamento":0,"nm_rede_equipamento":"SEM REDE","tx_rede_equipamento":"Sem descrição","cd_identificador_tipo_equipamento":2,"nm_tipo_equipamento":"Bibliotecas Públicas (inclui  Bosques e Pontos de Leitura)","tx_tipo_equipamento":"Bibliotecas Públicas (inclui  Bosques e Pontos de Leitura)","cd_identificador_classe_equipamento":1,"nm_classe_equipamento":"BIBLIOTECAS","tx_classe_equipamento":"BIBLIOTECAS","cd_identificador_esfera_administrativa_equipamento":1,"nm_esfera_administrativa_equipamento":"Municipal","tx_esfera_administrativa_equipamento":"Entidade mantenedora: PMSP","cd_equipamento":null,"nm_equipamento":"Ponto de leitura Severino do Ramo (fechado temporariamente)","tx_endereco_equipamento":"R Barão de Alagoas, 340","nm_bairro_equipamento":"","cd_cep_equipamento":null,"tx_horario_funcionamento":null,"tx_numero_telefone":"(11) 2963-2742 / (11) 2568-3329","cd_equipamento_base_origem":null}},{"type":"Feature","id":"equipamento_cultura_bibliotecas_v3.40170","geometry":{"type":"Point","coordinates":[350223.8235,7386525.9553]},"geometry_name":"ge_ponto","properties":{"cd_identificador":40170,"cd_identificador_tema_equipamento":3,"nm_tema_equipamento":"CULTURA","cd_identificador_rede_equipamento":0,"nm_rede_equipamento":"SEM REDE","tx_rede_equipamento":"Sem descrição","cd_identificador_tipo_equipamento":2,"nm_tipo_equipamento":"Bibliotecas Públicas (inclui  Bosques e Pontos de Leitura)","tx_tipo_equipamento":"Bibliotecas Públicas (inclui  Bosques e Pontos de Leitura)","cd_identificador_classe_equipamento":1,"nm_classe_equipamento":"BIBLIOTECAS","tx_classe_equipamento":"BIBLIOTECAS","cd_identificador_esfera_administrativa_equipamento":1,"nm_esfera_administrativa_equipamento":"Municipal","tx_esfera_administrativa_equipamento":"Entidade mantenedora: PMSP","cd_equipamento":null,"nm_equipamento":"Ponto de leitura São Mateus (fechado temporariamente)","tx_endereco_equipamento":"R. Quaresma Delgado, 354","nm_bairro_equipamento":"","cd_cep_equipamento":null,"tx_horario_funcionamento":null,"tx_numero_telefone":"(11) 2019-1718","cd_equipamento_base_origem":null}},{"type":"Feature","id":"equipamento_cultura_bibliotecas_v3.40171","geometry":{"type":"Point","coordinates":[348832.8741,7401763.6498]},"geometry_name":"ge_ponto","properties":{"cd_identificador":40171,"cd_identificador_tema_equipamento":3,"nm_tema_equipamento":"CULTURA","cd_identificador_rede_equipamento":0,"nm_rede_equipamento":"SEM REDE","tx_rede_equipamento":"Sem descrição","cd_identificador_tipo_equipamento":2,"nm_tipo_equipamento":"Bibliotecas Públicas (inclui  Bosques e Pontos de Leitura)","tx_tipo_equipamento":"Bibliotecas Públicas (inclui  Bosques e Pontos de Leitura)","cd_identificador_classe_equipamento":1,"nm_classe_equipamento":"BIBLIOTECAS","tx_classe_equipamento":"BIBLIOTECAS","cd_identificador_esfera_administrativa_equipamento":1,"nm_esfera_administrativa_equipamento":"Municipal","tx_esfera_administrativa_equipamento":"Entidade mantenedora: PMSP","cd_equipamento":null,"nm_equipamento":"Biblioteca Rubens Borba Alves de Moraes","tx_endereco_equipamento":"R. Sampei Sato, 440","nm_bairro_equipamento":"","cd_cep_equipamento":null,"tx_horario_funcionamento":null,"tx_numero_telefone":"(11) 2943-5255","cd_equipamento_base_origem":null}},{"type":"Feature","id":"equipamento_cultura_bibliotecas_v3.40172","geometry":{"type":"Point","coordinates":[332692.032,7395362.1323]},"geometry_name":"ge_ponto","properties":{"cd_identificador":40172,"cd_identificador_tema_equipamento":3,"nm_tema_equipamento":"CULTURA","cd_identificador_rede_equipamento":0,"nm_rede_equipamento":"SEM REDE","tx_rede_equipamento":"Sem descrição","cd_identificador_tipo_equipamento":2,"nm_tipo_equipamento":"Bibliotecas Públicas (inclui  Bosques e Pontos de Leitura)","tx_tipo_equipamento":"Bibliotecas Públicas (inclui  Bosques e Pontos de Leitura)","cd_identificador_classe_equipamento":1,"nm_classe_equipamento":"BIBLIOTECAS","tx_classe_equipamento":"BIBLIOTECAS","cd_identificador_esfera_administrativa_equipamento":1,"nm_esfera_administrativa_equipamento":"Municipal","tx_esfera_administrativa_equipamento":"Entidade mantenedora: PMSP","cd_equipamento":null,"nm_equipamento":"Ponto de leitura Olido (fechado temporariamente)","tx_endereco_equipamento":"Av São  João, 473","nm_bairro_equipamento":"","cd_cep_equipamento":null,"tx_horario_funcionamento":null,"tx_numero_telefone":"(11) 3397-0158","cd_equipamento_base_origem":null}},{"type":"Feature","id":"equipamento_cultura_bibliotecas_v3.40173","geometry":{"type":"Point","coordinates":[319034.5595,7382308.6693]},"geometry_name":"ge_ponto","properties":{"cd_identificador":40173,"cd_identificador_tema_equipamento":3,"nm_tema_equipamento":"CULTURA","cd_identificador_rede_equipamento":0,"nm_rede_equipamento":"SEM REDE","tx_rede_equipamento":"Sem descrição","cd_identificador_tipo_equipamento":2,"nm_tipo_equipamento":"Bibliotecas Públicas (inclui  Bosques e Pontos de Leitura)","tx_tipo_equipamento":"Bibliotecas Públicas (inclui  Bosques e Pontos de Leitura)","cd_identificador_classe_equipamento":1,"nm_classe_equipamento":"BIBLIOTECAS","tx_classe_equipamento":"BIBLIOTECAS","cd_identificador_esfera_administrativa_equipamento":1,"nm_esfera_administrativa_equipamento":"Municipal","tx_esfera_administrativa_equipamento":"Entidade mantenedora: PMSP","cd_equipamento":null,"nm_equipamento":"Bosque de leitura Parque Santo Dias (fechado temporariamente)","tx_endereco_equipamento":"Estrada de Itapecirica, altura d, 4800","nm_bairro_equipamento":"","cd_cep_equipamento":null,"tx_horario_funcionamento":null,"tx_numero_telefone":"(11) 2291-5763","cd_equipamento_base_origem":null}},{"type":"Feature","id":"equipamento_cultura_bibliotecas_v3.40174","geometry":{"type":"Point","coordinates":[331655.1276,7395177.7408]},"geometry_name":"ge_ponto","properties":{"cd_identificador":40174,"cd_identificador_tema_equipamento":3,"nm_tema_equipamento":"CULTURA","cd_identificador_rede_equipamento":0,"nm_rede_equipamento":"SEM REDE","tx_rede_equipamento":"Sem descrição","cd_identificador_tipo_equipamento":2,"nm_tipo_equipamento":"Bibliotecas Públicas (inclui  Bosques e Pontos de Leitura)","tx_tipo_equipamento":"Bibliotecas Públicas (inclui  Bosques e Pontos de Leitura)","cd_identificador_classe_equipamento":1,"nm_classe_equipamento":"BIBLIOTECAS","tx_classe_equipamento":"BIBLIOTECAS","cd_identificador_esfera_administrativa_equipamento":1,"nm_esfera_administrativa_equipamento":"Municipal","tx_esfera_administrativa_equipamento":"Entidade mantenedora: PMSP","cd_equipamento":null,"nm_equipamento":"Biblioteca Monteiro Lobato","tx_endereco_equipamento":"Rua General Jardim, 485","nm_bairro_equipamento":"","cd_cep_equipamento":null,"tx_horario_funcionamento":null,"tx_numero_telefone":"(11) 3256-4122","cd_equipamento_base_origem":null}},{"type":"Feature","id":"equipamento_cultura_bibliotecas_v3.40175","geometry":{"type":"Point","coordinates":[335813.6932,7403684.6098]},"geometry_name":"ge_ponto","properties":{"cd_identificador":40175,"cd_identificador_tema_equipamento":3,"nm_tema_equipamento":"CULTURA","cd_identificador_rede_equipamento":0,"nm_rede_equipamento":"SEM REDE","tx_rede_equipamento":"Sem descrição","cd_identificador_tipo_equipamento":2,"nm_tipo_equipamento":"Bibliotecas Públicas (inclui  Bosques e Pontos de Leitura)","tx_tipo_equipamento":"Bibliotecas Públicas (inclui  Bosques e Pontos de Leitura)","cd_identificador_classe_equipamento":1,"nm_classe_equipamento":"BIBLIOTECAS","tx_classe_equipamento":"BIBLIOTECAS","cd_identificador_esfera_administrativa_equipamento":1,"nm_esfera_administrativa_equipamento":"Municipal","tx_esfera_administrativa_equipamento":"Entidade mantenedora: PMSP","cd_equipamento":null,"nm_equipamento":"Bosque de leitura Parque Lions Club Tucuruvi (fechado temporariamente)","tx_endereco_equipamento":"R Alcindo Bueno de Assis, 500","nm_bairro_equipamento":"","cd_cep_equipamento":null,"tx_horario_funcionamento":null,"tx_numero_telefone":"(11) 2291-5763","cd_equipamento_base_origem":null}},{"type":"Feature","id":"equipamento_cultura_bibliotecas_v3.40176","geometry":{"type":"Point","coordinates":[339187.0654,7397174.8072]},"geometry_name":"ge_ponto","properties":{"cd_identificador":40176,"cd_identificador_tema_equipamento":3,"nm_tema_equipamento":"CULTURA","cd_identificador_rede_equipamento":0,"nm_rede_equipamento":"SEM REDE","tx_rede_equipamento":"Sem descrição","cd_identificador_tipo_equipamento":2,"nm_tipo_equipamento":"Bibliotecas Públicas (inclui  Bosques e Pontos de Leitura)","tx_tipo_equipamento":"Bibliotecas Públicas (inclui  Bosques e Pontos de Leitura)","cd_identificador_classe_equipamento":1,"nm_classe_equipamento":"BIBLIOTECAS","tx_classe_equipamento":"BIBLIOTECAS","cd_identificador_esfera_administrativa_equipamento":1,"nm_esfera_administrativa_equipamento":"Municipal","tx_esfera_administrativa_equipamento":"Entidade mantenedora: PMSP","cd_equipamento":null,"nm_equipamento":"Ponto de leitura Parque do Piqueri","tx_endereco_equipamento":"R Tuiuti, 515","nm_bairro_equipamento":"","cd_cep_equipamento":null,"tx_horario_funcionamento":null,"tx_numero_telefone":"(11) 2092-6524","cd_equipamento_base_origem":null}},{"type":"Feature","id":"equipamento_cultura_bibliotecas_v3.40177","geometry":{"type":"Point","coordinates":[325875.6,7383008.5]},"geometry_name":"ge_ponto","properties":{"cd_identificador":40177,"cd_identificador_tema_equipamento":3,"nm_tema_equipamento":"CULTURA","cd_identificador_rede_equipamento":0,"nm_rede_equipamento":"SEM REDE","tx_rede_equipamento":"Sem descrição","cd_identificador_tipo_equipamento":2,"nm_tipo_equipamento":"Bibliotecas Públicas (inclui  Bosques e Pontos de Leitura)","tx_tipo_equipamento":"Bibliotecas Públicas (inclui  Bosques e Pontos de Leitura)","cd_identificador_classe_equipamento":1,"nm_classe_equipamento":"BIBLIOTECAS","tx_classe_equipamento":"BIBLIOTECAS","cd_identificador_esfera_administrativa_equipamento":1,"nm_esfera_administrativa_equipamento":"Municipal","tx_esfera_administrativa_equipamento":"Entidade mantenedora: PMSP","cd_equipamento":null,"nm_equipamento":"Biblioteca Belmonte (fechado temporariamente)","tx_endereco_equipamento":"Rua Paulo Eiró, 525","nm_bairro_equipamento":"","cd_cep_equipamento":null,"tx_horario_funcionamento":null,"tx_numero_telefone":"(11) 5687-0408 / (11) 5691-0433","cd_equipamento_base_origem":null}},{"type":"Feature","id":"equipamento_cultura_bibliotecas_v3.40178","geometry":{"type":"Point","coordinates":[356362.0761,7393337.9296]},"geometry_name":"ge_ponto","properties":{"cd_identificador":40178,"cd_identificador_tema_equipamento":3,"nm_tema_equipamento":"CULTURA","cd_identificador_rede_equipamento":0,"nm_rede_equipamento":"SEM REDE","tx_rede_equipamento":"Sem descrição","cd_identificador_tipo_equipamento":2,"nm_tipo_equipamento":"Bibliotecas Públicas (inclui  Bosques e Pontos de Leitura)","tx_tipo_equipamento":"Bibliotecas Públicas (inclui  Bosques e Pontos de Leitura)","cd_identificador_classe_equipamento":1,"nm_classe_equipamento":"BIBLIOTECAS","tx_classe_equipamento":"BIBLIOTECAS","cd_identificador_esfera_administrativa_equipamento":1,"nm_esfera_administrativa_equipamento":"Municipal","tx_esfera_administrativa_equipamento":"Entidade mantenedora: PMSP","cd_equipamento":null,"nm_equipamento":"Ponto de leitura Juscelino Kubitschek (fechado temporariamente)","tx_endereco_equipamento":"Av. Inácio Monteiro, 55","nm_bairro_equipamento":"","cd_cep_equipamento":null,"tx_horario_funcionamento":null,"tx_numero_telefone":"(11) 3396-0000 ramal 24","cd_equipamento_base_origem":null}},{"type":"Feature","id":"equipamento_cultura_bibliotecas_v3.40179","geometry":{"type":"Point","coordinates":[323428.2994,7380611.4141]},"geometry_name":"ge_ponto","properties":{"cd_identificador":40179,"cd_identificador_tema_equipamento":3,"nm_tema_equipamento":"CULTURA","cd_identificador_rede_equipamento":0,"nm_rede_equipamento":"SEM REDE","tx_rede_equipamento":"Sem descrição","cd_identificador_tipo_equipamento":2,"nm_tipo_equipamento":"Bibliotecas Públicas (inclui  Bosques e Pontos de Leitura)","tx_tipo_equipamento":"Bibliotecas Públicas (inclui  Bosques e Pontos de Leitura)","cd_identificador_classe_equipamento":1,"nm_classe_equipamento":"BIBLIOTECAS","tx_classe_equipamento":"BIBLIOTECAS","cd_identificador_esfera_administrativa_equipamento":1,"nm_esfera_administrativa_equipamento":"Municipal","tx_esfera_administrativa_equipamento":"Entidade mantenedora: PMSP","cd_equipamento":null,"nm_equipamento":"Bosque de leitura Parque Guarapiranga (fechado temporariamente)","tx_endereco_equipamento":"Av. Guarapiranga, 575","nm_bairro_equipamento":"","cd_cep_equipamento":null,"tx_horario_funcionamento":null,"tx_numero_telefone":"(11) 2291-5763","cd_equipamento_base_origem":null}},{"type":"Feature","id":"equipamento_cultura_bibliotecas_v3.40180","geometry":{"type":"Point","coordinates":[346544.4092,7392774.2678]},"geometry_name":"ge_ponto","properties":{"cd_identificador":40180,"cd_identificador_tema_equipamento":3,"nm_tema_equipamento":"CULTURA","cd_identificador_rede_equipamento":0,"nm_rede_equipamento":"SEM REDE","tx_rede_equipamento":"Sem descrição","cd_identificador_tipo_equipamento":2,"nm_tipo_equipamento":"Bibliotecas Públicas (inclui  Bosques e Pontos de Leitura)","tx_tipo_equipamento":"Bibliotecas Públicas (inclui  Bosques e Pontos de Leitura)","cd_identificador_classe_equipamento":1,"nm_classe_equipamento":"BIBLIOTECAS","tx_classe_equipamento":"BIBLIOTECAS","cd_identificador_esfera_administrativa_equipamento":1,"nm_esfera_administrativa_equipamento":"Municipal","tx_esfera_administrativa_equipamento":"Entidade mantenedora: PMSP","cd_equipamento":null,"nm_equipamento":"Biblioteca Milton Santos (fechado temporariamente)","tx_endereco_equipamento":"Avenida Aricanduva, 5777","nm_bairro_equipamento":"","cd_cep_equipamento":null,"tx_horario_funcionamento":null,"tx_numero_telefone":"(11) 2726-4882","cd_equipamento_base_origem":null}},{"type":"Feature","id":"equipamento_cultura_bibliotecas_v3.40181","geometry":{"type":"Point","coordinates":[358142.9359,7391529.5953]},"geometry_name":"ge_ponto","properties":{"cd_identificador":40181,"cd_identificador_tema_equipamento":3,"nm_tema_equipamento":"CULTURA","cd_identificador_rede_equipamento":0,"nm_rede_equipamento":"SEM REDE","tx_rede_equipamento":"Sem descrição","cd_identificador_tipo_equipamento":2,"nm_tipo_equipamento":"Bibliotecas Públicas (inclui  Bosques e Pontos de Leitura)","tx_tipo_equipamento":"Bibliotecas Públicas (inclui  Bosques e Pontos de Leitura)","cd_identificador_classe_equipamento":1,"nm_classe_equipamento":"BIBLIOTECAS","tx_classe_equipamento":"BIBLIOTECAS","cd_identificador_esfera_administrativa_equipamento":1,"nm_esfera_administrativa_equipamento":"Municipal","tx_esfera_administrativa_equipamento":"Entidade mantenedora: PMSP","cd_equipamento":null,"nm_equipamento":"Biblioteca Maria Firmina dos Reis (fechado temporariamente)","tx_endereco_equipamento":"R. Inácio Monteiro, 6900","nm_bairro_equipamento":"","cd_cep_equipamento":null,"tx_horario_funcionamento":null,"tx_numero_telefone":"(11) 3343-8911","cd_equipamento_base_origem":null}},{"type":"Feature","id":"equipamento_cultura_bibliotecas_v3.40182","geometry":{"type":"Point","coordinates":[356532.8637,7396194.3699]},"geometry_name":"ge_ponto","properties":{"cd_identificador":40182,"cd_identificador_tema_equipamento":3,"nm_tema_equipamento":"CULTURA","cd_identificador_rede_equipamento":0,"nm_rede_equipamento":"SEM REDE","tx_rede_equipamento":"Sem descrição","cd_identificador_tipo_equipamento":2,"nm_tipo_equipamento":"Bibliotecas Públicas (inclui  Bosques e Pontos de Leitura)","tx_tipo_equipamento":"Bibliotecas Públicas (inclui  Bosques e Pontos de Leitura)","cd_identificador_classe_equipamento":1,"nm_classe_equipamento":"BIBLIOTECAS","tx_classe_equipamento":"BIBLIOTECAS","cd_identificador_esfera_administrativa_equipamento":1,"nm_esfera_administrativa_equipamento":"Municipal","tx_esfera_administrativa_equipamento":"Entidade mantenedora: PMSP","cd_equipamento":null,"nm_equipamento":"Bosque de leitura Parque Lajeado (fechado temporariamente)","tx_endereco_equipamento":"R Antônio Thadeu, 74","nm_bairro_equipamento":"","cd_cep_equipamento":null,"tx_horario_funcionamento":null,"tx_numero_telefone":"(11) 2291-5763","cd_equipamento_base_origem":null}},{"type":"Feature","id":"equipamento_cultura_bibliotecas_v3.40183","geometry":{"type":"Point","coordinates":[352905.8054,7400467.4775]},"geometry_name":"ge_ponto","properties":{"cd_identificador":40183,"cd_identificador_tema_equipamento":3,"nm_tema_equipamento":"CULTURA","cd_identificador_rede_equipamento":0,"nm_rede_equipamento":"SEM REDE","tx_rede_equipamento":"Sem descrição","cd_identificador_tipo_equipamento":2,"nm_tipo_equipamento":"Bibliotecas Públicas (inclui  Bosques e Pontos de Leitura)","tx_tipo_equipamento":"Bibliotecas Públicas (inclui  Bosques e Pontos de Leitura)","cd_identificador_classe_equipamento":1,"nm_classe_equipamento":"BIBLIOTECAS","tx_classe_equipamento":"BIBLIOTECAS","cd_identificador_esfera_administrativa_equipamento":1,"nm_esfera_administrativa_equipamento":"Municipal","tx_esfera_administrativa_equipamento":"Entidade mantenedora: PMSP","cd_equipamento":null,"nm_equipamento":"Biblioteca Raimundo de Menezes","tx_endereco_equipamento":"Avenida Nordestina, 780","nm_bairro_equipamento":"","cd_cep_equipamento":null,"tx_horario_funcionamento":null,"tx_numero_telefone":"(11) 2297-4053","cd_equipamento_base_origem":null}},{"type":"Feature","id":"equipamento_cultura_bibliotecas_v3.40184","geometry":{"type":"Point","coordinates":[325708.9626,7384030.6566]},"geometry_name":"ge_ponto","properties":{"cd_identificador":40184,"cd_identificador_tema_equipamento":3,"nm_tema_equipamento":"CULTURA","cd_identificador_rede_equipamento":0,"nm_rede_equipamento":"SEM REDE","tx_rede_equipamento":"Sem descrição","cd_identificador_tipo_equipamento":2,"nm_tipo_equipamento":"Bibliotecas Públicas (inclui  Bosques e Pontos de Leitura)","tx_tipo_equipamento":"Bibliotecas Públicas (inclui  Bosques e Pontos de Leitura)","cd_identificador_classe_equipamento":1,"nm_classe_equipamento":"BIBLIOTECAS","tx_classe_equipamento":"BIBLIOTECAS","cd_identificador_esfera_administrativa_equipamento":1,"nm_esfera_administrativa_equipamento":"Municipal","tx_esfera_administrativa_equipamento":"Entidade mantenedora: PMSP","cd_equipamento":null,"nm_equipamento":"Biblioteca Prefeito Prestes Maia","tx_endereco_equipamento":"Avenida João Dias, 822","nm_bairro_equipamento":"","cd_cep_equipamento":null,"tx_horario_funcionamento":null,"tx_numero_telefone":"(11) 5687-0513 / (11) 5523-8418","cd_equipamento_base_origem":null}},{"type":"Feature","id":"equipamento_cultura_bibliotecas_v3.40185","geometry":{"type":"Point","coordinates":[323671.5801,7399703.5556]},"geometry_name":"ge_ponto","properties":{"cd_identificador":40185,"cd_identificador_tema_equipamento":3,"nm_tema_equipamento":"CULTURA","cd_identificador_rede_equipamento":0,"nm_rede_equipamento":"SEM REDE","tx_rede_equipamento":"Sem descrição","cd_identificador_tipo_equipamento":2,"nm_tipo_equipamento":"Bibliotecas Públicas (inclui  Bosques e Pontos de Leitura)","tx_tipo_equipamento":"Bibliotecas Públicas (inclui  Bosques e Pontos de Leitura)","cd_identificador_classe_equipamento":1,"nm_classe_equipamento":"BIBLIOTECAS","tx_classe_equipamento":"BIBLIOTECAS","cd_identificador_esfera_administrativa_equipamento":1,"nm_esfera_administrativa_equipamento":"Municipal","tx_esfera_administrativa_equipamento":"Entidade mantenedora: PMSP","cd_equipamento":null,"nm_equipamento":"Bosque de leitura Parque Cidade de Toronto (fechado temporariamente)","tx_endereco_equipamento":"Av Cardeal Mota, 84","nm_bairro_equipamento":"","cd_cep_equipamento":null,"tx_horario_funcionamento":null,"tx_numero_telefone":"(11) 2291-5763","cd_equipamento_base_origem":null}},{"type":"Feature","id":"equipamento_cultura_bibliotecas_v3.40186","geometry":{"type":"Point","coordinates":[336849.4874,7398560.3335]},"geometry_name":"ge_ponto","properties":{"cd_identificador":40186,"cd_identificador_tema_equipamento":3,"nm_tema_equipamento":"CULTURA","cd_identificador_rede_equipamento":0,"nm_rede_equipamento":"SEM REDE","tx_rede_equipamento":"Sem descrição","cd_identificador_tipo_equipamento":2,"nm_tipo_equipamento":"Bibliotecas Públicas (inclui  Bosques e Pontos de Leitura)","tx_tipo_equipamento":"Bibliotecas Públicas (inclui  Bosques e Pontos de Leitura)","cd_identificador_classe_equipamento":1,"nm_classe_equipamento":"BIBLIOTECAS","tx_classe_equipamento":"BIBLIOTECAS","cd_identificador_esfera_administrativa_equipamento":1,"nm_esfera_administrativa_equipamento":"Municipal","tx_esfera_administrativa_equipamento":"Entidade mantenedora: PMSP","cd_equipamento":null,"nm_equipamento":"Bosque de leitura Parque do Trote (fechado temporariamente)","tx_endereco_equipamento":"R São Quirino, 905","nm_bairro_equipamento":"","cd_cep_equipamento":null,"tx_horario_funcionamento":null,"tx_numero_telefone":"(11) 2291-5763","cd_equipamento_base_origem":null}},{"type":"Feature","id":"equipamento_cultura_bibliotecas_v3.40187","geometry":{"type":"Point","coordinates":[349915.5804,7392539.856]},"geometry_name":"ge_ponto","properties":{"cd_identificador":40187,"cd_identificador_tema_equipamento":3,"nm_tema_equipamento":"CULTURA","cd_identificador_rede_equipamento":0,"nm_rede_equipamento":"SEM REDE","tx_rede_equipamento":"Sem descrição","cd_identificador_tipo_equipamento":2,"nm_tipo_equipamento":"Bibliotecas Públicas (inclui  Bosques e Pontos de Leitura)","tx_tipo_equipamento":"Bibliotecas Públicas (inclui  Bosques e Pontos de Leitura)","cd_identificador_classe_equipamento":1,"nm_classe_equipamento":"BIBLIOTECAS","tx_classe_equipamento":"BIBLIOTECAS","cd_identificador_esfera_administrativa_equipamento":1,"nm_esfera_administrativa_equipamento":"Municipal","tx_esfera_administrativa_equipamento":"Entidade mantenedora: PMSP","cd_equipamento":null,"nm_equipamento":"Bosque de leitura Parque do Carmo (fechado temporariamente)","tx_endereco_equipamento":"Av Afonso de Sampaio e Souza, 951","nm_bairro_equipamento":"","cd_cep_equipamento":null,"tx_horario_funcionamento":null,"tx_numero_telefone":"(11) 2291-5763","cd_equipamento_base_origem":null}},{"type":"Feature","id":"equipamento_cultura_bibliotecas_v3.40188","geometry":{"type":"Point","coordinates":[333205.1128,7396556.2523]},"geometry_name":"ge_ponto","properties":{"cd_identificador":40188,"cd_identificador_tema_equipamento":3,"nm_tema_equipamento":"CULTURA","cd_identificador_rede_equipamento":0,"nm_rede_equipamento":"SEM REDE","tx_rede_equipamento":"Sem descrição","cd_identificador_tipo_equipamento":2,"nm_tipo_equipamento":"Bibliotecas Públicas (inclui  Bosques e Pontos de Leitura)","tx_tipo_equipamento":"Bibliotecas Públicas (inclui  Bosques e Pontos de Leitura)","cd_identificador_classe_equipamento":1,"nm_classe_equipamento":"BIBLIOTECAS","tx_classe_equipamento":"BIBLIOTECAS","cd_identificador_esfera_administrativa_equipamento":1,"nm_esfera_administrativa_equipamento":"Municipal","tx_esfera_administrativa_equipamento":"Entidade mantenedora: PMSP","cd_equipamento":null,"nm_equipamento":"Bosque de leitura Parque Jardim da Luz (fechado temporariamente)","tx_endereco_equipamento":"R Ribeiro de Lima, 99","nm_bairro_equipamento":"","cd_cep_equipamento":null,"tx_horario_funcionamento":null,"tx_numero_telefone":"(11) 2291-5763","cd_equipamento_base_origem":null}},{"type":"Feature","id":"equipamento_cultura_bibliotecas_v3.40189","geometry":{"type":"Point","coordinates":[352083.686,7401691.4051]},"geometry_name":"ge_ponto","properties":{"cd_identificador":40189,"cd_identificador_tema_equipamento":3,"nm_tema_equipamento":"CULTURA","cd_identificador_rede_equipamento":0,"nm_rede_equipamento":"SEM REDE","tx_rede_equipamento":"Sem descrição","cd_identificador_tipo_equipamento":2,"nm_tipo_equipamento":"Bibliotecas Públicas (inclui  Bosques e Pontos de Leitura)","tx_tipo_equipamento":"Bibliotecas Públicas (inclui  Bosques e Pontos de Leitura)","cd_identificador_classe_equipamento":1,"nm_classe_equipamento":"BIBLIOTECAS","tx_classe_equipamento":"BIBLIOTECAS","cd_identificador_esfera_administrativa_equipamento":1,"nm_esfera_administrativa_equipamento":"Municipal","tx_esfera_administrativa_equipamento":"Entidade mantenedora: PMSP","cd_equipamento":null,"nm_equipamento":"Ponto de leitura Jardim Lapenna","tx_endereco_equipamento":"R Serra da Juruoca, s/n","nm_bairro_equipamento":"","cd_cep_equipamento":null,"tx_horario_funcionamento":null,"tx_numero_telefone":"(11) 2956-0091","cd_equipamento_base_origem":null}},{"type":"Feature","id":"equipamento_cultura_bibliotecas_v3.40190","geometry":{"type":"Point","coordinates":[319208.9621,7379316.9424]},"geometry_name":"ge_ponto","properties":{"cd_identificador":40190,"cd_identificador_tema_equipamento":3,"nm_tema_equipamento":"CULTURA","cd_identificador_rede_equipamento":0,"nm_rede_equipamento":"SEM REDE","tx_rede_equipamento":"Sem descrição","cd_identificador_tipo_equipamento":2,"nm_tipo_equipamento":"Bibliotecas Públicas (inclui  Bosques e Pontos de Leitura)","tx_tipo_equipamento":"Bibliotecas Públicas (inclui  Bosques e Pontos de Leitura)","cd_identificador_classe_equipamento":1,"nm_classe_equipamento":"BIBLIOTECAS","tx_classe_equipamento":"BIBLIOTECAS","cd_identificador_esfera_administrativa_equipamento":1,"nm_esfera_administrativa_equipamento":"Municipal","tx_esfera_administrativa_equipamento":"Entidade mantenedora: PMSP","cd_equipamento":null,"nm_equipamento":"Ponto de leitura Praça do Bambuzal (fechado temporariamente)","tx_endereco_equipamento":"R da Colônia Nova, s/n","nm_bairro_equipamento":"","cd_cep_equipamento":null,"tx_horario_funcionamento":null,"tx_numero_telefone":"(11) 5833-3567","cd_equipamento_base_origem":null}},{"type":"Feature","id":"equipamento_cultura_bibliotecas_v3.40191","geometry":{"type":"Point","coordinates":[357086.0876,7392130.4456]},"geometry_name":"ge_ponto","properties":{"cd_identificador":40191,"cd_identificador_tema_equipamento":3,"nm_tema_equipamento":"CULTURA","cd_identificador_rede_equipamento":0,"nm_rede_equipamento":"SEM REDE","tx_rede_equipamento":"Sem descrição","cd_identificador_tipo_equipamento":2,"nm_tipo_equipamento":"Bibliotecas Públicas (inclui  Bosques e Pontos de Leitura)","tx_tipo_equipamento":"Bibliotecas Públicas (inclui  Bosques e Pontos de Leitura)","cd_identificador_classe_equipamento":1,"nm_classe_equipamento":"BIBLIOTECAS","tx_classe_equipamento":"BIBLIOTECAS","cd_identificador_esfera_administrativa_equipamento":1,"nm_esfera_administrativa_equipamento":"Municipal","tx_esfera_administrativa_equipamento":"Entidade mantenedora: PMSP","cd_equipamento":null,"nm_equipamento":"Ponto de leitura Parque do Rodeio (fechado temporariamente)","tx_endereco_equipamento":"R Igarapé da Bela Aurora, s/n","nm_bairro_equipamento":"","cd_cep_equipamento":null,"tx_horario_funcionamento":null,"tx_numero_telefone":"(11) 2555-4276","cd_equipamento_base_origem":null}},{"type":"Feature","id":"equipamento_cultura_bibliotecas_v3.40192","geometry":{"type":"Point","coordinates":[340834.3566,7393998.7604]},"geometry_name":"ge_ponto","properties":{"cd_identificador":40192,"cd_identificador_tema_equipamento":3,"nm_tema_equipamento":"CULTURA","cd_identificador_rede_equipamento":0,"nm_rede_equipamento":"SEM REDE","tx_rede_equipamento":"Sem descrição","cd_identificador_tipo_equipamento":2,"nm_tipo_equipamento":"Bibliotecas Públicas (inclui  Bosques e Pontos de Leitura)","tx_tipo_equipamento":"Bibliotecas Públicas (inclui  Bosques e Pontos de Leitura)","cd_identificador_classe_equipamento":1,"nm_classe_equipamento":"BIBLIOTECAS","tx_classe_equipamento":"BIBLIOTECAS","cd_identificador_esfera_administrativa_equipamento":1,"nm_esfera_administrativa_equipamento":"Municipal","tx_esfera_administrativa_equipamento":"Entidade mantenedora: PMSP","cd_equipamento":null,"nm_equipamento":"Bosque de leitura Parque CERET (fechado temporariamente)","tx_endereco_equipamento":"Rua Canuto Abreu, s/n","nm_bairro_equipamento":"","cd_cep_equipamento":null,"tx_horario_funcionamento":null,"tx_numero_telefone":"(11) 2291-5763","cd_equipamento_base_origem":null}}],"totalFeatures":192,"numberMatched":192,"numberReturned":192,"timeStamp":"2026-05-17T01:43:15.580Z","crs":{"type":"name","properties":{"name":"urn:ogc:def:crs:EPSG::31983"}}}