{"type":"FeatureCollection","features":[{"type":"Feature","id":"equipamento_educacao_ceu_v2.52573","geometry":{"type":"Point","coordinates":[327477.6316,7405873.8307]},"geometry_name":"ge_ponto","properties":{"cd_identificador":52573,"cd_identificador_tema_equipamento":4,"nm_tema_equipamento":"EDUCACAO","cd_identificador_rede_equipamento":0,"nm_rede_equipamento":"SEM REDE","tx_rede_equipamento":"Sem descrição","cd_identificador_tipo_equipamento":307,"nm_tipo_equipamento":"CEU EMEI","tx_tipo_equipamento":"ESCOLA MUNICIPAL DE EDUCACAO INFANTIL LOCALIZADA NO CENTRO EDUCACIONAL UNIFICADO","cd_identificador_classe_equipamento":7,"nm_classe_equipamento":"CEU","tx_classe_equipamento":"CEU","cd_identificador_esfera_administrativa_equipamento":3,"nm_esfera_administrativa_equipamento":"PRIVADA","tx_esfera_administrativa_equipamento":"REDE PRIVADA (INCLUI ESTABELECIMENTOS PARTICULARES, COMUNITARIOS, CONFESSIONAIS, FILANTROPRICOS, CONVENIADOS OU NAO COM A PREFEITURA)","cd_equipamento":"35060948","nm_equipamento":"CEU EMEI PAZ","tx_endereco_equipamento":"DANIEL CERRI, 1549","nm_bairro_equipamento":"JARDIM PARANA","cd_cep_equipamento":"02876-170","tx_horario_funcionamento":"","tx_numero_telefone":"39863419","cd_equipamento_base_origem":"35060948"}},{"type":"Feature","id":"equipamento_educacao_ceu_v2.52574","geometry":{"type":"Point","coordinates":[327486.4394,7405870.6636]},"geometry_name":"ge_ponto","properties":{"cd_identificador":52574,"cd_identificador_tema_equipamento":4,"nm_tema_equipamento":"EDUCACAO","cd_identificador_rede_equipamento":0,"nm_rede_equipamento":"SEM REDE","tx_rede_equipamento":"Sem descrição","cd_identificador_tipo_equipamento":305,"nm_tipo_equipamento":"CEU CEI","tx_tipo_equipamento":"CENTRO DE EDUCACAO INFANTIL MUNICIPAL LOCALIZADO NO CENTRO EDUCACIONAL UNIFICADO","cd_identificador_classe_equipamento":7,"nm_classe_equipamento":"CEU","tx_classe_equipamento":"CEU","cd_identificador_esfera_administrativa_equipamento":3,"nm_esfera_administrativa_equipamento":"PRIVADA","tx_esfera_administrativa_equipamento":"REDE PRIVADA (INCLUI ESTABELECIMENTOS PARTICULARES, COMUNITARIOS, CONFESSIONAIS, FILANTROPRICOS, CONVENIADOS OU NAO COM A PREFEITURA)","cd_equipamento":"35060963","nm_equipamento":"CEU CEI PAZ","tx_endereco_equipamento":"DANIEL CERRI, 1549","nm_bairro_equipamento":"JARDIM PARANA","cd_cep_equipamento":"02876-170","tx_horario_funcionamento":"","tx_numero_telefone":"39863441","cd_equipamento_base_origem":"35060963"}},{"type":"Feature","id":"equipamento_educacao_ceu_v2.51350","geometry":{"type":"Point","coordinates":[340180.1,7390776.4]},"geometry_name":"ge_ponto","properties":{"cd_identificador":51350,"cd_identificador_tema_equipamento":4,"nm_tema_equipamento":"EDUCACAO","cd_identificador_rede_equipamento":0,"nm_rede_equipamento":"SEM REDE","tx_rede_equipamento":"Sem descrição","cd_identificador_tipo_equipamento":320,"nm_tipo_equipamento":"CEMEI","tx_tipo_equipamento":"CENTRO MUNICIPAL DE EDUCACAO INFANTIL\n","cd_identificador_classe_equipamento":7,"nm_classe_equipamento":"CEU","tx_classe_equipamento":"CEU","cd_identificador_esfera_administrativa_equipamento":3,"nm_esfera_administrativa_equipamento":"PRIVADA","tx_esfera_administrativa_equipamento":"REDE PRIVADA (INCLUI ESTABELECIMENTOS PARTICULARES, COMUNITARIOS, CONFESSIONAIS, FILANTROPRICOS, CONVENIADOS OU NAO COM A PREFEITURA)","cd_equipamento":"35007125","nm_equipamento":"CEU CEMEI VILA ALPINA","tx_endereco_equipamento":"JOAO PEDRO LECOR, 141","nm_bairro_equipamento":"JARDIM AVELINO","cd_cep_equipamento":"03227-190","tx_horario_funcionamento":"","tx_numero_telefone":null,"cd_equipamento_base_origem":"35007125"}},{"type":"Feature","id":"equipamento_educacao_ceu_v2.51351","geometry":{"type":"Point","coordinates":[349126.0334,7392013.0224]},"geometry_name":"ge_ponto","properties":{"cd_identificador":51351,"cd_identificador_tema_equipamento":4,"nm_tema_equipamento":"EDUCACAO","cd_identificador_rede_equipamento":0,"nm_rede_equipamento":"SEM REDE","tx_rede_equipamento":"Sem descrição","cd_identificador_tipo_equipamento":320,"nm_tipo_equipamento":"CEMEI","tx_tipo_equipamento":"CENTRO MUNICIPAL DE EDUCACAO INFANTIL\n","cd_identificador_classe_equipamento":7,"nm_classe_equipamento":"CEU","tx_classe_equipamento":"CEU","cd_identificador_esfera_administrativa_equipamento":3,"nm_esfera_administrativa_equipamento":"PRIVADA","tx_esfera_administrativa_equipamento":"REDE PRIVADA (INCLUI ESTABELECIMENTOS PARTICULARES, COMUNITARIOS, CONFESSIONAIS, FILANTROPRICOS, CONVENIADOS OU NAO COM A PREFEITURA)","cd_equipamento":"35007126","nm_equipamento":"CEU CEMEI PARQUE DO CARMO","tx_endereco_equipamento":"GASPAR DA SILVA, 240","nm_bairro_equipamento":"JARDIM NOSSA SENHORA DO CARMO","cd_cep_equipamento":"08275-250","tx_horario_funcionamento":"","tx_numero_telefone":"22172120","cd_equipamento_base_origem":"35007126"}},{"type":"Feature","id":"equipamento_educacao_ceu_v2.51378","geometry":{"type":"Point","coordinates":[327026.9331,7401966.9663]},"geometry_name":"ge_ponto","properties":{"cd_identificador":51378,"cd_identificador_tema_equipamento":4,"nm_tema_equipamento":"EDUCACAO","cd_identificador_rede_equipamento":0,"nm_rede_equipamento":"SEM REDE","tx_rede_equipamento":"Sem descrição","cd_identificador_tipo_equipamento":320,"nm_tipo_equipamento":"CEMEI","tx_tipo_equipamento":"CENTRO MUNICIPAL DE EDUCACAO INFANTIL\n","cd_identificador_classe_equipamento":7,"nm_classe_equipamento":"CEU","tx_classe_equipamento":"CEU","cd_identificador_esfera_administrativa_equipamento":3,"nm_esfera_administrativa_equipamento":"PRIVADA","tx_esfera_administrativa_equipamento":"REDE PRIVADA (INCLUI ESTABELECIMENTOS PARTICULARES, COMUNITARIOS, CONFESSIONAIS, FILANTROPRICOS, CONVENIADOS OU NAO COM A PREFEITURA)","cd_equipamento":"35007326","nm_equipamento":"CEU CEMEI FREGUESIA DO O","tx_endereco_equipamento":"JACUTIBA, 167","nm_bairro_equipamento":"PARQUE SAO LUIS","cd_cep_equipamento":"02832-240","tx_horario_funcionamento":"","tx_numero_telefone":null,"cd_equipamento_base_origem":"35007326"}},{"type":"Feature","id":"equipamento_educacao_ceu_v2.51382","geometry":{"type":"Point","coordinates":[336895.6124,7405734.1762]},"geometry_name":"ge_ponto","properties":{"cd_identificador":51382,"cd_identificador_tema_equipamento":4,"nm_tema_equipamento":"EDUCACAO","cd_identificador_rede_equipamento":0,"nm_rede_equipamento":"SEM REDE","tx_rede_equipamento":"Sem descrição","cd_identificador_tipo_equipamento":320,"nm_tipo_equipamento":"CEMEI","tx_tipo_equipamento":"CENTRO MUNICIPAL DE EDUCACAO INFANTIL\n","cd_identificador_classe_equipamento":7,"nm_classe_equipamento":"CEU","tx_classe_equipamento":"CEU","cd_identificador_esfera_administrativa_equipamento":3,"nm_esfera_administrativa_equipamento":"PRIVADA","tx_esfera_administrativa_equipamento":"REDE PRIVADA (INCLUI ESTABELECIMENTOS PARTICULARES, COMUNITARIOS, CONFESSIONAIS, FILANTROPRICOS, CONVENIADOS OU NAO COM A PREFEITURA)","cd_equipamento":"35007348","nm_equipamento":"CEU CEMEI JARDIM TREMEMBE - ACELINO SCALQUETTE PROF","tx_endereco_equipamento":"ADAUTO BEZERRA DELGADO, 84","nm_bairro_equipamento":"PARQUE CASA DE PEDRA","cd_cep_equipamento":"02320-110","tx_horario_funcionamento":"","tx_numero_telefone":"33965759","cd_equipamento_base_origem":"35007348"}},{"type":"Feature","id":"equipamento_educacao_ceu_v2.51383","geometry":{"type":"Point","coordinates":[354020.1045,7400379.081]},"geometry_name":"ge_ponto","properties":{"cd_identificador":51383,"cd_identificador_tema_equipamento":4,"nm_tema_equipamento":"EDUCACAO","cd_identificador_rede_equipamento":0,"nm_rede_equipamento":"SEM REDE","tx_rede_equipamento":"Sem descrição","cd_identificador_tipo_equipamento":320,"nm_tipo_equipamento":"CEMEI","tx_tipo_equipamento":"CENTRO MUNICIPAL DE EDUCACAO INFANTIL\n","cd_identificador_classe_equipamento":7,"nm_classe_equipamento":"CEU","tx_classe_equipamento":"CEU","cd_identificador_esfera_administrativa_equipamento":3,"nm_esfera_administrativa_equipamento":"PRIVADA","tx_esfera_administrativa_equipamento":"REDE PRIVADA (INCLUI ESTABELECIMENTOS PARTICULARES, COMUNITARIOS, CONFESSIONAIS, FILANTROPRICOS, CONVENIADOS OU NAO COM A PREFEITURA)","cd_equipamento":"35007349","nm_equipamento":"CEU CEMEI SAO MIGUEL","tx_endereco_equipamento":"JOSE FERREIRA CRESPO, 495","nm_bairro_equipamento":"JARDIM SAO VICENTE","cd_cep_equipamento":"08021-480","tx_horario_funcionamento":"","tx_numero_telefone":null,"cd_equipamento_base_origem":"35007349"}},{"type":"Feature","id":"equipamento_educacao_ceu_v2.51384","geometry":{"type":"Point","coordinates":[323042.1296,7406901.2396]},"geometry_name":"ge_ponto","properties":{"cd_identificador":51384,"cd_identificador_tema_equipamento":4,"nm_tema_equipamento":"EDUCACAO","cd_identificador_rede_equipamento":0,"nm_rede_equipamento":"SEM REDE","tx_rede_equipamento":"Sem descrição","cd_identificador_tipo_equipamento":320,"nm_tipo_equipamento":"CEMEI","tx_tipo_equipamento":"CENTRO MUNICIPAL DE EDUCACAO INFANTIL\n","cd_identificador_classe_equipamento":7,"nm_classe_equipamento":"CEU","tx_classe_equipamento":"CEU","cd_identificador_esfera_administrativa_equipamento":3,"nm_esfera_administrativa_equipamento":"PRIVADA","tx_esfera_administrativa_equipamento":"REDE PRIVADA (INCLUI ESTABELECIMENTOS PARTICULARES, COMUNITARIOS, CONFESSIONAIS, FILANTROPRICOS, CONVENIADOS OU NAO COM A PREFEITURA)","cd_equipamento":"35007350","nm_equipamento":"CEU CEMEI PINHEIRINHO DAGUA","tx_endereco_equipamento":"CAMILLO ZANOTTI, 92","nm_bairro_equipamento":"CONJUNTO CITY JARAGUA","cd_cep_equipamento":"02998-080","tx_horario_funcionamento":"","tx_numero_telefone":"39281016","cd_equipamento_base_origem":"35007350"}},{"type":"Feature","id":"equipamento_educacao_ceu_v2.51385","geometry":{"type":"Point","coordinates":[324853.6466,7405813.5506]},"geometry_name":"ge_ponto","properties":{"cd_identificador":51385,"cd_identificador_tema_equipamento":4,"nm_tema_equipamento":"EDUCACAO","cd_identificador_rede_equipamento":0,"nm_rede_equipamento":"SEM REDE","tx_rede_equipamento":"Sem descrição","cd_identificador_tipo_equipamento":320,"nm_tipo_equipamento":"CEMEI","tx_tipo_equipamento":"CENTRO MUNICIPAL DE EDUCACAO INFANTIL\n","cd_identificador_classe_equipamento":7,"nm_classe_equipamento":"CEU","tx_classe_equipamento":"CEU","cd_identificador_esfera_administrativa_equipamento":3,"nm_esfera_administrativa_equipamento":"PRIVADA","tx_esfera_administrativa_equipamento":"REDE PRIVADA (INCLUI ESTABELECIMENTOS PARTICULARES, COMUNITARIOS, CONFESSIONAIS, FILANTROPRICOS, CONVENIADOS OU NAO COM A PREFEITURA)","cd_equipamento":"35007351","nm_equipamento":"CEU CEMEI CORETO DE TAIPAS","tx_endereco_equipamento":"JOAO AMADO COUTINHO, 240","nm_bairro_equipamento":"CONJUNTO RESIDENCIAL ELISIO TEIXEIRA LEI","cd_cep_equipamento":"02815-000","tx_horario_funcionamento":"","tx_numero_telefone":"39712260","cd_equipamento_base_origem":"35007351"}},{"type":"Feature","id":"equipamento_educacao_ceu_v2.51388","geometry":{"type":"Point","coordinates":[354244.5572,7395020.0494]},"geometry_name":"ge_ponto","properties":{"cd_identificador":51388,"cd_identificador_tema_equipamento":4,"nm_tema_equipamento":"EDUCACAO","cd_identificador_rede_equipamento":0,"nm_rede_equipamento":"SEM REDE","tx_rede_equipamento":"Sem descrição","cd_identificador_tipo_equipamento":320,"nm_tipo_equipamento":"CEMEI","tx_tipo_equipamento":"CENTRO MUNICIPAL DE EDUCACAO INFANTIL\n","cd_identificador_classe_equipamento":7,"nm_classe_equipamento":"CEU","tx_classe_equipamento":"CEU","cd_identificador_esfera_administrativa_equipamento":3,"nm_esfera_administrativa_equipamento":"PRIVADA","tx_esfera_administrativa_equipamento":"REDE PRIVADA (INCLUI ESTABELECIMENTOS PARTICULARES, COMUNITARIOS, CONFESSIONAIS, FILANTROPRICOS, CONVENIADOS OU NAO COM A PREFEITURA)","cd_equipamento":"35007373","nm_equipamento":"CEU CEMEI JOSE BONIFACIO","tx_endereco_equipamento":"PROFESSORA LUCILA CERQUEIRA, 194","nm_bairro_equipamento":"JARDIM SAO PEDRO","cd_cep_equipamento":"08420-690","tx_horario_funcionamento":"","tx_numero_telefone":"20168873","cd_equipamento_base_origem":"35007373"}},{"type":"Feature","id":"equipamento_educacao_ceu_v2.51389","geometry":{"type":"Point","coordinates":[358003.1766,7390816.8828]},"geometry_name":"ge_ponto","properties":{"cd_identificador":51389,"cd_identificador_tema_equipamento":4,"nm_tema_equipamento":"EDUCACAO","cd_identificador_rede_equipamento":0,"nm_rede_equipamento":"SEM REDE","tx_rede_equipamento":"Sem descrição","cd_identificador_tipo_equipamento":320,"nm_tipo_equipamento":"CEMEI","tx_tipo_equipamento":"CENTRO MUNICIPAL DE EDUCACAO INFANTIL\n","cd_identificador_classe_equipamento":7,"nm_classe_equipamento":"CEU","tx_classe_equipamento":"CEU","cd_identificador_esfera_administrativa_equipamento":3,"nm_esfera_administrativa_equipamento":"PRIVADA","tx_esfera_administrativa_equipamento":"REDE PRIVADA (INCLUI ESTABELECIMENTOS PARTICULARES, COMUNITARIOS, CONFESSIONAIS, FILANTROPRICOS, CONVENIADOS OU NAO COM A PREFEITURA)","cd_equipamento":"35007374","nm_equipamento":"CEU CEMEI BARRO BRANCO III","tx_endereco_equipamento":"SALVADOR VIGANO, 88","nm_bairro_equipamento":"CONJUNTO HABITACIONAL BARRO BRANCO II","cd_cep_equipamento":"08473-605","tx_horario_funcionamento":"","tx_numero_telefone":"39870442","cd_equipamento_base_origem":"35007374"}},{"type":"Feature","id":"equipamento_educacao_ceu_v2.51392","geometry":{"type":"Point","coordinates":[348232,7394489.4]},"geometry_name":"ge_ponto","properties":{"cd_identificador":51392,"cd_identificador_tema_equipamento":4,"nm_tema_equipamento":"EDUCACAO","cd_identificador_rede_equipamento":0,"nm_rede_equipamento":"SEM REDE","tx_rede_equipamento":"Sem descrição","cd_identificador_tipo_equipamento":320,"nm_tipo_equipamento":"CEMEI","tx_tipo_equipamento":"CENTRO MUNICIPAL DE EDUCACAO INFANTIL\n","cd_identificador_classe_equipamento":7,"nm_classe_equipamento":"CEU","tx_classe_equipamento":"CEU","cd_identificador_esfera_administrativa_equipamento":3,"nm_esfera_administrativa_equipamento":"PRIVADA","tx_esfera_administrativa_equipamento":"REDE PRIVADA (INCLUI ESTABELECIMENTOS PARTICULARES, COMUNITARIOS, CONFESSIONAIS, FILANTROPRICOS, CONVENIADOS OU NAO COM A PREFEITURA)","cd_equipamento":"35007392","nm_equipamento":"CEU CEMEI HORIZONTE AZUL","tx_endereco_equipamento":"SYLVIO TORRES, 295","nm_bairro_equipamento":"CONJUNTO HABITACIONAL PADRE JOSE DE ANCH","cd_cep_equipamento":"03589-010","tx_horario_funcionamento":"","tx_numero_telefone":"22170506","cd_equipamento_base_origem":"35007392"}},{"type":"Feature","id":"equipamento_educacao_ceu_v2.51428","geometry":{"type":"Point","coordinates":[339221.4849,7398252.0885]},"geometry_name":"ge_ponto","properties":{"cd_identificador":51428,"cd_identificador_tema_equipamento":4,"nm_tema_equipamento":"EDUCACAO","cd_identificador_rede_equipamento":0,"nm_rede_equipamento":"SEM REDE","tx_rede_equipamento":"Sem descrição","cd_identificador_tipo_equipamento":320,"nm_tipo_equipamento":"CEMEI","tx_tipo_equipamento":"CENTRO MUNICIPAL DE EDUCACAO INFANTIL\n","cd_identificador_classe_equipamento":7,"nm_classe_equipamento":"CEU","tx_classe_equipamento":"CEU","cd_identificador_esfera_administrativa_equipamento":3,"nm_esfera_administrativa_equipamento":"PRIVADA","tx_esfera_administrativa_equipamento":"REDE PRIVADA (INCLUI ESTABELECIMENTOS PARTICULARES, COMUNITARIOS, CONFESSIONAIS, FILANTROPRICOS, CONVENIADOS OU NAO COM A PREFEITURA)","cd_equipamento":"35007487","nm_equipamento":"CEU CEMEI NOVO MUNDO","tx_endereco_equipamento":"ERNESTO AUGUSTO LOPES, 100","nm_bairro_equipamento":"PARQUE VILA MARIA","cd_cep_equipamento":"02169-030","tx_horario_funcionamento":"","tx_numero_telefone":null,"cd_equipamento_base_origem":"35007487"}},{"type":"Feature","id":"equipamento_educacao_ceu_v2.51437","geometry":{"type":"Point","coordinates":[340392.717,7395831.8984]},"geometry_name":"ge_ponto","properties":{"cd_identificador":51437,"cd_identificador_tema_equipamento":4,"nm_tema_equipamento":"EDUCACAO","cd_identificador_rede_equipamento":0,"nm_rede_equipamento":"SEM REDE","tx_rede_equipamento":"Sem descrição","cd_identificador_tipo_equipamento":320,"nm_tipo_equipamento":"CEMEI","tx_tipo_equipamento":"CENTRO MUNICIPAL DE EDUCACAO INFANTIL\n","cd_identificador_classe_equipamento":7,"nm_classe_equipamento":"CEU","tx_classe_equipamento":"CEU","cd_identificador_esfera_administrativa_equipamento":3,"nm_esfera_administrativa_equipamento":"PRIVADA","tx_esfera_administrativa_equipamento":"REDE PRIVADA (INCLUI ESTABELECIMENTOS PARTICULARES, COMUNITARIOS, CONFESSIONAIS, FILANTROPRICOS, CONVENIADOS OU NAO COM A PREFEITURA)","cd_equipamento":"35007557","nm_equipamento":"CEU CEMEI MONTE SERRAT","tx_endereco_equipamento":"MONTE SERRAT, 230","nm_bairro_equipamento":"TATUAPE","cd_cep_equipamento":"03312-000","tx_horario_funcionamento":"","tx_numero_telefone":"22964326","cd_equipamento_base_origem":"35007557"}},{"type":"Feature","id":"equipamento_educacao_ceu_v2.52127","geometry":{"type":"Point","coordinates":[337156.9872,7386153.6676]},"geometry_name":"ge_ponto","properties":{"cd_identificador":52127,"cd_identificador_tema_equipamento":4,"nm_tema_equipamento":"EDUCACAO","cd_identificador_rede_equipamento":0,"nm_rede_equipamento":"SEM REDE","tx_rede_equipamento":"Sem descrição","cd_identificador_tipo_equipamento":307,"nm_tipo_equipamento":"CEU EMEI","tx_tipo_equipamento":"ESCOLA MUNICIPAL DE EDUCACAO INFANTIL LOCALIZADA NO CENTRO EDUCACIONAL UNIFICADO","cd_identificador_classe_equipamento":7,"nm_classe_equipamento":"CEU","tx_classe_equipamento":"CEU","cd_identificador_esfera_administrativa_equipamento":3,"nm_esfera_administrativa_equipamento":"PRIVADA","tx_esfera_administrativa_equipamento":"REDE PRIVADA (INCLUI ESTABELECIMENTOS PARTICULARES, COMUNITARIOS, CONFESSIONAIS, FILANTROPRICOS, CONVENIADOS OU NAO COM A PREFEITURA)","cd_equipamento":"35051858","nm_equipamento":"CEU EMEI ANTONIO FRANCISCO LISBOA","tx_endereco_equipamento":"SAO JOAO CLIMACO, 12","nm_bairro_equipamento":"SAO JOAO CLIMACO","cd_cep_equipamento":"04255-010","tx_horario_funcionamento":"","tx_numero_telefone":"29463392","cd_equipamento_base_origem":"35051858"}},{"type":"Feature","id":"equipamento_educacao_ceu_v2.52222","geometry":{"type":"Point","coordinates":[346601.1521,7392554.9247]},"geometry_name":"ge_ponto","properties":{"cd_identificador":52222,"cd_identificador_tema_equipamento":4,"nm_tema_equipamento":"EDUCACAO","cd_identificador_rede_equipamento":0,"nm_rede_equipamento":"SEM REDE","tx_rede_equipamento":"Sem descrição","cd_identificador_tipo_equipamento":307,"nm_tipo_equipamento":"CEU EMEI","tx_tipo_equipamento":"ESCOLA MUNICIPAL DE EDUCACAO INFANTIL LOCALIZADA NO CENTRO EDUCACIONAL UNIFICADO","cd_identificador_classe_equipamento":7,"nm_classe_equipamento":"CEU","tx_classe_equipamento":"CEU","cd_identificador_esfera_administrativa_equipamento":3,"nm_esfera_administrativa_equipamento":"PRIVADA","tx_esfera_administrativa_equipamento":"REDE PRIVADA (INCLUI ESTABELECIMENTOS PARTICULARES, COMUNITARIOS, CONFESSIONAIS, FILANTROPRICOS, CONVENIADOS OU NAO COM A PREFEITURA)","cd_equipamento":"35052814","nm_equipamento":"CEU EMEI JOSE GASPAR D","tx_endereco_equipamento":"OLGA FADEL ABARCA, S/N","nm_bairro_equipamento":"JARDIM SANTA TEREZINHA ZONA LESTE","cd_cep_equipamento":"03572-020","tx_horario_funcionamento":"","tx_numero_telefone":"27237523","cd_equipamento_base_origem":"35052814"}},{"type":"Feature","id":"equipamento_educacao_ceu_v2.52284","geometry":{"type":"Point","coordinates":[337369.1362,7387410.2053]},"geometry_name":"ge_ponto","properties":{"cd_identificador":52284,"cd_identificador_tema_equipamento":4,"nm_tema_equipamento":"EDUCACAO","cd_identificador_rede_equipamento":0,"nm_rede_equipamento":"SEM REDE","tx_rede_equipamento":"Sem descrição","cd_identificador_tipo_equipamento":306,"nm_tipo_equipamento":"CEU EMEF","tx_tipo_equipamento":"ESCOLA MUNICIPAL DE ENSINO FUNDAMENTAL LOCALIZADA NO CENTRO EDUCACIONAL UNIFICADO","cd_identificador_classe_equipamento":7,"nm_classe_equipamento":"CEU","tx_classe_equipamento":"CEU","cd_identificador_esfera_administrativa_equipamento":3,"nm_esfera_administrativa_equipamento":"PRIVADA","tx_esfera_administrativa_equipamento":"REDE PRIVADA (INCLUI ESTABELECIMENTOS PARTICULARES, COMUNITARIOS, CONFESSIONAIS, FILANTROPRICOS, CONVENIADOS OU NAO COM A PREFEITURA)","cd_equipamento":"35053442","nm_equipamento":"CEU EMEF CAMPOS SALLES PRES","tx_endereco_equipamento":"DAS LAGRIMAS, 2385","nm_bairro_equipamento":"IPIRANGA","cd_cep_equipamento":"04232-000","tx_horario_funcionamento":"","tx_numero_telefone":"29476723","cd_equipamento_base_origem":"35053442"}},{"type":"Feature","id":"equipamento_educacao_ceu_v2.52514","geometry":{"type":"Point","coordinates":[332125.6051,7377354.4455]},"geometry_name":"ge_ponto","properties":{"cd_identificador":52514,"cd_identificador_tema_equipamento":4,"nm_tema_equipamento":"EDUCACAO","cd_identificador_rede_equipamento":0,"nm_rede_equipamento":"SEM REDE","tx_rede_equipamento":"Sem descrição","cd_identificador_tipo_equipamento":306,"nm_tipo_equipamento":"CEU EMEF","tx_tipo_equipamento":"ESCOLA MUNICIPAL DE ENSINO FUNDAMENTAL LOCALIZADA NO CENTRO EDUCACIONAL UNIFICADO","cd_identificador_classe_equipamento":7,"nm_classe_equipamento":"CEU","tx_classe_equipamento":"CEU","cd_identificador_esfera_administrativa_equipamento":3,"nm_esfera_administrativa_equipamento":"PRIVADA","tx_esfera_administrativa_equipamento":"REDE PRIVADA (INCLUI ESTABELECIMENTOS PARTICULARES, COMUNITARIOS, CONFESSIONAIS, FILANTROPRICOS, CONVENIADOS OU NAO COM A PREFEITURA)","cd_equipamento":"35056571","nm_equipamento":"CEU EMEF PAULO GONCALO DOS SANTOS PROF","tx_endereco_equipamento":"DO ALVARENGA, 3752","nm_bairro_equipamento":"BALNEARIO SAO FRANCISCO","cd_cep_equipamento":"04474-340","tx_horario_funcionamento":"","tx_numero_telefone":"56722516","cd_equipamento_base_origem":"35056571"}},{"type":"Feature","id":"equipamento_educacao_ceu_v2.52515","geometry":{"type":"Point","coordinates":[332125.6051,7377354.4455]},"geometry_name":"ge_ponto","properties":{"cd_identificador":52515,"cd_identificador_tema_equipamento":4,"nm_tema_equipamento":"EDUCACAO","cd_identificador_rede_equipamento":0,"nm_rede_equipamento":"SEM REDE","tx_rede_equipamento":"Sem descrição","cd_identificador_tipo_equipamento":307,"nm_tipo_equipamento":"CEU EMEI","tx_tipo_equipamento":"ESCOLA MUNICIPAL DE EDUCACAO INFANTIL LOCALIZADA NO CENTRO EDUCACIONAL UNIFICADO","cd_identificador_classe_equipamento":7,"nm_classe_equipamento":"CEU","tx_classe_equipamento":"CEU","cd_identificador_esfera_administrativa_equipamento":3,"nm_esfera_administrativa_equipamento":"PRIVADA","tx_esfera_administrativa_equipamento":"REDE PRIVADA (INCLUI ESTABELECIMENTOS PARTICULARES, COMUNITARIOS, CONFESSIONAIS, FILANTROPRICOS, CONVENIADOS OU NAO COM A PREFEITURA)","cd_equipamento":"35056583","nm_equipamento":"CEU EMEI ALVARENGA","tx_endereco_equipamento":"DO ALVARENGA, 3752","nm_bairro_equipamento":"BALNEARIO SAO FRANCISCO","cd_cep_equipamento":"04474-340","tx_horario_funcionamento":"","tx_numero_telefone":"56722512","cd_equipamento_base_origem":"35056583"}},{"type":"Feature","id":"equipamento_educacao_ceu_v2.52516","geometry":{"type":"Point","coordinates":[332125.6051,7377354.4455]},"geometry_name":"ge_ponto","properties":{"cd_identificador":52516,"cd_identificador_tema_equipamento":4,"nm_tema_equipamento":"EDUCACAO","cd_identificador_rede_equipamento":0,"nm_rede_equipamento":"SEM REDE","tx_rede_equipamento":"Sem descrição","cd_identificador_tipo_equipamento":305,"nm_tipo_equipamento":"CEU CEI","tx_tipo_equipamento":"CENTRO DE EDUCACAO INFANTIL MUNICIPAL LOCALIZADO NO CENTRO EDUCACIONAL UNIFICADO","cd_identificador_classe_equipamento":7,"nm_classe_equipamento":"CEU","tx_classe_equipamento":"CEU","cd_identificador_esfera_administrativa_equipamento":3,"nm_esfera_administrativa_equipamento":"PRIVADA","tx_esfera_administrativa_equipamento":"REDE PRIVADA (INCLUI ESTABELECIMENTOS PARTICULARES, COMUNITARIOS, CONFESSIONAIS, FILANTROPRICOS, CONVENIADOS OU NAO COM A PREFEITURA)","cd_equipamento":"35056704","nm_equipamento":"CEU CEI ALVARENGA","tx_endereco_equipamento":"DO ALVARENGA, 3752","nm_bairro_equipamento":"BALNEARIO SAO FRANCISCO","cd_cep_equipamento":"04474-340","tx_horario_funcionamento":"","tx_numero_telefone":"56722557","cd_equipamento_base_origem":"35056704"}},{"type":"Feature","id":"equipamento_educacao_ceu_v2.52517","geometry":{"type":"Point","coordinates":[346596.7053,7392482.2759]},"geometry_name":"ge_ponto","properties":{"cd_identificador":52517,"cd_identificador_tema_equipamento":4,"nm_tema_equipamento":"EDUCACAO","cd_identificador_rede_equipamento":0,"nm_rede_equipamento":"SEM REDE","tx_rede_equipamento":"Sem descrição","cd_identificador_tipo_equipamento":306,"nm_tipo_equipamento":"CEU EMEF","tx_tipo_equipamento":"ESCOLA MUNICIPAL DE ENSINO FUNDAMENTAL LOCALIZADA NO CENTRO EDUCACIONAL UNIFICADO","cd_identificador_classe_equipamento":7,"nm_classe_equipamento":"CEU","tx_classe_equipamento":"CEU","cd_identificador_esfera_administrativa_equipamento":3,"nm_esfera_administrativa_equipamento":"PRIVADA","tx_esfera_administrativa_equipamento":"REDE PRIVADA (INCLUI ESTABELECIMENTOS PARTICULARES, COMUNITARIOS, CONFESSIONAIS, FILANTROPRICOS, CONVENIADOS OU NAO COM A PREFEITURA)","cd_equipamento":"35056716","nm_equipamento":"CEU EMEF PAULO GOMES CARDIM PROF DR","tx_endereco_equipamento":"OLGA FADEL ABARCA, S/N","nm_bairro_equipamento":"JARDIM SANTA TERESINHA","cd_cep_equipamento":"03572-020","tx_horario_funcionamento":"","tx_numero_telefone":"27237539","cd_equipamento_base_origem":"35056716"}},{"type":"Feature","id":"equipamento_educacao_ceu_v2.52518","geometry":{"type":"Point","coordinates":[346560.678,7392590.1078]},"geometry_name":"ge_ponto","properties":{"cd_identificador":52518,"cd_identificador_tema_equipamento":4,"nm_tema_equipamento":"EDUCACAO","cd_identificador_rede_equipamento":0,"nm_rede_equipamento":"SEM REDE","tx_rede_equipamento":"Sem descrição","cd_identificador_tipo_equipamento":307,"nm_tipo_equipamento":"CEU EMEI","tx_tipo_equipamento":"ESCOLA MUNICIPAL DE EDUCACAO INFANTIL LOCALIZADA NO CENTRO EDUCACIONAL UNIFICADO","cd_identificador_classe_equipamento":7,"nm_classe_equipamento":"CEU","tx_classe_equipamento":"CEU","cd_identificador_esfera_administrativa_equipamento":3,"nm_esfera_administrativa_equipamento":"PRIVADA","tx_esfera_administrativa_equipamento":"REDE PRIVADA (INCLUI ESTABELECIMENTOS PARTICULARES, COMUNITARIOS, CONFESSIONAIS, FILANTROPRICOS, CONVENIADOS OU NAO COM A PREFEITURA)","cd_equipamento":"35056881","nm_equipamento":"CEU EMEI ARICANDUVA","tx_endereco_equipamento":"OLGA FADEL ABARCA, S/N","nm_bairro_equipamento":"JARDIM SANTA TEREZINHA ZONA LESTE","cd_cep_equipamento":"03572-020","tx_horario_funcionamento":"","tx_numero_telefone":"27211097","cd_equipamento_base_origem":"35056881"}},{"type":"Feature","id":"equipamento_educacao_ceu_v2.52519","geometry":{"type":"Point","coordinates":[346611.1793,7392538.6943]},"geometry_name":"ge_ponto","properties":{"cd_identificador":52519,"cd_identificador_tema_equipamento":4,"nm_tema_equipamento":"EDUCACAO","cd_identificador_rede_equipamento":0,"nm_rede_equipamento":"SEM REDE","tx_rede_equipamento":"Sem descrição","cd_identificador_tipo_equipamento":305,"nm_tipo_equipamento":"CEU CEI","tx_tipo_equipamento":"CENTRO DE EDUCACAO INFANTIL MUNICIPAL LOCALIZADO NO CENTRO EDUCACIONAL UNIFICADO","cd_identificador_classe_equipamento":7,"nm_classe_equipamento":"CEU","tx_classe_equipamento":"CEU","cd_identificador_esfera_administrativa_equipamento":3,"nm_esfera_administrativa_equipamento":"PRIVADA","tx_esfera_administrativa_equipamento":"REDE PRIVADA (INCLUI ESTABELECIMENTOS PARTICULARES, COMUNITARIOS, CONFESSIONAIS, FILANTROPRICOS, CONVENIADOS OU NAO COM A PREFEITURA)","cd_equipamento":"35056972","nm_equipamento":"CEU CEI DIRCE MIGLIACCIO","tx_endereco_equipamento":"OLGA FADEL ABARCA, S/N","nm_bairro_equipamento":"JARDIM SANTA TEREZINHA ZONA LESTE","cd_cep_equipamento":"03572-020","tx_horario_funcionamento":"","tx_numero_telefone":"27237538","cd_equipamento_base_origem":"35056972"}},{"type":"Feature","id":"equipamento_educacao_ceu_v2.52520","geometry":{"type":"Point","coordinates":[321415.0393,7390977.0197]},"geometry_name":"ge_ponto","properties":{"cd_identificador":52520,"cd_identificador_tema_equipamento":4,"nm_tema_equipamento":"EDUCACAO","cd_identificador_rede_equipamento":0,"nm_rede_equipamento":"SEM REDE","tx_rede_equipamento":"Sem descrição","cd_identificador_tipo_equipamento":306,"nm_tipo_equipamento":"CEU EMEF","tx_tipo_equipamento":"ESCOLA MUNICIPAL DE ENSINO FUNDAMENTAL LOCALIZADA NO CENTRO EDUCACIONAL UNIFICADO","cd_identificador_classe_equipamento":7,"nm_classe_equipamento":"CEU","tx_classe_equipamento":"CEU","cd_identificador_esfera_administrativa_equipamento":3,"nm_esfera_administrativa_equipamento":"PRIVADA","tx_esfera_administrativa_equipamento":"REDE PRIVADA (INCLUI ESTABELECIMENTOS PARTICULARES, COMUNITARIOS, CONFESSIONAIS, FILANTROPRICOS, CONVENIADOS OU NAO COM A PREFEITURA)","cd_equipamento":"35056996","nm_equipamento":"CEU EMEF BUTANTA","tx_endereco_equipamento":"ENGENHEIRO HEITOR ANTONIO EIRAS GARCIA, 1870","nm_bairro_equipamento":"JARDIM ESMERALDA","cd_cep_equipamento":"05588-001","tx_horario_funcionamento":"","tx_numero_telefone":"37324530","cd_equipamento_base_origem":"35056996"}},{"type":"Feature","id":"equipamento_educacao_ceu_v2.52521","geometry":{"type":"Point","coordinates":[321415.0393,7390977.0197]},"geometry_name":"ge_ponto","properties":{"cd_identificador":52521,"cd_identificador_tema_equipamento":4,"nm_tema_equipamento":"EDUCACAO","cd_identificador_rede_equipamento":0,"nm_rede_equipamento":"SEM REDE","tx_rede_equipamento":"Sem descrição","cd_identificador_tipo_equipamento":307,"nm_tipo_equipamento":"CEU EMEI","tx_tipo_equipamento":"ESCOLA MUNICIPAL DE EDUCACAO INFANTIL LOCALIZADA NO CENTRO EDUCACIONAL UNIFICADO","cd_identificador_classe_equipamento":7,"nm_classe_equipamento":"CEU","tx_classe_equipamento":"CEU","cd_identificador_esfera_administrativa_equipamento":3,"nm_esfera_administrativa_equipamento":"PRIVADA","tx_esfera_administrativa_equipamento":"REDE PRIVADA (INCLUI ESTABELECIMENTOS PARTICULARES, COMUNITARIOS, CONFESSIONAIS, FILANTROPRICOS, CONVENIADOS OU NAO COM A PREFEITURA)","cd_equipamento":"35057022","nm_equipamento":"CEU EMEI BUTANTA","tx_endereco_equipamento":"ENGENHEIRO HEITOR ANTONIO EIRAS GARCIA, 1870","nm_bairro_equipamento":"JARDIM ESMERALDA","cd_cep_equipamento":"05588-001","tx_horario_funcionamento":"","tx_numero_telefone":"37324520","cd_equipamento_base_origem":"35057022"}},{"type":"Feature","id":"equipamento_educacao_ceu_v2.52522","geometry":{"type":"Point","coordinates":[321415.0393,7390977.0197]},"geometry_name":"ge_ponto","properties":{"cd_identificador":52522,"cd_identificador_tema_equipamento":4,"nm_tema_equipamento":"EDUCACAO","cd_identificador_rede_equipamento":0,"nm_rede_equipamento":"SEM REDE","tx_rede_equipamento":"Sem descrição","cd_identificador_tipo_equipamento":305,"nm_tipo_equipamento":"CEU CEI","tx_tipo_equipamento":"CENTRO DE EDUCACAO INFANTIL MUNICIPAL LOCALIZADO NO CENTRO EDUCACIONAL UNIFICADO","cd_identificador_classe_equipamento":7,"nm_classe_equipamento":"CEU","tx_classe_equipamento":"CEU","cd_identificador_esfera_administrativa_equipamento":3,"nm_esfera_administrativa_equipamento":"PRIVADA","tx_esfera_administrativa_equipamento":"REDE PRIVADA (INCLUI ESTABELECIMENTOS PARTICULARES, COMUNITARIOS, CONFESSIONAIS, FILANTROPRICOS, CONVENIADOS OU NAO COM A PREFEITURA)","cd_equipamento":"35057034","nm_equipamento":"CEU CEI BUTANTA","tx_endereco_equipamento":"ENGENHEIRO HEITOR ANTONIO EIRAS GARCIA, 1870","nm_bairro_equipamento":"JARDIM ESMERALDA","cd_cep_equipamento":"05564-000","tx_horario_funcionamento":"","tx_numero_telefone":null,"cd_equipamento_base_origem":"35057034"}},{"type":"Feature","id":"equipamento_educacao_ceu_v2.52523","geometry":{"type":"Point","coordinates":[326225.2887,7376742.6285]},"geometry_name":"ge_ponto","properties":{"cd_identificador":52523,"cd_identificador_tema_equipamento":4,"nm_tema_equipamento":"EDUCACAO","cd_identificador_rede_equipamento":0,"nm_rede_equipamento":"SEM REDE","tx_rede_equipamento":"Sem descrição","cd_identificador_tipo_equipamento":306,"nm_tipo_equipamento":"CEU EMEF","tx_tipo_equipamento":"ESCOLA MUNICIPAL DE ENSINO FUNDAMENTAL LOCALIZADA NO CENTRO EDUCACIONAL UNIFICADO","cd_identificador_classe_equipamento":7,"nm_classe_equipamento":"CEU","tx_classe_equipamento":"CEU","cd_identificador_esfera_administrativa_equipamento":3,"nm_esfera_administrativa_equipamento":"PRIVADA","tx_esfera_administrativa_equipamento":"REDE PRIVADA (INCLUI ESTABELECIMENTOS PARTICULARES, COMUNITARIOS, CONFESSIONAIS, FILANTROPRICOS, CONVENIADOS OU NAO COM A PREFEITURA)","cd_equipamento":"35057125","nm_equipamento":"CEU EMEF CIDADE DUTRA","tx_endereco_equipamento":"INTERLAGOS, 7350","nm_bairro_equipamento":"INTERLAGOS","cd_cep_equipamento":"04777-000","tx_horario_funcionamento":"","tx_numero_telefone":"56681935","cd_equipamento_base_origem":"35057125"}},{"type":"Feature","id":"equipamento_educacao_ceu_v2.52524","geometry":{"type":"Point","coordinates":[326225.2887,7376742.6285]},"geometry_name":"ge_ponto","properties":{"cd_identificador":52524,"cd_identificador_tema_equipamento":4,"nm_tema_equipamento":"EDUCACAO","cd_identificador_rede_equipamento":0,"nm_rede_equipamento":"SEM REDE","tx_rede_equipamento":"Sem descrição","cd_identificador_tipo_equipamento":305,"nm_tipo_equipamento":"CEU CEI","tx_tipo_equipamento":"CENTRO DE EDUCACAO INFANTIL MUNICIPAL LOCALIZADO NO CENTRO EDUCACIONAL UNIFICADO","cd_identificador_classe_equipamento":7,"nm_classe_equipamento":"CEU","tx_classe_equipamento":"CEU","cd_identificador_esfera_administrativa_equipamento":3,"nm_esfera_administrativa_equipamento":"PRIVADA","tx_esfera_administrativa_equipamento":"REDE PRIVADA (INCLUI ESTABELECIMENTOS PARTICULARES, COMUNITARIOS, CONFESSIONAIS, FILANTROPRICOS, CONVENIADOS OU NAO COM A PREFEITURA)","cd_equipamento":"35057289","nm_equipamento":"CEU CEI CIDADE DUTRA","tx_endereco_equipamento":"INTERLAGOS, 7350","nm_bairro_equipamento":"INTERLAGOS","cd_cep_equipamento":"04777-000","tx_horario_funcionamento":"","tx_numero_telefone":"56681911","cd_equipamento_base_origem":"35057289"}},{"type":"Feature","id":"equipamento_educacao_ceu_v2.52525","geometry":{"type":"Point","coordinates":[356041.6,7392916.1]},"geometry_name":"ge_ponto","properties":{"cd_identificador":52525,"cd_identificador_tema_equipamento":4,"nm_tema_equipamento":"EDUCACAO","cd_identificador_rede_equipamento":0,"nm_rede_equipamento":"SEM REDE","tx_rede_equipamento":"Sem descrição","cd_identificador_tipo_equipamento":306,"nm_tipo_equipamento":"CEU EMEF","tx_tipo_equipamento":"ESCOLA MUNICIPAL DE ENSINO FUNDAMENTAL LOCALIZADA NO CENTRO EDUCACIONAL UNIFICADO","cd_identificador_classe_equipamento":7,"nm_classe_equipamento":"CEU","tx_classe_equipamento":"CEU","cd_identificador_esfera_administrativa_equipamento":3,"nm_esfera_administrativa_equipamento":"PRIVADA","tx_esfera_administrativa_equipamento":"REDE PRIVADA (INCLUI ESTABELECIMENTOS PARTICULARES, COMUNITARIOS, CONFESSIONAIS, FILANTROPRICOS, CONVENIADOS OU NAO COM A PREFEITURA)","cd_equipamento":"35057332","nm_equipamento":"CEU EMEF INACIO MONTEIRO","tx_endereco_equipamento":"BARAO BARROSO DO AMAZONAS, 155","nm_bairro_equipamento":"COHAB INACIO MONTEIRO","cd_cep_equipamento":"08472-721","tx_horario_funcionamento":"","tx_numero_telefone":"25189023","cd_equipamento_base_origem":"35057332"}},{"type":"Feature","id":"equipamento_educacao_ceu_v2.52526","geometry":{"type":"Point","coordinates":[355949.2,7392717.6]},"geometry_name":"ge_ponto","properties":{"cd_identificador":52526,"cd_identificador_tema_equipamento":4,"nm_tema_equipamento":"EDUCACAO","cd_identificador_rede_equipamento":0,"nm_rede_equipamento":"SEM REDE","tx_rede_equipamento":"Sem descrição","cd_identificador_tipo_equipamento":307,"nm_tipo_equipamento":"CEU EMEI","tx_tipo_equipamento":"ESCOLA MUNICIPAL DE EDUCACAO INFANTIL LOCALIZADA NO CENTRO EDUCACIONAL UNIFICADO","cd_identificador_classe_equipamento":7,"nm_classe_equipamento":"CEU","tx_classe_equipamento":"CEU","cd_identificador_esfera_administrativa_equipamento":3,"nm_esfera_administrativa_equipamento":"PRIVADA","tx_esfera_administrativa_equipamento":"REDE PRIVADA (INCLUI ESTABELECIMENTOS PARTICULARES, COMUNITARIOS, CONFESSIONAIS, FILANTROPRICOS, CONVENIADOS OU NAO COM A PREFEITURA)","cd_equipamento":"35057484","nm_equipamento":"CEU EMEI INACIO MONTEIRO","tx_endereco_equipamento":"BARAO JOAQUIM DO AMPARO, 115","nm_bairro_equipamento":"CIDADE TIRADENTES","cd_cep_equipamento":"08472-725","tx_horario_funcionamento":"","tx_numero_telefone":"25189011","cd_equipamento_base_origem":"35057484"}},{"type":"Feature","id":"equipamento_educacao_ceu_v2.52527","geometry":{"type":"Point","coordinates":[355973.2,7392751.6]},"geometry_name":"ge_ponto","properties":{"cd_identificador":52527,"cd_identificador_tema_equipamento":4,"nm_tema_equipamento":"EDUCACAO","cd_identificador_rede_equipamento":0,"nm_rede_equipamento":"SEM REDE","tx_rede_equipamento":"Sem descrição","cd_identificador_tipo_equipamento":305,"nm_tipo_equipamento":"CEU CEI","tx_tipo_equipamento":"CENTRO DE EDUCACAO INFANTIL MUNICIPAL LOCALIZADO NO CENTRO EDUCACIONAL UNIFICADO","cd_identificador_classe_equipamento":7,"nm_classe_equipamento":"CEU","tx_classe_equipamento":"CEU","cd_identificador_esfera_administrativa_equipamento":3,"nm_esfera_administrativa_equipamento":"PRIVADA","tx_esfera_administrativa_equipamento":"REDE PRIVADA (INCLUI ESTABELECIMENTOS PARTICULARES, COMUNITARIOS, CONFESSIONAIS, FILANTROPRICOS, CONVENIADOS OU NAO COM A PREFEITURA)","cd_equipamento":"35057548","nm_equipamento":"CEU CEI JOSELY MARIA CARDOSO BENTO","tx_endereco_equipamento":"BARAO BARROSO DO AMAZONAS, 115","nm_bairro_equipamento":"COHAB INACIO MONTEIRO","cd_cep_equipamento":"08472-721","tx_horario_funcionamento":"","tx_numero_telefone":"25189034","cd_equipamento_base_origem":"35057548"}},{"type":"Feature","id":"equipamento_educacao_ceu_v2.52528","geometry":{"type":"Point","coordinates":[354636.9809,7396092.7309]},"geometry_name":"ge_ponto","properties":{"cd_identificador":52528,"cd_identificador_tema_equipamento":4,"nm_tema_equipamento":"EDUCACAO","cd_identificador_rede_equipamento":0,"nm_rede_equipamento":"SEM REDE","tx_rede_equipamento":"Sem descrição","cd_identificador_tipo_equipamento":306,"nm_tipo_equipamento":"CEU EMEF","tx_tipo_equipamento":"ESCOLA MUNICIPAL DE ENSINO FUNDAMENTAL LOCALIZADA NO CENTRO EDUCACIONAL UNIFICADO","cd_identificador_classe_equipamento":7,"nm_classe_equipamento":"CEU","tx_classe_equipamento":"CEU","cd_identificador_esfera_administrativa_equipamento":3,"nm_esfera_administrativa_equipamento":"PRIVADA","tx_esfera_administrativa_equipamento":"REDE PRIVADA (INCLUI ESTABELECIMENTOS PARTICULARES, COMUNITARIOS, CONFESSIONAIS, FILANTROPRICOS, CONVENIADOS OU NAO COM A PREFEITURA)","cd_equipamento":"35057551","nm_equipamento":"CEU EMEF JAMBEIRO","tx_endereco_equipamento":"JOSE PINHEIRO BORGES, 60","nm_bairro_equipamento":"JARDIM HELENA","cd_cep_equipamento":"08420-092","tx_horario_funcionamento":"","tx_numero_telefone":"29602041","cd_equipamento_base_origem":"35057551"}},{"type":"Feature","id":"equipamento_educacao_ceu_v2.52529","geometry":{"type":"Point","coordinates":[354636.9809,7396092.7309]},"geometry_name":"ge_ponto","properties":{"cd_identificador":52529,"cd_identificador_tema_equipamento":4,"nm_tema_equipamento":"EDUCACAO","cd_identificador_rede_equipamento":0,"nm_rede_equipamento":"SEM REDE","tx_rede_equipamento":"Sem descrição","cd_identificador_tipo_equipamento":307,"nm_tipo_equipamento":"CEU EMEI","tx_tipo_equipamento":"ESCOLA MUNICIPAL DE EDUCACAO INFANTIL LOCALIZADA NO CENTRO EDUCACIONAL UNIFICADO","cd_identificador_classe_equipamento":7,"nm_classe_equipamento":"CEU","tx_classe_equipamento":"CEU","cd_identificador_esfera_administrativa_equipamento":3,"nm_esfera_administrativa_equipamento":"PRIVADA","tx_esfera_administrativa_equipamento":"REDE PRIVADA (INCLUI ESTABELECIMENTOS PARTICULARES, COMUNITARIOS, CONFESSIONAIS, FILANTROPRICOS, CONVENIADOS OU NAO COM A PREFEITURA)","cd_equipamento":"35057575","nm_equipamento":"CEU EMEI THERESINHA SQUINCA DA SILVA PROFA","tx_endereco_equipamento":"JOSE PINHEIRO BORGES, 60","nm_bairro_equipamento":"JARDIM HELENA","cd_cep_equipamento":"08420-092","tx_horario_funcionamento":"","tx_numero_telefone":"29602020","cd_equipamento_base_origem":"35057575"}},{"type":"Feature","id":"equipamento_educacao_ceu_v2.52530","geometry":{"type":"Point","coordinates":[354636.9809,7396092.7309]},"geometry_name":"ge_ponto","properties":{"cd_identificador":52530,"cd_identificador_tema_equipamento":4,"nm_tema_equipamento":"EDUCACAO","cd_identificador_rede_equipamento":0,"nm_rede_equipamento":"SEM REDE","tx_rede_equipamento":"Sem descrição","cd_identificador_tipo_equipamento":305,"nm_tipo_equipamento":"CEU CEI","tx_tipo_equipamento":"CENTRO DE EDUCACAO INFANTIL MUNICIPAL LOCALIZADO NO CENTRO EDUCACIONAL UNIFICADO","cd_identificador_classe_equipamento":7,"nm_classe_equipamento":"CEU","tx_classe_equipamento":"CEU","cd_identificador_esfera_administrativa_equipamento":3,"nm_esfera_administrativa_equipamento":"PRIVADA","tx_esfera_administrativa_equipamento":"REDE PRIVADA (INCLUI ESTABELECIMENTOS PARTICULARES, COMUNITARIOS, CONFESSIONAIS, FILANTROPRICOS, CONVENIADOS OU NAO COM A PREFEITURA)","cd_equipamento":"35057605","nm_equipamento":"CEU CEI EVANIR APARECIDA HILARIO PROFA","tx_endereco_equipamento":"JOSE PINHEIRO BORGES, 60","nm_bairro_equipamento":"JARDIM HELENA","cd_cep_equipamento":"08420-092","tx_horario_funcionamento":"","tx_numero_telefone":"29602012","cd_equipamento_base_origem":"35057605"}},{"type":"Feature","id":"equipamento_educacao_ceu_v2.52531","geometry":{"type":"Point","coordinates":[338344.1191,7386800.2919]},"geometry_name":"ge_ponto","properties":{"cd_identificador":52531,"cd_identificador_tema_equipamento":4,"nm_tema_equipamento":"EDUCACAO","cd_identificador_rede_equipamento":0,"nm_rede_equipamento":"SEM REDE","tx_rede_equipamento":"Sem descrição","cd_identificador_tipo_equipamento":306,"nm_tipo_equipamento":"CEU EMEF","tx_tipo_equipamento":"ESCOLA MUNICIPAL DE ENSINO FUNDAMENTAL LOCALIZADA NO CENTRO EDUCACIONAL UNIFICADO","cd_identificador_classe_equipamento":7,"nm_classe_equipamento":"CEU","tx_classe_equipamento":"CEU","cd_identificador_esfera_administrativa_equipamento":3,"nm_esfera_administrativa_equipamento":"PRIVADA","tx_esfera_administrativa_equipamento":"REDE PRIVADA (INCLUI ESTABELECIMENTOS PARTICULARES, COMUNITARIOS, CONFESSIONAIS, FILANTROPRICOS, CONVENIADOS OU NAO COM A PREFEITURA)","cd_equipamento":"35057666","nm_equipamento":"CEU EMEF MENINOS","tx_endereco_equipamento":"BARBINOS, 111","nm_bairro_equipamento":"SAO JOAO CLIMACO","cd_cep_equipamento":"04240-110","tx_horario_funcionamento":"","tx_numero_telefone":"29452535","cd_equipamento_base_origem":"35057666"}},{"type":"Feature","id":"equipamento_educacao_ceu_v2.52532","geometry":{"type":"Point","coordinates":[338344.1191,7386800.2919]},"geometry_name":"ge_ponto","properties":{"cd_identificador":52532,"cd_identificador_tema_equipamento":4,"nm_tema_equipamento":"EDUCACAO","cd_identificador_rede_equipamento":0,"nm_rede_equipamento":"SEM REDE","tx_rede_equipamento":"Sem descrição","cd_identificador_tipo_equipamento":305,"nm_tipo_equipamento":"CEU CEI","tx_tipo_equipamento":"CENTRO DE EDUCACAO INFANTIL MUNICIPAL LOCALIZADO NO CENTRO EDUCACIONAL UNIFICADO","cd_identificador_classe_equipamento":7,"nm_classe_equipamento":"CEU","tx_classe_equipamento":"CEU","cd_identificador_esfera_administrativa_equipamento":3,"nm_esfera_administrativa_equipamento":"PRIVADA","tx_esfera_administrativa_equipamento":"REDE PRIVADA (INCLUI ESTABELECIMENTOS PARTICULARES, COMUNITARIOS, CONFESSIONAIS, FILANTROPRICOS, CONVENIADOS OU NAO COM A PREFEITURA)","cd_equipamento":"35057691","nm_equipamento":"CEU CEI MENINOS","tx_endereco_equipamento":"BARBINOS, 111","nm_bairro_equipamento":"SAO JOAO CLIMACO","cd_cep_equipamento":"04240-110","tx_horario_funcionamento":"","tx_numero_telefone":"29452542","cd_equipamento_base_origem":"35057691"}},{"type":"Feature","id":"equipamento_educacao_ceu_v2.52533","geometry":{"type":"Point","coordinates":[330770.6879,7373138.5262]},"geometry_name":"ge_ponto","properties":{"cd_identificador":52533,"cd_identificador_tema_equipamento":4,"nm_tema_equipamento":"EDUCACAO","cd_identificador_rede_equipamento":0,"nm_rede_equipamento":"SEM REDE","tx_rede_equipamento":"Sem descrição","cd_identificador_tipo_equipamento":307,"nm_tipo_equipamento":"CEU EMEI","tx_tipo_equipamento":"ESCOLA MUNICIPAL DE EDUCACAO INFANTIL LOCALIZADA NO CENTRO EDUCACIONAL UNIFICADO","cd_identificador_classe_equipamento":7,"nm_classe_equipamento":"CEU","tx_classe_equipamento":"CEU","cd_identificador_esfera_administrativa_equipamento":3,"nm_esfera_administrativa_equipamento":"PRIVADA","tx_esfera_administrativa_equipamento":"REDE PRIVADA (INCLUI ESTABELECIMENTOS PARTICULARES, COMUNITARIOS, CONFESSIONAIS, FILANTROPRICOS, CONVENIADOS OU NAO COM A PREFEITURA)","cd_equipamento":"35057733","nm_equipamento":"CEU EMEI NAVEGANTES","tx_endereco_equipamento":"MARIA MOASSAB BARBOUR, S/N","nm_bairro_equipamento":"CANTINHO DO CEU","cd_cep_equipamento":"04849-503","tx_horario_funcionamento":"","tx_numero_telefone":"59765508","cd_equipamento_base_origem":"35057733"}},{"type":"Feature","id":"equipamento_educacao_ceu_v2.52534","geometry":{"type":"Point","coordinates":[330800.049,7373151.0647]},"geometry_name":"ge_ponto","properties":{"cd_identificador":52534,"cd_identificador_tema_equipamento":4,"nm_tema_equipamento":"EDUCACAO","cd_identificador_rede_equipamento":0,"nm_rede_equipamento":"SEM REDE","tx_rede_equipamento":"Sem descrição","cd_identificador_tipo_equipamento":305,"nm_tipo_equipamento":"CEU CEI","tx_tipo_equipamento":"CENTRO DE EDUCACAO INFANTIL MUNICIPAL LOCALIZADO NO CENTRO EDUCACIONAL UNIFICADO","cd_identificador_classe_equipamento":7,"nm_classe_equipamento":"CEU","tx_classe_equipamento":"CEU","cd_identificador_esfera_administrativa_equipamento":3,"nm_esfera_administrativa_equipamento":"PRIVADA","tx_esfera_administrativa_equipamento":"REDE PRIVADA (INCLUI ESTABELECIMENTOS PARTICULARES, COMUNITARIOS, CONFESSIONAIS, FILANTROPRICOS, CONVENIADOS OU NAO COM A PREFEITURA)","cd_equipamento":"35057812","nm_equipamento":"CEU CEI NAVEGANTES","tx_endereco_equipamento":"MARIA MOASSAB BARBOUR, S/N","nm_bairro_equipamento":"CANTINHO DO CEU","cd_cep_equipamento":"04849-503","tx_horario_funcionamento":"","tx_numero_telefone":"59765515","cd_equipamento_base_origem":"35057812"}},{"type":"Feature","id":"equipamento_educacao_ceu_v2.52535","geometry":{"type":"Point","coordinates":[349526.8,7398970.6]},"geometry_name":"ge_ponto","properties":{"cd_identificador":52535,"cd_identificador_tema_equipamento":4,"nm_tema_equipamento":"EDUCACAO","cd_identificador_rede_equipamento":0,"nm_rede_equipamento":"SEM REDE","tx_rede_equipamento":"Sem descrição","cd_identificador_tipo_equipamento":306,"nm_tipo_equipamento":"CEU EMEF","tx_tipo_equipamento":"ESCOLA MUNICIPAL DE ENSINO FUNDAMENTAL LOCALIZADA NO CENTRO EDUCACIONAL UNIFICADO","cd_identificador_classe_equipamento":7,"nm_classe_equipamento":"CEU","tx_classe_equipamento":"CEU","cd_identificador_esfera_administrativa_equipamento":3,"nm_esfera_administrativa_equipamento":"PRIVADA","tx_esfera_administrativa_equipamento":"REDE PRIVADA (INCLUI ESTABELECIMENTOS PARTICULARES, COMUNITARIOS, CONFESSIONAIS, FILANTROPRICOS, CONVENIADOS OU NAO COM A PREFEITURA)","cd_equipamento":"35057836","nm_equipamento":"CEU EMEF PARQUE SAO CARLOS","tx_endereco_equipamento":"CLAREAR, 643","nm_bairro_equipamento":"JARDIM SAO CARLOS ZONA LESTE","cd_cep_equipamento":"08062-590","tx_horario_funcionamento":"","tx_numero_telefone":"20454214","cd_equipamento_base_origem":"35057836"}},{"type":"Feature","id":"equipamento_educacao_ceu_v2.52536","geometry":{"type":"Point","coordinates":[349526.8,7398970.6]},"geometry_name":"ge_ponto","properties":{"cd_identificador":52536,"cd_identificador_tema_equipamento":4,"nm_tema_equipamento":"EDUCACAO","cd_identificador_rede_equipamento":0,"nm_rede_equipamento":"SEM REDE","tx_rede_equipamento":"Sem descrição","cd_identificador_tipo_equipamento":305,"nm_tipo_equipamento":"CEU CEI","tx_tipo_equipamento":"CENTRO DE EDUCACAO INFANTIL MUNICIPAL LOCALIZADO NO CENTRO EDUCACIONAL UNIFICADO","cd_identificador_classe_equipamento":7,"nm_classe_equipamento":"CEU","tx_classe_equipamento":"CEU","cd_identificador_esfera_administrativa_equipamento":3,"nm_esfera_administrativa_equipamento":"PRIVADA","tx_esfera_administrativa_equipamento":"REDE PRIVADA (INCLUI ESTABELECIMENTOS PARTICULARES, COMUNITARIOS, CONFESSIONAIS, FILANTROPRICOS, CONVENIADOS OU NAO COM A PREFEITURA)","cd_equipamento":"35057873","nm_equipamento":"CEU CEI PARQUE SAO CARLOS","tx_endereco_equipamento":"CLAREAR, 643","nm_bairro_equipamento":"JARDIM SAO CARLOS ZONA LESTE","cd_cep_equipamento":"08062-590","tx_horario_funcionamento":"","tx_numero_telefone":"20454234","cd_equipamento_base_origem":"35057873"}},{"type":"Feature","id":"equipamento_educacao_ceu_v2.52537","geometry":{"type":"Point","coordinates":[358108.5,7398971.9]},"geometry_name":"ge_ponto","properties":{"cd_identificador":52537,"cd_identificador_tema_equipamento":4,"nm_tema_equipamento":"EDUCACAO","cd_identificador_rede_equipamento":0,"nm_rede_equipamento":"SEM REDE","tx_rede_equipamento":"Sem descrição","cd_identificador_tipo_equipamento":307,"nm_tipo_equipamento":"CEU EMEI","tx_tipo_equipamento":"ESCOLA MUNICIPAL DE EDUCACAO INFANTIL LOCALIZADA NO CENTRO EDUCACIONAL UNIFICADO","cd_identificador_classe_equipamento":7,"nm_classe_equipamento":"CEU","tx_classe_equipamento":"CEU","cd_identificador_esfera_administrativa_equipamento":3,"nm_esfera_administrativa_equipamento":"PRIVADA","tx_esfera_administrativa_equipamento":"REDE PRIVADA (INCLUI ESTABELECIMENTOS PARTICULARES, COMUNITARIOS, CONFESSIONAIS, FILANTROPRICOS, CONVENIADOS OU NAO COM A PREFEITURA)","cd_equipamento":"35057903","nm_equipamento":"CEU EMEI ANTON MAKARENKO","tx_endereco_equipamento":"DANIEL MULLER, 347","nm_bairro_equipamento":"CHACARA DONA OLIVIA","cd_cep_equipamento":"08141-290","tx_horario_funcionamento":"","tx_numero_telefone":"25636225","cd_equipamento_base_origem":"35057903"}},{"type":"Feature","id":"equipamento_educacao_ceu_v2.52538","geometry":{"type":"Point","coordinates":[358108.5,7398971.9]},"geometry_name":"ge_ponto","properties":{"cd_identificador":52538,"cd_identificador_tema_equipamento":4,"nm_tema_equipamento":"EDUCACAO","cd_identificador_rede_equipamento":0,"nm_rede_equipamento":"SEM REDE","tx_rede_equipamento":"Sem descrição","cd_identificador_tipo_equipamento":305,"nm_tipo_equipamento":"CEU CEI","tx_tipo_equipamento":"CENTRO DE EDUCACAO INFANTIL MUNICIPAL LOCALIZADO NO CENTRO EDUCACIONAL UNIFICADO","cd_identificador_classe_equipamento":7,"nm_classe_equipamento":"CEU","tx_classe_equipamento":"CEU","cd_identificador_esfera_administrativa_equipamento":3,"nm_esfera_administrativa_equipamento":"PRIVADA","tx_esfera_administrativa_equipamento":"REDE PRIVADA (INCLUI ESTABELECIMENTOS PARTICULARES, COMUNITARIOS, CONFESSIONAIS, FILANTROPRICOS, CONVENIADOS OU NAO COM A PREFEITURA)","cd_equipamento":"35057915","nm_equipamento":"CEU CEI BENEDITO GALAVOTE PROF","tx_endereco_equipamento":"DANIEL MULLER, 347","nm_bairro_equipamento":"CHACARA DONA OLIVIA","cd_cep_equipamento":"08141-290","tx_horario_funcionamento":"","tx_numero_telefone":"25636216","cd_equipamento_base_origem":"35057915"}},{"type":"Feature","id":"equipamento_educacao_ceu_v2.52539","geometry":{"type":"Point","coordinates":[321177.1014,7407008.7722]},"geometry_name":"ge_ponto","properties":{"cd_identificador":52539,"cd_identificador_tema_equipamento":4,"nm_tema_equipamento":"EDUCACAO","cd_identificador_rede_equipamento":0,"nm_rede_equipamento":"SEM REDE","tx_rede_equipamento":"Sem descrição","cd_identificador_tipo_equipamento":306,"nm_tipo_equipamento":"CEU EMEF","tx_tipo_equipamento":"ESCOLA MUNICIPAL DE ENSINO FUNDAMENTAL LOCALIZADA NO CENTRO EDUCACIONAL UNIFICADO","cd_identificador_classe_equipamento":7,"nm_classe_equipamento":"CEU","tx_classe_equipamento":"CEU","cd_identificador_esfera_administrativa_equipamento":3,"nm_esfera_administrativa_equipamento":"PRIVADA","tx_esfera_administrativa_equipamento":"REDE PRIVADA (INCLUI ESTABELECIMENTOS PARTICULARES, COMUNITARIOS, CONFESSIONAIS, FILANTROPRICOS, CONVENIADOS OU NAO COM A PREFEITURA)","cd_equipamento":"35058002","nm_equipamento":"CEU EMEF PERA MARMELO","tx_endereco_equipamento":"PERAMARMELO, 226","nm_bairro_equipamento":"JARDIM SANTA LUCRECIA","cd_cep_equipamento":"05185-420","tx_horario_funcionamento":"","tx_numero_telefone":"39483942","cd_equipamento_base_origem":"35058002"}},{"type":"Feature","id":"equipamento_educacao_ceu_v2.52540","geometry":{"type":"Point","coordinates":[321177.1014,7407008.7722]},"geometry_name":"ge_ponto","properties":{"cd_identificador":52540,"cd_identificador_tema_equipamento":4,"nm_tema_equipamento":"EDUCACAO","cd_identificador_rede_equipamento":0,"nm_rede_equipamento":"SEM REDE","tx_rede_equipamento":"Sem descrição","cd_identificador_tipo_equipamento":307,"nm_tipo_equipamento":"CEU EMEI","tx_tipo_equipamento":"ESCOLA MUNICIPAL DE EDUCACAO INFANTIL LOCALIZADA NO CENTRO EDUCACIONAL UNIFICADO","cd_identificador_classe_equipamento":7,"nm_classe_equipamento":"CEU","tx_classe_equipamento":"CEU","cd_identificador_esfera_administrativa_equipamento":3,"nm_esfera_administrativa_equipamento":"PRIVADA","tx_esfera_administrativa_equipamento":"REDE PRIVADA (INCLUI ESTABELECIMENTOS PARTICULARES, COMUNITARIOS, CONFESSIONAIS, FILANTROPRICOS, CONVENIADOS OU NAO COM A PREFEITURA)","cd_equipamento":"35058051","nm_equipamento":"CEU EMEI PERA MARMELO","tx_endereco_equipamento":"PERAMARMELO, 226","nm_bairro_equipamento":"JARDIM SANTA LUCRECIA","cd_cep_equipamento":"05185-420","tx_horario_funcionamento":"","tx_numero_telefone":"39483919","cd_equipamento_base_origem":"35058051"}},{"type":"Feature","id":"equipamento_educacao_ceu_v2.52541","geometry":{"type":"Point","coordinates":[321177.1014,7407008.7722]},"geometry_name":"ge_ponto","properties":{"cd_identificador":52541,"cd_identificador_tema_equipamento":4,"nm_tema_equipamento":"EDUCACAO","cd_identificador_rede_equipamento":0,"nm_rede_equipamento":"SEM REDE","tx_rede_equipamento":"Sem descrição","cd_identificador_tipo_equipamento":305,"nm_tipo_equipamento":"CEU CEI","tx_tipo_equipamento":"CENTRO DE EDUCACAO INFANTIL MUNICIPAL LOCALIZADO NO CENTRO EDUCACIONAL UNIFICADO","cd_identificador_classe_equipamento":7,"nm_classe_equipamento":"CEU","tx_classe_equipamento":"CEU","cd_identificador_esfera_administrativa_equipamento":3,"nm_esfera_administrativa_equipamento":"PRIVADA","tx_esfera_administrativa_equipamento":"REDE PRIVADA (INCLUI ESTABELECIMENTOS PARTICULARES, COMUNITARIOS, CONFESSIONAIS, FILANTROPRICOS, CONVENIADOS OU NAO COM A PREFEITURA)","cd_equipamento":"35058063","nm_equipamento":"CEU CEI PERA MARMELO","tx_endereco_equipamento":"PERAMARMELO, 226","nm_bairro_equipamento":"JARDIM SANTA LUCRECIA","cd_cep_equipamento":"05185-420","tx_horario_funcionamento":"","tx_numero_telefone":"39483935","cd_equipamento_base_origem":"35058063"}},{"type":"Feature","id":"equipamento_educacao_ceu_v2.52542","geometry":{"type":"Point","coordinates":[320975.3952,7410416.1153]},"geometry_name":"ge_ponto","properties":{"cd_identificador":52542,"cd_identificador_tema_equipamento":4,"nm_tema_equipamento":"EDUCACAO","cd_identificador_rede_equipamento":0,"nm_rede_equipamento":"SEM REDE","tx_rede_equipamento":"Sem descrição","cd_identificador_tipo_equipamento":306,"nm_tipo_equipamento":"CEU EMEF","tx_tipo_equipamento":"ESCOLA MUNICIPAL DE ENSINO FUNDAMENTAL LOCALIZADA NO CENTRO EDUCACIONAL UNIFICADO","cd_identificador_classe_equipamento":7,"nm_classe_equipamento":"CEU","tx_classe_equipamento":"CEU","cd_identificador_esfera_administrativa_equipamento":3,"nm_esfera_administrativa_equipamento":"PRIVADA","tx_esfera_administrativa_equipamento":"REDE PRIVADA (INCLUI ESTABELECIMENTOS PARTICULARES, COMUNITARIOS, CONFESSIONAIS, FILANTROPRICOS, CONVENIADOS OU NAO COM A PREFEITURA)","cd_equipamento":"35058075","nm_equipamento":"CEU EMEF PERUS","tx_endereco_equipamento":"BERNARDO JOSE DE LORENA, S/N","nm_bairro_equipamento":"VILA FANTON","cd_cep_equipamento":"05203-200","tx_horario_funcionamento":"","tx_numero_telefone":"39158732","cd_equipamento_base_origem":"35058075"}},{"type":"Feature","id":"equipamento_educacao_ceu_v2.52543","geometry":{"type":"Point","coordinates":[320978.6319,7410420.5167]},"geometry_name":"ge_ponto","properties":{"cd_identificador":52543,"cd_identificador_tema_equipamento":4,"nm_tema_equipamento":"EDUCACAO","cd_identificador_rede_equipamento":0,"nm_rede_equipamento":"SEM REDE","tx_rede_equipamento":"Sem descrição","cd_identificador_tipo_equipamento":305,"nm_tipo_equipamento":"CEU CEI","tx_tipo_equipamento":"CENTRO DE EDUCACAO INFANTIL MUNICIPAL LOCALIZADO NO CENTRO EDUCACIONAL UNIFICADO","cd_identificador_classe_equipamento":7,"nm_classe_equipamento":"CEU","tx_classe_equipamento":"CEU","cd_identificador_esfera_administrativa_equipamento":3,"nm_esfera_administrativa_equipamento":"PRIVADA","tx_esfera_administrativa_equipamento":"REDE PRIVADA (INCLUI ESTABELECIMENTOS PARTICULARES, COMUNITARIOS, CONFESSIONAIS, FILANTROPRICOS, CONVENIADOS OU NAO COM A PREFEITURA)","cd_equipamento":"35058087","nm_equipamento":"CEU CEI PERUS","tx_endereco_equipamento":"BERNARDO JOSE DE LORENA, S/N","nm_bairro_equipamento":"VILA FANTON","cd_cep_equipamento":"05203-200","tx_horario_funcionamento":"","tx_numero_telefone":"39158717","cd_equipamento_base_origem":"35058087"}},{"type":"Feature","id":"equipamento_educacao_ceu_v2.52544","geometry":{"type":"Point","coordinates":[346787.0705,7386717.8455]},"geometry_name":"ge_ponto","properties":{"cd_identificador":52544,"cd_identificador_tema_equipamento":4,"nm_tema_equipamento":"EDUCACAO","cd_identificador_rede_equipamento":0,"nm_rede_equipamento":"SEM REDE","tx_rede_equipamento":"Sem descrição","cd_identificador_tipo_equipamento":307,"nm_tipo_equipamento":"CEU EMEI","tx_tipo_equipamento":"ESCOLA MUNICIPAL DE EDUCACAO INFANTIL LOCALIZADA NO CENTRO EDUCACIONAL UNIFICADO","cd_identificador_classe_equipamento":7,"nm_classe_equipamento":"CEU","tx_classe_equipamento":"CEU","cd_identificador_esfera_administrativa_equipamento":3,"nm_esfera_administrativa_equipamento":"PRIVADA","tx_esfera_administrativa_equipamento":"REDE PRIVADA (INCLUI ESTABELECIMENTOS PARTICULARES, COMUNITARIOS, CONFESSIONAIS, FILANTROPRICOS, CONVENIADOS OU NAO COM A PREFEITURA)","cd_equipamento":"35058117","nm_equipamento":"CEU EMEI ROSA DA CHINA","tx_endereco_equipamento":"CLARA PETRELA, 113","nm_bairro_equipamento":"JARDIM SAO ROBERTO","cd_cep_equipamento":"03978-500","tx_horario_funcionamento":"","tx_numero_telefone":"27012334","cd_equipamento_base_origem":"35058117"}},{"type":"Feature","id":"equipamento_educacao_ceu_v2.52545","geometry":{"type":"Point","coordinates":[346787.0705,7386717.8455]},"geometry_name":"ge_ponto","properties":{"cd_identificador":52545,"cd_identificador_tema_equipamento":4,"nm_tema_equipamento":"EDUCACAO","cd_identificador_rede_equipamento":0,"nm_rede_equipamento":"SEM REDE","tx_rede_equipamento":"Sem descrição","cd_identificador_tipo_equipamento":305,"nm_tipo_equipamento":"CEU CEI","tx_tipo_equipamento":"CENTRO DE EDUCACAO INFANTIL MUNICIPAL LOCALIZADO NO CENTRO EDUCACIONAL UNIFICADO","cd_identificador_classe_equipamento":7,"nm_classe_equipamento":"CEU","tx_classe_equipamento":"CEU","cd_identificador_esfera_administrativa_equipamento":3,"nm_esfera_administrativa_equipamento":"PRIVADA","tx_esfera_administrativa_equipamento":"REDE PRIVADA (INCLUI ESTABELECIMENTOS PARTICULARES, COMUNITARIOS, CONFESSIONAIS, FILANTROPRICOS, CONVENIADOS OU NAO COM A PREFEITURA)","cd_equipamento":"35058129","nm_equipamento":"CEU CEI ROSA DA CHINA","tx_endereco_equipamento":"CLARA PETRELA, 113","nm_bairro_equipamento":"JARDIM SAO ROBERTO","cd_cep_equipamento":"03978-500","tx_horario_funcionamento":"","tx_numero_telefone":"27012311","cd_equipamento_base_origem":"35058129"}},{"type":"Feature","id":"equipamento_educacao_ceu_v2.52546","geometry":{"type":"Point","coordinates":[352105.8172,7389033.3862]},"geometry_name":"ge_ponto","properties":{"cd_identificador":52546,"cd_identificador_tema_equipamento":4,"nm_tema_equipamento":"EDUCACAO","cd_identificador_rede_equipamento":0,"nm_rede_equipamento":"SEM REDE","tx_rede_equipamento":"Sem descrição","cd_identificador_tipo_equipamento":307,"nm_tipo_equipamento":"CEU EMEI","tx_tipo_equipamento":"ESCOLA MUNICIPAL DE EDUCACAO INFANTIL LOCALIZADA NO CENTRO EDUCACIONAL UNIFICADO","cd_identificador_classe_equipamento":7,"nm_classe_equipamento":"CEU","tx_classe_equipamento":"CEU","cd_identificador_esfera_administrativa_equipamento":3,"nm_esfera_administrativa_equipamento":"PRIVADA","tx_esfera_administrativa_equipamento":"REDE PRIVADA (INCLUI ESTABELECIMENTOS PARTICULARES, COMUNITARIOS, CONFESSIONAIS, FILANTROPRICOS, CONVENIADOS OU NAO COM A PREFEITURA)","cd_equipamento":"35058166","nm_equipamento":"CEU EMEI SAO MATEUS","tx_endereco_equipamento":"CURUMATIM, 201","nm_bairro_equipamento":"PARQUE BOA ESPERANCA","cd_cep_equipamento":"08341-240","tx_horario_funcionamento":"","tx_numero_telefone":"27328129","cd_equipamento_base_origem":"35058166"}},{"type":"Feature","id":"equipamento_educacao_ceu_v2.52547","geometry":{"type":"Point","coordinates":[352105.8172,7389033.3862]},"geometry_name":"ge_ponto","properties":{"cd_identificador":52547,"cd_identificador_tema_equipamento":4,"nm_tema_equipamento":"EDUCACAO","cd_identificador_rede_equipamento":0,"nm_rede_equipamento":"SEM REDE","tx_rede_equipamento":"Sem descrição","cd_identificador_tipo_equipamento":305,"nm_tipo_equipamento":"CEU CEI","tx_tipo_equipamento":"CENTRO DE EDUCACAO INFANTIL MUNICIPAL LOCALIZADO NO CENTRO EDUCACIONAL UNIFICADO","cd_identificador_classe_equipamento":7,"nm_classe_equipamento":"CEU","tx_classe_equipamento":"CEU","cd_identificador_esfera_administrativa_equipamento":3,"nm_esfera_administrativa_equipamento":"PRIVADA","tx_esfera_administrativa_equipamento":"REDE PRIVADA (INCLUI ESTABELECIMENTOS PARTICULARES, COMUNITARIOS, CONFESSIONAIS, FILANTROPRICOS, CONVENIADOS OU NAO COM A PREFEITURA)","cd_equipamento":"35058178","nm_equipamento":"CEU CEI SAO MATEUS","tx_endereco_equipamento":"CURUMATIM, 201","nm_bairro_equipamento":"PARQUE BOA ESPERANCA","cd_cep_equipamento":"08341-240","tx_horario_funcionamento":"","tx_numero_telefone":"27328110","cd_equipamento_base_origem":"35058178"}},{"type":"Feature","id":"equipamento_educacao_ceu_v2.52548","geometry":{"type":"Point","coordinates":[319992.6988,7402026.821]},"geometry_name":"ge_ponto","properties":{"cd_identificador":52548,"cd_identificador_tema_equipamento":4,"nm_tema_equipamento":"EDUCACAO","cd_identificador_rede_equipamento":0,"nm_rede_equipamento":"SEM REDE","tx_rede_equipamento":"Sem descrição","cd_identificador_tipo_equipamento":306,"nm_tipo_equipamento":"CEU EMEF","tx_tipo_equipamento":"ESCOLA MUNICIPAL DE ENSINO FUNDAMENTAL LOCALIZADA NO CENTRO EDUCACIONAL UNIFICADO","cd_identificador_classe_equipamento":7,"nm_classe_equipamento":"CEU","tx_classe_equipamento":"CEU","cd_identificador_esfera_administrativa_equipamento":3,"nm_esfera_administrativa_equipamento":"PRIVADA","tx_esfera_administrativa_equipamento":"REDE PRIVADA (INCLUI ESTABELECIMENTOS PARTICULARES, COMUNITARIOS, CONFESSIONAIS, FILANTROPRICOS, CONVENIADOS OU NAO COM A PREFEITURA)","cd_equipamento":"35058185","nm_equipamento":"CEU EMEF VILA ATLANTICA","tx_endereco_equipamento":"CORONEL JOSE VENANCIO DIAS, 840","nm_bairro_equipamento":"JARAGUA","cd_cep_equipamento":"05160-030","tx_horario_funcionamento":"","tx_numero_telefone":"39018722","cd_equipamento_base_origem":"35058185"}},{"type":"Feature","id":"equipamento_educacao_ceu_v2.52549","geometry":{"type":"Point","coordinates":[319992.6988,7402026.821]},"geometry_name":"ge_ponto","properties":{"cd_identificador":52549,"cd_identificador_tema_equipamento":4,"nm_tema_equipamento":"EDUCACAO","cd_identificador_rede_equipamento":0,"nm_rede_equipamento":"SEM REDE","tx_rede_equipamento":"Sem descrição","cd_identificador_tipo_equipamento":307,"nm_tipo_equipamento":"CEU EMEI","tx_tipo_equipamento":"ESCOLA MUNICIPAL DE EDUCACAO INFANTIL LOCALIZADA NO CENTRO EDUCACIONAL UNIFICADO","cd_identificador_classe_equipamento":7,"nm_classe_equipamento":"CEU","tx_classe_equipamento":"CEU","cd_identificador_esfera_administrativa_equipamento":3,"nm_esfera_administrativa_equipamento":"PRIVADA","tx_esfera_administrativa_equipamento":"REDE PRIVADA (INCLUI ESTABELECIMENTOS PARTICULARES, COMUNITARIOS, CONFESSIONAIS, FILANTROPRICOS, CONVENIADOS OU NAO COM A PREFEITURA)","cd_equipamento":"35058191","nm_equipamento":"CEU EMEI VILA ATLANTICA","tx_endereco_equipamento":"CORONEL JOSE VENANCIO DIAS, 840","nm_bairro_equipamento":"JARAGUA","cd_cep_equipamento":"05160-030","tx_horario_funcionamento":"","tx_numero_telefone":"39018736","cd_equipamento_base_origem":"35058191"}},{"type":"Feature","id":"equipamento_educacao_ceu_v2.52550","geometry":{"type":"Point","coordinates":[319992.6988,7402026.821]},"geometry_name":"ge_ponto","properties":{"cd_identificador":52550,"cd_identificador_tema_equipamento":4,"nm_tema_equipamento":"EDUCACAO","cd_identificador_rede_equipamento":0,"nm_rede_equipamento":"SEM REDE","tx_rede_equipamento":"Sem descrição","cd_identificador_tipo_equipamento":305,"nm_tipo_equipamento":"CEU CEI","tx_tipo_equipamento":"CENTRO DE EDUCACAO INFANTIL MUNICIPAL LOCALIZADO NO CENTRO EDUCACIONAL UNIFICADO","cd_identificador_classe_equipamento":7,"nm_classe_equipamento":"CEU","tx_classe_equipamento":"CEU","cd_identificador_esfera_administrativa_equipamento":3,"nm_esfera_administrativa_equipamento":"PRIVADA","tx_esfera_administrativa_equipamento":"REDE PRIVADA (INCLUI ESTABELECIMENTOS PARTICULARES, COMUNITARIOS, CONFESSIONAIS, FILANTROPRICOS, CONVENIADOS OU NAO COM A PREFEITURA)","cd_equipamento":"35058208","nm_equipamento":"CEU CEI VILA ATLANTICA","tx_endereco_equipamento":"CORONEL JOSE VENANCIO DIAS, 840","nm_bairro_equipamento":"JARAGUA","cd_cep_equipamento":"05160-030","tx_horario_funcionamento":"","tx_numero_telefone":"39018715","cd_equipamento_base_origem":"35058208"}},{"type":"Feature","id":"equipamento_educacao_ceu_v2.52551","geometry":{"type":"Point","coordinates":[355885.7074,7400933.9081]},"geometry_name":"ge_ponto","properties":{"cd_identificador":52551,"cd_identificador_tema_equipamento":4,"nm_tema_equipamento":"EDUCACAO","cd_identificador_rede_equipamento":0,"nm_rede_equipamento":"SEM REDE","tx_rede_equipamento":"Sem descrição","cd_identificador_tipo_equipamento":306,"nm_tipo_equipamento":"CEU EMEF","tx_tipo_equipamento":"ESCOLA MUNICIPAL DE ENSINO FUNDAMENTAL LOCALIZADA NO CENTRO EDUCACIONAL UNIFICADO","cd_identificador_classe_equipamento":7,"nm_classe_equipamento":"CEU","tx_classe_equipamento":"CEU","cd_identificador_esfera_administrativa_equipamento":3,"nm_esfera_administrativa_equipamento":"PRIVADA","tx_esfera_administrativa_equipamento":"REDE PRIVADA (INCLUI ESTABELECIMENTOS PARTICULARES, COMUNITARIOS, CONFESSIONAIS, FILANTROPRICOS, CONVENIADOS OU NAO COM A PREFEITURA)","cd_equipamento":"35058212","nm_equipamento":"CEU EMEF VILA CURUCA","tx_endereco_equipamento":"MARECHAL TITO, 3452","nm_bairro_equipamento":"ITAIM PAULISTA","cd_cep_equipamento":"08115-000","tx_horario_funcionamento":"","tx_numero_telefone":"25636110","cd_equipamento_base_origem":"35058212"}},{"type":"Feature","id":"equipamento_educacao_ceu_v2.52552","geometry":{"type":"Point","coordinates":[355877.5625,7400934.1609]},"geometry_name":"ge_ponto","properties":{"cd_identificador":52552,"cd_identificador_tema_equipamento":4,"nm_tema_equipamento":"EDUCACAO","cd_identificador_rede_equipamento":0,"nm_rede_equipamento":"SEM REDE","tx_rede_equipamento":"Sem descrição","cd_identificador_tipo_equipamento":307,"nm_tipo_equipamento":"CEU EMEI","tx_tipo_equipamento":"ESCOLA MUNICIPAL DE EDUCACAO INFANTIL LOCALIZADA NO CENTRO EDUCACIONAL UNIFICADO","cd_identificador_classe_equipamento":7,"nm_classe_equipamento":"CEU","tx_classe_equipamento":"CEU","cd_identificador_esfera_administrativa_equipamento":3,"nm_esfera_administrativa_equipamento":"PRIVADA","tx_esfera_administrativa_equipamento":"REDE PRIVADA (INCLUI ESTABELECIMENTOS PARTICULARES, COMUNITARIOS, CONFESSIONAIS, FILANTROPRICOS, CONVENIADOS OU NAO COM A PREFEITURA)","cd_equipamento":"35058257","nm_equipamento":"CEU EMEI APPARECIDO DOMINGUES PROF","tx_endereco_equipamento":"MARECHAL TITO, 3400","nm_bairro_equipamento":"ITAIM PAULISTA","cd_cep_equipamento":"08115-000","tx_horario_funcionamento":"","tx_numero_telefone":"25636122","cd_equipamento_base_origem":"35058257"}},{"type":"Feature","id":"equipamento_educacao_ceu_v2.52553","geometry":{"type":"Point","coordinates":[355877.5625,7400934.1609]},"geometry_name":"ge_ponto","properties":{"cd_identificador":52553,"cd_identificador_tema_equipamento":4,"nm_tema_equipamento":"EDUCACAO","cd_identificador_rede_equipamento":0,"nm_rede_equipamento":"SEM REDE","tx_rede_equipamento":"Sem descrição","cd_identificador_tipo_equipamento":305,"nm_tipo_equipamento":"CEU CEI","tx_tipo_equipamento":"CENTRO DE EDUCACAO INFANTIL MUNICIPAL LOCALIZADO NO CENTRO EDUCACIONAL UNIFICADO","cd_identificador_classe_equipamento":7,"nm_classe_equipamento":"CEU","tx_classe_equipamento":"CEU","cd_identificador_esfera_administrativa_equipamento":3,"nm_esfera_administrativa_equipamento":"PRIVADA","tx_esfera_administrativa_equipamento":"REDE PRIVADA (INCLUI ESTABELECIMENTOS PARTICULARES, COMUNITARIOS, CONFESSIONAIS, FILANTROPRICOS, CONVENIADOS OU NAO COM A PREFEITURA)","cd_equipamento":"35058440","nm_equipamento":"CEU CEI ANA LUCIA DE HOLANDA GAMBOA PROFA","tx_endereco_equipamento":"MARECHAL TITO, 3400","nm_bairro_equipamento":"ITAIM PAULISTA","cd_cep_equipamento":"08115-000","tx_horario_funcionamento":"","tx_numero_telefone":"25636123","cd_equipamento_base_origem":"35058440"}},{"type":"Feature","id":"equipamento_educacao_ceu_v2.52554","geometry":{"type":"Point","coordinates":[328763.9225,7370507.5972]},"geometry_name":"ge_ponto","properties":{"cd_identificador":52554,"cd_identificador_tema_equipamento":4,"nm_tema_equipamento":"EDUCACAO","cd_identificador_rede_equipamento":0,"nm_rede_equipamento":"SEM REDE","tx_rede_equipamento":"Sem descrição","cd_identificador_tipo_equipamento":306,"nm_tipo_equipamento":"CEU EMEF","tx_tipo_equipamento":"ESCOLA MUNICIPAL DE ENSINO FUNDAMENTAL LOCALIZADA NO CENTRO EDUCACIONAL UNIFICADO","cd_identificador_classe_equipamento":7,"nm_classe_equipamento":"CEU","tx_classe_equipamento":"CEU","cd_identificador_esfera_administrativa_equipamento":3,"nm_esfera_administrativa_equipamento":"PRIVADA","tx_esfera_administrativa_equipamento":"REDE PRIVADA (INCLUI ESTABELECIMENTOS PARTICULARES, COMUNITARIOS, CONFESSIONAIS, FILANTROPRICOS, CONVENIADOS OU NAO COM A PREFEITURA)","cd_equipamento":"35058452","nm_equipamento":"CEU EMEF TRES LAGOS","tx_endereco_equipamento":"MARIA MOURA DA CONCEICAO, S/N","nm_bairro_equipamento":"JARDIM BELCITO","cd_cep_equipamento":"04855-257","tx_horario_funcionamento":"","tx_numero_telefone":"59765628","cd_equipamento_base_origem":"35058452"}},{"type":"Feature","id":"equipamento_educacao_ceu_v2.52555","geometry":{"type":"Point","coordinates":[328749.7582,7370503.0796]},"geometry_name":"ge_ponto","properties":{"cd_identificador":52555,"cd_identificador_tema_equipamento":4,"nm_tema_equipamento":"EDUCACAO","cd_identificador_rede_equipamento":0,"nm_rede_equipamento":"SEM REDE","tx_rede_equipamento":"Sem descrição","cd_identificador_tipo_equipamento":307,"nm_tipo_equipamento":"CEU EMEI","tx_tipo_equipamento":"ESCOLA MUNICIPAL DE EDUCACAO INFANTIL LOCALIZADA NO CENTRO EDUCACIONAL UNIFICADO","cd_identificador_classe_equipamento":7,"nm_classe_equipamento":"CEU","tx_classe_equipamento":"CEU","cd_identificador_esfera_administrativa_equipamento":3,"nm_esfera_administrativa_equipamento":"PRIVADA","tx_esfera_administrativa_equipamento":"REDE PRIVADA (INCLUI ESTABELECIMENTOS PARTICULARES, COMUNITARIOS, CONFESSIONAIS, FILANTROPRICOS, CONVENIADOS OU NAO COM A PREFEITURA)","cd_equipamento":"35058464","nm_equipamento":"CEU EMEI TRES LAGOS","tx_endereco_equipamento":"MARIA MOURA DA CONCEICAO, S/N","nm_bairro_equipamento":"JARDIM BELCITO","cd_cep_equipamento":"04855-257","tx_horario_funcionamento":"","tx_numero_telefone":"59765626","cd_equipamento_base_origem":"35058464"}},{"type":"Feature","id":"equipamento_educacao_ceu_v2.52556","geometry":{"type":"Point","coordinates":[328747.7898,7370484.5684]},"geometry_name":"ge_ponto","properties":{"cd_identificador":52556,"cd_identificador_tema_equipamento":4,"nm_tema_equipamento":"EDUCACAO","cd_identificador_rede_equipamento":0,"nm_rede_equipamento":"SEM REDE","tx_rede_equipamento":"Sem descrição","cd_identificador_tipo_equipamento":305,"nm_tipo_equipamento":"CEU CEI","tx_tipo_equipamento":"CENTRO DE EDUCACAO INFANTIL MUNICIPAL LOCALIZADO NO CENTRO EDUCACIONAL UNIFICADO","cd_identificador_classe_equipamento":7,"nm_classe_equipamento":"CEU","tx_classe_equipamento":"CEU","cd_identificador_esfera_administrativa_equipamento":3,"nm_esfera_administrativa_equipamento":"PRIVADA","tx_esfera_administrativa_equipamento":"REDE PRIVADA (INCLUI ESTABELECIMENTOS PARTICULARES, COMUNITARIOS, CONFESSIONAIS, FILANTROPRICOS, CONVENIADOS OU NAO COM A PREFEITURA)","cd_equipamento":"35058488","nm_equipamento":"CEU CEI TRES LAGOS","tx_endereco_equipamento":"MARIA MOURA DA CONCEICAO, S/N","nm_bairro_equipamento":"JARDIM BELCITO","cd_cep_equipamento":"04855-257","tx_horario_funcionamento":"","tx_numero_telefone":"59765614","cd_equipamento_base_origem":"35058488"}},{"type":"Feature","id":"equipamento_educacao_ceu_v2.52566","geometry":{"type":"Point","coordinates":[322083.2698,7383847.2962]},"geometry_name":"ge_ponto","properties":{"cd_identificador":52566,"cd_identificador_tema_equipamento":4,"nm_tema_equipamento":"EDUCACAO","cd_identificador_rede_equipamento":0,"nm_rede_equipamento":"SEM REDE","tx_rede_equipamento":"Sem descrição","cd_identificador_tipo_equipamento":306,"nm_tipo_equipamento":"CEU EMEF","tx_tipo_equipamento":"ESCOLA MUNICIPAL DE ENSINO FUNDAMENTAL LOCALIZADA NO CENTRO EDUCACIONAL UNIFICADO","cd_identificador_classe_equipamento":7,"nm_classe_equipamento":"CEU","tx_classe_equipamento":"CEU","cd_identificador_esfera_administrativa_equipamento":3,"nm_esfera_administrativa_equipamento":"PRIVADA","tx_esfera_administrativa_equipamento":"REDE PRIVADA (INCLUI ESTABELECIMENTOS PARTICULARES, COMUNITARIOS, CONFESSIONAIS, FILANTROPRICOS, CONVENIADOS OU NAO COM A PREFEITURA)","cd_equipamento":"35060331","nm_equipamento":"CEU EMEF CASA BLANCA","tx_endereco_equipamento":"JOAO DAMASCENO, 85","nm_bairro_equipamento":"VILA DAS BELEZAS","cd_cep_equipamento":"05841-160","tx_horario_funcionamento":"","tx_numero_telefone":"55195226","cd_equipamento_base_origem":"35060331"}},{"type":"Feature","id":"equipamento_educacao_ceu_v2.52567","geometry":{"type":"Point","coordinates":[322083.2698,7383847.2962]},"geometry_name":"ge_ponto","properties":{"cd_identificador":52567,"cd_identificador_tema_equipamento":4,"nm_tema_equipamento":"EDUCACAO","cd_identificador_rede_equipamento":0,"nm_rede_equipamento":"SEM REDE","tx_rede_equipamento":"Sem descrição","cd_identificador_tipo_equipamento":307,"nm_tipo_equipamento":"CEU EMEI","tx_tipo_equipamento":"ESCOLA MUNICIPAL DE EDUCACAO INFANTIL LOCALIZADA NO CENTRO EDUCACIONAL UNIFICADO","cd_identificador_classe_equipamento":7,"nm_classe_equipamento":"CEU","tx_classe_equipamento":"CEU","cd_identificador_esfera_administrativa_equipamento":3,"nm_esfera_administrativa_equipamento":"PRIVADA","tx_esfera_administrativa_equipamento":"REDE PRIVADA (INCLUI ESTABELECIMENTOS PARTICULARES, COMUNITARIOS, CONFESSIONAIS, FILANTROPRICOS, CONVENIADOS OU NAO COM A PREFEITURA)","cd_equipamento":"35060549","nm_equipamento":"CEU EMEI CASA BLANCA","tx_endereco_equipamento":"JOAO DAMASCENO, 85","nm_bairro_equipamento":"VILA DAS BELEZAS","cd_cep_equipamento":"05841-160","tx_horario_funcionamento":"","tx_numero_telefone":"55195240","cd_equipamento_base_origem":"35060549"}},{"type":"Feature","id":"equipamento_educacao_ceu_v2.52568","geometry":{"type":"Point","coordinates":[322083.2698,7383847.2962]},"geometry_name":"ge_ponto","properties":{"cd_identificador":52568,"cd_identificador_tema_equipamento":4,"nm_tema_equipamento":"EDUCACAO","cd_identificador_rede_equipamento":0,"nm_rede_equipamento":"SEM REDE","tx_rede_equipamento":"Sem descrição","cd_identificador_tipo_equipamento":305,"nm_tipo_equipamento":"CEU CEI","tx_tipo_equipamento":"CENTRO DE EDUCACAO INFANTIL MUNICIPAL LOCALIZADO NO CENTRO EDUCACIONAL UNIFICADO","cd_identificador_classe_equipamento":7,"nm_classe_equipamento":"CEU","tx_classe_equipamento":"CEU","cd_identificador_esfera_administrativa_equipamento":3,"nm_esfera_administrativa_equipamento":"PRIVADA","tx_esfera_administrativa_equipamento":"REDE PRIVADA (INCLUI ESTABELECIMENTOS PARTICULARES, COMUNITARIOS, CONFESSIONAIS, FILANTROPRICOS, CONVENIADOS OU NAO COM A PREFEITURA)","cd_equipamento":"35060550","nm_equipamento":"CEU CEI CASA BLANCA","tx_endereco_equipamento":"JOAO DAMASCENO, 85","nm_bairro_equipamento":"VILA DAS BELEZAS","cd_cep_equipamento":"05841-160","tx_horario_funcionamento":"","tx_numero_telefone":"55195246","cd_equipamento_base_origem":"35060550"}},{"type":"Feature","id":"equipamento_educacao_ceu_v2.52569","geometry":{"type":"Point","coordinates":[318383.4802,7384729.3783]},"geometry_name":"ge_ponto","properties":{"cd_identificador":52569,"cd_identificador_tema_equipamento":4,"nm_tema_equipamento":"EDUCACAO","cd_identificador_rede_equipamento":0,"nm_rede_equipamento":"SEM REDE","tx_rede_equipamento":"Sem descrição","cd_identificador_tipo_equipamento":306,"nm_tipo_equipamento":"CEU EMEF","tx_tipo_equipamento":"ESCOLA MUNICIPAL DE ENSINO FUNDAMENTAL LOCALIZADA NO CENTRO EDUCACIONAL UNIFICADO","cd_identificador_classe_equipamento":7,"nm_classe_equipamento":"CEU","tx_classe_equipamento":"CEU","cd_identificador_esfera_administrativa_equipamento":3,"nm_esfera_administrativa_equipamento":"PRIVADA","tx_esfera_administrativa_equipamento":"REDE PRIVADA (INCLUI ESTABELECIMENTOS PARTICULARES, COMUNITARIOS, CONFESSIONAIS, FILANTROPRICOS, CONVENIADOS OU NAO COM A PREFEITURA)","cd_equipamento":"35060562","nm_equipamento":"CEU EMEF HERMES FERREIRA DE SOUZA","tx_endereco_equipamento":"CARLOS LACERDA, 678","nm_bairro_equipamento":"PIRAJUSSARA","cd_cep_equipamento":"05789-000","tx_horario_funcionamento":"","tx_numero_telefone":"58434808","cd_equipamento_base_origem":"35060562"}},{"type":"Feature","id":"equipamento_educacao_ceu_v2.52571","geometry":{"type":"Point","coordinates":[318383.4802,7384729.3783]},"geometry_name":"ge_ponto","properties":{"cd_identificador":52571,"cd_identificador_tema_equipamento":4,"nm_tema_equipamento":"EDUCACAO","cd_identificador_rede_equipamento":0,"nm_rede_equipamento":"SEM REDE","tx_rede_equipamento":"Sem descrição","cd_identificador_tipo_equipamento":307,"nm_tipo_equipamento":"CEU EMEI","tx_tipo_equipamento":"ESCOLA MUNICIPAL DE EDUCACAO INFANTIL LOCALIZADA NO CENTRO EDUCACIONAL UNIFICADO","cd_identificador_classe_equipamento":7,"nm_classe_equipamento":"CEU","tx_classe_equipamento":"CEU","cd_identificador_esfera_administrativa_equipamento":3,"nm_esfera_administrativa_equipamento":"PRIVADA","tx_esfera_administrativa_equipamento":"REDE PRIVADA (INCLUI ESTABELECIMENTOS PARTICULARES, COMUNITARIOS, CONFESSIONAIS, FILANTROPRICOS, CONVENIADOS OU NAO COM A PREFEITURA)","cd_equipamento":"35060586","nm_equipamento":"CEU EMEI LUIZA HELENA FERREIRA PROFA","tx_endereco_equipamento":"CARLOS LACERDA, 678","nm_bairro_equipamento":"PIRAJUSSARA","cd_cep_equipamento":"05789-000","tx_horario_funcionamento":"","tx_numero_telefone":"58434821","cd_equipamento_base_origem":"35060586"}},{"type":"Feature","id":"equipamento_educacao_ceu_v2.52572","geometry":{"type":"Point","coordinates":[318383.4802,7384729.3783]},"geometry_name":"ge_ponto","properties":{"cd_identificador":52572,"cd_identificador_tema_equipamento":4,"nm_tema_equipamento":"EDUCACAO","cd_identificador_rede_equipamento":0,"nm_rede_equipamento":"SEM REDE","tx_rede_equipamento":"Sem descrição","cd_identificador_tipo_equipamento":305,"nm_tipo_equipamento":"CEU CEI","tx_tipo_equipamento":"CENTRO DE EDUCACAO INFANTIL MUNICIPAL LOCALIZADO NO CENTRO EDUCACIONAL UNIFICADO","cd_identificador_classe_equipamento":7,"nm_classe_equipamento":"CEU","tx_classe_equipamento":"CEU","cd_identificador_esfera_administrativa_equipamento":3,"nm_esfera_administrativa_equipamento":"PRIVADA","tx_esfera_administrativa_equipamento":"REDE PRIVADA (INCLUI ESTABELECIMENTOS PARTICULARES, COMUNITARIOS, CONFESSIONAIS, FILANTROPRICOS, CONVENIADOS OU NAO COM A PREFEITURA)","cd_equipamento":"35060847","nm_equipamento":"CEU CEI CAMPO LIMPO","tx_endereco_equipamento":"CARLOS LACERDA, 678","nm_bairro_equipamento":"PIRAJUSSARA","cd_cep_equipamento":"05789-000","tx_horario_funcionamento":"","tx_numero_telefone":"58434831","cd_equipamento_base_origem":"35060847"}},{"type":"Feature","id":"equipamento_educacao_ceu_v2.52619","geometry":{"type":"Point","coordinates":[351422.8,7387049]},"geometry_name":"ge_ponto","properties":{"cd_identificador":52619,"cd_identificador_tema_equipamento":4,"nm_tema_equipamento":"EDUCACAO","cd_identificador_rede_equipamento":0,"nm_rede_equipamento":"SEM REDE","tx_rede_equipamento":"Sem descrição","cd_identificador_tipo_equipamento":306,"nm_tipo_equipamento":"CEU EMEF","tx_tipo_equipamento":"ESCOLA MUNICIPAL DE ENSINO FUNDAMENTAL LOCALIZADA NO CENTRO EDUCACIONAL UNIFICADO","cd_identificador_classe_equipamento":7,"nm_classe_equipamento":"CEU","tx_classe_equipamento":"CEU","cd_identificador_esfera_administrativa_equipamento":3,"nm_esfera_administrativa_equipamento":"PRIVADA","tx_esfera_administrativa_equipamento":"REDE PRIVADA (INCLUI ESTABELECIMENTOS PARTICULARES, COMUNITARIOS, CONFESSIONAIS, FILANTROPRICOS, CONVENIADOS OU NAO COM A PREFEITURA)","cd_equipamento":"35072230","nm_equipamento":"CEU EMEF CANDIDA DORA PINO PRETINI PROFA","tx_endereco_equipamento":"CINIRA POLONIO, 100","nm_bairro_equipamento":"CONJUNTO PROMORAR RIO CLARO","cd_cep_equipamento":"08395-320","tx_horario_funcionamento":"","tx_numero_telefone":"27521007","cd_equipamento_base_origem":"35072230"}},{"type":"Feature","id":"equipamento_educacao_ceu_v2.52620","geometry":{"type":"Point","coordinates":[351422.8,7387049]},"geometry_name":"ge_ponto","properties":{"cd_identificador":52620,"cd_identificador_tema_equipamento":4,"nm_tema_equipamento":"EDUCACAO","cd_identificador_rede_equipamento":0,"nm_rede_equipamento":"SEM REDE","tx_rede_equipamento":"Sem descrição","cd_identificador_tipo_equipamento":305,"nm_tipo_equipamento":"CEU CEI","tx_tipo_equipamento":"CENTRO DE EDUCACAO INFANTIL MUNICIPAL LOCALIZADO NO CENTRO EDUCACIONAL UNIFICADO","cd_identificador_classe_equipamento":7,"nm_classe_equipamento":"CEU","tx_classe_equipamento":"CEU","cd_identificador_esfera_administrativa_equipamento":3,"nm_esfera_administrativa_equipamento":"PRIVADA","tx_esfera_administrativa_equipamento":"REDE PRIVADA (INCLUI ESTABELECIMENTOS PARTICULARES, COMUNITARIOS, CONFESSIONAIS, FILANTROPRICOS, CONVENIADOS OU NAO COM A PREFEITURA)","cd_equipamento":"35072285","nm_equipamento":"CEU CEI SAO RAFAEL","tx_endereco_equipamento":"CINIRA POLONIO, 100","nm_bairro_equipamento":"CONJUNTO PROMORAR RIO CLARO","cd_cep_equipamento":"08395-320","tx_horario_funcionamento":"","tx_numero_telefone":null,"cd_equipamento_base_origem":"35072285"}},{"type":"Feature","id":"equipamento_educacao_ceu_v2.52628","geometry":{"type":"Point","coordinates":[349524.1032,7399250.4477]},"geometry_name":"ge_ponto","properties":{"cd_identificador":52628,"cd_identificador_tema_equipamento":4,"nm_tema_equipamento":"EDUCACAO","cd_identificador_rede_equipamento":0,"nm_rede_equipamento":"SEM REDE","tx_rede_equipamento":"Sem descrição","cd_identificador_tipo_equipamento":307,"nm_tipo_equipamento":"CEU EMEI","tx_tipo_equipamento":"ESCOLA MUNICIPAL DE EDUCACAO INFANTIL LOCALIZADA NO CENTRO EDUCACIONAL UNIFICADO","cd_identificador_classe_equipamento":7,"nm_classe_equipamento":"CEU","tx_classe_equipamento":"CEU","cd_identificador_esfera_administrativa_equipamento":3,"nm_esfera_administrativa_equipamento":"PRIVADA","tx_esfera_administrativa_equipamento":"REDE PRIVADA (INCLUI ESTABELECIMENTOS PARTICULARES, COMUNITARIOS, CONFESSIONAIS, FILANTROPRICOS, CONVENIADOS OU NAO COM A PREFEITURA)","cd_equipamento":"35074664","nm_equipamento":"CEU EMEI CARLOS OLIVALDO DE SOUZA LOPES MUNIZ DR","tx_endereco_equipamento":"CLAREAR, 141","nm_bairro_equipamento":"JARDIM SAO CARLOS ZONA LESTE","cd_cep_equipamento":"08062-590","tx_horario_funcionamento":"","tx_numero_telefone":"20454210","cd_equipamento_base_origem":"35074664"}},{"type":"Feature","id":"equipamento_educacao_ceu_v2.52737","geometry":{"type":"Point","coordinates":[338344.1191,7386800.2919]},"geometry_name":"ge_ponto","properties":{"cd_identificador":52737,"cd_identificador_tema_equipamento":4,"nm_tema_equipamento":"EDUCACAO","cd_identificador_rede_equipamento":0,"nm_rede_equipamento":"SEM REDE","tx_rede_equipamento":"Sem descrição","cd_identificador_tipo_equipamento":307,"nm_tipo_equipamento":"CEU EMEI","tx_tipo_equipamento":"ESCOLA MUNICIPAL DE EDUCACAO INFANTIL LOCALIZADA NO CENTRO EDUCACIONAL UNIFICADO","cd_identificador_classe_equipamento":7,"nm_classe_equipamento":"CEU","tx_classe_equipamento":"CEU","cd_identificador_esfera_administrativa_equipamento":3,"nm_esfera_administrativa_equipamento":"PRIVADA","tx_esfera_administrativa_equipamento":"REDE PRIVADA (INCLUI ESTABELECIMENTOS PARTICULARES, COMUNITARIOS, CONFESSIONAIS, FILANTROPRICOS, CONVENIADOS OU NAO COM A PREFEITURA)","cd_equipamento":"35087622","nm_equipamento":"CEU EMEI BENNO HUBERT STOLLENWERK PE","tx_endereco_equipamento":"BARBINOS, 111","nm_bairro_equipamento":"SAO JOAO CLIMACO","cd_cep_equipamento":"04240-110","tx_horario_funcionamento":"","tx_numero_telefone":"29452519","cd_equipamento_base_origem":"35087622"}},{"type":"Feature","id":"equipamento_educacao_ceu_v2.52744","geometry":{"type":"Point","coordinates":[327483.3479,7405887.3955]},"geometry_name":"ge_ponto","properties":{"cd_identificador":52744,"cd_identificador_tema_equipamento":4,"nm_tema_equipamento":"EDUCACAO","cd_identificador_rede_equipamento":0,"nm_rede_equipamento":"SEM REDE","tx_rede_equipamento":"Sem descrição","cd_identificador_tipo_equipamento":306,"nm_tipo_equipamento":"CEU EMEF","tx_tipo_equipamento":"ESCOLA MUNICIPAL DE ENSINO FUNDAMENTAL LOCALIZADA NO CENTRO EDUCACIONAL UNIFICADO","cd_identificador_classe_equipamento":7,"nm_classe_equipamento":"CEU","tx_classe_equipamento":"CEU","cd_identificador_esfera_administrativa_equipamento":3,"nm_esfera_administrativa_equipamento":"PRIVADA","tx_esfera_administrativa_equipamento":"REDE PRIVADA (INCLUI ESTABELECIMENTOS PARTICULARES, COMUNITARIOS, CONFESSIONAIS, FILANTROPRICOS, CONVENIADOS OU NAO COM A PREFEITURA)","cd_equipamento":"35090591","nm_equipamento":"CEU EMEF TEOTONIO VILELA SEN","tx_endereco_equipamento":"DANIEL CERRI, 1549","nm_bairro_equipamento":"JARDIM PARANA","cd_cep_equipamento":"02876-170","tx_horario_funcionamento":"","tx_numero_telefone":"39863423","cd_equipamento_base_origem":"35090591"}},{"type":"Feature","id":"equipamento_educacao_ceu_v2.52827","geometry":{"type":"Point","coordinates":[346787.0705,7386717.8455]},"geometry_name":"ge_ponto","properties":{"cd_identificador":52827,"cd_identificador_tema_equipamento":4,"nm_tema_equipamento":"EDUCACAO","cd_identificador_rede_equipamento":0,"nm_rede_equipamento":"SEM REDE","tx_rede_equipamento":"Sem descrição","cd_identificador_tipo_equipamento":306,"nm_tipo_equipamento":"CEU EMEF","tx_tipo_equipamento":"ESCOLA MUNICIPAL DE ENSINO FUNDAMENTAL LOCALIZADA NO CENTRO EDUCACIONAL UNIFICADO","cd_identificador_classe_equipamento":7,"nm_classe_equipamento":"CEU","tx_classe_equipamento":"CEU","cd_identificador_esfera_administrativa_equipamento":3,"nm_esfera_administrativa_equipamento":"PRIVADA","tx_esfera_administrativa_equipamento":"REDE PRIVADA (INCLUI ESTABELECIMENTOS PARTICULARES, COMUNITARIOS, CONFESSIONAIS, FILANTROPRICOS, CONVENIADOS OU NAO COM A PREFEITURA)","cd_equipamento":"35095631","nm_equipamento":"CEU EMEF DOMINGOS RUBINO PROF","tx_endereco_equipamento":"CLARA PETRELA, 113","nm_bairro_equipamento":"JARDIM SAO ROBERTO","cd_cep_equipamento":"03978-520","tx_horario_funcionamento":"","tx_numero_telefone":"27012321","cd_equipamento_base_origem":"35095631"}},{"type":"Feature","id":"equipamento_educacao_ceu_v2.53197","geometry":{"type":"Point","coordinates":[357117.5806,7395627.2528]},"geometry_name":"ge_ponto","properties":{"cd_identificador":53197,"cd_identificador_tema_equipamento":4,"nm_tema_equipamento":"EDUCACAO","cd_identificador_rede_equipamento":0,"nm_rede_equipamento":"SEM REDE","tx_rede_equipamento":"Sem descrição","cd_identificador_tipo_equipamento":305,"nm_tipo_equipamento":"CEU CEI","tx_tipo_equipamento":"CENTRO DE EDUCACAO INFANTIL MUNICIPAL LOCALIZADO NO CENTRO EDUCACIONAL UNIFICADO","cd_identificador_classe_equipamento":7,"nm_classe_equipamento":"CEU","tx_classe_equipamento":"CEU","cd_identificador_esfera_administrativa_equipamento":3,"nm_esfera_administrativa_equipamento":"PRIVADA","tx_esfera_administrativa_equipamento":"REDE PRIVADA (INCLUI ESTABELECIMENTOS PARTICULARES, COMUNITARIOS, CONFESSIONAIS, FILANTROPRICOS, CONVENIADOS OU NAO COM A PREFEITURA)","cd_equipamento":"35121708","nm_equipamento":"CEU CEI SILVANA APARECIDA TOBIAS PROFA","tx_endereco_equipamento":"MANUEL DA MOTA COUTINHO, 293","nm_bairro_equipamento":"LAJEADO","cd_cep_equipamento":"08451-420","tx_horario_funcionamento":"","tx_numero_telefone":"33976979","cd_equipamento_base_origem":"35121708"}},{"type":"Feature","id":"equipamento_educacao_ceu_v2.53203","geometry":{"type":"Point","coordinates":[357117.5806,7395627.2528]},"geometry_name":"ge_ponto","properties":{"cd_identificador":53203,"cd_identificador_tema_equipamento":4,"nm_tema_equipamento":"EDUCACAO","cd_identificador_rede_equipamento":0,"nm_rede_equipamento":"SEM REDE","tx_rede_equipamento":"Sem descrição","cd_identificador_tipo_equipamento":307,"nm_tipo_equipamento":"CEU EMEI","tx_tipo_equipamento":"ESCOLA MUNICIPAL DE EDUCACAO INFANTIL LOCALIZADA NO CENTRO EDUCACIONAL UNIFICADO","cd_identificador_classe_equipamento":7,"nm_classe_equipamento":"CEU","tx_classe_equipamento":"CEU","cd_identificador_esfera_administrativa_equipamento":3,"nm_esfera_administrativa_equipamento":"PRIVADA","tx_esfera_administrativa_equipamento":"REDE PRIVADA (INCLUI ESTABELECIMENTOS PARTICULARES, COMUNITARIOS, CONFESSIONAIS, FILANTROPRICOS, CONVENIADOS OU NAO COM A PREFEITURA)","cd_equipamento":"35122658","nm_equipamento":"CEU EMEI EDNA ALVES DE SOUSA PROFA","tx_endereco_equipamento":"MANUEL DA MOTA COUTINHO, 293","nm_bairro_equipamento":"LAJEADO","cd_cep_equipamento":"08451-420","tx_horario_funcionamento":"","tx_numero_telefone":"21539562","cd_equipamento_base_origem":"35122658"}},{"type":"Feature","id":"equipamento_educacao_ceu_v2.54620","geometry":{"type":"Point","coordinates":[324173.7512,7363810.359]},"geometry_name":"ge_ponto","properties":{"cd_identificador":54620,"cd_identificador_tema_equipamento":4,"nm_tema_equipamento":"EDUCACAO","cd_identificador_rede_equipamento":0,"nm_rede_equipamento":"SEM REDE","tx_rede_equipamento":"Sem descrição","cd_identificador_tipo_equipamento":306,"nm_tipo_equipamento":"CEU EMEF","tx_tipo_equipamento":"ESCOLA MUNICIPAL DE ENSINO FUNDAMENTAL LOCALIZADA NO CENTRO EDUCACIONAL UNIFICADO","cd_identificador_classe_equipamento":7,"nm_classe_equipamento":"CEU","tx_classe_equipamento":"CEU","cd_identificador_esfera_administrativa_equipamento":3,"nm_esfera_administrativa_equipamento":"PRIVADA","tx_esfera_administrativa_equipamento":"REDE PRIVADA (INCLUI ESTABELECIMENTOS PARTICULARES, COMUNITARIOS, CONFESSIONAIS, FILANTROPRICOS, CONVENIADOS OU NAO COM A PREFEITURA)","cd_equipamento":"35242202","nm_equipamento":"CEU EMEF MANOEL VIEIRA DE QUEIROZ FILHO","tx_endereco_equipamento":"JOSE PEDRO DE BORBA, 20","nm_bairro_equipamento":"JARDIM NOVO PARELHEIROS","cd_cep_equipamento":"04890-090","tx_horario_funcionamento":"","tx_numero_telefone":"59266926","cd_equipamento_base_origem":"35242202"}},{"type":"Feature","id":"equipamento_educacao_ceu_v2.54622","geometry":{"type":"Point","coordinates":[320980.9773,7410398.8511]},"geometry_name":"ge_ponto","properties":{"cd_identificador":54622,"cd_identificador_tema_equipamento":4,"nm_tema_equipamento":"EDUCACAO","cd_identificador_rede_equipamento":0,"nm_rede_equipamento":"SEM REDE","tx_rede_equipamento":"Sem descrição","cd_identificador_tipo_equipamento":307,"nm_tipo_equipamento":"CEU EMEI","tx_tipo_equipamento":"ESCOLA MUNICIPAL DE EDUCACAO INFANTIL LOCALIZADA NO CENTRO EDUCACIONAL UNIFICADO","cd_identificador_classe_equipamento":7,"nm_classe_equipamento":"CEU","tx_classe_equipamento":"CEU","cd_identificador_esfera_administrativa_equipamento":3,"nm_esfera_administrativa_equipamento":"PRIVADA","tx_esfera_administrativa_equipamento":"REDE PRIVADA (INCLUI ESTABELECIMENTOS PARTICULARES, COMUNITARIOS, CONFESSIONAIS, FILANTROPRICOS, CONVENIADOS OU NAO COM A PREFEITURA)","cd_equipamento":"35242226","nm_equipamento":"CEU EMEI JORGE AMADO","tx_endereco_equipamento":"BERNARDO JOSE DE LORENA, S/N","nm_bairro_equipamento":"VILA FANTON","cd_cep_equipamento":"05203-200","tx_horario_funcionamento":"","tx_numero_telefone":"39158721","cd_equipamento_base_origem":"35242226"}},{"type":"Feature","id":"equipamento_educacao_ceu_v2.54624","geometry":{"type":"Point","coordinates":[351439.896,7387038.4052]},"geometry_name":"ge_ponto","properties":{"cd_identificador":54624,"cd_identificador_tema_equipamento":4,"nm_tema_equipamento":"EDUCACAO","cd_identificador_rede_equipamento":0,"nm_rede_equipamento":"SEM REDE","tx_rede_equipamento":"Sem descrição","cd_identificador_tipo_equipamento":307,"nm_tipo_equipamento":"CEU EMEI","tx_tipo_equipamento":"ESCOLA MUNICIPAL DE EDUCACAO INFANTIL LOCALIZADA NO CENTRO EDUCACIONAL UNIFICADO","cd_identificador_classe_equipamento":7,"nm_classe_equipamento":"CEU","tx_classe_equipamento":"CEU","cd_identificador_esfera_administrativa_equipamento":3,"nm_esfera_administrativa_equipamento":"PRIVADA","tx_esfera_administrativa_equipamento":"REDE PRIVADA (INCLUI ESTABELECIMENTOS PARTICULARES, COMUNITARIOS, CONFESSIONAIS, FILANTROPRICOS, CONVENIADOS OU NAO COM A PREFEITURA)","cd_equipamento":"35242251","nm_equipamento":"CEU EMEI ROQUE SPENCER MACIEL DE BARROS PROF","tx_endereco_equipamento":"CINIRA POLONIO, 80","nm_bairro_equipamento":"CONJUNTO PROMORAR RIO CLARO","cd_cep_equipamento":"08395-320","tx_horario_funcionamento":"","tx_numero_telefone":"27521018","cd_equipamento_base_origem":"35242251"}},{"type":"Feature","id":"equipamento_educacao_ceu_v2.54642","geometry":{"type":"Point","coordinates":[317348.1764,7388790.1204]},"geometry_name":"ge_ponto","properties":{"cd_identificador":54642,"cd_identificador_tema_equipamento":4,"nm_tema_equipamento":"EDUCACAO","cd_identificador_rede_equipamento":0,"nm_rede_equipamento":"SEM REDE","tx_rede_equipamento":"Sem descrição","cd_identificador_tipo_equipamento":306,"nm_tipo_equipamento":"CEU EMEF","tx_tipo_equipamento":"ESCOLA MUNICIPAL DE ENSINO FUNDAMENTAL LOCALIZADA NO CENTRO EDUCACIONAL UNIFICADO","cd_identificador_classe_equipamento":7,"nm_classe_equipamento":"CEU","tx_classe_equipamento":"CEU","cd_identificador_esfera_administrativa_equipamento":3,"nm_esfera_administrativa_equipamento":"PRIVADA","tx_esfera_administrativa_equipamento":"REDE PRIVADA (INCLUI ESTABELECIMENTOS PARTICULARES, COMUNITARIOS, CONFESSIONAIS, FILANTROPRICOS, CONVENIADOS OU NAO COM A PREFEITURA)","cd_equipamento":"35246360","nm_equipamento":"CEU EMEF CESAR ARRUDA CASTANHO DEP","tx_endereco_equipamento":"NAZIR MIGUEL, 849","nm_bairro_equipamento":"JARDIM PAULO VI","cd_cep_equipamento":"05570-030","tx_horario_funcionamento":"","tx_numero_telefone":"37830669","cd_equipamento_base_origem":"35246360"}},{"type":"Feature","id":"equipamento_educacao_ceu_v2.54656","geometry":{"type":"Point","coordinates":[330792.7336,7373147.6804]},"geometry_name":"ge_ponto","properties":{"cd_identificador":54656,"cd_identificador_tema_equipamento":4,"nm_tema_equipamento":"EDUCACAO","cd_identificador_rede_equipamento":0,"nm_rede_equipamento":"SEM REDE","tx_rede_equipamento":"Sem descrição","cd_identificador_tipo_equipamento":306,"nm_tipo_equipamento":"CEU EMEF","tx_tipo_equipamento":"ESCOLA MUNICIPAL DE ENSINO FUNDAMENTAL LOCALIZADA NO CENTRO EDUCACIONAL UNIFICADO","cd_identificador_classe_equipamento":7,"nm_classe_equipamento":"CEU","tx_classe_equipamento":"CEU","cd_identificador_esfera_administrativa_equipamento":3,"nm_esfera_administrativa_equipamento":"PRIVADA","tx_esfera_administrativa_equipamento":"REDE PRIVADA (INCLUI ESTABELECIMENTOS PARTICULARES, COMUNITARIOS, CONFESSIONAIS, FILANTROPRICOS, CONVENIADOS OU NAO COM A PREFEITURA)","cd_equipamento":"35249804","nm_equipamento":"CEU EMEF JARDIM ELIANA","tx_endereco_equipamento":"MARIA MOASSAB BARBOUR, S/N","nm_bairro_equipamento":"CANTINHO DO CEU","cd_cep_equipamento":"04849-503","tx_horario_funcionamento":"","tx_numero_telefone":"59765509","cd_equipamento_base_origem":"35249804"}},{"type":"Feature","id":"equipamento_educacao_ceu_v2.54658","geometry":{"type":"Point","coordinates":[352105.8172,7389033.3862]},"geometry_name":"ge_ponto","properties":{"cd_identificador":54658,"cd_identificador_tema_equipamento":4,"nm_tema_equipamento":"EDUCACAO","cd_identificador_rede_equipamento":0,"nm_rede_equipamento":"SEM REDE","tx_rede_equipamento":"Sem descrição","cd_identificador_tipo_equipamento":306,"nm_tipo_equipamento":"CEU EMEF","tx_tipo_equipamento":"ESCOLA MUNICIPAL DE ENSINO FUNDAMENTAL LOCALIZADA NO CENTRO EDUCACIONAL UNIFICADO","cd_identificador_classe_equipamento":7,"nm_classe_equipamento":"CEU","tx_classe_equipamento":"CEU","cd_identificador_esfera_administrativa_equipamento":3,"nm_esfera_administrativa_equipamento":"PRIVADA","tx_esfera_administrativa_equipamento":"REDE PRIVADA (INCLUI ESTABELECIMENTOS PARTICULARES, COMUNITARIOS, CONFESSIONAIS, FILANTROPRICOS, CONVENIADOS OU NAO COM A PREFEITURA)","cd_equipamento":"35249828","nm_equipamento":"CEU EMEF MARIA LISBOA DA SILVA PROFA","tx_endereco_equipamento":"CURUMATIM, 201","nm_bairro_equipamento":"PARQUE BOA ESPERANCA","cd_cep_equipamento":"08341-240","tx_horario_funcionamento":"","tx_numero_telefone":"27328122","cd_equipamento_base_origem":"35249828"}},{"type":"Feature","id":"equipamento_educacao_ceu_v2.54776","geometry":{"type":"Point","coordinates":[326225.2887,7376742.6285]},"geometry_name":"ge_ponto","properties":{"cd_identificador":54776,"cd_identificador_tema_equipamento":4,"nm_tema_equipamento":"EDUCACAO","cd_identificador_rede_equipamento":0,"nm_rede_equipamento":"SEM REDE","tx_rede_equipamento":"Sem descrição","cd_identificador_tipo_equipamento":307,"nm_tipo_equipamento":"CEU EMEI","tx_tipo_equipamento":"ESCOLA MUNICIPAL DE EDUCACAO INFANTIL LOCALIZADA NO CENTRO EDUCACIONAL UNIFICADO","cd_identificador_classe_equipamento":7,"nm_classe_equipamento":"CEU","tx_classe_equipamento":"CEU","cd_identificador_esfera_administrativa_equipamento":3,"nm_esfera_administrativa_equipamento":"PRIVADA","tx_esfera_administrativa_equipamento":"REDE PRIVADA (INCLUI ESTABELECIMENTOS PARTICULARES, COMUNITARIOS, CONFESSIONAIS, FILANTROPRICOS, CONVENIADOS OU NAO COM A PREFEITURA)","cd_equipamento":"35270386","nm_equipamento":"CEU EMEI MILTON SANTOS PROF","tx_endereco_equipamento":"INTERLAGOS, 7350","nm_bairro_equipamento":"CIDADE DUTRA","cd_cep_equipamento":"04777-000","tx_horario_funcionamento":"","tx_numero_telefone":"56681925","cd_equipamento_base_origem":"35270386"}},{"type":"Feature","id":"equipamento_educacao_ceu_v2.54792","geometry":{"type":"Point","coordinates":[351214.9759,7397926.1524]},"geometry_name":"ge_ponto","properties":{"cd_identificador":54792,"cd_identificador_tema_equipamento":4,"nm_tema_equipamento":"EDUCACAO","cd_identificador_rede_equipamento":0,"nm_rede_equipamento":"SEM REDE","tx_rede_equipamento":"Sem descrição","cd_identificador_tipo_equipamento":307,"nm_tipo_equipamento":"CEU EMEI","tx_tipo_equipamento":"ESCOLA MUNICIPAL DE EDUCACAO INFANTIL LOCALIZADA NO CENTRO EDUCACIONAL UNIFICADO","cd_identificador_classe_equipamento":7,"nm_classe_equipamento":"CEU","tx_classe_equipamento":"CEU","cd_identificador_esfera_administrativa_equipamento":3,"nm_esfera_administrativa_equipamento":"PRIVADA","tx_esfera_administrativa_equipamento":"REDE PRIVADA (INCLUI ESTABELECIMENTOS PARTICULARES, COMUNITARIOS, CONFESSIONAIS, FILANTROPRICOS, CONVENIADOS OU NAO COM A PREFEITURA)","cd_equipamento":"35271100","nm_equipamento":"CEU EMEI JARDIM VILA NOVA","tx_endereco_equipamento":"ERNESTO SOUZA CRUZ, 2171","nm_bairro_equipamento":"CIDADE ANTONIO ESTEVAO DE CARVALHO","cd_cep_equipamento":"08225-380","tx_horario_funcionamento":"","tx_numero_telefone":"33979000","cd_equipamento_base_origem":"35271100"}},{"type":"Feature","id":"equipamento_educacao_ceu_v2.54793","geometry":{"type":"Point","coordinates":[351214.9759,7397926.1524]},"geometry_name":"ge_ponto","properties":{"cd_identificador":54793,"cd_identificador_tema_equipamento":4,"nm_tema_equipamento":"EDUCACAO","cd_identificador_rede_equipamento":0,"nm_rede_equipamento":"SEM REDE","tx_rede_equipamento":"Sem descrição","cd_identificador_tipo_equipamento":306,"nm_tipo_equipamento":"CEU EMEF","tx_tipo_equipamento":"ESCOLA MUNICIPAL DE ENSINO FUNDAMENTAL LOCALIZADA NO CENTRO EDUCACIONAL UNIFICADO","cd_identificador_classe_equipamento":7,"nm_classe_equipamento":"CEU","tx_classe_equipamento":"CEU","cd_identificador_esfera_administrativa_equipamento":3,"nm_esfera_administrativa_equipamento":"PRIVADA","tx_esfera_administrativa_equipamento":"REDE PRIVADA (INCLUI ESTABELECIMENTOS PARTICULARES, COMUNITARIOS, CONFESSIONAIS, FILANTROPRICOS, CONVENIADOS OU NAO COM A PREFEITURA)","cd_equipamento":"35271111","nm_equipamento":"CEU EMEF CONCEICAO APARECIDA DE JESUS PROFA","tx_endereco_equipamento":"ERNESTO SOUZA CRUZ, 2171","nm_bairro_equipamento":"CIDADE ANTONIO ESTEVAO DE CARVALHO","cd_cep_equipamento":"08225-380","tx_horario_funcionamento":"","tx_numero_telefone":"33979056","cd_equipamento_base_origem":"35271111"}},{"type":"Feature","id":"equipamento_educacao_ceu_v2.54798","geometry":{"type":"Point","coordinates":[358108.5,7398971.9]},"geometry_name":"ge_ponto","properties":{"cd_identificador":54798,"cd_identificador_tema_equipamento":4,"nm_tema_equipamento":"EDUCACAO","cd_identificador_rede_equipamento":0,"nm_rede_equipamento":"SEM REDE","tx_rede_equipamento":"Sem descrição","cd_identificador_tipo_equipamento":306,"nm_tipo_equipamento":"CEU EMEF","tx_tipo_equipamento":"ESCOLA MUNICIPAL DE ENSINO FUNDAMENTAL LOCALIZADA NO CENTRO EDUCACIONAL UNIFICADO","cd_identificador_classe_equipamento":7,"nm_classe_equipamento":"CEU","tx_classe_equipamento":"CEU","cd_identificador_esfera_administrativa_equipamento":3,"nm_esfera_administrativa_equipamento":"PRIVADA","tx_esfera_administrativa_equipamento":"REDE PRIVADA (INCLUI ESTABELECIMENTOS PARTICULARES, COMUNITARIOS, CONFESSIONAIS, FILANTROPRICOS, CONVENIADOS OU NAO COM A PREFEITURA)","cd_equipamento":"35271160","nm_equipamento":"CEU EMEF MARIA CLARA MACHADO","tx_endereco_equipamento":"DANIEL MULLER, 347","nm_bairro_equipamento":"CHACARA DONA OLIVIA","cd_cep_equipamento":"08141-290","tx_horario_funcionamento":"","tx_numero_telefone":"25636231","cd_equipamento_base_origem":"35271160"}},{"type":"Feature","id":"equipamento_educacao_ceu_v2.54811","geometry":{"type":"Point","coordinates":[341359.0432,7398345.5404]},"geometry_name":"ge_ponto","properties":{"cd_identificador":54811,"cd_identificador_tema_equipamento":4,"nm_tema_equipamento":"EDUCACAO","cd_identificador_rede_equipamento":0,"nm_rede_equipamento":"SEM REDE","tx_rede_equipamento":"Sem descrição","cd_identificador_tipo_equipamento":307,"nm_tipo_equipamento":"CEU EMEI","tx_tipo_equipamento":"ESCOLA MUNICIPAL DE EDUCACAO INFANTIL LOCALIZADA NO CENTRO EDUCACIONAL UNIFICADO","cd_identificador_classe_equipamento":7,"nm_classe_equipamento":"CEU","tx_classe_equipamento":"CEU","cd_identificador_esfera_administrativa_equipamento":3,"nm_esfera_administrativa_equipamento":"PRIVADA","tx_esfera_administrativa_equipamento":"REDE PRIVADA (INCLUI ESTABELECIMENTOS PARTICULARES, COMUNITARIOS, CONFESSIONAIS, FILANTROPRICOS, CONVENIADOS OU NAO COM A PREFEITURA)","cd_equipamento":"35275323","nm_equipamento":"CEU EMEI PAULO FREIRE PROF","tx_endereco_equipamento":"CONDESSA ELISABETH DE ROBIANO, S/N","nm_bairro_equipamento":"VILA MOREIRA","cd_cep_equipamento":"03074-000","tx_horario_funcionamento":"","tx_numero_telefone":"20757483","cd_equipamento_base_origem":"35275323"}},{"type":"Feature","id":"equipamento_educacao_ceu_v2.54831","geometry":{"type":"Point","coordinates":[341385.3935,7398405.7913]},"geometry_name":"ge_ponto","properties":{"cd_identificador":54831,"cd_identificador_tema_equipamento":4,"nm_tema_equipamento":"EDUCACAO","cd_identificador_rede_equipamento":0,"nm_rede_equipamento":"SEM REDE","tx_rede_equipamento":"Sem descrição","cd_identificador_tipo_equipamento":305,"nm_tipo_equipamento":"CEU CEI","tx_tipo_equipamento":"CENTRO DE EDUCACAO INFANTIL MUNICIPAL LOCALIZADO NO CENTRO EDUCACIONAL UNIFICADO","cd_identificador_classe_equipamento":7,"nm_classe_equipamento":"CEU","tx_classe_equipamento":"CEU","cd_identificador_esfera_administrativa_equipamento":3,"nm_esfera_administrativa_equipamento":"PRIVADA","tx_esfera_administrativa_equipamento":"REDE PRIVADA (INCLUI ESTABELECIMENTOS PARTICULARES, COMUNITARIOS, CONFESSIONAIS, FILANTROPRICOS, CONVENIADOS OU NAO COM A PREFEITURA)","cd_equipamento":"35279377","nm_equipamento":"CEU CEI WALTER DE ANDRADE PROF","tx_endereco_equipamento":"CONDESSA ELISABETH DE ROBIANO, S/N","nm_bairro_equipamento":"VILA MOREIRA","cd_cep_equipamento":"03074-000","tx_horario_funcionamento":"","tx_numero_telefone":"20757490","cd_equipamento_base_origem":"35279377"}},{"type":"Feature","id":"equipamento_educacao_ceu_v2.55013","geometry":{"type":"Point","coordinates":[356406.3913,7390232.8825]},"geometry_name":"ge_ponto","properties":{"cd_identificador":55013,"cd_identificador_tema_equipamento":4,"nm_tema_equipamento":"EDUCACAO","cd_identificador_rede_equipamento":0,"nm_rede_equipamento":"SEM REDE","tx_rede_equipamento":"Sem descrição","cd_identificador_tipo_equipamento":306,"nm_tipo_equipamento":"CEU EMEF","tx_tipo_equipamento":"ESCOLA MUNICIPAL DE ENSINO FUNDAMENTAL LOCALIZADA NO CENTRO EDUCACIONAL UNIFICADO","cd_identificador_classe_equipamento":7,"nm_classe_equipamento":"CEU","tx_classe_equipamento":"CEU","cd_identificador_esfera_administrativa_equipamento":3,"nm_esfera_administrativa_equipamento":"PRIVADA","tx_esfera_administrativa_equipamento":"REDE PRIVADA (INCLUI ESTABELECIMENTOS PARTICULARES, COMUNITARIOS, CONFESSIONAIS, FILANTROPRICOS, CONVENIADOS OU NAO COM A PREFEITURA)","cd_equipamento":"35298177","nm_equipamento":"CEU EMEF NAZARE NERI LIMA PROFA","tx_endereco_equipamento":"DOS METALURGICOS, 1300","nm_bairro_equipamento":"CIDADE TIRADENTES","cd_cep_equipamento":"08471-000","tx_horario_funcionamento":"","tx_numero_telefone":"22827671","cd_equipamento_base_origem":"35298177"}},{"type":"Feature","id":"equipamento_educacao_ceu_v2.55014","geometry":{"type":"Point","coordinates":[356490.5,7390023.1]},"geometry_name":"ge_ponto","properties":{"cd_identificador":55014,"cd_identificador_tema_equipamento":4,"nm_tema_equipamento":"EDUCACAO","cd_identificador_rede_equipamento":0,"nm_rede_equipamento":"SEM REDE","tx_rede_equipamento":"Sem descrição","cd_identificador_tipo_equipamento":307,"nm_tipo_equipamento":"CEU EMEI","tx_tipo_equipamento":"ESCOLA MUNICIPAL DE EDUCACAO INFANTIL LOCALIZADA NO CENTRO EDUCACIONAL UNIFICADO","cd_identificador_classe_equipamento":7,"nm_classe_equipamento":"CEU","tx_classe_equipamento":"CEU","cd_identificador_esfera_administrativa_equipamento":3,"nm_esfera_administrativa_equipamento":"PRIVADA","tx_esfera_administrativa_equipamento":"REDE PRIVADA (INCLUI ESTABELECIMENTOS PARTICULARES, COMUNITARIOS, CONFESSIONAIS, FILANTROPRICOS, CONVENIADOS OU NAO COM A PREFEITURA)","cd_equipamento":"35298189","nm_equipamento":"CEU EMEI IRENE MANKE MARQUES PROFA","tx_endereco_equipamento":"DOS METALURGICOS, 1262","nm_bairro_equipamento":"CIDADE TIRADENTES","cd_cep_equipamento":"08471-000","tx_horario_funcionamento":"","tx_numero_telefone":"22827569","cd_equipamento_base_origem":"35298189"}},{"type":"Feature","id":"equipamento_educacao_ceu_v2.55015","geometry":{"type":"Point","coordinates":[356490.5,7390023.1]},"geometry_name":"ge_ponto","properties":{"cd_identificador":55015,"cd_identificador_tema_equipamento":4,"nm_tema_equipamento":"EDUCACAO","cd_identificador_rede_equipamento":0,"nm_rede_equipamento":"SEM REDE","tx_rede_equipamento":"Sem descrição","cd_identificador_tipo_equipamento":305,"nm_tipo_equipamento":"CEU CEI","tx_tipo_equipamento":"CENTRO DE EDUCACAO INFANTIL MUNICIPAL LOCALIZADO NO CENTRO EDUCACIONAL UNIFICADO","cd_identificador_classe_equipamento":7,"nm_classe_equipamento":"CEU","tx_classe_equipamento":"CEU","cd_identificador_esfera_administrativa_equipamento":3,"nm_esfera_administrativa_equipamento":"PRIVADA","tx_esfera_administrativa_equipamento":"REDE PRIVADA (INCLUI ESTABELECIMENTOS PARTICULARES, COMUNITARIOS, CONFESSIONAIS, FILANTROPRICOS, CONVENIADOS OU NAO COM A PREFEITURA)","cd_equipamento":"35298190","nm_equipamento":"CEU CEI AGUA AZUL","tx_endereco_equipamento":"DOS METALURGICOS, 1262","nm_bairro_equipamento":"CIDADE TIRADENTES","cd_cep_equipamento":"08471-000","tx_horario_funcionamento":"","tx_numero_telefone":"33966680","cd_equipamento_base_origem":"35298190"}},{"type":"Feature","id":"equipamento_educacao_ceu_v2.55016","geometry":{"type":"Point","coordinates":[351214.9759,7397926.1524]},"geometry_name":"ge_ponto","properties":{"cd_identificador":55016,"cd_identificador_tema_equipamento":4,"nm_tema_equipamento":"EDUCACAO","cd_identificador_rede_equipamento":0,"nm_rede_equipamento":"SEM REDE","tx_rede_equipamento":"Sem descrição","cd_identificador_tipo_equipamento":305,"nm_tipo_equipamento":"CEU CEI","tx_tipo_equipamento":"CENTRO DE EDUCACAO INFANTIL MUNICIPAL LOCALIZADO NO CENTRO EDUCACIONAL UNIFICADO","cd_identificador_classe_equipamento":7,"nm_classe_equipamento":"CEU","tx_classe_equipamento":"CEU","cd_identificador_esfera_administrativa_equipamento":3,"nm_esfera_administrativa_equipamento":"PRIVADA","tx_esfera_administrativa_equipamento":"REDE PRIVADA (INCLUI ESTABELECIMENTOS PARTICULARES, COMUNITARIOS, CONFESSIONAIS, FILANTROPRICOS, CONVENIADOS OU NAO COM A PREFEITURA)","cd_equipamento":"35298220","nm_equipamento":"CEU CEI AZUL DA COR DO MAR","tx_endereco_equipamento":"ERNESTO SOUZA CRUZ, 2171","nm_bairro_equipamento":"CIDADE ANTONIO ESTEVAO DE CARVALHO","cd_cep_equipamento":"08225-380","tx_horario_funcionamento":"","tx_numero_telefone":"33979036","cd_equipamento_base_origem":"35298220"}},{"type":"Feature","id":"equipamento_educacao_ceu_v2.55017","geometry":{"type":"Point","coordinates":[317006.2637,7379361.6346]},"geometry_name":"ge_ponto","properties":{"cd_identificador":55017,"cd_identificador_tema_equipamento":4,"nm_tema_equipamento":"EDUCACAO","cd_identificador_rede_equipamento":0,"nm_rede_equipamento":"SEM REDE","tx_rede_equipamento":"Sem descrição","cd_identificador_tipo_equipamento":306,"nm_tipo_equipamento":"CEU EMEF","tx_tipo_equipamento":"ESCOLA MUNICIPAL DE ENSINO FUNDAMENTAL LOCALIZADA NO CENTRO EDUCACIONAL UNIFICADO","cd_identificador_classe_equipamento":7,"nm_classe_equipamento":"CEU","tx_classe_equipamento":"CEU","cd_identificador_esfera_administrativa_equipamento":3,"nm_esfera_administrativa_equipamento":"PRIVADA","tx_esfera_administrativa_equipamento":"REDE PRIVADA (INCLUI ESTABELECIMENTOS PARTICULARES, COMUNITARIOS, CONFESSIONAIS, FILANTROPRICOS, CONVENIADOS OU NAO COM A PREFEITURA)","cd_equipamento":"35298232","nm_equipamento":"CEU EMEF FEITICO DA VILA","tx_endereco_equipamento":"FEITICO DA VILA, 399","nm_bairro_equipamento":"CHACARA SANTA MARIA","cd_cep_equipamento":"05879-000","tx_horario_funcionamento":"","tx_numero_telefone":"33976601","cd_equipamento_base_origem":"35298232"}},{"type":"Feature","id":"equipamento_educacao_ceu_v2.55018","geometry":{"type":"Point","coordinates":[317006.2637,7379361.6346]},"geometry_name":"ge_ponto","properties":{"cd_identificador":55018,"cd_identificador_tema_equipamento":4,"nm_tema_equipamento":"EDUCACAO","cd_identificador_rede_equipamento":0,"nm_rede_equipamento":"SEM REDE","tx_rede_equipamento":"Sem descrição","cd_identificador_tipo_equipamento":307,"nm_tipo_equipamento":"CEU EMEI","tx_tipo_equipamento":"ESCOLA MUNICIPAL DE EDUCACAO INFANTIL LOCALIZADA NO CENTRO EDUCACIONAL UNIFICADO","cd_identificador_classe_equipamento":7,"nm_classe_equipamento":"CEU","tx_classe_equipamento":"CEU","cd_identificador_esfera_administrativa_equipamento":3,"nm_esfera_administrativa_equipamento":"PRIVADA","tx_esfera_administrativa_equipamento":"REDE PRIVADA (INCLUI ESTABELECIMENTOS PARTICULARES, COMUNITARIOS, CONFESSIONAIS, FILANTROPRICOS, CONVENIADOS OU NAO COM A PREFEITURA)","cd_equipamento":"35298244","nm_equipamento":"CEU EMEI FEITICO DA VILA","tx_endereco_equipamento":"FEITICO DA VILA, 399","nm_bairro_equipamento":"CHACARA SANTA MARIA","cd_cep_equipamento":"05879-000","tx_horario_funcionamento":"","tx_numero_telefone":"33976634","cd_equipamento_base_origem":"35298244"}},{"type":"Feature","id":"equipamento_educacao_ceu_v2.55019","geometry":{"type":"Point","coordinates":[317006.2637,7379361.6346]},"geometry_name":"ge_ponto","properties":{"cd_identificador":55019,"cd_identificador_tema_equipamento":4,"nm_tema_equipamento":"EDUCACAO","cd_identificador_rede_equipamento":0,"nm_rede_equipamento":"SEM REDE","tx_rede_equipamento":"Sem descrição","cd_identificador_tipo_equipamento":305,"nm_tipo_equipamento":"CEU CEI","tx_tipo_equipamento":"CENTRO DE EDUCACAO INFANTIL MUNICIPAL LOCALIZADO NO CENTRO EDUCACIONAL UNIFICADO","cd_identificador_classe_equipamento":7,"nm_classe_equipamento":"CEU","tx_classe_equipamento":"CEU","cd_identificador_esfera_administrativa_equipamento":3,"nm_esfera_administrativa_equipamento":"PRIVADA","tx_esfera_administrativa_equipamento":"REDE PRIVADA (INCLUI ESTABELECIMENTOS PARTICULARES, COMUNITARIOS, CONFESSIONAIS, FILANTROPRICOS, CONVENIADOS OU NAO COM A PREFEITURA)","cd_equipamento":"35298256","nm_equipamento":"CEU CEI YOLANDA DE SOUZA SANTALUCIA PROFA","tx_endereco_equipamento":"FEITICO DA VILA, 399","nm_bairro_equipamento":"CHACARA SANTA MARIA","cd_cep_equipamento":"05879-000","tx_horario_funcionamento":"","tx_numero_telefone":"33976620","cd_equipamento_base_origem":"35298256"}},{"type":"Feature","id":"equipamento_educacao_ceu_v2.55020","geometry":{"type":"Point","coordinates":[338227.4972,7404990.2477]},"geometry_name":"ge_ponto","properties":{"cd_identificador":55020,"cd_identificador_tema_equipamento":4,"nm_tema_equipamento":"EDUCACAO","cd_identificador_rede_equipamento":0,"nm_rede_equipamento":"SEM REDE","tx_rede_equipamento":"Sem descrição","cd_identificador_tipo_equipamento":306,"nm_tipo_equipamento":"CEU EMEF","tx_tipo_equipamento":"ESCOLA MUNICIPAL DE ENSINO FUNDAMENTAL LOCALIZADA NO CENTRO EDUCACIONAL UNIFICADO","cd_identificador_classe_equipamento":7,"nm_classe_equipamento":"CEU","tx_classe_equipamento":"CEU","cd_identificador_esfera_administrativa_equipamento":3,"nm_esfera_administrativa_equipamento":"PRIVADA","tx_esfera_administrativa_equipamento":"REDE PRIVADA (INCLUI ESTABELECIMENTOS PARTICULARES, COMUNITARIOS, CONFESSIONAIS, FILANTROPRICOS, CONVENIADOS OU NAO COM A PREFEITURA)","cd_equipamento":"35298268","nm_equipamento":"CEU EMEF JACANA","tx_endereco_equipamento":"FRANCISCA ESPOSITO TONETTI, S/N","nm_bairro_equipamento":"GUAPIRA","cd_cep_equipamento":"02276-010","tx_horario_funcionamento":"","tx_numero_telefone":"33973984","cd_equipamento_base_origem":"35298268"}},{"type":"Feature","id":"equipamento_educacao_ceu_v2.55021","geometry":{"type":"Point","coordinates":[338272.6161,7404954.3396]},"geometry_name":"ge_ponto","properties":{"cd_identificador":55021,"cd_identificador_tema_equipamento":4,"nm_tema_equipamento":"EDUCACAO","cd_identificador_rede_equipamento":0,"nm_rede_equipamento":"SEM REDE","tx_rede_equipamento":"Sem descrição","cd_identificador_tipo_equipamento":307,"nm_tipo_equipamento":"CEU EMEI","tx_tipo_equipamento":"ESCOLA MUNICIPAL DE EDUCACAO INFANTIL LOCALIZADA NO CENTRO EDUCACIONAL UNIFICADO","cd_identificador_classe_equipamento":7,"nm_classe_equipamento":"CEU","tx_classe_equipamento":"CEU","cd_identificador_esfera_administrativa_equipamento":3,"nm_esfera_administrativa_equipamento":"PRIVADA","tx_esfera_administrativa_equipamento":"REDE PRIVADA (INCLUI ESTABELECIMENTOS PARTICULARES, COMUNITARIOS, CONFESSIONAIS, FILANTROPRICOS, CONVENIADOS OU NAO COM A PREFEITURA)","cd_equipamento":"35298273","nm_equipamento":"CEU EMEI JACANA","tx_endereco_equipamento":"FRANCISCA ESPOSITO TONETTI, 105","nm_bairro_equipamento":"GUAPIRA","cd_cep_equipamento":"02276-010","tx_horario_funcionamento":"","tx_numero_telefone":"33973985","cd_equipamento_base_origem":"35298273"}},{"type":"Feature","id":"equipamento_educacao_ceu_v2.55022","geometry":{"type":"Point","coordinates":[338213.2964,7404985.7314]},"geometry_name":"ge_ponto","properties":{"cd_identificador":55022,"cd_identificador_tema_equipamento":4,"nm_tema_equipamento":"EDUCACAO","cd_identificador_rede_equipamento":0,"nm_rede_equipamento":"SEM REDE","tx_rede_equipamento":"Sem descrição","cd_identificador_tipo_equipamento":305,"nm_tipo_equipamento":"CEU CEI","tx_tipo_equipamento":"CENTRO DE EDUCACAO INFANTIL MUNICIPAL LOCALIZADO NO CENTRO EDUCACIONAL UNIFICADO","cd_identificador_classe_equipamento":7,"nm_classe_equipamento":"CEU","tx_classe_equipamento":"CEU","cd_identificador_esfera_administrativa_equipamento":3,"nm_esfera_administrativa_equipamento":"PRIVADA","tx_esfera_administrativa_equipamento":"REDE PRIVADA (INCLUI ESTABELECIMENTOS PARTICULARES, COMUNITARIOS, CONFESSIONAIS, FILANTROPRICOS, CONVENIADOS OU NAO COM A PREFEITURA)","cd_equipamento":"35298281","nm_equipamento":"CEU CEI JACANA","tx_endereco_equipamento":"FRANCISCA ESPOSITO TONETTI, S/N","nm_bairro_equipamento":"GUAPIRA","cd_cep_equipamento":"02276-010","tx_horario_funcionamento":"","tx_numero_telefone":"33973972","cd_equipamento_base_origem":"35298281"}},{"type":"Feature","id":"equipamento_educacao_ceu_v2.55023","geometry":{"type":"Point","coordinates":[326906.5835,7374851.6976]},"geometry_name":"ge_ponto","properties":{"cd_identificador":55023,"cd_identificador_tema_equipamento":4,"nm_tema_equipamento":"EDUCACAO","cd_identificador_rede_equipamento":0,"nm_rede_equipamento":"SEM REDE","tx_rede_equipamento":"Sem descrição","cd_identificador_tipo_equipamento":306,"nm_tipo_equipamento":"CEU EMEF","tx_tipo_equipamento":"ESCOLA MUNICIPAL DE ENSINO FUNDAMENTAL LOCALIZADA NO CENTRO EDUCACIONAL UNIFICADO","cd_identificador_classe_equipamento":7,"nm_classe_equipamento":"CEU","tx_classe_equipamento":"CEU","cd_identificador_esfera_administrativa_equipamento":3,"nm_esfera_administrativa_equipamento":"PRIVADA","tx_esfera_administrativa_equipamento":"REDE PRIVADA (INCLUI ESTABELECIMENTOS PARTICULARES, COMUNITARIOS, CONFESSIONAIS, FILANTROPRICOS, CONVENIADOS OU NAO COM A PREFEITURA)","cd_equipamento":"35298293","nm_equipamento":"CEU EMEF VILA RUBI","tx_endereco_equipamento":"DOMINGOS TARROSO, 101","nm_bairro_equipamento":"VILA RUBI","cd_cep_equipamento":"04823-090","tx_horario_funcionamento":"","tx_numero_telefone":"56629441","cd_equipamento_base_origem":"35298293"}},{"type":"Feature","id":"equipamento_educacao_ceu_v2.55024","geometry":{"type":"Point","coordinates":[326906.5835,7374851.6976]},"geometry_name":"ge_ponto","properties":{"cd_identificador":55024,"cd_identificador_tema_equipamento":4,"nm_tema_equipamento":"EDUCACAO","cd_identificador_rede_equipamento":0,"nm_rede_equipamento":"SEM REDE","tx_rede_equipamento":"Sem descrição","cd_identificador_tipo_equipamento":307,"nm_tipo_equipamento":"CEU EMEI","tx_tipo_equipamento":"ESCOLA MUNICIPAL DE EDUCACAO INFANTIL LOCALIZADA NO CENTRO EDUCACIONAL UNIFICADO","cd_identificador_classe_equipamento":7,"nm_classe_equipamento":"CEU","tx_classe_equipamento":"CEU","cd_identificador_esfera_administrativa_equipamento":3,"nm_esfera_administrativa_equipamento":"PRIVADA","tx_esfera_administrativa_equipamento":"REDE PRIVADA (INCLUI ESTABELECIMENTOS PARTICULARES, COMUNITARIOS, CONFESSIONAIS, FILANTROPRICOS, CONVENIADOS OU NAO COM A PREFEITURA)","cd_equipamento":"35298300","nm_equipamento":"CEU EMEI MARIA APARECIDA COELHO ALVES TEIXEIRA PROFA","tx_endereco_equipamento":"DOMINGOS TARROSO, 101","nm_bairro_equipamento":"VILA RUBI","cd_cep_equipamento":"04823-090","tx_horario_funcionamento":"","tx_numero_telefone":"56629434","cd_equipamento_base_origem":"35298300"}},{"type":"Feature","id":"equipamento_educacao_ceu_v2.55025","geometry":{"type":"Point","coordinates":[326906.5835,7374851.6976]},"geometry_name":"ge_ponto","properties":{"cd_identificador":55025,"cd_identificador_tema_equipamento":4,"nm_tema_equipamento":"EDUCACAO","cd_identificador_rede_equipamento":0,"nm_rede_equipamento":"SEM REDE","tx_rede_equipamento":"Sem descrição","cd_identificador_tipo_equipamento":305,"nm_tipo_equipamento":"CEU CEI","tx_tipo_equipamento":"CENTRO DE EDUCACAO INFANTIL MUNICIPAL LOCALIZADO NO CENTRO EDUCACIONAL UNIFICADO","cd_identificador_classe_equipamento":7,"nm_classe_equipamento":"CEU","tx_classe_equipamento":"CEU","cd_identificador_esfera_administrativa_equipamento":3,"nm_esfera_administrativa_equipamento":"PRIVADA","tx_esfera_administrativa_equipamento":"REDE PRIVADA (INCLUI ESTABELECIMENTOS PARTICULARES, COMUNITARIOS, CONFESSIONAIS, FILANTROPRICOS, CONVENIADOS OU NAO COM A PREFEITURA)","cd_equipamento":"35298311","nm_equipamento":"CEU CEI VILA RUBI","tx_endereco_equipamento":"DOMINGOS TARROSO, 101","nm_bairro_equipamento":"VILA RUBI","cd_cep_equipamento":"04823-090","tx_horario_funcionamento":"","tx_numero_telefone":"56629427","cd_equipamento_base_origem":"35298311"}},{"type":"Feature","id":"equipamento_educacao_ceu_v2.55219","geometry":{"type":"Point","coordinates":[318511.1202,7373654.8474]},"geometry_name":"ge_ponto","properties":{"cd_identificador":55219,"cd_identificador_tema_equipamento":4,"nm_tema_equipamento":"EDUCACAO","cd_identificador_rede_equipamento":0,"nm_rede_equipamento":"SEM REDE","tx_rede_equipamento":"Sem descrição","cd_identificador_tipo_equipamento":305,"nm_tipo_equipamento":"CEU CEI","tx_tipo_equipamento":"CENTRO DE EDUCACAO INFANTIL MUNICIPAL LOCALIZADO NO CENTRO EDUCACIONAL UNIFICADO","cd_identificador_classe_equipamento":7,"nm_classe_equipamento":"CEU","tx_classe_equipamento":"CEU","cd_identificador_esfera_administrativa_equipamento":3,"nm_esfera_administrativa_equipamento":"PRIVADA","tx_esfera_administrativa_equipamento":"REDE PRIVADA (INCLUI ESTABELECIMENTOS PARTICULARES, COMUNITARIOS, CONFESSIONAIS, FILANTROPRICOS, CONVENIADOS OU NAO COM A PREFEITURA)","cd_equipamento":"35356566","nm_equipamento":"CEU CEI VILA DO SOL","tx_endereco_equipamento":"DOS FUNCIONARIOS PUBLICOS, 369","nm_bairro_equipamento":"VILA DO SOL","cd_cep_equipamento":"04962-000","tx_horario_funcionamento":"","tx_numero_telefone":"33979831","cd_equipamento_base_origem":"35356566"}},{"type":"Feature","id":"equipamento_educacao_ceu_v2.55220","geometry":{"type":"Point","coordinates":[318511.1202,7373654.8474]},"geometry_name":"ge_ponto","properties":{"cd_identificador":55220,"cd_identificador_tema_equipamento":4,"nm_tema_equipamento":"EDUCACAO","cd_identificador_rede_equipamento":0,"nm_rede_equipamento":"SEM REDE","tx_rede_equipamento":"Sem descrição","cd_identificador_tipo_equipamento":307,"nm_tipo_equipamento":"CEU EMEI","tx_tipo_equipamento":"ESCOLA MUNICIPAL DE EDUCACAO INFANTIL LOCALIZADA NO CENTRO EDUCACIONAL UNIFICADO","cd_identificador_classe_equipamento":7,"nm_classe_equipamento":"CEU","tx_classe_equipamento":"CEU","cd_identificador_esfera_administrativa_equipamento":3,"nm_esfera_administrativa_equipamento":"PRIVADA","tx_esfera_administrativa_equipamento":"REDE PRIVADA (INCLUI ESTABELECIMENTOS PARTICULARES, COMUNITARIOS, CONFESSIONAIS, FILANTROPRICOS, CONVENIADOS OU NAO COM A PREFEITURA)","cd_equipamento":"35356591","nm_equipamento":"CEU EMEI VILA DO SOL","tx_endereco_equipamento":"DOS FUNCIONARIOS PUBLICOS, 369","nm_bairro_equipamento":"VILA DO SOL","cd_cep_equipamento":"04962-000","tx_horario_funcionamento":"","tx_numero_telefone":"33979860","cd_equipamento_base_origem":"35356591"}},{"type":"Feature","id":"equipamento_educacao_ceu_v2.55221","geometry":{"type":"Point","coordinates":[318511.1202,7373654.8474]},"geometry_name":"ge_ponto","properties":{"cd_identificador":55221,"cd_identificador_tema_equipamento":4,"nm_tema_equipamento":"EDUCACAO","cd_identificador_rede_equipamento":0,"nm_rede_equipamento":"SEM REDE","tx_rede_equipamento":"Sem descrição","cd_identificador_tipo_equipamento":306,"nm_tipo_equipamento":"CEU EMEF","tx_tipo_equipamento":"ESCOLA MUNICIPAL DE ENSINO FUNDAMENTAL LOCALIZADA NO CENTRO EDUCACIONAL UNIFICADO","cd_identificador_classe_equipamento":7,"nm_classe_equipamento":"CEU","tx_classe_equipamento":"CEU","cd_identificador_esfera_administrativa_equipamento":3,"nm_esfera_administrativa_equipamento":"PRIVADA","tx_esfera_administrativa_equipamento":"REDE PRIVADA (INCLUI ESTABELECIMENTOS PARTICULARES, COMUNITARIOS, CONFESSIONAIS, FILANTROPRICOS, CONVENIADOS OU NAO COM A PREFEITURA)","cd_equipamento":"35356612","nm_equipamento":"CEU EMEF VILA DO SOL","tx_endereco_equipamento":"DOS FUNCIONARIOS PUBLICOS, 369","nm_bairro_equipamento":"VILA DO SOL","cd_cep_equipamento":"04962-000","tx_horario_funcionamento":"","tx_numero_telefone":"33979822","cd_equipamento_base_origem":"35356612"}},{"type":"Feature","id":"equipamento_educacao_ceu_v2.55222","geometry":{"type":"Point","coordinates":[318402.5747,7383712.7536]},"geometry_name":"ge_ponto","properties":{"cd_identificador":55222,"cd_identificador_tema_equipamento":4,"nm_tema_equipamento":"EDUCACAO","cd_identificador_rede_equipamento":0,"nm_rede_equipamento":"SEM REDE","tx_rede_equipamento":"Sem descrição","cd_identificador_tipo_equipamento":305,"nm_tipo_equipamento":"CEU CEI","tx_tipo_equipamento":"CENTRO DE EDUCACAO INFANTIL MUNICIPAL LOCALIZADO NO CENTRO EDUCACIONAL UNIFICADO","cd_identificador_classe_equipamento":7,"nm_classe_equipamento":"CEU","tx_classe_equipamento":"CEU","cd_identificador_esfera_administrativa_equipamento":3,"nm_esfera_administrativa_equipamento":"PRIVADA","tx_esfera_administrativa_equipamento":"REDE PRIVADA (INCLUI ESTABELECIMENTOS PARTICULARES, COMUNITARIOS, CONFESSIONAIS, FILANTROPRICOS, CONVENIADOS OU NAO COM A PREFEITURA)","cd_equipamento":"35356621","nm_equipamento":"CEU CEI CANTOS DO AMANHECER","tx_endereco_equipamento":"CANTOS DO AMANHECER, S/N","nm_bairro_equipamento":"JARDIM ELEDY","cd_cep_equipamento":"05856-020","tx_horario_funcionamento":"","tx_numero_telefone":"33979745","cd_equipamento_base_origem":"35356621"}},{"type":"Feature","id":"equipamento_educacao_ceu_v2.55223","geometry":{"type":"Point","coordinates":[317893.2218,7383460.3443]},"geometry_name":"ge_ponto","properties":{"cd_identificador":55223,"cd_identificador_tema_equipamento":4,"nm_tema_equipamento":"EDUCACAO","cd_identificador_rede_equipamento":0,"nm_rede_equipamento":"SEM REDE","tx_rede_equipamento":"Sem descrição","cd_identificador_tipo_equipamento":307,"nm_tipo_equipamento":"CEU EMEI","tx_tipo_equipamento":"ESCOLA MUNICIPAL DE EDUCACAO INFANTIL LOCALIZADA NO CENTRO EDUCACIONAL UNIFICADO","cd_identificador_classe_equipamento":7,"nm_classe_equipamento":"CEU","tx_classe_equipamento":"CEU","cd_identificador_esfera_administrativa_equipamento":3,"nm_esfera_administrativa_equipamento":"PRIVADA","tx_esfera_administrativa_equipamento":"REDE PRIVADA (INCLUI ESTABELECIMENTOS PARTICULARES, COMUNITARIOS, CONFESSIONAIS, FILANTROPRICOS, CONVENIADOS OU NAO COM A PREFEITURA)","cd_equipamento":"35356712","nm_equipamento":"CEU EMEI CANTOS DO AMANHECER","tx_endereco_equipamento":"CANTOS DO AMANHECER, S/N","nm_bairro_equipamento":"JARDIM ELEDY","cd_cep_equipamento":"05856-020","tx_horario_funcionamento":"","tx_numero_telefone":"33979740","cd_equipamento_base_origem":"35356712"}},{"type":"Feature","id":"equipamento_educacao_ceu_v2.55224","geometry":{"type":"Point","coordinates":[317906.6606,7383420.0386]},"geometry_name":"ge_ponto","properties":{"cd_identificador":55224,"cd_identificador_tema_equipamento":4,"nm_tema_equipamento":"EDUCACAO","cd_identificador_rede_equipamento":0,"nm_rede_equipamento":"SEM REDE","tx_rede_equipamento":"Sem descrição","cd_identificador_tipo_equipamento":306,"nm_tipo_equipamento":"CEU EMEF","tx_tipo_equipamento":"ESCOLA MUNICIPAL DE ENSINO FUNDAMENTAL LOCALIZADA NO CENTRO EDUCACIONAL UNIFICADO","cd_identificador_classe_equipamento":7,"nm_classe_equipamento":"CEU","tx_classe_equipamento":"CEU","cd_identificador_esfera_administrativa_equipamento":3,"nm_esfera_administrativa_equipamento":"PRIVADA","tx_esfera_administrativa_equipamento":"REDE PRIVADA (INCLUI ESTABELECIMENTOS PARTICULARES, COMUNITARIOS, CONFESSIONAIS, FILANTROPRICOS, CONVENIADOS OU NAO COM A PREFEITURA)","cd_equipamento":"35356736","nm_equipamento":"CEU EMEF CANTOS DO AMANHECER","tx_endereco_equipamento":"CANTOS DO AMANHECER, S/N","nm_bairro_equipamento":"JARDIM ELEDY","cd_cep_equipamento":"05856-020","tx_horario_funcionamento":"","tx_numero_telefone":"33979747","cd_equipamento_base_origem":"35356736"}},{"type":"Feature","id":"equipamento_educacao_ceu_v2.55225","geometry":{"type":"Point","coordinates":[319640.1654,7378004.9932]},"geometry_name":"ge_ponto","properties":{"cd_identificador":55225,"cd_identificador_tema_equipamento":4,"nm_tema_equipamento":"EDUCACAO","cd_identificador_rede_equipamento":0,"nm_rede_equipamento":"SEM REDE","tx_rede_equipamento":"Sem descrição","cd_identificador_tipo_equipamento":305,"nm_tipo_equipamento":"CEU CEI","tx_tipo_equipamento":"CENTRO DE EDUCACAO INFANTIL MUNICIPAL LOCALIZADO NO CENTRO EDUCACIONAL UNIFICADO","cd_identificador_classe_equipamento":7,"nm_classe_equipamento":"CEU","tx_classe_equipamento":"CEU","cd_identificador_esfera_administrativa_equipamento":3,"nm_esfera_administrativa_equipamento":"PRIVADA","tx_esfera_administrativa_equipamento":"REDE PRIVADA (INCLUI ESTABELECIMENTOS PARTICULARES, COMUNITARIOS, CONFESSIONAIS, FILANTROPRICOS, CONVENIADOS OU NAO COM A PREFEITURA)","cd_equipamento":"35356748","nm_equipamento":"CEU CEI GUARAPIRANGA","tx_endereco_equipamento":"DA BARONESA, 1120","nm_bairro_equipamento":"PARQUE BOLOGNE","cd_cep_equipamento":"04941-175","tx_horario_funcionamento":"","tx_numero_telefone":"33979671","cd_equipamento_base_origem":"35356748"}},{"type":"Feature","id":"equipamento_educacao_ceu_v2.55226","geometry":{"type":"Point","coordinates":[319640.1654,7378004.9932]},"geometry_name":"ge_ponto","properties":{"cd_identificador":55226,"cd_identificador_tema_equipamento":4,"nm_tema_equipamento":"EDUCACAO","cd_identificador_rede_equipamento":0,"nm_rede_equipamento":"SEM REDE","tx_rede_equipamento":"Sem descrição","cd_identificador_tipo_equipamento":307,"nm_tipo_equipamento":"CEU EMEI","tx_tipo_equipamento":"ESCOLA MUNICIPAL DE EDUCACAO INFANTIL LOCALIZADA NO CENTRO EDUCACIONAL UNIFICADO","cd_identificador_classe_equipamento":7,"nm_classe_equipamento":"CEU","tx_classe_equipamento":"CEU","cd_identificador_esfera_administrativa_equipamento":3,"nm_esfera_administrativa_equipamento":"PRIVADA","tx_esfera_administrativa_equipamento":"REDE PRIVADA (INCLUI ESTABELECIMENTOS PARTICULARES, COMUNITARIOS, CONFESSIONAIS, FILANTROPRICOS, CONVENIADOS OU NAO COM A PREFEITURA)","cd_equipamento":"35356759","nm_equipamento":"CEU EMEI GUARAPIRANGA","tx_endereco_equipamento":"DA BARONESA, 1120","nm_bairro_equipamento":"PARQUE BOLOGNE","cd_cep_equipamento":"04941-175","tx_horario_funcionamento":"","tx_numero_telefone":"33979652","cd_equipamento_base_origem":"35356759"}},{"type":"Feature","id":"equipamento_educacao_ceu_v2.55227","geometry":{"type":"Point","coordinates":[319640.1654,7378004.9932]},"geometry_name":"ge_ponto","properties":{"cd_identificador":55227,"cd_identificador_tema_equipamento":4,"nm_tema_equipamento":"EDUCACAO","cd_identificador_rede_equipamento":0,"nm_rede_equipamento":"SEM REDE","tx_rede_equipamento":"Sem descrição","cd_identificador_tipo_equipamento":306,"nm_tipo_equipamento":"CEU EMEF","tx_tipo_equipamento":"ESCOLA MUNICIPAL DE ENSINO FUNDAMENTAL LOCALIZADA NO CENTRO EDUCACIONAL UNIFICADO","cd_identificador_classe_equipamento":7,"nm_classe_equipamento":"CEU","tx_classe_equipamento":"CEU","cd_identificador_esfera_administrativa_equipamento":3,"nm_esfera_administrativa_equipamento":"PRIVADA","tx_esfera_administrativa_equipamento":"REDE PRIVADA (INCLUI ESTABELECIMENTOS PARTICULARES, COMUNITARIOS, CONFESSIONAIS, FILANTROPRICOS, CONVENIADOS OU NAO COM A PREFEITURA)","cd_equipamento":"35356761","nm_equipamento":"CEU EMEF MARIO FITTIPALDI","tx_endereco_equipamento":"DA BARONESA, 1120","nm_bairro_equipamento":"PARQUE BOLOGNE","cd_cep_equipamento":"04941-175","tx_horario_funcionamento":"","tx_numero_telefone":"33979621","cd_equipamento_base_origem":"35356761"}},{"type":"Feature","id":"equipamento_educacao_ceu_v2.55228","geometry":{"type":"Point","coordinates":[325159.4776,7404306.6464]},"geometry_name":"ge_ponto","properties":{"cd_identificador":55228,"cd_identificador_tema_equipamento":4,"nm_tema_equipamento":"EDUCACAO","cd_identificador_rede_equipamento":0,"nm_rede_equipamento":"SEM REDE","tx_rede_equipamento":"Sem descrição","cd_identificador_tipo_equipamento":305,"nm_tipo_equipamento":"CEU CEI","tx_tipo_equipamento":"CENTRO DE EDUCACAO INFANTIL MUNICIPAL LOCALIZADO NO CENTRO EDUCACIONAL UNIFICADO","cd_identificador_classe_equipamento":7,"nm_classe_equipamento":"CEU","tx_classe_equipamento":"CEU","cd_identificador_esfera_administrativa_equipamento":3,"nm_esfera_administrativa_equipamento":"PRIVADA","tx_esfera_administrativa_equipamento":"REDE PRIVADA (INCLUI ESTABELECIMENTOS PARTICULARES, COMUNITARIOS, CONFESSIONAIS, FILANTROPRICOS, CONVENIADOS OU NAO COM A PREFEITURA)","cd_equipamento":"35356773","nm_equipamento":"CEU CEI JARDIM PAULISTANO","tx_endereco_equipamento":"APARECIDA DO TABOADO, S/N","nm_bairro_equipamento":"JARDIM PAULISTANO ZONA NORTE","cd_cep_equipamento":"02814-000","tx_horario_funcionamento":"","tx_numero_telefone":"33975432","cd_equipamento_base_origem":"35356773"}},{"type":"Feature","id":"equipamento_educacao_ceu_v2.55229","geometry":{"type":"Point","coordinates":[325172.6953,7404301.3535]},"geometry_name":"ge_ponto","properties":{"cd_identificador":55229,"cd_identificador_tema_equipamento":4,"nm_tema_equipamento":"EDUCACAO","cd_identificador_rede_equipamento":0,"nm_rede_equipamento":"SEM REDE","tx_rede_equipamento":"Sem descrição","cd_identificador_tipo_equipamento":307,"nm_tipo_equipamento":"CEU EMEI","tx_tipo_equipamento":"ESCOLA MUNICIPAL DE EDUCACAO INFANTIL LOCALIZADA NO CENTRO EDUCACIONAL UNIFICADO","cd_identificador_classe_equipamento":7,"nm_classe_equipamento":"CEU","tx_classe_equipamento":"CEU","cd_identificador_esfera_administrativa_equipamento":3,"nm_esfera_administrativa_equipamento":"PRIVADA","tx_esfera_administrativa_equipamento":"REDE PRIVADA (INCLUI ESTABELECIMENTOS PARTICULARES, COMUNITARIOS, CONFESSIONAIS, FILANTROPRICOS, CONVENIADOS OU NAO COM A PREFEITURA)","cd_equipamento":"35356803","nm_equipamento":"CEU EMEI JARDIM PAULISTANO","tx_endereco_equipamento":"APARECIDA DO TABOADO, S/N","nm_bairro_equipamento":"JARDIM PAULISTANO ZONA NORTE","cd_cep_equipamento":"02814-000","tx_horario_funcionamento":"","tx_numero_telefone":"33975436","cd_equipamento_base_origem":"35356803"}},{"type":"Feature","id":"equipamento_educacao_ceu_v2.55230","geometry":{"type":"Point","coordinates":[325161.6698,7404306.6725]},"geometry_name":"ge_ponto","properties":{"cd_identificador":55230,"cd_identificador_tema_equipamento":4,"nm_tema_equipamento":"EDUCACAO","cd_identificador_rede_equipamento":0,"nm_rede_equipamento":"SEM REDE","tx_rede_equipamento":"Sem descrição","cd_identificador_tipo_equipamento":306,"nm_tipo_equipamento":"CEU EMEF","tx_tipo_equipamento":"ESCOLA MUNICIPAL DE ENSINO FUNDAMENTAL LOCALIZADA NO CENTRO EDUCACIONAL UNIFICADO","cd_identificador_classe_equipamento":7,"nm_classe_equipamento":"CEU","tx_classe_equipamento":"CEU","cd_identificador_esfera_administrativa_equipamento":3,"nm_esfera_administrativa_equipamento":"PRIVADA","tx_esfera_administrativa_equipamento":"REDE PRIVADA (INCLUI ESTABELECIMENTOS PARTICULARES, COMUNITARIOS, CONFESSIONAIS, FILANTROPRICOS, CONVENIADOS OU NAO COM A PREFEITURA)","cd_equipamento":"35356815","nm_equipamento":"CEU EMEF JARDIM PAULISTANO","tx_endereco_equipamento":"APARECIDA DO TABOADO, S/N","nm_bairro_equipamento":"JARDIM PAULISTANO ZONA NORTE","cd_cep_equipamento":"02814-000","tx_horario_funcionamento":"","tx_numero_telefone":"33975448","cd_equipamento_base_origem":"35356815"}},{"type":"Feature","id":"equipamento_educacao_ceu_v2.55231","geometry":{"type":"Point","coordinates":[357117.5806,7395627.2528]},"geometry_name":"ge_ponto","properties":{"cd_identificador":55231,"cd_identificador_tema_equipamento":4,"nm_tema_equipamento":"EDUCACAO","cd_identificador_rede_equipamento":0,"nm_rede_equipamento":"SEM REDE","tx_rede_equipamento":"Sem descrição","cd_identificador_tipo_equipamento":306,"nm_tipo_equipamento":"CEU EMEF","tx_tipo_equipamento":"ESCOLA MUNICIPAL DE ENSINO FUNDAMENTAL LOCALIZADA NO CENTRO EDUCACIONAL UNIFICADO","cd_identificador_classe_equipamento":7,"nm_classe_equipamento":"CEU","tx_classe_equipamento":"CEU","cd_identificador_esfera_administrativa_equipamento":3,"nm_esfera_administrativa_equipamento":"PRIVADA","tx_esfera_administrativa_equipamento":"REDE PRIVADA (INCLUI ESTABELECIMENTOS PARTICULARES, COMUNITARIOS, CONFESSIONAIS, FILANTROPRICOS, CONVENIADOS OU NAO COM A PREFEITURA)","cd_equipamento":"35356852","nm_equipamento":"CEU EMEF LAJEADO","tx_endereco_equipamento":"MANUEL DA MOTA COUTINHO, 293","nm_bairro_equipamento":"LAJEADO","cd_cep_equipamento":"08451-420","tx_horario_funcionamento":"","tx_numero_telefone":"21539825","cd_equipamento_base_origem":"35356852"}},{"type":"Feature","id":"equipamento_educacao_ceu_v2.55232","geometry":{"type":"Point","coordinates":[347190.2936,7400496.069]},"geometry_name":"ge_ponto","properties":{"cd_identificador":55232,"cd_identificador_tema_equipamento":4,"nm_tema_equipamento":"EDUCACAO","cd_identificador_rede_equipamento":0,"nm_rede_equipamento":"SEM REDE","tx_rede_equipamento":"Sem descrição","cd_identificador_tipo_equipamento":305,"nm_tipo_equipamento":"CEU CEI","tx_tipo_equipamento":"CENTRO DE EDUCACAO INFANTIL MUNICIPAL LOCALIZADO NO CENTRO EDUCACIONAL UNIFICADO","cd_identificador_classe_equipamento":7,"nm_classe_equipamento":"CEU","tx_classe_equipamento":"CEU","cd_identificador_esfera_administrativa_equipamento":3,"nm_esfera_administrativa_equipamento":"PRIVADA","tx_esfera_administrativa_equipamento":"REDE PRIVADA (INCLUI ESTABELECIMENTOS PARTICULARES, COMUNITARIOS, CONFESSIONAIS, FILANTROPRICOS, CONVENIADOS OU NAO COM A PREFEITURA)","cd_equipamento":"35357005","nm_equipamento":"CEU CEI QUINTA DO SOL","tx_endereco_equipamento":"LUIZ IMPARATO, 564","nm_bairro_equipamento":"PARQUE CISPER","cd_cep_equipamento":"03819-160","tx_horario_funcionamento":"","tx_numero_telefone":"33963451","cd_equipamento_base_origem":"35357005"}},{"type":"Feature","id":"equipamento_educacao_ceu_v2.55233","geometry":{"type":"Point","coordinates":[347190.2936,7400496.069]},"geometry_name":"ge_ponto","properties":{"cd_identificador":55233,"cd_identificador_tema_equipamento":4,"nm_tema_equipamento":"EDUCACAO","cd_identificador_rede_equipamento":0,"nm_rede_equipamento":"SEM REDE","tx_rede_equipamento":"Sem descrição","cd_identificador_tipo_equipamento":307,"nm_tipo_equipamento":"CEU EMEI","tx_tipo_equipamento":"ESCOLA MUNICIPAL DE EDUCACAO INFANTIL LOCALIZADA NO CENTRO EDUCACIONAL UNIFICADO","cd_identificador_classe_equipamento":7,"nm_classe_equipamento":"CEU","tx_classe_equipamento":"CEU","cd_identificador_esfera_administrativa_equipamento":3,"nm_esfera_administrativa_equipamento":"PRIVADA","tx_esfera_administrativa_equipamento":"REDE PRIVADA (INCLUI ESTABELECIMENTOS PARTICULARES, COMUNITARIOS, CONFESSIONAIS, FILANTROPRICOS, CONVENIADOS OU NAO COM A PREFEITURA)","cd_equipamento":"35357017","nm_equipamento":"CEU EMEI BRAZ JAIME ROMANO","tx_endereco_equipamento":"LUIZ IMPARATO, 564","nm_bairro_equipamento":"PARQUE CISPER","cd_cep_equipamento":"03819-160","tx_horario_funcionamento":"","tx_numero_telefone":"33963462","cd_equipamento_base_origem":"35357017"}},{"type":"Feature","id":"equipamento_educacao_ceu_v2.55234","geometry":{"type":"Point","coordinates":[347190.2936,7400496.069]},"geometry_name":"ge_ponto","properties":{"cd_identificador":55234,"cd_identificador_tema_equipamento":4,"nm_tema_equipamento":"EDUCACAO","cd_identificador_rede_equipamento":0,"nm_rede_equipamento":"SEM REDE","tx_rede_equipamento":"Sem descrição","cd_identificador_tipo_equipamento":306,"nm_tipo_equipamento":"CEU EMEF","tx_tipo_equipamento":"ESCOLA MUNICIPAL DE ENSINO FUNDAMENTAL LOCALIZADA NO CENTRO EDUCACIONAL UNIFICADO","cd_identificador_classe_equipamento":7,"nm_classe_equipamento":"CEU","tx_classe_equipamento":"CEU","cd_identificador_esfera_administrativa_equipamento":3,"nm_esfera_administrativa_equipamento":"PRIVADA","tx_esfera_administrativa_equipamento":"REDE PRIVADA (INCLUI ESTABELECIMENTOS PARTICULARES, COMUNITARIOS, CONFESSIONAIS, FILANTROPRICOS, CONVENIADOS OU NAO COM A PREFEITURA)","cd_equipamento":"35357030","nm_equipamento":"CEU EMEF ROSANGELA RODRIGUES VIEIRA PROFA","tx_endereco_equipamento":"LUIZ IMPARATO, 564","nm_bairro_equipamento":"PARQUE CISPER","cd_cep_equipamento":"03819-160","tx_horario_funcionamento":"","tx_numero_telefone":null,"cd_equipamento_base_origem":"35357030"}},{"type":"Feature","id":"equipamento_educacao_ceu_v2.55235","geometry":{"type":"Point","coordinates":[347567.2393,7388172.316]},"geometry_name":"ge_ponto","properties":{"cd_identificador":55235,"cd_identificador_tema_equipamento":4,"nm_tema_equipamento":"EDUCACAO","cd_identificador_rede_equipamento":0,"nm_rede_equipamento":"SEM REDE","tx_rede_equipamento":"Sem descrição","cd_identificador_tipo_equipamento":305,"nm_tipo_equipamento":"CEU CEI","tx_tipo_equipamento":"CENTRO DE EDUCACAO INFANTIL MUNICIPAL LOCALIZADO NO CENTRO EDUCACIONAL UNIFICADO","cd_identificador_classe_equipamento":7,"nm_classe_equipamento":"CEU","tx_classe_equipamento":"CEU","cd_identificador_esfera_administrativa_equipamento":3,"nm_esfera_administrativa_equipamento":"PRIVADA","tx_esfera_administrativa_equipamento":"REDE PRIVADA (INCLUI ESTABELECIMENTOS PARTICULARES, COMUNITARIOS, CONFESSIONAIS, FILANTROPRICOS, CONVENIADOS OU NAO COM A PREFEITURA)","cd_equipamento":"35357066","nm_equipamento":"CEU CEI RUBEM ALVES","tx_endereco_equipamento":"MANUEL QUIRINO DE MATTOS, S/N","nm_bairro_equipamento":"JARDIM SAPOPEMBA","cd_cep_equipamento":"03969-000","tx_horario_funcionamento":"","tx_numero_telefone":"20759121","cd_equipamento_base_origem":"35357066"}},{"type":"Feature","id":"equipamento_educacao_ceu_v2.55236","geometry":{"type":"Point","coordinates":[347611.4548,7388275.4447]},"geometry_name":"ge_ponto","properties":{"cd_identificador":55236,"cd_identificador_tema_equipamento":4,"nm_tema_equipamento":"EDUCACAO","cd_identificador_rede_equipamento":0,"nm_rede_equipamento":"SEM REDE","tx_rede_equipamento":"Sem descrição","cd_identificador_tipo_equipamento":307,"nm_tipo_equipamento":"CEU EMEI","tx_tipo_equipamento":"ESCOLA MUNICIPAL DE EDUCACAO INFANTIL LOCALIZADA NO CENTRO EDUCACIONAL UNIFICADO","cd_identificador_classe_equipamento":7,"nm_classe_equipamento":"CEU","tx_classe_equipamento":"CEU","cd_identificador_esfera_administrativa_equipamento":3,"nm_esfera_administrativa_equipamento":"PRIVADA","tx_esfera_administrativa_equipamento":"REDE PRIVADA (INCLUI ESTABELECIMENTOS PARTICULARES, COMUNITARIOS, CONFESSIONAIS, FILANTROPRICOS, CONVENIADOS OU NAO COM A PREFEITURA)","cd_equipamento":"35357085","nm_equipamento":"CEU EMEI ERIKA DE SOUZA BRITO MATOS PROFA","tx_endereco_equipamento":"MANUEL QUIRINO DE MATTOS, S/N","nm_bairro_equipamento":"JARDIM SAPOPEMBA","cd_cep_equipamento":"03969-000","tx_horario_funcionamento":"","tx_numero_telefone":"20759126","cd_equipamento_base_origem":"35357085"}},{"type":"Feature","id":"equipamento_educacao_ceu_v2.55237","geometry":{"type":"Point","coordinates":[347579.2817,7388172.4418]},"geometry_name":"ge_ponto","properties":{"cd_identificador":55237,"cd_identificador_tema_equipamento":4,"nm_tema_equipamento":"EDUCACAO","cd_identificador_rede_equipamento":0,"nm_rede_equipamento":"SEM REDE","tx_rede_equipamento":"Sem descrição","cd_identificador_tipo_equipamento":306,"nm_tipo_equipamento":"CEU EMEF","tx_tipo_equipamento":"ESCOLA MUNICIPAL DE ENSINO FUNDAMENTAL LOCALIZADA NO CENTRO EDUCACIONAL UNIFICADO","cd_identificador_classe_equipamento":7,"nm_classe_equipamento":"CEU","tx_classe_equipamento":"CEU","cd_identificador_esfera_administrativa_equipamento":3,"nm_esfera_administrativa_equipamento":"PRIVADA","tx_esfera_administrativa_equipamento":"REDE PRIVADA (INCLUI ESTABELECIMENTOS PARTICULARES, COMUNITARIOS, CONFESSIONAIS, FILANTROPRICOS, CONVENIADOS OU NAO COM A PREFEITURA)","cd_equipamento":"35357091","nm_equipamento":"CEU EMEF TATIANA BELINKY","tx_endereco_equipamento":"MANUEL QUIRINO DE MATTOS, S/N","nm_bairro_equipamento":"JARDIM SAPOPEMBA","cd_cep_equipamento":"03969-000","tx_horario_funcionamento":"","tx_numero_telefone":"20759134","cd_equipamento_base_origem":"35357091"}},{"type":"Feature","id":"equipamento_educacao_ceu_v2.55238","geometry":{"type":"Point","coordinates":[358860.7266,7402844.854]},"geometry_name":"ge_ponto","properties":{"cd_identificador":55238,"cd_identificador_tema_equipamento":4,"nm_tema_equipamento":"EDUCACAO","cd_identificador_rede_equipamento":0,"nm_rede_equipamento":"SEM REDE","tx_rede_equipamento":"Sem descrição","cd_identificador_tipo_equipamento":305,"nm_tipo_equipamento":"CEU CEI","tx_tipo_equipamento":"CENTRO DE EDUCACAO INFANTIL MUNICIPAL LOCALIZADO NO CENTRO EDUCACIONAL UNIFICADO","cd_identificador_classe_equipamento":7,"nm_classe_equipamento":"CEU","tx_classe_equipamento":"CEU","cd_identificador_esfera_administrativa_equipamento":3,"nm_esfera_administrativa_equipamento":"PRIVADA","tx_esfera_administrativa_equipamento":"REDE PRIVADA (INCLUI ESTABELECIMENTOS PARTICULARES, COMUNITARIOS, CONFESSIONAIS, FILANTROPRICOS, CONVENIADOS OU NAO COM A PREFEITURA)","cd_equipamento":"35357108","nm_equipamento":"CEU CEI TRES PONTES","tx_endereco_equipamento":"CAPACHOS, 400","nm_bairro_equipamento":"JARDIM CELIA","cd_cep_equipamento":"08191-330","tx_horario_funcionamento":"","tx_numero_telefone":"33976414","cd_equipamento_base_origem":"35357108"}},{"type":"Feature","id":"equipamento_educacao_ceu_v2.55239","geometry":{"type":"Point","coordinates":[358860.7266,7402844.854]},"geometry_name":"ge_ponto","properties":{"cd_identificador":55239,"cd_identificador_tema_equipamento":4,"nm_tema_equipamento":"EDUCACAO","cd_identificador_rede_equipamento":0,"nm_rede_equipamento":"SEM REDE","tx_rede_equipamento":"Sem descrição","cd_identificador_tipo_equipamento":307,"nm_tipo_equipamento":"CEU EMEI","tx_tipo_equipamento":"ESCOLA MUNICIPAL DE EDUCACAO INFANTIL LOCALIZADA NO CENTRO EDUCACIONAL UNIFICADO","cd_identificador_classe_equipamento":7,"nm_classe_equipamento":"CEU","tx_classe_equipamento":"CEU","cd_identificador_esfera_administrativa_equipamento":3,"nm_esfera_administrativa_equipamento":"PRIVADA","tx_esfera_administrativa_equipamento":"REDE PRIVADA (INCLUI ESTABELECIMENTOS PARTICULARES, COMUNITARIOS, CONFESSIONAIS, FILANTROPRICOS, CONVENIADOS OU NAO COM A PREFEITURA)","cd_equipamento":"35357112","nm_equipamento":"CEU EMEI TRES PONTES","tx_endereco_equipamento":"CAPACHOS, 400","nm_bairro_equipamento":"JARDIM CELIA","cd_cep_equipamento":"08191-330","tx_horario_funcionamento":"","tx_numero_telefone":"33976416","cd_equipamento_base_origem":"35357112"}},{"type":"Feature","id":"equipamento_educacao_ceu_v2.55240","geometry":{"type":"Point","coordinates":[358860.7266,7402844.854]},"geometry_name":"ge_ponto","properties":{"cd_identificador":55240,"cd_identificador_tema_equipamento":4,"nm_tema_equipamento":"EDUCACAO","cd_identificador_rede_equipamento":0,"nm_rede_equipamento":"SEM REDE","tx_rede_equipamento":"Sem descrição","cd_identificador_tipo_equipamento":306,"nm_tipo_equipamento":"CEU EMEF","tx_tipo_equipamento":"ESCOLA MUNICIPAL DE ENSINO FUNDAMENTAL LOCALIZADA NO CENTRO EDUCACIONAL UNIFICADO","cd_identificador_classe_equipamento":7,"nm_classe_equipamento":"CEU","tx_classe_equipamento":"CEU","cd_identificador_esfera_administrativa_equipamento":3,"nm_esfera_administrativa_equipamento":"PRIVADA","tx_esfera_administrativa_equipamento":"REDE PRIVADA (INCLUI ESTABELECIMENTOS PARTICULARES, COMUNITARIOS, CONFESSIONAIS, FILANTROPRICOS, CONVENIADOS OU NAO COM A PREFEITURA)","cd_equipamento":"35357121","nm_equipamento":"CEU EMEF TRES PONTES","tx_endereco_equipamento":"CAPACHOS, 400","nm_bairro_equipamento":"JARDIM CELIA","cd_cep_equipamento":"08191-330","tx_horario_funcionamento":"","tx_numero_telefone":"33976435","cd_equipamento_base_origem":"35357121"}},{"type":"Feature","id":"equipamento_educacao_ceu_v2.55281","geometry":{"type":"Point","coordinates":[333118.9384,7381678.8598]},"geometry_name":"ge_ponto","properties":{"cd_identificador":55281,"cd_identificador_tema_equipamento":4,"nm_tema_equipamento":"EDUCACAO","cd_identificador_rede_equipamento":0,"nm_rede_equipamento":"SEM REDE","tx_rede_equipamento":"Sem descrição","cd_identificador_tipo_equipamento":305,"nm_tipo_equipamento":"CEU CEI","tx_tipo_equipamento":"CENTRO DE EDUCACAO INFANTIL MUNICIPAL LOCALIZADO NO CENTRO EDUCACIONAL UNIFICADO","cd_identificador_classe_equipamento":7,"nm_classe_equipamento":"CEU","tx_classe_equipamento":"CEU","cd_identificador_esfera_administrativa_equipamento":3,"nm_esfera_administrativa_equipamento":"PRIVADA","tx_esfera_administrativa_equipamento":"REDE PRIVADA (INCLUI ESTABELECIMENTOS PARTICULARES, COMUNITARIOS, CONFESSIONAIS, FILANTROPRICOS, CONVENIADOS OU NAO COM A PREFEITURA)","cd_equipamento":"35381044","nm_equipamento":"CEU CEI CAMINHO DO MAR","tx_endereco_equipamento":"ENGENHEIRO ARMANDO DE ARRUDA PEREIRA, 5241","nm_bairro_equipamento":"VILA DO ENCONTRO","cd_cep_equipamento":"04325-001","tx_horario_funcionamento":"","tx_numero_telefone":"56246457","cd_equipamento_base_origem":"35381044"}},{"type":"Feature","id":"equipamento_educacao_ceu_v2.55282","geometry":{"type":"Point","coordinates":[333118.9384,7381678.8598]},"geometry_name":"ge_ponto","properties":{"cd_identificador":55282,"cd_identificador_tema_equipamento":4,"nm_tema_equipamento":"EDUCACAO","cd_identificador_rede_equipamento":0,"nm_rede_equipamento":"SEM REDE","tx_rede_equipamento":"Sem descrição","cd_identificador_tipo_equipamento":307,"nm_tipo_equipamento":"CEU EMEI","tx_tipo_equipamento":"ESCOLA MUNICIPAL DE EDUCACAO INFANTIL LOCALIZADA NO CENTRO EDUCACIONAL UNIFICADO","cd_identificador_classe_equipamento":7,"nm_classe_equipamento":"CEU","tx_classe_equipamento":"CEU","cd_identificador_esfera_administrativa_equipamento":3,"nm_esfera_administrativa_equipamento":"PRIVADA","tx_esfera_administrativa_equipamento":"REDE PRIVADA (INCLUI ESTABELECIMENTOS PARTICULARES, COMUNITARIOS, CONFESSIONAIS, FILANTROPRICOS, CONVENIADOS OU NAO COM A PREFEITURA)","cd_equipamento":"35381081","nm_equipamento":"CEU EMEI CAMINHO DO MAR","tx_endereco_equipamento":"ENGENHEIRO ARMANDO DE ARRUDA PEREIRA, 5241","nm_bairro_equipamento":"VILA DO ENCONTRO","cd_cep_equipamento":"04325-001","tx_horario_funcionamento":"","tx_numero_telefone":"33965574","cd_equipamento_base_origem":"35381081"}},{"type":"Feature","id":"equipamento_educacao_ceu_v2.55283","geometry":{"type":"Point","coordinates":[333118.9384,7381678.8598]},"geometry_name":"ge_ponto","properties":{"cd_identificador":55283,"cd_identificador_tema_equipamento":4,"nm_tema_equipamento":"EDUCACAO","cd_identificador_rede_equipamento":0,"nm_rede_equipamento":"SEM REDE","tx_rede_equipamento":"Sem descrição","cd_identificador_tipo_equipamento":306,"nm_tipo_equipamento":"CEU EMEF","tx_tipo_equipamento":"ESCOLA MUNICIPAL DE ENSINO FUNDAMENTAL LOCALIZADA NO CENTRO EDUCACIONAL UNIFICADO","cd_identificador_classe_equipamento":7,"nm_classe_equipamento":"CEU","tx_classe_equipamento":"CEU","cd_identificador_esfera_administrativa_equipamento":3,"nm_esfera_administrativa_equipamento":"PRIVADA","tx_esfera_administrativa_equipamento":"REDE PRIVADA (INCLUI ESTABELECIMENTOS PARTICULARES, COMUNITARIOS, CONFESSIONAIS, FILANTROPRICOS, CONVENIADOS OU NAO COM A PREFEITURA)","cd_equipamento":"35381111","nm_equipamento":"CEU EMEF JOSE REZENDE PROF","tx_endereco_equipamento":"ENGENHEIRO ARMANDO DE ARRUDA PEREIRA, 5241","nm_bairro_equipamento":"VILA DO ENCONTRO","cd_cep_equipamento":"04325-001","tx_horario_funcionamento":"","tx_numero_telefone":"33965579","cd_equipamento_base_origem":"35381111"}},{"type":"Feature","id":"equipamento_educacao_ceu_v2.55326","geometry":{"type":"Point","coordinates":[341395.0684,7398380.3895]},"geometry_name":"ge_ponto","properties":{"cd_identificador":55326,"cd_identificador_tema_equipamento":4,"nm_tema_equipamento":"EDUCACAO","cd_identificador_rede_equipamento":0,"nm_rede_equipamento":"SEM REDE","tx_rede_equipamento":"Sem descrição","cd_identificador_tipo_equipamento":306,"nm_tipo_equipamento":"CEU EMEF","tx_tipo_equipamento":"ESCOLA MUNICIPAL DE ENSINO FUNDAMENTAL LOCALIZADA NO CENTRO EDUCACIONAL UNIFICADO","cd_identificador_classe_equipamento":7,"nm_classe_equipamento":"CEU","tx_classe_equipamento":"CEU","cd_identificador_esfera_administrativa_equipamento":3,"nm_esfera_administrativa_equipamento":"PRIVADA","tx_esfera_administrativa_equipamento":"REDE PRIVADA (INCLUI ESTABELECIMENTOS PARTICULARES, COMUNITARIOS, CONFESSIONAIS, FILANTROPRICOS, CONVENIADOS OU NAO COM A PREFEITURA)","cd_equipamento":"35393277","nm_equipamento":"CEU EMEF ANTONIO CARLOS ROCHA PROF","tx_endereco_equipamento":"CONDESSA ELISABETH DE ROBIANO, S/N","nm_bairro_equipamento":"VILA MOREIRA","cd_cep_equipamento":"03074-000","tx_horario_funcionamento":"","tx_numero_telefone":"20757492","cd_equipamento_base_origem":"35393277"}},{"type":"Feature","id":"equipamento_educacao_ceu_v2.55333","geometry":{"type":"Point","coordinates":[335928.6449,7384297.3382]},"geometry_name":"ge_ponto","properties":{"cd_identificador":55333,"cd_identificador_tema_equipamento":4,"nm_tema_equipamento":"EDUCACAO","cd_identificador_rede_equipamento":0,"nm_rede_equipamento":"SEM REDE","tx_rede_equipamento":"Sem descrição","cd_identificador_tipo_equipamento":305,"nm_tipo_equipamento":"CEU CEI","tx_tipo_equipamento":"CENTRO DE EDUCACAO INFANTIL MUNICIPAL LOCALIZADO NO CENTRO EDUCACIONAL UNIFICADO","cd_identificador_classe_equipamento":7,"nm_classe_equipamento":"CEU","tx_classe_equipamento":"CEU","cd_identificador_esfera_administrativa_equipamento":3,"nm_esfera_administrativa_equipamento":"PRIVADA","tx_esfera_administrativa_equipamento":"REDE PRIVADA (INCLUI ESTABELECIMENTOS PARTICULARES, COMUNITARIOS, CONFESSIONAIS, FILANTROPRICOS, CONVENIADOS OU NAO COM A PREFEITURA)","cd_equipamento":"35396539","nm_equipamento":"CEU CEI PARQUE BRISTOL","tx_endereco_equipamento":"PROFESSOR ARTUR PRIMAVESI, S/N","nm_bairro_equipamento":"PARQUE BRISTOL","cd_cep_equipamento":"04177-070","tx_horario_funcionamento":"","tx_numero_telefone":"23349160","cd_equipamento_base_origem":"35396539"}},{"type":"Feature","id":"equipamento_educacao_ceu_v2.55334","geometry":{"type":"Point","coordinates":[335883.1741,7384244.9325]},"geometry_name":"ge_ponto","properties":{"cd_identificador":55334,"cd_identificador_tema_equipamento":4,"nm_tema_equipamento":"EDUCACAO","cd_identificador_rede_equipamento":0,"nm_rede_equipamento":"SEM REDE","tx_rede_equipamento":"Sem descrição","cd_identificador_tipo_equipamento":307,"nm_tipo_equipamento":"CEU EMEI","tx_tipo_equipamento":"ESCOLA MUNICIPAL DE EDUCACAO INFANTIL LOCALIZADA NO CENTRO EDUCACIONAL UNIFICADO","cd_identificador_classe_equipamento":7,"nm_classe_equipamento":"CEU","tx_classe_equipamento":"CEU","cd_identificador_esfera_administrativa_equipamento":3,"nm_esfera_administrativa_equipamento":"PRIVADA","tx_esfera_administrativa_equipamento":"REDE PRIVADA (INCLUI ESTABELECIMENTOS PARTICULARES, COMUNITARIOS, CONFESSIONAIS, FILANTROPRICOS, CONVENIADOS OU NAO COM A PREFEITURA)","cd_equipamento":"35396588","nm_equipamento":"CEU EMEI LUCIANA AZEVEDO POMPERMAYER PROFA","tx_endereco_equipamento":"PROFESSOR ARTUR PRIMAVESI, S/N","nm_bairro_equipamento":"PARQUE BRISTOL","cd_cep_equipamento":"04177-070","tx_horario_funcionamento":"","tx_numero_telefone":"23349166","cd_equipamento_base_origem":"35396588"}},{"type":"Feature","id":"equipamento_educacao_ceu_v2.55335","geometry":{"type":"Point","coordinates":[335911.7401,7384323.5676]},"geometry_name":"ge_ponto","properties":{"cd_identificador":55335,"cd_identificador_tema_equipamento":4,"nm_tema_equipamento":"EDUCACAO","cd_identificador_rede_equipamento":0,"nm_rede_equipamento":"SEM REDE","tx_rede_equipamento":"Sem descrição","cd_identificador_tipo_equipamento":306,"nm_tipo_equipamento":"CEU EMEF","tx_tipo_equipamento":"ESCOLA MUNICIPAL DE ENSINO FUNDAMENTAL LOCALIZADA NO CENTRO EDUCACIONAL UNIFICADO","cd_identificador_classe_equipamento":7,"nm_classe_equipamento":"CEU","tx_classe_equipamento":"CEU","cd_identificador_esfera_administrativa_equipamento":3,"nm_esfera_administrativa_equipamento":"PRIVADA","tx_esfera_administrativa_equipamento":"REDE PRIVADA (INCLUI ESTABELECIMENTOS PARTICULARES, COMUNITARIOS, CONFESSIONAIS, FILANTROPRICOS, CONVENIADOS OU NAO COM A PREFEITURA)","cd_equipamento":"35396692","nm_equipamento":"CEU EMEF MARA CRISTINA TARTAGLIA SENA PROFA","tx_endereco_equipamento":"PROFESSOR ARTUR PRIMAVESI, S/N","nm_bairro_equipamento":"PARQUE BRISTOL","cd_cep_equipamento":"04177-070","tx_horario_funcionamento":"","tx_numero_telefone":"23349169","cd_equipamento_base_origem":"35396692"}},{"type":"Feature","id":"equipamento_educacao_ceu_v2.55336","geometry":{"type":"Point","coordinates":[344319.0102,7391320.3979]},"geometry_name":"ge_ponto","properties":{"cd_identificador":55336,"cd_identificador_tema_equipamento":4,"nm_tema_equipamento":"EDUCACAO","cd_identificador_rede_equipamento":0,"nm_rede_equipamento":"SEM REDE","tx_rede_equipamento":"Sem descrição","cd_identificador_tipo_equipamento":305,"nm_tipo_equipamento":"CEU CEI","tx_tipo_equipamento":"CENTRO DE EDUCACAO INFANTIL MUNICIPAL LOCALIZADO NO CENTRO EDUCACIONAL UNIFICADO","cd_identificador_classe_equipamento":7,"nm_classe_equipamento":"CEU","tx_classe_equipamento":"CEU","cd_identificador_esfera_administrativa_equipamento":3,"nm_esfera_administrativa_equipamento":"PRIVADA","tx_esfera_administrativa_equipamento":"REDE PRIVADA (INCLUI ESTABELECIMENTOS PARTICULARES, COMUNITARIOS, CONFESSIONAIS, FILANTROPRICOS, CONVENIADOS OU NAO COM A PREFEITURA)","cd_equipamento":"35396801","nm_equipamento":"CEU CEI ADELAIDE TERESA LOPES CIMONARI PROFA","tx_endereco_equipamento":"SARGENTO CLAUDINER EVARISTO DIAS, 10","nm_bairro_equipamento":"PARQUE SANTO ANTONIO","cd_cep_equipamento":"03385-150","tx_horario_funcionamento":"","tx_numero_telefone":"20364303","cd_equipamento_base_origem":"35396801"}},{"type":"Feature","id":"equipamento_educacao_ceu_v2.55337","geometry":{"type":"Point","coordinates":[344319.0102,7391320.3979]},"geometry_name":"ge_ponto","properties":{"cd_identificador":55337,"cd_identificador_tema_equipamento":4,"nm_tema_equipamento":"EDUCACAO","cd_identificador_rede_equipamento":0,"nm_rede_equipamento":"SEM REDE","tx_rede_equipamento":"Sem descrição","cd_identificador_tipo_equipamento":307,"nm_tipo_equipamento":"CEU EMEI","tx_tipo_equipamento":"ESCOLA MUNICIPAL DE EDUCACAO INFANTIL LOCALIZADA NO CENTRO EDUCACIONAL UNIFICADO","cd_identificador_classe_equipamento":7,"nm_classe_equipamento":"CEU","tx_classe_equipamento":"CEU","cd_identificador_esfera_administrativa_equipamento":3,"nm_esfera_administrativa_equipamento":"PRIVADA","tx_esfera_administrativa_equipamento":"REDE PRIVADA (INCLUI ESTABELECIMENTOS PARTICULARES, COMUNITARIOS, CONFESSIONAIS, FILANTROPRICOS, CONVENIADOS OU NAO COM A PREFEITURA)","cd_equipamento":"35397015","nm_equipamento":"CEU EMEI FORMOSA","tx_endereco_equipamento":"SARGENTO CLAUDINER EVARISTO DIAS, 10","nm_bairro_equipamento":"PARQUE SANTO ANTONIO","cd_cep_equipamento":"03385-150","tx_horario_funcionamento":"","tx_numero_telefone":"20364324","cd_equipamento_base_origem":"35397015"}},{"type":"Feature","id":"equipamento_educacao_ceu_v2.55338","geometry":{"type":"Point","coordinates":[344319.0102,7391320.3979]},"geometry_name":"ge_ponto","properties":{"cd_identificador":55338,"cd_identificador_tema_equipamento":4,"nm_tema_equipamento":"EDUCACAO","cd_identificador_rede_equipamento":0,"nm_rede_equipamento":"SEM REDE","tx_rede_equipamento":"Sem descrição","cd_identificador_tipo_equipamento":306,"nm_tipo_equipamento":"CEU EMEF","tx_tipo_equipamento":"ESCOLA MUNICIPAL DE ENSINO FUNDAMENTAL LOCALIZADA NO CENTRO EDUCACIONAL UNIFICADO","cd_identificador_classe_equipamento":7,"nm_classe_equipamento":"CEU","tx_classe_equipamento":"CEU","cd_identificador_esfera_administrativa_equipamento":3,"nm_esfera_administrativa_equipamento":"PRIVADA","tx_esfera_administrativa_equipamento":"REDE PRIVADA (INCLUI ESTABELECIMENTOS PARTICULARES, COMUNITARIOS, CONFESSIONAIS, FILANTROPRICOS, CONVENIADOS OU NAO COM A PREFEITURA)","cd_equipamento":"35397064","nm_equipamento":"CEU EMEF MARIA APARECIDA DE SOUZA CAMPOS PROFA","tx_endereco_equipamento":"SARGENTO CLAUDINER EVARISTO DIAS, 10","nm_bairro_equipamento":"PARQUE SANTO ANTONIO","cd_cep_equipamento":"03385-150","tx_horario_funcionamento":"","tx_numero_telefone":"20364305","cd_equipamento_base_origem":"35397064"}},{"type":"Feature","id":"equipamento_educacao_ceu_v2.55339","geometry":{"type":"Point","coordinates":[317416.2714,7406570.2542]},"geometry_name":"ge_ponto","properties":{"cd_identificador":55339,"cd_identificador_tema_equipamento":4,"nm_tema_equipamento":"EDUCACAO","cd_identificador_rede_equipamento":0,"nm_rede_equipamento":"SEM REDE","tx_rede_equipamento":"Sem descrição","cd_identificador_tipo_equipamento":305,"nm_tipo_equipamento":"CEU CEI","tx_tipo_equipamento":"CENTRO DE EDUCACAO INFANTIL MUNICIPAL LOCALIZADO NO CENTRO EDUCACIONAL UNIFICADO","cd_identificador_classe_equipamento":7,"nm_classe_equipamento":"CEU","tx_classe_equipamento":"CEU","cd_identificador_esfera_administrativa_equipamento":3,"nm_esfera_administrativa_equipamento":"PRIVADA","tx_esfera_administrativa_equipamento":"REDE PRIVADA (INCLUI ESTABELECIMENTOS PARTICULARES, COMUNITARIOS, CONFESSIONAIS, FILANTROPRICOS, CONVENIADOS OU NAO COM A PREFEITURA)","cd_equipamento":"35397088","nm_equipamento":"CEU CEI PARQUE ANHANGUERA","tx_endereco_equipamento":"PEDRO JOSE DE LIMA, 1020","nm_bairro_equipamento":"JARDIM ANHANGUERA","cd_cep_equipamento":"05267-174","tx_horario_funcionamento":"","tx_numero_telefone":"39126051","cd_equipamento_base_origem":"35397088"}},{"type":"Feature","id":"equipamento_educacao_ceu_v2.55340","geometry":{"type":"Point","coordinates":[317416.2714,7406570.2542]},"geometry_name":"ge_ponto","properties":{"cd_identificador":55340,"cd_identificador_tema_equipamento":4,"nm_tema_equipamento":"EDUCACAO","cd_identificador_rede_equipamento":0,"nm_rede_equipamento":"SEM REDE","tx_rede_equipamento":"Sem descrição","cd_identificador_tipo_equipamento":307,"nm_tipo_equipamento":"CEU EMEI","tx_tipo_equipamento":"ESCOLA MUNICIPAL DE EDUCACAO INFANTIL LOCALIZADA NO CENTRO EDUCACIONAL UNIFICADO","cd_identificador_classe_equipamento":7,"nm_classe_equipamento":"CEU","tx_classe_equipamento":"CEU","cd_identificador_esfera_administrativa_equipamento":3,"nm_esfera_administrativa_equipamento":"PRIVADA","tx_esfera_administrativa_equipamento":"REDE PRIVADA (INCLUI ESTABELECIMENTOS PARTICULARES, COMUNITARIOS, CONFESSIONAIS, FILANTROPRICOS, CONVENIADOS OU NAO COM A PREFEITURA)","cd_equipamento":"35397131","nm_equipamento":"CEU EMEI PARQUE ANHANGUERA","tx_endereco_equipamento":"PEDRO JOSE DE LIMA, 1020","nm_bairro_equipamento":"JARDIM ANHANGUERA","cd_cep_equipamento":"05267-174","tx_horario_funcionamento":"","tx_numero_telefone":"39126048","cd_equipamento_base_origem":"35397131"}},{"type":"Feature","id":"equipamento_educacao_ceu_v2.55341","geometry":{"type":"Point","coordinates":[317416.2714,7406570.2542]},"geometry_name":"ge_ponto","properties":{"cd_identificador":55341,"cd_identificador_tema_equipamento":4,"nm_tema_equipamento":"EDUCACAO","cd_identificador_rede_equipamento":0,"nm_rede_equipamento":"SEM REDE","tx_rede_equipamento":"Sem descrição","cd_identificador_tipo_equipamento":306,"nm_tipo_equipamento":"CEU EMEF","tx_tipo_equipamento":"ESCOLA MUNICIPAL DE ENSINO FUNDAMENTAL LOCALIZADA NO CENTRO EDUCACIONAL UNIFICADO","cd_identificador_classe_equipamento":7,"nm_classe_equipamento":"CEU","tx_classe_equipamento":"CEU","cd_identificador_esfera_administrativa_equipamento":3,"nm_esfera_administrativa_equipamento":"PRIVADA","tx_esfera_administrativa_equipamento":"REDE PRIVADA (INCLUI ESTABELECIMENTOS PARTICULARES, COMUNITARIOS, CONFESSIONAIS, FILANTROPRICOS, CONVENIADOS OU NAO COM A PREFEITURA)","cd_equipamento":"35397271","nm_equipamento":"CEU EMEF VALTER PAULINO ESTEVAM PROF DR","tx_endereco_equipamento":"PEDRO JOSE DE LIMA, 1020","nm_bairro_equipamento":"JARDIM ANHANGUERA","cd_cep_equipamento":"05267-174","tx_horario_funcionamento":"","tx_numero_telefone":"39126041","cd_equipamento_base_origem":"35397271"}},{"type":"Feature","id":"equipamento_educacao_ceu_v2.55342","geometry":{"type":"Point","coordinates":[322139.9836,7394490.1661]},"geometry_name":"ge_ponto","properties":{"cd_identificador":55342,"cd_identificador_tema_equipamento":4,"nm_tema_equipamento":"EDUCACAO","cd_identificador_rede_equipamento":0,"nm_rede_equipamento":"SEM REDE","tx_rede_equipamento":"Sem descrição","cd_identificador_tipo_equipamento":305,"nm_tipo_equipamento":"CEU CEI","tx_tipo_equipamento":"CENTRO DE EDUCACAO INFANTIL MUNICIPAL LOCALIZADO NO CENTRO EDUCACIONAL UNIFICADO","cd_identificador_classe_equipamento":7,"nm_classe_equipamento":"CEU","tx_classe_equipamento":"CEU","cd_identificador_esfera_administrativa_equipamento":3,"nm_esfera_administrativa_equipamento":"PRIVADA","tx_esfera_administrativa_equipamento":"REDE PRIVADA (INCLUI ESTABELECIMENTOS PARTICULARES, COMUNITARIOS, CONFESSIONAIS, FILANTROPRICOS, CONVENIADOS OU NAO COM A PREFEITURA)","cd_equipamento":"35397453","nm_equipamento":"CEU CEI JAGUARE","tx_endereco_equipamento":"KENKITI SHIMOMOTO, 80","nm_bairro_equipamento":"JAGUARE","cd_cep_equipamento":"05347-010","tx_horario_funcionamento":"","tx_numero_telefone":"37162179","cd_equipamento_base_origem":"35397453"}},{"type":"Feature","id":"equipamento_educacao_ceu_v2.55343","geometry":{"type":"Point","coordinates":[322139.9836,7394490.1661]},"geometry_name":"ge_ponto","properties":{"cd_identificador":55343,"cd_identificador_tema_equipamento":4,"nm_tema_equipamento":"EDUCACAO","cd_identificador_rede_equipamento":0,"nm_rede_equipamento":"SEM REDE","tx_rede_equipamento":"Sem descrição","cd_identificador_tipo_equipamento":307,"nm_tipo_equipamento":"CEU EMEI","tx_tipo_equipamento":"ESCOLA MUNICIPAL DE EDUCACAO INFANTIL LOCALIZADA NO CENTRO EDUCACIONAL UNIFICADO","cd_identificador_classe_equipamento":7,"nm_classe_equipamento":"CEU","tx_classe_equipamento":"CEU","cd_identificador_esfera_administrativa_equipamento":3,"nm_esfera_administrativa_equipamento":"PRIVADA","tx_esfera_administrativa_equipamento":"REDE PRIVADA (INCLUI ESTABELECIMENTOS PARTICULARES, COMUNITARIOS, CONFESSIONAIS, FILANTROPRICOS, CONVENIADOS OU NAO COM A PREFEITURA)","cd_equipamento":"35397465","nm_equipamento":"CEU EMEI JAGUARE","tx_endereco_equipamento":"KENKITI SHIMOMOTO, 80","nm_bairro_equipamento":"JAGUARE","cd_cep_equipamento":"05347-010","tx_horario_funcionamento":"","tx_numero_telefone":"37162176","cd_equipamento_base_origem":"35397465"}},{"type":"Feature","id":"equipamento_educacao_ceu_v2.55344","geometry":{"type":"Point","coordinates":[322139.9836,7394490.1661]},"geometry_name":"ge_ponto","properties":{"cd_identificador":55344,"cd_identificador_tema_equipamento":4,"nm_tema_equipamento":"EDUCACAO","cd_identificador_rede_equipamento":0,"nm_rede_equipamento":"SEM REDE","tx_rede_equipamento":"Sem descrição","cd_identificador_tipo_equipamento":306,"nm_tipo_equipamento":"CEU EMEF","tx_tipo_equipamento":"ESCOLA MUNICIPAL DE ENSINO FUNDAMENTAL LOCALIZADA NO CENTRO EDUCACIONAL UNIFICADO","cd_identificador_classe_equipamento":7,"nm_classe_equipamento":"CEU","tx_classe_equipamento":"CEU","cd_identificador_esfera_administrativa_equipamento":3,"nm_esfera_administrativa_equipamento":"PRIVADA","tx_esfera_administrativa_equipamento":"REDE PRIVADA (INCLUI ESTABELECIMENTOS PARTICULARES, COMUNITARIOS, CONFESSIONAIS, FILANTROPRICOS, CONVENIADOS OU NAO COM A PREFEITURA)","cd_equipamento":"35397477","nm_equipamento":"CEU EMEF JAGUARE","tx_endereco_equipamento":"KENKITI SHIMOMOTO, 80","nm_bairro_equipamento":"JAGUARE","cd_cep_equipamento":"05347-010","tx_horario_funcionamento":"","tx_numero_telefone":"37162150","cd_equipamento_base_origem":"35397477"}},{"type":"Feature","id":"equipamento_educacao_ceu_v2.55345","geometry":{"type":"Point","coordinates":[354419.1205,7388226.8762]},"geometry_name":"ge_ponto","properties":{"cd_identificador":55345,"cd_identificador_tema_equipamento":4,"nm_tema_equipamento":"EDUCACAO","cd_identificador_rede_equipamento":0,"nm_rede_equipamento":"SEM REDE","tx_rede_equipamento":"Sem descrição","cd_identificador_tipo_equipamento":305,"nm_tipo_equipamento":"CEU CEI","tx_tipo_equipamento":"CENTRO DE EDUCACAO INFANTIL MUNICIPAL LOCALIZADO NO CENTRO EDUCACIONAL UNIFICADO","cd_identificador_classe_equipamento":7,"nm_classe_equipamento":"CEU","tx_classe_equipamento":"CEU","cd_identificador_esfera_administrativa_equipamento":3,"nm_esfera_administrativa_equipamento":"PRIVADA","tx_esfera_administrativa_equipamento":"REDE PRIVADA (INCLUI ESTABELECIMENTOS PARTICULARES, COMUNITARIOS, CONFESSIONAIS, FILANTROPRICOS, CONVENIADOS OU NAO COM A PREFEITURA)","cd_equipamento":"35397775","nm_equipamento":"CEU CEI ALTO ALEGRE","tx_endereco_equipamento":"BENTO GUELFI, 1802","nm_bairro_equipamento":"JARDIM DA LARANJEIRA ZONA LESTE","cd_cep_equipamento":"08381-001","tx_horario_funcionamento":"","tx_numero_telefone":"20751030","cd_equipamento_base_origem":"35397775"}},{"type":"Feature","id":"equipamento_educacao_ceu_v2.55346","geometry":{"type":"Point","coordinates":[354433.2266,7388323.7587]},"geometry_name":"ge_ponto","properties":{"cd_identificador":55346,"cd_identificador_tema_equipamento":4,"nm_tema_equipamento":"EDUCACAO","cd_identificador_rede_equipamento":0,"nm_rede_equipamento":"SEM REDE","tx_rede_equipamento":"Sem descrição","cd_identificador_tipo_equipamento":307,"nm_tipo_equipamento":"CEU EMEI","tx_tipo_equipamento":"ESCOLA MUNICIPAL DE EDUCACAO INFANTIL LOCALIZADA NO CENTRO EDUCACIONAL UNIFICADO","cd_identificador_classe_equipamento":7,"nm_classe_equipamento":"CEU","tx_classe_equipamento":"CEU","cd_identificador_esfera_administrativa_equipamento":3,"nm_esfera_administrativa_equipamento":"PRIVADA","tx_esfera_administrativa_equipamento":"REDE PRIVADA (INCLUI ESTABELECIMENTOS PARTICULARES, COMUNITARIOS, CONFESSIONAIS, FILANTROPRICOS, CONVENIADOS OU NAO COM A PREFEITURA)","cd_equipamento":"35398238","nm_equipamento":"CEU EMEI ALTO ALEGRE","tx_endereco_equipamento":"BENTO GUELFI, S/N","nm_bairro_equipamento":"JARDIM DA LARANJEIRA ZONA LESTE","cd_cep_equipamento":"08381-001","tx_horario_funcionamento":"","tx_numero_telefone":"20751024","cd_equipamento_base_origem":"35398238"}},{"type":"Feature","id":"equipamento_educacao_ceu_v2.55347","geometry":{"type":"Point","coordinates":[354418.8972,7388333.414]},"geometry_name":"ge_ponto","properties":{"cd_identificador":55347,"cd_identificador_tema_equipamento":4,"nm_tema_equipamento":"EDUCACAO","cd_identificador_rede_equipamento":0,"nm_rede_equipamento":"SEM REDE","tx_rede_equipamento":"Sem descrição","cd_identificador_tipo_equipamento":306,"nm_tipo_equipamento":"CEU EMEF","tx_tipo_equipamento":"ESCOLA MUNICIPAL DE ENSINO FUNDAMENTAL LOCALIZADA NO CENTRO EDUCACIONAL UNIFICADO","cd_identificador_classe_equipamento":7,"nm_classe_equipamento":"CEU","tx_classe_equipamento":"CEU","cd_identificador_esfera_administrativa_equipamento":3,"nm_esfera_administrativa_equipamento":"PRIVADA","tx_esfera_administrativa_equipamento":"REDE PRIVADA (INCLUI ESTABELECIMENTOS PARTICULARES, COMUNITARIOS, CONFESSIONAIS, FILANTROPRICOS, CONVENIADOS OU NAO COM A PREFEITURA)","cd_equipamento":"35398408","nm_equipamento":"CEU EMEF ALTO ALEGRE","tx_endereco_equipamento":"BENTO GUELFI, S/N","nm_bairro_equipamento":"JARDIM DA LARANJEIRA ZONA LESTE","cd_cep_equipamento":"08381-001","tx_horario_funcionamento":"","tx_numero_telefone":"20751040","cd_equipamento_base_origem":"35398408"}},{"type":"Feature","id":"equipamento_educacao_ceu_v2.55349","geometry":{"type":"Point","coordinates":[317348.1764,7388790.1204]},"geometry_name":"ge_ponto","properties":{"cd_identificador":55349,"cd_identificador_tema_equipamento":4,"nm_tema_equipamento":"EDUCACAO","cd_identificador_rede_equipamento":0,"nm_rede_equipamento":"SEM REDE","tx_rede_equipamento":"Sem descrição","cd_identificador_tipo_equipamento":305,"nm_tipo_equipamento":"CEU CEI","tx_tipo_equipamento":"CENTRO DE EDUCACAO INFANTIL MUNICIPAL LOCALIZADO NO CENTRO EDUCACIONAL UNIFICADO","cd_identificador_classe_equipamento":7,"nm_classe_equipamento":"CEU","tx_classe_equipamento":"CEU","cd_identificador_esfera_administrativa_equipamento":3,"nm_esfera_administrativa_equipamento":"PRIVADA","tx_esfera_administrativa_equipamento":"REDE PRIVADA (INCLUI ESTABELECIMENTOS PARTICULARES, COMUNITARIOS, CONFESSIONAIS, FILANTROPRICOS, CONVENIADOS OU NAO COM A PREFEITURA)","cd_equipamento":"35399474","nm_equipamento":"CEU CEI UIRAPURU","tx_endereco_equipamento":"NAZIR MIGUEL, 849","nm_bairro_equipamento":"JARDIM PAULO VI","cd_cep_equipamento":"05570-030","tx_horario_funcionamento":"","tx_numero_telefone":"37831926","cd_equipamento_base_origem":"35399474"}},{"type":"Feature","id":"equipamento_educacao_ceu_v2.55350","geometry":{"type":"Point","coordinates":[317348.1764,7388790.1204]},"geometry_name":"ge_ponto","properties":{"cd_identificador":55350,"cd_identificador_tema_equipamento":4,"nm_tema_equipamento":"EDUCACAO","cd_identificador_rede_equipamento":0,"nm_rede_equipamento":"SEM REDE","tx_rede_equipamento":"Sem descrição","cd_identificador_tipo_equipamento":307,"nm_tipo_equipamento":"CEU EMEI","tx_tipo_equipamento":"ESCOLA MUNICIPAL DE EDUCACAO INFANTIL LOCALIZADA NO CENTRO EDUCACIONAL UNIFICADO","cd_identificador_classe_equipamento":7,"nm_classe_equipamento":"CEU","tx_classe_equipamento":"CEU","cd_identificador_esfera_administrativa_equipamento":3,"nm_esfera_administrativa_equipamento":"PRIVADA","tx_esfera_administrativa_equipamento":"REDE PRIVADA (INCLUI ESTABELECIMENTOS PARTICULARES, COMUNITARIOS, CONFESSIONAIS, FILANTROPRICOS, CONVENIADOS OU NAO COM A PREFEITURA)","cd_equipamento":"35399516","nm_equipamento":"CEU EMEI UIRAPURU","tx_endereco_equipamento":"NAZIR MIGUEL, 849","nm_bairro_equipamento":"JARDIM PAULO VI","cd_cep_equipamento":"05570-030","tx_horario_funcionamento":"","tx_numero_telefone":"37830835","cd_equipamento_base_origem":"35399516"}},{"type":"Feature","id":"equipamento_educacao_ceu_v2.55351","geometry":{"type":"Point","coordinates":[319349.4092,7380736.6641]},"geometry_name":"ge_ponto","properties":{"cd_identificador":55351,"cd_identificador_tema_equipamento":4,"nm_tema_equipamento":"EDUCACAO","cd_identificador_rede_equipamento":0,"nm_rede_equipamento":"SEM REDE","tx_rede_equipamento":"Sem descrição","cd_identificador_tipo_equipamento":305,"nm_tipo_equipamento":"CEU CEI","tx_tipo_equipamento":"CENTRO DE EDUCACAO INFANTIL MUNICIPAL LOCALIZADO NO CENTRO EDUCACIONAL UNIFICADO","cd_identificador_classe_equipamento":7,"nm_classe_equipamento":"CEU","tx_classe_equipamento":"CEU","cd_identificador_esfera_administrativa_equipamento":3,"nm_esfera_administrativa_equipamento":"PRIVADA","tx_esfera_administrativa_equipamento":"REDE PRIVADA (INCLUI ESTABELECIMENTOS PARTICULARES, COMUNITARIOS, CONFESSIONAIS, FILANTROPRICOS, CONVENIADOS OU NAO COM A PREFEITURA)","cd_equipamento":"35399681","nm_equipamento":"CEU CEI ELON MACENA","tx_endereco_equipamento":"DANIEL GRAN, S/N","nm_bairro_equipamento":"JARDIM MODELO","cd_cep_equipamento":"05867-380","tx_horario_funcionamento":"","tx_numero_telefone":"58749858","cd_equipamento_base_origem":"35399681"}},{"type":"Feature","id":"equipamento_educacao_ceu_v2.55352","geometry":{"type":"Point","coordinates":[319418.2405,7380754.9138]},"geometry_name":"ge_ponto","properties":{"cd_identificador":55352,"cd_identificador_tema_equipamento":4,"nm_tema_equipamento":"EDUCACAO","cd_identificador_rede_equipamento":0,"nm_rede_equipamento":"SEM REDE","tx_rede_equipamento":"Sem descrição","cd_identificador_tipo_equipamento":307,"nm_tipo_equipamento":"CEU EMEI","tx_tipo_equipamento":"ESCOLA MUNICIPAL DE EDUCACAO INFANTIL LOCALIZADA NO CENTRO EDUCACIONAL UNIFICADO","cd_identificador_classe_equipamento":7,"nm_classe_equipamento":"CEU","tx_classe_equipamento":"CEU","cd_identificador_esfera_administrativa_equipamento":3,"nm_esfera_administrativa_equipamento":"PRIVADA","tx_esfera_administrativa_equipamento":"REDE PRIVADA (INCLUI ESTABELECIMENTOS PARTICULARES, COMUNITARIOS, CONFESSIONAIS, FILANTROPRICOS, CONVENIADOS OU NAO COM A PREFEITURA)","cd_equipamento":"35399693","nm_equipamento":"CEU EMEI LOREANE LALLO PROFA","tx_endereco_equipamento":"DANIEL GRAN, S/N","nm_bairro_equipamento":"JARDIM MODELO","cd_cep_equipamento":"05867-380","tx_horario_funcionamento":"","tx_numero_telefone":"58749851","cd_equipamento_base_origem":"35399693"}},{"type":"Feature","id":"equipamento_educacao_ceu_v2.55353","geometry":{"type":"Point","coordinates":[319356.2941,7380752.5702]},"geometry_name":"ge_ponto","properties":{"cd_identificador":55353,"cd_identificador_tema_equipamento":4,"nm_tema_equipamento":"EDUCACAO","cd_identificador_rede_equipamento":0,"nm_rede_equipamento":"SEM REDE","tx_rede_equipamento":"Sem descrição","cd_identificador_tipo_equipamento":306,"nm_tipo_equipamento":"CEU EMEF","tx_tipo_equipamento":"ESCOLA MUNICIPAL DE ENSINO FUNDAMENTAL LOCALIZADA NO CENTRO EDUCACIONAL UNIFICADO","cd_identificador_classe_equipamento":7,"nm_classe_equipamento":"CEU","tx_classe_equipamento":"CEU","cd_identificador_esfera_administrativa_equipamento":3,"nm_esfera_administrativa_equipamento":"PRIVADA","tx_esfera_administrativa_equipamento":"REDE PRIVADA (INCLUI ESTABELECIMENTOS PARTICULARES, COMUNITARIOS, CONFESSIONAIS, FILANTROPRICOS, CONVENIADOS OU NAO COM A PREFEITURA)","cd_equipamento":"35399700","nm_equipamento":"CEU EMEF JOSE SARAMAGO","tx_endereco_equipamento":"DANIEL GRAN, S/N","nm_bairro_equipamento":"JARDIM MODELO","cd_cep_equipamento":"05867-380","tx_horario_funcionamento":"","tx_numero_telefone":"58749862","cd_equipamento_base_origem":"35399700"}},{"type":"Feature","id":"equipamento_educacao_ceu_v2.55396","geometry":{"type":"Point","coordinates":[323782.9583,7386533.1836]},"geometry_name":"ge_ponto","properties":{"cd_identificador":55396,"cd_identificador_tema_equipamento":4,"nm_tema_equipamento":"EDUCACAO","cd_identificador_rede_equipamento":0,"nm_rede_equipamento":"SEM REDE","tx_rede_equipamento":"Sem descrição","cd_identificador_tipo_equipamento":305,"nm_tipo_equipamento":"CEU CEI","tx_tipo_equipamento":"CENTRO DE EDUCACAO INFANTIL MUNICIPAL LOCALIZADO NO CENTRO EDUCACIONAL UNIFICADO","cd_identificador_classe_equipamento":7,"nm_classe_equipamento":"CEU","tx_classe_equipamento":"CEU","cd_identificador_esfera_administrativa_equipamento":3,"nm_esfera_administrativa_equipamento":"PRIVADA","tx_esfera_administrativa_equipamento":"REDE PRIVADA (INCLUI ESTABELECIMENTOS PARTICULARES, COMUNITARIOS, CONFESSIONAIS, FILANTROPRICOS, CONVENIADOS OU NAO COM A PREFEITURA)","cd_equipamento":"35412995","nm_equipamento":"CEU CEI PARAISOPOLIS","tx_endereco_equipamento":"DOUTOR JOSE AUGUSTO DE SOUZA E SILVA, S/N","nm_bairro_equipamento":"JARDIM PARQUE MORUMBI","cd_cep_equipamento":"05712-040","tx_horario_funcionamento":"","tx_numero_telefone":"37471971","cd_equipamento_base_origem":"35412995"}},{"type":"Feature","id":"equipamento_educacao_ceu_v2.55397","geometry":{"type":"Point","coordinates":[323788.6424,7386532.6958]},"geometry_name":"ge_ponto","properties":{"cd_identificador":55397,"cd_identificador_tema_equipamento":4,"nm_tema_equipamento":"EDUCACAO","cd_identificador_rede_equipamento":0,"nm_rede_equipamento":"SEM REDE","tx_rede_equipamento":"Sem descrição","cd_identificador_tipo_equipamento":307,"nm_tipo_equipamento":"CEU EMEI","tx_tipo_equipamento":"ESCOLA MUNICIPAL DE EDUCACAO INFANTIL LOCALIZADA NO CENTRO EDUCACIONAL UNIFICADO","cd_identificador_classe_equipamento":7,"nm_classe_equipamento":"CEU","tx_classe_equipamento":"CEU","cd_identificador_esfera_administrativa_equipamento":3,"nm_esfera_administrativa_equipamento":"PRIVADA","tx_esfera_administrativa_equipamento":"REDE PRIVADA (INCLUI ESTABELECIMENTOS PARTICULARES, COMUNITARIOS, CONFESSIONAIS, FILANTROPRICOS, CONVENIADOS OU NAO COM A PREFEITURA)","cd_equipamento":"35413008","nm_equipamento":"CEU EMEI PARAISOPOLIS","tx_endereco_equipamento":"DOUTOR JOSE AUGUSTO DE SOUZA E SILVA, S/N","nm_bairro_equipamento":"JARDIM PARQUE MORUMBI","cd_cep_equipamento":"05712-040","tx_horario_funcionamento":"","tx_numero_telefone":"37471967","cd_equipamento_base_origem":"35413008"}},{"type":"Feature","id":"equipamento_educacao_ceu_v2.55398","geometry":{"type":"Point","coordinates":[323792.6268,7386565.4063]},"geometry_name":"ge_ponto","properties":{"cd_identificador":55398,"cd_identificador_tema_equipamento":4,"nm_tema_equipamento":"EDUCACAO","cd_identificador_rede_equipamento":0,"nm_rede_equipamento":"SEM REDE","tx_rede_equipamento":"Sem descrição","cd_identificador_tipo_equipamento":306,"nm_tipo_equipamento":"CEU EMEF","tx_tipo_equipamento":"ESCOLA MUNICIPAL DE ENSINO FUNDAMENTAL LOCALIZADA NO CENTRO EDUCACIONAL UNIFICADO","cd_identificador_classe_equipamento":7,"nm_classe_equipamento":"CEU","tx_classe_equipamento":"CEU","cd_identificador_esfera_administrativa_equipamento":3,"nm_esfera_administrativa_equipamento":"PRIVADA","tx_esfera_administrativa_equipamento":"REDE PRIVADA (INCLUI ESTABELECIMENTOS PARTICULARES, COMUNITARIOS, CONFESSIONAIS, FILANTROPRICOS, CONVENIADOS OU NAO COM A PREFEITURA)","cd_equipamento":"35413012","nm_equipamento":"CEU EMEF PARAISOPOLIS","tx_endereco_equipamento":"DOUTOR JOSE AUGUSTO DE SOUZA E SILVA, S/N","nm_bairro_equipamento":"JARDIM PARQUE MORUMBI","cd_cep_equipamento":"05712-040","tx_horario_funcionamento":"","tx_numero_telefone":"37471964","cd_equipamento_base_origem":"35413012"}},{"type":"Feature","id":"equipamento_educacao_ceu_v2.55418","geometry":{"type":"Point","coordinates":[324173.7512,7363810.359]},"geometry_name":"ge_ponto","properties":{"cd_identificador":55418,"cd_identificador_tema_equipamento":4,"nm_tema_equipamento":"EDUCACAO","cd_identificador_rede_equipamento":0,"nm_rede_equipamento":"SEM REDE","tx_rede_equipamento":"Sem descrição","cd_identificador_tipo_equipamento":305,"nm_tipo_equipamento":"CEU CEI","tx_tipo_equipamento":"CENTRO DE EDUCACAO INFANTIL MUNICIPAL LOCALIZADO NO CENTRO EDUCACIONAL UNIFICADO","cd_identificador_classe_equipamento":7,"nm_classe_equipamento":"CEU","tx_classe_equipamento":"CEU","cd_identificador_esfera_administrativa_equipamento":3,"nm_esfera_administrativa_equipamento":"PRIVADA","tx_esfera_administrativa_equipamento":"REDE PRIVADA (INCLUI ESTABELECIMENTOS PARTICULARES, COMUNITARIOS, CONFESSIONAIS, FILANTROPRICOS, CONVENIADOS OU NAO COM A PREFEITURA)","cd_equipamento":"35415406","nm_equipamento":"CEU CEI PARELHEIROS","tx_endereco_equipamento":"JOSE PEDRO DE BORBA, 20","nm_bairro_equipamento":"JARDIM NOVO PARELHEIROS","cd_cep_equipamento":"04890-090","tx_horario_funcionamento":"","tx_numero_telefone":"59266918","cd_equipamento_base_origem":"35415406"}},{"type":"Feature","id":"equipamento_educacao_ceu_v2.55419","geometry":{"type":"Point","coordinates":[324173.7512,7363810.359]},"geometry_name":"ge_ponto","properties":{"cd_identificador":55419,"cd_identificador_tema_equipamento":4,"nm_tema_equipamento":"EDUCACAO","cd_identificador_rede_equipamento":0,"nm_rede_equipamento":"SEM REDE","tx_rede_equipamento":"Sem descrição","cd_identificador_tipo_equipamento":307,"nm_tipo_equipamento":"CEU EMEI","tx_tipo_equipamento":"ESCOLA MUNICIPAL DE EDUCACAO INFANTIL LOCALIZADA NO CENTRO EDUCACIONAL UNIFICADO","cd_identificador_classe_equipamento":7,"nm_classe_equipamento":"CEU","tx_classe_equipamento":"CEU","cd_identificador_esfera_administrativa_equipamento":3,"nm_esfera_administrativa_equipamento":"PRIVADA","tx_esfera_administrativa_equipamento":"REDE PRIVADA (INCLUI ESTABELECIMENTOS PARTICULARES, COMUNITARIOS, CONFESSIONAIS, FILANTROPRICOS, CONVENIADOS OU NAO COM A PREFEITURA)","cd_equipamento":"35415418","nm_equipamento":"CEU EMEI MAGDA FERREIRA DA SILVA CARVALHO PROFA","tx_endereco_equipamento":"JOSE PEDRO DE BORBA, 20","nm_bairro_equipamento":"JARDIM NOVO PARELHEIROS","cd_cep_equipamento":"04890-090","tx_horario_funcionamento":"","tx_numero_telefone":"59266924","cd_equipamento_base_origem":"35415418"}}],"totalFeatures":150,"numberMatched":150,"numberReturned":150,"timeStamp":"2026-05-16T20:17:11.276Z","crs":{"type":"name","properties":{"name":"urn:ogc:def:crs:EPSG::31983"}}}