{"type":"FeatureCollection","features":[{"type":"Feature","id":"equipamento_correios_v2.176001","geometry":{"type":"Point","coordinates":[330441.0669,7386103.8209]},"geometry_name":"ge_ponto","properties":{"cd_identificador":176001,"cd_identificador_tema_equipamento":8,"nm_tema_equipamento":"SERVICO","cd_identificador_rede_equipamento":0,"nm_rede_equipamento":"SEM REDE","tx_rede_equipamento":"Sem descrição","cd_identificador_tipo_equipamento":0,"nm_tipo_equipamento":"SEM TIPO","tx_tipo_equipamento":"SEM TIPO","cd_identificador_classe_equipamento":3,"nm_classe_equipamento":"CORREIOS","tx_classe_equipamento":"AGENCIAS DE CORREIO","cd_identificador_esfera_administrativa_equipamento":0,"nm_esfera_administrativa_equipamento":"SEM ESFERA","tx_esfera_administrativa_equipamento":"Sem descrição","cd_equipamento":null,"nm_equipamento":"AC AEROPORTO DE CONGONHAS","tx_endereco_equipamento":"AVENIDA WASHINGTON LUIS, S/N MEZANINO AEROPORTO DE CONGONHAS","nm_bairro_equipamento":"CAMPO BELO","cd_cep_equipamento":"04626-970","tx_horario_funcionamento":"SEG A SEX (10h-18h)","tx_numero_telefone":"(11) 4313-7004","cd_equipamento_base_origem":null}},{"type":"Feature","id":"equipamento_correios_v2.176002","geometry":{"type":"Point","coordinates":[346682.116,7397338.0898]},"geometry_name":"ge_ponto","properties":{"cd_identificador":176002,"cd_identificador_tema_equipamento":8,"nm_tema_equipamento":"SERVICO","cd_identificador_rede_equipamento":0,"nm_rede_equipamento":"SEM REDE","tx_rede_equipamento":"Sem descrição","cd_identificador_tipo_equipamento":0,"nm_tipo_equipamento":"SEM TIPO","tx_tipo_equipamento":"SEM TIPO","cd_identificador_classe_equipamento":3,"nm_classe_equipamento":"CORREIOS","tx_classe_equipamento":"AGENCIAS DE CORREIO","cd_identificador_esfera_administrativa_equipamento":0,"nm_esfera_administrativa_equipamento":"SEM ESFERA","tx_esfera_administrativa_equipamento":"Sem descrição","cd_equipamento":null,"nm_equipamento":"AC VILA RE","tx_endereco_equipamento":"RUA ITINGUCU, 1419","nm_bairro_equipamento":"VILA RE","cd_cep_equipamento":"","tx_horario_funcionamento":"","tx_numero_telefone":"","cd_equipamento_base_origem":null}},{"type":"Feature","id":"equipamento_correios_v2.176003","geometry":{"type":"Point","coordinates":[325699.162,7373326.4157]},"geometry_name":"ge_ponto","properties":{"cd_identificador":176003,"cd_identificador_tema_equipamento":8,"nm_tema_equipamento":"SERVICO","cd_identificador_rede_equipamento":0,"nm_rede_equipamento":"SEM REDE","tx_rede_equipamento":"Sem descrição","cd_identificador_tipo_equipamento":0,"nm_tipo_equipamento":"SEM TIPO","tx_tipo_equipamento":"SEM TIPO","cd_identificador_classe_equipamento":3,"nm_classe_equipamento":"CORREIOS","tx_classe_equipamento":"AGENCIAS DE CORREIO","cd_identificador_esfera_administrativa_equipamento":0,"nm_esfera_administrativa_equipamento":"SEM ESFERA","tx_esfera_administrativa_equipamento":"Sem descrição","cd_equipamento":null,"nm_equipamento":"AC SAO JOSE","tx_endereco_equipamento":"AVENIDA CARLOS OBERHUBER, 504","nm_bairro_equipamento":"JARDIM FLORESTA","cd_cep_equipamento":"04836-970","tx_horario_funcionamento":"SEG A SEX (09h-17h)","tx_numero_telefone":"(11) 4313-9817","cd_equipamento_base_origem":null}},{"type":"Feature","id":"equipamento_correios_v2.176004","geometry":{"type":"Point","coordinates":[327133.161,7374453.7113]},"geometry_name":"ge_ponto","properties":{"cd_identificador":176004,"cd_identificador_tema_equipamento":8,"nm_tema_equipamento":"SERVICO","cd_identificador_rede_equipamento":0,"nm_rede_equipamento":"SEM REDE","tx_rede_equipamento":"Sem descrição","cd_identificador_tipo_equipamento":0,"nm_tipo_equipamento":"SEM TIPO","tx_tipo_equipamento":"SEM TIPO","cd_identificador_classe_equipamento":3,"nm_classe_equipamento":"CORREIOS","tx_classe_equipamento":"AGENCIAS DE CORREIO","cd_identificador_esfera_administrativa_equipamento":0,"nm_esfera_administrativa_equipamento":"SEM ESFERA","tx_esfera_administrativa_equipamento":"Sem descrição","cd_equipamento":null,"nm_equipamento":"AC PARQUE DAS ARVORES","tx_endereco_equipamento":"AVENIDA DO ARVOREIRO, 186","nm_bairro_equipamento":"PARQUE DAS ARVORES","cd_cep_equipamento":"04824-970","tx_horario_funcionamento":"SEG A SEX (09h-17h)","tx_numero_telefone":"(11) 4313-9795","cd_equipamento_base_origem":null}},{"type":"Feature","id":"equipamento_correios_v2.176005","geometry":{"type":"Point","coordinates":[327579.7332,7373414.6166]},"geometry_name":"ge_ponto","properties":{"cd_identificador":176005,"cd_identificador_tema_equipamento":8,"nm_tema_equipamento":"SERVICO","cd_identificador_rede_equipamento":0,"nm_rede_equipamento":"SEM REDE","tx_rede_equipamento":"Sem descrição","cd_identificador_tipo_equipamento":0,"nm_tipo_equipamento":"SEM TIPO","tx_tipo_equipamento":"SEM TIPO","cd_identificador_classe_equipamento":3,"nm_classe_equipamento":"CORREIOS","tx_classe_equipamento":"AGENCIAS DE CORREIO","cd_identificador_esfera_administrativa_equipamento":0,"nm_esfera_administrativa_equipamento":"SEM ESFERA","tx_esfera_administrativa_equipamento":"Sem descrição","cd_equipamento":null,"nm_equipamento":"AGF PARQUE BRASIL","tx_endereco_equipamento":"AVENIDA DONA BELMIRA MARIN, 1212","nm_bairro_equipamento":"PARQUE BRASIL","cd_cep_equipamento":"04846-971","tx_horario_funcionamento":"SEG A SEX (09h-17h) / SAB (08h-12h)","tx_numero_telefone":"(11) 5925-9814 / (11) 5924-5904","cd_equipamento_base_origem":null}},{"type":"Feature","id":"equipamento_correios_v2.176006","geometry":{"type":"Point","coordinates":[319537.8986,7379673.3717]},"geometry_name":"ge_ponto","properties":{"cd_identificador":176006,"cd_identificador_tema_equipamento":8,"nm_tema_equipamento":"SERVICO","cd_identificador_rede_equipamento":0,"nm_rede_equipamento":"SEM REDE","tx_rede_equipamento":"Sem descrição","cd_identificador_tipo_equipamento":0,"nm_tipo_equipamento":"SEM TIPO","tx_tipo_equipamento":"SEM TIPO","cd_identificador_classe_equipamento":3,"nm_classe_equipamento":"CORREIOS","tx_classe_equipamento":"AGENCIAS DE CORREIO","cd_identificador_esfera_administrativa_equipamento":0,"nm_esfera_administrativa_equipamento":"SEM ESFERA","tx_esfera_administrativa_equipamento":"Sem descrição","cd_equipamento":null,"nm_equipamento":"AGF PARQUE DO LAGO","tx_endereco_equipamento":"ESTRADA DO M'BOI MIRIM, 4815","nm_bairro_equipamento":"PARQUE DO LAGO","cd_cep_equipamento":"04948-970","tx_horario_funcionamento":"SEG A SEX (09h-18h) / SAB (08h-12h)","tx_numero_telefone":"(11) 5831-1619","cd_equipamento_base_origem":null}},{"type":"Feature","id":"equipamento_correios_v2.176007","geometry":{"type":"Point","coordinates":[321941.8765,7380789.3902]},"geometry_name":"ge_ponto","properties":{"cd_identificador":176007,"cd_identificador_tema_equipamento":8,"nm_tema_equipamento":"SERVICO","cd_identificador_rede_equipamento":0,"nm_rede_equipamento":"SEM REDE","tx_rede_equipamento":"Sem descrição","cd_identificador_tipo_equipamento":0,"nm_tipo_equipamento":"SEM TIPO","tx_tipo_equipamento":"SEM TIPO","cd_identificador_classe_equipamento":3,"nm_classe_equipamento":"CORREIOS","tx_classe_equipamento":"AGENCIAS DE CORREIO","cd_identificador_esfera_administrativa_equipamento":0,"nm_esfera_administrativa_equipamento":"SEM ESFERA","tx_esfera_administrativa_equipamento":"Sem descrição","cd_equipamento":null,"nm_equipamento":"AGF JARDIM FIGUEIRA GRANDE","tx_endereco_equipamento":"ESTRADA DO M'BOI MIRIM, 1431","nm_bairro_equipamento":"JARDIM FIGUEIRA GRA","cd_cep_equipamento":"04905-970","tx_horario_funcionamento":"SEG A SEX (09h-17h) / SAB (08h-12h)","tx_numero_telefone":"(11) 5890-2512","cd_equipamento_base_origem":null}},{"type":"Feature","id":"equipamento_correios_v2.176008","geometry":{"type":"Point","coordinates":[319344.308,7385229.7832]},"geometry_name":"ge_ponto","properties":{"cd_identificador":176008,"cd_identificador_tema_equipamento":8,"nm_tema_equipamento":"SERVICO","cd_identificador_rede_equipamento":0,"nm_rede_equipamento":"SEM REDE","tx_rede_equipamento":"Sem descrição","cd_identificador_tipo_equipamento":0,"nm_tipo_equipamento":"SEM TIPO","tx_tipo_equipamento":"SEM TIPO","cd_identificador_classe_equipamento":3,"nm_classe_equipamento":"CORREIOS","tx_classe_equipamento":"AGENCIAS DE CORREIO","cd_identificador_esfera_administrativa_equipamento":0,"nm_esfera_administrativa_equipamento":"SEM ESFERA","tx_esfera_administrativa_equipamento":"Sem descrição","cd_equipamento":null,"nm_equipamento":"AGF VILA PREL","tx_endereco_equipamento":"RUA JACARATINGA, 248/254","nm_bairro_equipamento":"VILA PIRAJUSSARA","cd_cep_equipamento":"05786-970","tx_horario_funcionamento":"SEG A SEX (09h-17h) / SAB (08h-12h)","tx_numero_telefone":"(11) 5841-6861","cd_equipamento_base_origem":null}},{"type":"Feature","id":"equipamento_correios_v2.176009","geometry":{"type":"Point","coordinates":[317699.7422,7389557.574]},"geometry_name":"ge_ponto","properties":{"cd_identificador":176009,"cd_identificador_tema_equipamento":8,"nm_tema_equipamento":"SERVICO","cd_identificador_rede_equipamento":0,"nm_rede_equipamento":"SEM REDE","tx_rede_equipamento":"Sem descrição","cd_identificador_tipo_equipamento":0,"nm_tipo_equipamento":"SEM TIPO","tx_tipo_equipamento":"SEM TIPO","cd_identificador_classe_equipamento":3,"nm_classe_equipamento":"CORREIOS","tx_classe_equipamento":"AGENCIAS DE CORREIO","cd_identificador_esfera_administrativa_equipamento":0,"nm_esfera_administrativa_equipamento":"SEM ESFERA","tx_esfera_administrativa_equipamento":"Sem descrição","cd_equipamento":null,"nm_equipamento":"AGF SAO JORGE","tx_endereco_equipamento":"RUA DOMINGOS ROSOLIA, 172","nm_bairro_equipamento":"JARDIM SAO JORGE","cd_cep_equipamento":"05567-970","tx_horario_funcionamento":"SEG A SEX (09h-17h)","tx_numero_telefone":"(11) 3783-6481","cd_equipamento_base_origem":null}},{"type":"Feature","id":"equipamento_correios_v2.176010","geometry":{"type":"Point","coordinates":[320708.3611,7383516.1851]},"geometry_name":"ge_ponto","properties":{"cd_identificador":176010,"cd_identificador_tema_equipamento":8,"nm_tema_equipamento":"SERVICO","cd_identificador_rede_equipamento":0,"nm_rede_equipamento":"SEM REDE","tx_rede_equipamento":"Sem descrição","cd_identificador_tipo_equipamento":0,"nm_tipo_equipamento":"SEM TIPO","tx_tipo_equipamento":"SEM TIPO","cd_identificador_classe_equipamento":3,"nm_classe_equipamento":"CORREIOS","tx_classe_equipamento":"AGENCIAS DE CORREIO","cd_identificador_esfera_administrativa_equipamento":0,"nm_esfera_administrativa_equipamento":"SEM ESFERA","tx_esfera_administrativa_equipamento":"Sem descrição","cd_equipamento":null,"nm_equipamento":"AGF SHOPPING CAMPO LIMPO","tx_endereco_equipamento":"ESTRADA DO CAMPO LIMPO, 459 LOJA 109/110","nm_bairro_equipamento":"VILA PREL","cd_cep_equipamento":"05777-970","tx_horario_funcionamento":"SEG A SEX (09h-19h)","tx_numero_telefone":"(11) 5512-9294","cd_equipamento_base_origem":null}},{"type":"Feature","id":"equipamento_correios_v2.176011","geometry":{"type":"Point","coordinates":[322211.6758,7384111.336]},"geometry_name":"ge_ponto","properties":{"cd_identificador":176011,"cd_identificador_tema_equipamento":8,"nm_tema_equipamento":"SERVICO","cd_identificador_rede_equipamento":0,"nm_rede_equipamento":"SEM REDE","tx_rede_equipamento":"Sem descrição","cd_identificador_tipo_equipamento":0,"nm_tipo_equipamento":"SEM TIPO","tx_tipo_equipamento":"SEM TIPO","cd_identificador_classe_equipamento":3,"nm_classe_equipamento":"CORREIOS","tx_classe_equipamento":"AGENCIAS DE CORREIO","cd_identificador_esfera_administrativa_equipamento":0,"nm_esfera_administrativa_equipamento":"SEM ESFERA","tx_esfera_administrativa_equipamento":"Sem descrição","cd_equipamento":null,"nm_equipamento":"AGF JARDIM SAO LUIS","tx_endereco_equipamento":"ESTRADA DE ITAPECERICA, 764","nm_bairro_equipamento":"VILA DAS BELEZAS","cd_cep_equipamento":"05835-972","tx_horario_funcionamento":"SEG A SEX (09h-17h)","tx_numero_telefone":"(11) 2373-2302 / (11) 2373-2301 / (11) 5513-0290","cd_equipamento_base_origem":null}},{"type":"Feature","id":"equipamento_correios_v2.176012","geometry":{"type":"Point","coordinates":[323417.1195,7383643.8164]},"geometry_name":"ge_ponto","properties":{"cd_identificador":176012,"cd_identificador_tema_equipamento":8,"nm_tema_equipamento":"SERVICO","cd_identificador_rede_equipamento":0,"nm_rede_equipamento":"SEM REDE","tx_rede_equipamento":"Sem descrição","cd_identificador_tipo_equipamento":0,"nm_tipo_equipamento":"SEM TIPO","tx_tipo_equipamento":"SEM TIPO","cd_identificador_classe_equipamento":3,"nm_classe_equipamento":"CORREIOS","tx_classe_equipamento":"AGENCIAS DE CORREIO","cd_identificador_esfera_administrativa_equipamento":0,"nm_esfera_administrativa_equipamento":"SEM ESFERA","tx_esfera_administrativa_equipamento":"Sem descrição","cd_equipamento":null,"nm_equipamento":"AC CENTRO EMPRESARIAL","tx_endereco_equipamento":"AVENIDA MARIA COELHO DE AGUIAR, 215 LOJA 14 BLOCO A TÉRREO","nm_bairro_equipamento":"JARDIM SAO LUIS","cd_cep_equipamento":"05804-970","tx_horario_funcionamento":"SEG A SEX (09h-17h)","tx_numero_telefone":"(11) 4313-9692","cd_equipamento_base_origem":null}},{"type":"Feature","id":"equipamento_correios_v2.176013","geometry":{"type":"Point","coordinates":[321388.7802,7388019.8647]},"geometry_name":"ge_ponto","properties":{"cd_identificador":176013,"cd_identificador_tema_equipamento":8,"nm_tema_equipamento":"SERVICO","cd_identificador_rede_equipamento":0,"nm_rede_equipamento":"SEM REDE","tx_rede_equipamento":"Sem descrição","cd_identificador_tipo_equipamento":0,"nm_tipo_equipamento":"SEM TIPO","tx_tipo_equipamento":"SEM TIPO","cd_identificador_classe_equipamento":3,"nm_classe_equipamento":"CORREIOS","tx_classe_equipamento":"AGENCIAS DE CORREIO","cd_identificador_esfera_administrativa_equipamento":0,"nm_esfera_administrativa_equipamento":"SEM ESFERA","tx_esfera_administrativa_equipamento":"Sem descrição","cd_equipamento":null,"nm_equipamento":"AGF MORUMBI","tx_endereco_equipamento":"AVENIDA DOUTOR JOAO GUIMARAES, 699","nm_bairro_equipamento":"JARDIM TABOAO","cd_cep_equipamento":"05741-970","tx_horario_funcionamento":"SEG A SEX (09h-17h) / SAB (08h-12h)","tx_numero_telefone":"(11) 3501-9008","cd_equipamento_base_origem":null}},{"type":"Feature","id":"equipamento_correios_v2.176014","geometry":{"type":"Point","coordinates":[322215.5303,7387377.312]},"geometry_name":"ge_ponto","properties":{"cd_identificador":176014,"cd_identificador_tema_equipamento":8,"nm_tema_equipamento":"SERVICO","cd_identificador_rede_equipamento":0,"nm_rede_equipamento":"SEM REDE","tx_rede_equipamento":"Sem descrição","cd_identificador_tipo_equipamento":0,"nm_tipo_equipamento":"SEM TIPO","tx_tipo_equipamento":"SEM TIPO","cd_identificador_classe_equipamento":3,"nm_classe_equipamento":"CORREIOS","tx_classe_equipamento":"AGENCIAS DE CORREIO","cd_identificador_esfera_administrativa_equipamento":0,"nm_esfera_administrativa_equipamento":"SEM ESFERA","tx_esfera_administrativa_equipamento":"Sem descrição","cd_equipamento":null,"nm_equipamento":"AGF PORTAL","tx_endereco_equipamento":"RUA DOUTOR LUIZ MIGLIANO, 1110 LOJA 16","nm_bairro_equipamento":"JARDIM CABORE","cd_cep_equipamento":"05711-970","tx_horario_funcionamento":"SEG A SEX (09h-17h) / SAB (08h-12h)","tx_numero_telefone":"(11) 3773-6180 / (11) 2894-6928","cd_equipamento_base_origem":null}},{"type":"Feature","id":"equipamento_correios_v2.176015","geometry":{"type":"Point","coordinates":[325972.8014,7375461.4433]},"geometry_name":"ge_ponto","properties":{"cd_identificador":176015,"cd_identificador_tema_equipamento":8,"nm_tema_equipamento":"SERVICO","cd_identificador_rede_equipamento":0,"nm_rede_equipamento":"SEM REDE","tx_rede_equipamento":"Sem descrição","cd_identificador_tipo_equipamento":0,"nm_tipo_equipamento":"SEM TIPO","tx_tipo_equipamento":"SEM TIPO","cd_identificador_classe_equipamento":3,"nm_classe_equipamento":"CORREIOS","tx_classe_equipamento":"AGENCIAS DE CORREIO","cd_identificador_esfera_administrativa_equipamento":0,"nm_esfera_administrativa_equipamento":"SEM ESFERA","tx_esfera_administrativa_equipamento":"Sem descrição","cd_equipamento":null,"nm_equipamento":"ACC JARDIM BELA VISTA","tx_endereco_equipamento":"RUA FREDERICO RENE DE JAEGHER, 1077","nm_bairro_equipamento":"RIO BONITO","cd_cep_equipamento":"04826-970","tx_horario_funcionamento":"SEG A SEX (08h-17h) / SAB (08h-12h)","tx_numero_telefone":"(11) 5929-5055","cd_equipamento_base_origem":null}},{"type":"Feature","id":"equipamento_correios_v2.176016","geometry":{"type":"Point","coordinates":[326753.2678,7376722.2179]},"geometry_name":"ge_ponto","properties":{"cd_identificador":176016,"cd_identificador_tema_equipamento":8,"nm_tema_equipamento":"SERVICO","cd_identificador_rede_equipamento":0,"nm_rede_equipamento":"SEM REDE","tx_rede_equipamento":"Sem descrição","cd_identificador_tipo_equipamento":0,"nm_tipo_equipamento":"SEM TIPO","tx_tipo_equipamento":"SEM TIPO","cd_identificador_classe_equipamento":3,"nm_classe_equipamento":"CORREIOS","tx_classe_equipamento":"AGENCIAS DE CORREIO","cd_identificador_esfera_administrativa_equipamento":0,"nm_esfera_administrativa_equipamento":"SEM ESFERA","tx_esfera_administrativa_equipamento":"Sem descrição","cd_equipamento":null,"nm_equipamento":"AGF SENADOR TEOTONIO","tx_endereco_equipamento":"AVENIDA SENADOR TEOTONIO VILELA, 1084","nm_bairro_equipamento":"CIDADE DUTRA","cd_cep_equipamento":"04801-970","tx_horario_funcionamento":"SEG A SEX (09h-17h)","tx_numero_telefone":"(11) 5666-7151 / (11) 5666-7228","cd_equipamento_base_origem":null}},{"type":"Feature","id":"equipamento_correios_v2.176017","geometry":{"type":"Point","coordinates":[325342.2854,7381470.3264]},"geometry_name":"ge_ponto","properties":{"cd_identificador":176017,"cd_identificador_tema_equipamento":8,"nm_tema_equipamento":"SERVICO","cd_identificador_rede_equipamento":0,"nm_rede_equipamento":"SEM REDE","tx_rede_equipamento":"Sem descrição","cd_identificador_tipo_equipamento":0,"nm_tipo_equipamento":"SEM TIPO","tx_tipo_equipamento":"SEM TIPO","cd_identificador_classe_equipamento":3,"nm_classe_equipamento":"CORREIOS","tx_classe_equipamento":"AGENCIAS DE CORREIO","cd_identificador_esfera_administrativa_equipamento":0,"nm_esfera_administrativa_equipamento":"SEM ESFERA","tx_esfera_administrativa_equipamento":"Sem descrição","cd_equipamento":null,"nm_equipamento":"AC CAPELA DO SOCORRO","tx_endereco_equipamento":"RUA OLIVIA GUEDES PENTEADO, 71","nm_bairro_equipamento":"SOCORRO","cd_cep_equipamento":"04766-970","tx_horario_funcionamento":"SEG A SEX (09h-17h)","tx_numero_telefone":"(11) 4313-9552","cd_equipamento_base_origem":null}},{"type":"Feature","id":"equipamento_correios_v2.176018","geometry":{"type":"Point","coordinates":[326776.7088,7380311.5325]},"geometry_name":"ge_ponto","properties":{"cd_identificador":176018,"cd_identificador_tema_equipamento":8,"nm_tema_equipamento":"SERVICO","cd_identificador_rede_equipamento":0,"nm_rede_equipamento":"SEM REDE","tx_rede_equipamento":"Sem descrição","cd_identificador_tipo_equipamento":0,"nm_tipo_equipamento":"SEM TIPO","tx_tipo_equipamento":"SEM TIPO","cd_identificador_classe_equipamento":3,"nm_classe_equipamento":"CORREIOS","tx_classe_equipamento":"AGENCIAS DE CORREIO","cd_identificador_esfera_administrativa_equipamento":0,"nm_esfera_administrativa_equipamento":"SEM ESFERA","tx_esfera_administrativa_equipamento":"Sem descrição","cd_equipamento":null,"nm_equipamento":"AC SP MARKET","tx_endereco_equipamento":"AVENIDA DAS NACOES UNIDAS, 22540 LOJA 15A/15B","nm_bairro_equipamento":"VILA ALMEIDA","cd_cep_equipamento":"04795-970","tx_horario_funcionamento":"SEG A SEX (10h-18h)","tx_numero_telefone":"(11) 4313-9829","cd_equipamento_base_origem":null}},{"type":"Feature","id":"equipamento_correios_v2.176019","geometry":{"type":"Point","coordinates":[328875.839,7380892.5638]},"geometry_name":"ge_ponto","properties":{"cd_identificador":176019,"cd_identificador_tema_equipamento":8,"nm_tema_equipamento":"SERVICO","cd_identificador_rede_equipamento":0,"nm_rede_equipamento":"SEM REDE","tx_rede_equipamento":"Sem descrição","cd_identificador_tipo_equipamento":0,"nm_tipo_equipamento":"SEM TIPO","tx_tipo_equipamento":"SEM TIPO","cd_identificador_classe_equipamento":3,"nm_classe_equipamento":"CORREIOS","tx_classe_equipamento":"AGENCIAS DE CORREIO","cd_identificador_esfera_administrativa_equipamento":0,"nm_esfera_administrativa_equipamento":"SEM ESFERA","tx_esfera_administrativa_equipamento":"Sem descrição","cd_equipamento":null,"nm_equipamento":"AGF AVENIDA INTERLAGOS","tx_endereco_equipamento":"AVENIDA INTERLAGOS, 2290","nm_bairro_equipamento":"JARDIM MARAJOARA","cd_cep_equipamento":"04660-970","tx_horario_funcionamento":"SEG A SEX (09h-17h)","tx_numero_telefone":"(11) 5633-5555","cd_equipamento_base_origem":null}},{"type":"Feature","id":"equipamento_correios_v2.176020","geometry":{"type":"Point","coordinates":[330191.3371,7380915.1946]},"geometry_name":"ge_ponto","properties":{"cd_identificador":176020,"cd_identificador_tema_equipamento":8,"nm_tema_equipamento":"SERVICO","cd_identificador_rede_equipamento":0,"nm_rede_equipamento":"SEM REDE","tx_rede_equipamento":"Sem descrição","cd_identificador_tipo_equipamento":0,"nm_tipo_equipamento":"SEM TIPO","tx_tipo_equipamento":"SEM TIPO","cd_identificador_classe_equipamento":3,"nm_classe_equipamento":"CORREIOS","tx_classe_equipamento":"AGENCIAS DE CORREIO","cd_identificador_esfera_administrativa_equipamento":0,"nm_esfera_administrativa_equipamento":"SEM ESFERA","tx_esfera_administrativa_equipamento":"Sem descrição","cd_equipamento":null,"nm_equipamento":"AGF VILA CONSTANCA","tx_endereco_equipamento":"AVENIDA YERVANT KISSAJIKIAN, 1620","nm_bairro_equipamento":"VILA JOANIZA","cd_cep_equipamento":"04428-973","tx_horario_funcionamento":"SEG A SEX (09h-17h)","tx_numero_telefone":"(11) 5677-6263 / (11) 5565-6995","cd_equipamento_base_origem":null}},{"type":"Feature","id":"equipamento_correios_v2.176021","geometry":{"type":"Point","coordinates":[330311.4576,7382301.7725]},"geometry_name":"ge_ponto","properties":{"cd_identificador":176021,"cd_identificador_tema_equipamento":8,"nm_tema_equipamento":"SERVICO","cd_identificador_rede_equipamento":0,"nm_rede_equipamento":"SEM REDE","tx_rede_equipamento":"Sem descrição","cd_identificador_tipo_equipamento":0,"nm_tipo_equipamento":"SEM TIPO","tx_tipo_equipamento":"SEM TIPO","cd_identificador_classe_equipamento":3,"nm_classe_equipamento":"CORREIOS","tx_classe_equipamento":"AGENCIAS DE CORREIO","cd_identificador_esfera_administrativa_equipamento":0,"nm_esfera_administrativa_equipamento":"SEM ESFERA","tx_esfera_administrativa_equipamento":"Sem descrição","cd_equipamento":null,"nm_equipamento":"AGF JARDIM CIDALIA","tx_endereco_equipamento":"AVENIDA CUPECE, 2050 CONJUNTO 1","nm_bairro_equipamento":"JARDIM PRUDENCIA","cd_cep_equipamento":"04366-972","tx_horario_funcionamento":"SEG A SEX (09h-17h)","tx_numero_telefone":"(11) 5562-7007 / (11) 5562-1877","cd_equipamento_base_origem":null}},{"type":"Feature","id":"equipamento_correios_v2.176022","geometry":{"type":"Point","coordinates":[325250.4803,7383426.0946]},"geometry_name":"ge_ponto","properties":{"cd_identificador":176022,"cd_identificador_tema_equipamento":8,"nm_tema_equipamento":"SERVICO","cd_identificador_rede_equipamento":0,"nm_rede_equipamento":"SEM REDE","tx_rede_equipamento":"Sem descrição","cd_identificador_tipo_equipamento":0,"nm_tipo_equipamento":"SEM TIPO","tx_tipo_equipamento":"SEM TIPO","cd_identificador_classe_equipamento":3,"nm_classe_equipamento":"CORREIOS","tx_classe_equipamento":"AGENCIAS DE CORREIO","cd_identificador_esfera_administrativa_equipamento":0,"nm_esfera_administrativa_equipamento":"SEM ESFERA","tx_esfera_administrativa_equipamento":"Sem descrição","cd_equipamento":null,"nm_equipamento":"AC SAMS CLUB","tx_endereco_equipamento":"AVENIDA MARIO LOPES LEAO, 700","nm_bairro_equipamento":"SANTO AMARO","cd_cep_equipamento":"","tx_horario_funcionamento":"","tx_numero_telefone":"","cd_equipamento_base_origem":null}},{"type":"Feature","id":"equipamento_correios_v2.176023","geometry":{"type":"Point","coordinates":[325998.1111,7382821.5515]},"geometry_name":"ge_ponto","properties":{"cd_identificador":176023,"cd_identificador_tema_equipamento":8,"nm_tema_equipamento":"SERVICO","cd_identificador_rede_equipamento":0,"nm_rede_equipamento":"SEM REDE","tx_rede_equipamento":"Sem descrição","cd_identificador_tipo_equipamento":0,"nm_tipo_equipamento":"SEM TIPO","tx_tipo_equipamento":"SEM TIPO","cd_identificador_classe_equipamento":3,"nm_classe_equipamento":"CORREIOS","tx_classe_equipamento":"AGENCIAS DE CORREIO","cd_identificador_esfera_administrativa_equipamento":0,"nm_esfera_administrativa_equipamento":"SEM ESFERA","tx_esfera_administrativa_equipamento":"Sem descrição","cd_equipamento":null,"nm_equipamento":"AC SANTO AMARO","tx_endereco_equipamento":"RUA GENERAL ROBERTO ALVES CARVALHO FILHO, 299","nm_bairro_equipamento":"SANTO AMARO","cd_cep_equipamento":"04744-970","tx_horario_funcionamento":"SEG A SEX (09h-17h)","tx_numero_telefone":"(11) 4313-9814","cd_equipamento_base_origem":null}},{"type":"Feature","id":"equipamento_correios_v2.176024","geometry":{"type":"Point","coordinates":[325740.8587,7383733.4126]},"geometry_name":"ge_ponto","properties":{"cd_identificador":176024,"cd_identificador_tema_equipamento":8,"nm_tema_equipamento":"SERVICO","cd_identificador_rede_equipamento":0,"nm_rede_equipamento":"SEM REDE","tx_rede_equipamento":"Sem descrição","cd_identificador_tipo_equipamento":0,"nm_tipo_equipamento":"SEM TIPO","tx_tipo_equipamento":"SEM TIPO","cd_identificador_classe_equipamento":3,"nm_classe_equipamento":"CORREIOS","tx_classe_equipamento":"AGENCIAS DE CORREIO","cd_identificador_esfera_administrativa_equipamento":0,"nm_esfera_administrativa_equipamento":"SEM ESFERA","tx_esfera_administrativa_equipamento":"Sem descrição","cd_equipamento":null,"nm_equipamento":"AGF TENENTE SILVA ARAUJO","tx_endereco_equipamento":"RUA TENENTE-CORONEL CARLOS DA SILVA ARAUJO, 333","nm_bairro_equipamento":"SANTO AMARO","cd_cep_equipamento":"04751-971","tx_horario_funcionamento":"SEG A SEX (09h-17h)","tx_numero_telefone":"(11) 5525-8900","cd_equipamento_base_origem":null}},{"type":"Feature","id":"equipamento_correios_v2.176025","geometry":{"type":"Point","coordinates":[326629.918,7384208.9652]},"geometry_name":"ge_ponto","properties":{"cd_identificador":176025,"cd_identificador_tema_equipamento":8,"nm_tema_equipamento":"SERVICO","cd_identificador_rede_equipamento":0,"nm_rede_equipamento":"SEM REDE","tx_rede_equipamento":"Sem descrição","cd_identificador_tipo_equipamento":0,"nm_tipo_equipamento":"SEM TIPO","tx_tipo_equipamento":"SEM TIPO","cd_identificador_classe_equipamento":3,"nm_classe_equipamento":"CORREIOS","tx_classe_equipamento":"AGENCIAS DE CORREIO","cd_identificador_esfera_administrativa_equipamento":0,"nm_esfera_administrativa_equipamento":"SEM ESFERA","tx_esfera_administrativa_equipamento":"Sem descrição","cd_equipamento":null,"nm_equipamento":"AGF ADOLFO PINHEIRO","tx_endereco_equipamento":"AVENIDA ADOLFO PINHEIRO, 1153","nm_bairro_equipamento":"SANTO AMARO","cd_cep_equipamento":"04733-971","tx_horario_funcionamento":"SEG A SEX (09h-17h)","tx_numero_telefone":"(11) 2592-5458 / (11) 5686-9400 / (11) 7100-8917","cd_equipamento_base_origem":null}},{"type":"Feature","id":"equipamento_correios_v2.176026","geometry":{"type":"Point","coordinates":[326044.3165,7385524.4687]},"geometry_name":"ge_ponto","properties":{"cd_identificador":176026,"cd_identificador_tema_equipamento":8,"nm_tema_equipamento":"SERVICO","cd_identificador_rede_equipamento":0,"nm_rede_equipamento":"SEM REDE","tx_rede_equipamento":"Sem descrição","cd_identificador_tipo_equipamento":0,"nm_tipo_equipamento":"SEM TIPO","tx_tipo_equipamento":"SEM TIPO","cd_identificador_classe_equipamento":3,"nm_classe_equipamento":"CORREIOS","tx_classe_equipamento":"AGENCIAS DE CORREIO","cd_identificador_esfera_administrativa_equipamento":0,"nm_esfera_administrativa_equipamento":"SEM ESFERA","tx_esfera_administrativa_equipamento":"Sem descrição","cd_equipamento":null,"nm_equipamento":"AGF CHACARA SANTO ANTONIO","tx_endereco_equipamento":"RUA ALEXANDRE DUMAS, 1489","nm_bairro_equipamento":"CHACARA SANTO ANTONIO","cd_cep_equipamento":"04717-971","tx_horario_funcionamento":"SEG A SEX (09h-17h)","tx_numero_telefone":"(11) 5188-5488","cd_equipamento_base_origem":null}},{"type":"Feature","id":"equipamento_correios_v2.176027","geometry":{"type":"Point","coordinates":[322838.4059,7385199.5426]},"geometry_name":"ge_ponto","properties":{"cd_identificador":176027,"cd_identificador_tema_equipamento":8,"nm_tema_equipamento":"SERVICO","cd_identificador_rede_equipamento":0,"nm_rede_equipamento":"SEM REDE","tx_rede_equipamento":"Sem descrição","cd_identificador_tipo_equipamento":0,"nm_tipo_equipamento":"SEM TIPO","tx_tipo_equipamento":"SEM TIPO","cd_identificador_classe_equipamento":3,"nm_classe_equipamento":"CORREIOS","tx_classe_equipamento":"AGENCIAS DE CORREIO","cd_identificador_esfera_administrativa_equipamento":0,"nm_esfera_administrativa_equipamento":"SEM ESFERA","tx_esfera_administrativa_equipamento":"Sem descrição","cd_equipamento":null,"nm_equipamento":"AGF GIOVANNI GRONCHI","tx_endereco_equipamento":"AVENIDA GIOVANNI GRONCHI, 5930 LOJA 08S/09S/10S","nm_bairro_equipamento":"VILA ANDRADE","cd_cep_equipamento":"05724-002","tx_horario_funcionamento":"SEG A SEX (09h-18h) / SAB (09h-17h)","tx_numero_telefone":"(11) 2579-6954","cd_equipamento_base_origem":null}},{"type":"Feature","id":"equipamento_correios_v2.176028","geometry":{"type":"Point","coordinates":[326711.9435,7386467.3413]},"geometry_name":"ge_ponto","properties":{"cd_identificador":176028,"cd_identificador_tema_equipamento":8,"nm_tema_equipamento":"SERVICO","cd_identificador_rede_equipamento":0,"nm_rede_equipamento":"SEM REDE","tx_rede_equipamento":"Sem descrição","cd_identificador_tipo_equipamento":0,"nm_tipo_equipamento":"SEM TIPO","tx_tipo_equipamento":"SEM TIPO","cd_identificador_classe_equipamento":3,"nm_classe_equipamento":"CORREIOS","tx_classe_equipamento":"AGENCIAS DE CORREIO","cd_identificador_esfera_administrativa_equipamento":0,"nm_esfera_administrativa_equipamento":"SEM ESFERA","tx_esfera_administrativa_equipamento":"Sem descrição","cd_equipamento":null,"nm_equipamento":"AGF SHOPPING MORUMBI","tx_endereco_equipamento":"AVENIDA ROQUE PETRONI JUNIOR, 1089 PISO LAZER LOJA 13","nm_bairro_equipamento":"VILA GERTRUDES","cd_cep_equipamento":"04707-970","tx_horario_funcionamento":"SEG A SEX (10h-22h) / SAB (10h-20h)","tx_numero_telefone":"(11) 5181-5947","cd_equipamento_base_origem":null}},{"type":"Feature","id":"equipamento_correios_v2.176029","geometry":{"type":"Point","coordinates":[329263.9306,7384203.9377]},"geometry_name":"ge_ponto","properties":{"cd_identificador":176029,"cd_identificador_tema_equipamento":8,"nm_tema_equipamento":"SERVICO","cd_identificador_rede_equipamento":0,"nm_rede_equipamento":"SEM REDE","tx_rede_equipamento":"Sem descrição","cd_identificador_tipo_equipamento":0,"nm_tipo_equipamento":"SEM TIPO","tx_tipo_equipamento":"SEM TIPO","cd_identificador_classe_equipamento":3,"nm_classe_equipamento":"CORREIOS","tx_classe_equipamento":"AGENCIAS DE CORREIO","cd_identificador_esfera_administrativa_equipamento":0,"nm_esfera_administrativa_equipamento":"SEM ESFERA","tx_esfera_administrativa_equipamento":"Sem descrição","cd_equipamento":null,"nm_equipamento":"AGF CHACARA MONTE ALEGRE","tx_endereco_equipamento":"RUA GUILHERME ASBAHR NETO, 110","nm_bairro_equipamento":"JARDIM MARAJOARA","cd_cep_equipamento":"04646-970","tx_horario_funcionamento":"SEG A SEX (09h-17h)","tx_numero_telefone":"(11) 5522-0866 / (11) 9973-6844","cd_equipamento_base_origem":null}},{"type":"Feature","id":"equipamento_correios_v2.176030","geometry":{"type":"Point","coordinates":[329950.9079,7385880.4426]},"geometry_name":"ge_ponto","properties":{"cd_identificador":176030,"cd_identificador_tema_equipamento":8,"nm_tema_equipamento":"SERVICO","cd_identificador_rede_equipamento":0,"nm_rede_equipamento":"SEM REDE","tx_rede_equipamento":"Sem descrição","cd_identificador_tipo_equipamento":0,"nm_tipo_equipamento":"SEM TIPO","tx_tipo_equipamento":"SEM TIPO","cd_identificador_classe_equipamento":3,"nm_classe_equipamento":"CORREIOS","tx_classe_equipamento":"AGENCIAS DE CORREIO","cd_identificador_esfera_administrativa_equipamento":0,"nm_esfera_administrativa_equipamento":"SEM ESFERA","tx_esfera_administrativa_equipamento":"Sem descrição","cd_equipamento":null,"nm_equipamento":"AC JARDIM AEROPORTO","tx_endereco_equipamento":"AVENIDA WASHINGTON LUIS, 5859 SUBSOLO SUC 12","nm_bairro_equipamento":"SANTO AMARO","cd_cep_equipamento":"04627-970","tx_horario_funcionamento":"SEG A SEX (10h-18h)","tx_numero_telefone":"(11) 4313-9771","cd_equipamento_base_origem":null}},{"type":"Feature","id":"equipamento_correios_v2.176031","geometry":{"type":"Point","coordinates":[328172.7491,7386222.3585]},"geometry_name":"ge_ponto","properties":{"cd_identificador":176031,"cd_identificador_tema_equipamento":8,"nm_tema_equipamento":"SERVICO","cd_identificador_rede_equipamento":0,"nm_rede_equipamento":"SEM REDE","tx_rede_equipamento":"Sem descrição","cd_identificador_tipo_equipamento":0,"nm_tipo_equipamento":"SEM TIPO","tx_tipo_equipamento":"SEM TIPO","cd_identificador_classe_equipamento":3,"nm_classe_equipamento":"CORREIOS","tx_classe_equipamento":"AGENCIAS DE CORREIO","cd_identificador_esfera_administrativa_equipamento":0,"nm_esfera_administrativa_equipamento":"SEM ESFERA","tx_esfera_administrativa_equipamento":"Sem descrição","cd_equipamento":null,"nm_equipamento":"AC BROOKLIN PAULISTA","tx_endereco_equipamento":"RUA BARAO DO TRIUNFO, 242","nm_bairro_equipamento":"BROOKLIN PAULISTA","cd_cep_equipamento":"04602-970","tx_horario_funcionamento":"SEG A SEX (09h-17h)","tx_numero_telefone":"(11) 4313-9716 / (11) 4313-9717","cd_equipamento_base_origem":null}},{"type":"Feature","id":"equipamento_correios_v2.176032","geometry":{"type":"Point","coordinates":[328305.4069,7386549.6589]},"geometry_name":"ge_ponto","properties":{"cd_identificador":176032,"cd_identificador_tema_equipamento":8,"nm_tema_equipamento":"SERVICO","cd_identificador_rede_equipamento":0,"nm_rede_equipamento":"SEM REDE","tx_rede_equipamento":"Sem descrição","cd_identificador_tipo_equipamento":0,"nm_tipo_equipamento":"SEM TIPO","tx_tipo_equipamento":"SEM TIPO","cd_identificador_classe_equipamento":3,"nm_classe_equipamento":"CORREIOS","tx_classe_equipamento":"AGENCIAS DE CORREIO","cd_identificador_esfera_administrativa_equipamento":0,"nm_esfera_administrativa_equipamento":"SEM ESFERA","tx_esfera_administrativa_equipamento":"Sem descrição","cd_equipamento":null,"nm_equipamento":"AGF PRINCESA ISABEL","tx_endereco_equipamento":"RUA PRINCESA ISABEL, 354/360","nm_bairro_equipamento":"BROOKLIN PAULISTA","cd_cep_equipamento":"04601-971","tx_horario_funcionamento":"SEG A SEX (09h-17h)","tx_numero_telefone":"(11) 5535-4862","cd_equipamento_base_origem":null}},{"type":"Feature","id":"equipamento_correios_v2.176033","geometry":{"type":"Point","coordinates":[327265.932,7388709.4872]},"geometry_name":"ge_ponto","properties":{"cd_identificador":176033,"cd_identificador_tema_equipamento":8,"nm_tema_equipamento":"SERVICO","cd_identificador_rede_equipamento":0,"nm_rede_equipamento":"SEM REDE","tx_rede_equipamento":"Sem descrição","cd_identificador_tipo_equipamento":0,"nm_tipo_equipamento":"SEM TIPO","tx_tipo_equipamento":"SEM TIPO","cd_identificador_classe_equipamento":3,"nm_classe_equipamento":"CORREIOS","tx_classe_equipamento":"AGENCIAS DE CORREIO","cd_identificador_esfera_administrativa_equipamento":0,"nm_esfera_administrativa_equipamento":"SEM ESFERA","tx_esfera_administrativa_equipamento":"Sem descrição","cd_equipamento":null,"nm_equipamento":"AGF LUIS CARLOS BERRINI","tx_endereco_equipamento":"AVENIDA NOVA INDEPENDENCIA, 656","nm_bairro_equipamento":"BROOKLIN PAULISTA","cd_cep_equipamento":"04570-970","tx_horario_funcionamento":"SEG A SEX (09h-17h)","tx_numero_telefone":"(11) 5506-4770 / (11) 5505-3944","cd_equipamento_base_origem":null}},{"type":"Feature","id":"equipamento_correios_v2.176034","geometry":{"type":"Point","coordinates":[329053.6669,7386933.1503]},"geometry_name":"ge_ponto","properties":{"cd_identificador":176034,"cd_identificador_tema_equipamento":8,"nm_tema_equipamento":"SERVICO","cd_identificador_rede_equipamento":0,"nm_rede_equipamento":"SEM REDE","tx_rede_equipamento":"Sem descrição","cd_identificador_tipo_equipamento":0,"nm_tipo_equipamento":"SEM TIPO","tx_tipo_equipamento":"SEM TIPO","cd_identificador_classe_equipamento":3,"nm_classe_equipamento":"CORREIOS","tx_classe_equipamento":"AGENCIAS DE CORREIO","cd_identificador_esfera_administrativa_equipamento":0,"nm_esfera_administrativa_equipamento":"SEM ESFERA","tx_esfera_administrativa_equipamento":"Sem descrição","cd_equipamento":null,"nm_equipamento":"AGF VIEIRA DE MORAIS","tx_endereco_equipamento":"RUA VIEIRA DE MORAIS, 558","nm_bairro_equipamento":"CAMPO BELO","cd_cep_equipamento":"04617-971","tx_horario_funcionamento":"SEG A SEX (09h-17h)","tx_numero_telefone":"(11) 5094-4646","cd_equipamento_base_origem":null}},{"type":"Feature","id":"equipamento_correios_v2.176035","geometry":{"type":"Point","coordinates":[330366.385,7388103.2072]},"geometry_name":"ge_ponto","properties":{"cd_identificador":176035,"cd_identificador_tema_equipamento":8,"nm_tema_equipamento":"SERVICO","cd_identificador_rede_equipamento":0,"nm_rede_equipamento":"SEM REDE","tx_rede_equipamento":"Sem descrição","cd_identificador_tipo_equipamento":0,"nm_tipo_equipamento":"SEM TIPO","tx_tipo_equipamento":"SEM TIPO","cd_identificador_classe_equipamento":3,"nm_classe_equipamento":"CORREIOS","tx_classe_equipamento":"AGENCIAS DE CORREIO","cd_identificador_esfera_administrativa_equipamento":0,"nm_esfera_administrativa_equipamento":"SEM ESFERA","tx_esfera_administrativa_equipamento":"Sem descrição","cd_equipamento":null,"nm_equipamento":"AC MOEMA","tx_endereco_equipamento":"ALAMEDA DOS MARACATINS, 976","nm_bairro_equipamento":"INDIANOPOLIS","cd_cep_equipamento":"","tx_horario_funcionamento":"","tx_numero_telefone":"","cd_equipamento_base_origem":null}},{"type":"Feature","id":"equipamento_correios_v2.176036","geometry":{"type":"Point","coordinates":[321262.7142,7392772.8909]},"geometry_name":"ge_ponto","properties":{"cd_identificador":176036,"cd_identificador_tema_equipamento":8,"nm_tema_equipamento":"SERVICO","cd_identificador_rede_equipamento":0,"nm_rede_equipamento":"SEM REDE","tx_rede_equipamento":"Sem descrição","cd_identificador_tipo_equipamento":0,"nm_tipo_equipamento":"SEM TIPO","tx_tipo_equipamento":"SEM TIPO","cd_identificador_classe_equipamento":3,"nm_classe_equipamento":"CORREIOS","tx_classe_equipamento":"AGENCIAS DE CORREIO","cd_identificador_esfera_administrativa_equipamento":0,"nm_esfera_administrativa_equipamento":"SEM ESFERA","tx_esfera_administrativa_equipamento":"Sem descrição","cd_equipamento":null,"nm_equipamento":"AGF SAO PATRICIO","tx_endereco_equipamento":"AVENIDA DO RIO PEQUENO, 591","nm_bairro_equipamento":"RIO PEQUENO","cd_cep_equipamento":"05379-971","tx_horario_funcionamento":"SEG A SEX (09h-17h)","tx_numero_telefone":"(11) 3768-2838","cd_equipamento_base_origem":null}},{"type":"Feature","id":"equipamento_correios_v2.176037","geometry":{"type":"Point","coordinates":[322380.458,7391364.294]},"geometry_name":"ge_ponto","properties":{"cd_identificador":176037,"cd_identificador_tema_equipamento":8,"nm_tema_equipamento":"SERVICO","cd_identificador_rede_equipamento":0,"nm_rede_equipamento":"SEM REDE","tx_rede_equipamento":"Sem descrição","cd_identificador_tipo_equipamento":0,"nm_tipo_equipamento":"SEM TIPO","tx_tipo_equipamento":"SEM TIPO","cd_identificador_classe_equipamento":3,"nm_classe_equipamento":"CORREIOS","tx_classe_equipamento":"AGENCIAS DE CORREIO","cd_identificador_esfera_administrativa_equipamento":0,"nm_esfera_administrativa_equipamento":"SEM ESFERA","tx_esfera_administrativa_equipamento":"Sem descrição","cd_equipamento":null,"nm_equipamento":"AGF JARDIM BONFIGLIOLI","tx_endereco_equipamento":"AVENIDA COMENDADOR ALBERTO BONFIGLIOLI, 737","nm_bairro_equipamento":"JARDIM BONFIGLIOLI","cd_cep_equipamento":"05593-970","tx_horario_funcionamento":"SEG A SEX (09h-17h)","tx_numero_telefone":"(11) 2579--6951 / (11) 2579--6954 / (11) 3731-7467","cd_equipamento_base_origem":null}},{"type":"Feature","id":"equipamento_correios_v2.176038","geometry":{"type":"Point","coordinates":[323705.9041,7390228.4257]},"geometry_name":"ge_ponto","properties":{"cd_identificador":176038,"cd_identificador_tema_equipamento":8,"nm_tema_equipamento":"SERVICO","cd_identificador_rede_equipamento":0,"nm_rede_equipamento":"SEM REDE","tx_rede_equipamento":"Sem descrição","cd_identificador_tipo_equipamento":0,"nm_tipo_equipamento":"SEM TIPO","tx_tipo_equipamento":"SEM TIPO","cd_identificador_classe_equipamento":3,"nm_classe_equipamento":"CORREIOS","tx_classe_equipamento":"AGENCIAS DE CORREIO","cd_identificador_esfera_administrativa_equipamento":0,"nm_esfera_administrativa_equipamento":"SEM ESFERA","tx_esfera_administrativa_equipamento":"Sem descrição","cd_equipamento":null,"nm_equipamento":"AGF VILA INAH","tx_endereco_equipamento":"RUA MANDISSUNUNGA, 41","nm_bairro_equipamento":"VILA INAH","cd_cep_equipamento":"05619-970","tx_horario_funcionamento":"SEG A SEX (09h-17h)","tx_numero_telefone":"(11) 3772-1619 / (11) 3742-1565","cd_equipamento_base_origem":null}},{"type":"Feature","id":"equipamento_correios_v2.176039","geometry":{"type":"Point","coordinates":[322868.4102,7391856.6816]},"geometry_name":"ge_ponto","properties":{"cd_identificador":176039,"cd_identificador_tema_equipamento":8,"nm_tema_equipamento":"SERVICO","cd_identificador_rede_equipamento":0,"nm_rede_equipamento":"SEM REDE","tx_rede_equipamento":"Sem descrição","cd_identificador_tipo_equipamento":0,"nm_tipo_equipamento":"SEM TIPO","tx_tipo_equipamento":"SEM TIPO","cd_identificador_classe_equipamento":3,"nm_classe_equipamento":"CORREIOS","tx_classe_equipamento":"AGENCIAS DE CORREIO","cd_identificador_esfera_administrativa_equipamento":0,"nm_esfera_administrativa_equipamento":"SEM ESFERA","tx_esfera_administrativa_equipamento":"Sem descrição","cd_equipamento":null,"nm_equipamento":"AGF BENJAMIM MANSUR","tx_endereco_equipamento":"AVENIDA CORIFEU DE AZEVEDO MARQUES, 1101","nm_bairro_equipamento":"BUTANTA","cd_cep_equipamento":"05581-970","tx_horario_funcionamento":"SEG A SEX (09h-17h)","tx_numero_telefone":"(11) 3726-4645","cd_equipamento_base_origem":null}},{"type":"Feature","id":"equipamento_correios_v2.176076","geometry":{"type":"Point","coordinates":[329277.9033,7397158.0637]},"geometry_name":"ge_ponto","properties":{"cd_identificador":176076,"cd_identificador_tema_equipamento":8,"nm_tema_equipamento":"SERVICO","cd_identificador_rede_equipamento":0,"nm_rede_equipamento":"SEM REDE","tx_rede_equipamento":"Sem descrição","cd_identificador_tipo_equipamento":0,"nm_tipo_equipamento":"SEM TIPO","tx_tipo_equipamento":"SEM TIPO","cd_identificador_classe_equipamento":3,"nm_classe_equipamento":"CORREIOS","tx_classe_equipamento":"AGENCIAS DE CORREIO","cd_identificador_esfera_administrativa_equipamento":0,"nm_esfera_administrativa_equipamento":"SEM ESFERA","tx_esfera_administrativa_equipamento":"Sem descrição","cd_equipamento":null,"nm_equipamento":"AC AGUA BRANCA","tx_endereco_equipamento":"AV. FRANCISCO MATARAZZO, 1028","nm_bairro_equipamento":"AGUA BRANCA","cd_cep_equipamento":"","tx_horario_funcionamento":"","tx_numero_telefone":"","cd_equipamento_base_origem":null}},{"type":"Feature","id":"equipamento_correios_v2.176040","geometry":{"type":"Point","coordinates":[320687.8362,7394016.1023]},"geometry_name":"ge_ponto","properties":{"cd_identificador":176040,"cd_identificador_tema_equipamento":8,"nm_tema_equipamento":"SERVICO","cd_identificador_rede_equipamento":0,"nm_rede_equipamento":"SEM REDE","tx_rede_equipamento":"Sem descrição","cd_identificador_tipo_equipamento":0,"nm_tipo_equipamento":"SEM TIPO","tx_tipo_equipamento":"SEM TIPO","cd_identificador_classe_equipamento":3,"nm_classe_equipamento":"CORREIOS","tx_classe_equipamento":"AGENCIAS DE CORREIO","cd_identificador_esfera_administrativa_equipamento":0,"nm_esfera_administrativa_equipamento":"SEM ESFERA","tx_esfera_administrativa_equipamento":"Sem descrição","cd_equipamento":null,"nm_equipamento":"AGF VILA LAGEADO","tx_endereco_equipamento":"AVENIDA CORIFEU DE AZEVEDO MARQUES, 5725","nm_bairro_equipamento":"VILA LAGEADO","cd_cep_equipamento":"05339-970","tx_horario_funcionamento":"SEG A SEX (09h-17h) / SAB (08h-12h)","tx_numero_telefone":"(11) 4280-8561 / (11) 5533-6739","cd_equipamento_base_origem":null}},{"type":"Feature","id":"equipamento_correios_v2.176041","geometry":{"type":"Point","coordinates":[321424.8629,7394645.155]},"geometry_name":"ge_ponto","properties":{"cd_identificador":176041,"cd_identificador_tema_equipamento":8,"nm_tema_equipamento":"SERVICO","cd_identificador_rede_equipamento":0,"nm_rede_equipamento":"SEM REDE","tx_rede_equipamento":"Sem descrição","cd_identificador_tipo_equipamento":0,"nm_tipo_equipamento":"SEM TIPO","tx_tipo_equipamento":"SEM TIPO","cd_identificador_classe_equipamento":3,"nm_classe_equipamento":"CORREIOS","tx_classe_equipamento":"AGENCIAS DE CORREIO","cd_identificador_esfera_administrativa_equipamento":0,"nm_esfera_administrativa_equipamento":"SEM ESFERA","tx_esfera_administrativa_equipamento":"Sem descrição","cd_equipamento":null,"nm_equipamento":"AC CONTINENTAL CENTER","tx_endereco_equipamento":"AVENIDA PRESIDENTE ALTINO, 801","nm_bairro_equipamento":"JAGUARE","cd_cep_equipamento":"05323-970","tx_horario_funcionamento":"SEG A SEX (09h-17h)","tx_numero_telefone":"(11) 3765-1003","cd_equipamento_base_origem":null}},{"type":"Feature","id":"equipamento_correios_v2.176042","geometry":{"type":"Point","coordinates":[322666.7944,7396997.0317]},"geometry_name":"ge_ponto","properties":{"cd_identificador":176042,"cd_identificador_tema_equipamento":8,"nm_tema_equipamento":"SERVICO","cd_identificador_rede_equipamento":0,"nm_rede_equipamento":"SEM REDE","tx_rede_equipamento":"Sem descrição","cd_identificador_tipo_equipamento":0,"nm_tipo_equipamento":"SEM TIPO","tx_tipo_equipamento":"SEM TIPO","cd_identificador_classe_equipamento":3,"nm_classe_equipamento":"CORREIOS","tx_classe_equipamento":"AGENCIAS DE CORREIO","cd_identificador_esfera_administrativa_equipamento":0,"nm_esfera_administrativa_equipamento":"SEM ESFERA","tx_esfera_administrativa_equipamento":"Sem descrição","cd_equipamento":null,"nm_equipamento":"AC CIDADE DE SAO PAULO","tx_endereco_equipamento":"RUA MERGENTHALER, 598 BLOCO I TERREO","nm_bairro_equipamento":"VILA LEOPOLDINA","cd_cep_equipamento":"05314-970","tx_horario_funcionamento":"SEG A SEX (09h-17h)","tx_numero_telefone":"(11) 4313-7089 / (11) 4313-7088 / (11) 4313-7081 / (11) 4313-7080","cd_equipamento_base_origem":null}},{"type":"Feature","id":"equipamento_correios_v2.176043","geometry":{"type":"Point","coordinates":[323505.3383,7396622.3687]},"geometry_name":"ge_ponto","properties":{"cd_identificador":176043,"cd_identificador_tema_equipamento":8,"nm_tema_equipamento":"SERVICO","cd_identificador_rede_equipamento":0,"nm_rede_equipamento":"SEM REDE","tx_rede_equipamento":"Sem descrição","cd_identificador_tipo_equipamento":0,"nm_tipo_equipamento":"SEM TIPO","tx_tipo_equipamento":"SEM TIPO","cd_identificador_classe_equipamento":3,"nm_classe_equipamento":"CORREIOS","tx_classe_equipamento":"AGENCIAS DE CORREIO","cd_identificador_esfera_administrativa_equipamento":0,"nm_esfera_administrativa_equipamento":"SEM ESFERA","tx_esfera_administrativa_equipamento":"Sem descrição","cd_equipamento":null,"nm_equipamento":"ACC SCHILLING","tx_endereco_equipamento":"RUA SCHILLING, 475","nm_bairro_equipamento":"VILA LEOPOLDINA","cd_cep_equipamento":"05302-970","tx_horario_funcionamento":"SEG A SEX (09h-18h) / SAB (09h-12h)","tx_numero_telefone":"(11) 3836-7610","cd_equipamento_base_origem":null}},{"type":"Feature","id":"equipamento_correios_v2.176044","geometry":{"type":"Point","coordinates":[321529.0479,7398989.6573]},"geometry_name":"ge_ponto","properties":{"cd_identificador":176044,"cd_identificador_tema_equipamento":8,"nm_tema_equipamento":"SERVICO","cd_identificador_rede_equipamento":0,"nm_rede_equipamento":"SEM REDE","tx_rede_equipamento":"Sem descrição","cd_identificador_tipo_equipamento":0,"nm_tipo_equipamento":"SEM TIPO","tx_tipo_equipamento":"SEM TIPO","cd_identificador_classe_equipamento":3,"nm_classe_equipamento":"CORREIOS","tx_classe_equipamento":"AGENCIAS DE CORREIO","cd_identificador_esfera_administrativa_equipamento":0,"nm_esfera_administrativa_equipamento":"SEM ESFERA","tx_esfera_administrativa_equipamento":"Sem descrição","cd_equipamento":null,"nm_equipamento":"AGF VILA JAGUARA","tx_endereco_equipamento":"RUA PAUVA, 182","nm_bairro_equipamento":"VILA JAGUARA","cd_cep_equipamento":"05116-970","tx_horario_funcionamento":"SEG A SEX (09h-18h)","tx_numero_telefone":"(11) 3621-6050","cd_equipamento_base_origem":null}},{"type":"Feature","id":"equipamento_correios_v2.176045","geometry":{"type":"Point","coordinates":[322363.6539,7400035.6655]},"geometry_name":"ge_ponto","properties":{"cd_identificador":176045,"cd_identificador_tema_equipamento":8,"nm_tema_equipamento":"SERVICO","cd_identificador_rede_equipamento":0,"nm_rede_equipamento":"SEM REDE","tx_rede_equipamento":"Sem descrição","cd_identificador_tipo_equipamento":0,"nm_tipo_equipamento":"SEM TIPO","tx_tipo_equipamento":"SEM TIPO","cd_identificador_classe_equipamento":3,"nm_classe_equipamento":"CORREIOS","tx_classe_equipamento":"AGENCIAS DE CORREIO","cd_identificador_esfera_administrativa_equipamento":0,"nm_esfera_administrativa_equipamento":"SEM ESFERA","tx_esfera_administrativa_equipamento":"Sem descrição","cd_equipamento":null,"nm_equipamento":"AGF PARQUE SAO DOMINGOS","tx_endereco_equipamento":"RUA EMILIO COLELLA, 53","nm_bairro_equipamento":"PARQUE SAO DOMINGOS","cd_cep_equipamento":"05126-970","tx_horario_funcionamento":"SEG A SEX (09h-17h)","tx_numero_telefone":"(11) 3904-2149 / (11) 3904-2279","cd_equipamento_base_origem":null}},{"type":"Feature","id":"equipamento_correios_v2.176046","geometry":{"type":"Point","coordinates":[320893.1021,7401821.6065]},"geometry_name":"ge_ponto","properties":{"cd_identificador":176046,"cd_identificador_tema_equipamento":8,"nm_tema_equipamento":"SERVICO","cd_identificador_rede_equipamento":0,"nm_rede_equipamento":"SEM REDE","tx_rede_equipamento":"Sem descrição","cd_identificador_tipo_equipamento":0,"nm_tipo_equipamento":"SEM TIPO","tx_tipo_equipamento":"SEM TIPO","cd_identificador_classe_equipamento":3,"nm_classe_equipamento":"CORREIOS","tx_classe_equipamento":"AGENCIAS DE CORREIO","cd_identificador_esfera_administrativa_equipamento":0,"nm_esfera_administrativa_equipamento":"SEM ESFERA","tx_esfera_administrativa_equipamento":"Sem descrição","cd_equipamento":null,"nm_equipamento":"ACC JURUBIM","tx_endereco_equipamento":"RUA JURUBIM, 800","nm_bairro_equipamento":"VILA BOACAVA","cd_cep_equipamento":"05170-970","tx_horario_funcionamento":"SEG A SEX (09h-17h)","tx_numero_telefone":"(11) 3906-6726 / (11) 3906-9778","cd_equipamento_base_origem":null}},{"type":"Feature","id":"equipamento_correios_v2.176047","geometry":{"type":"Point","coordinates":[322028.4851,7401795.0302]},"geometry_name":"ge_ponto","properties":{"cd_identificador":176047,"cd_identificador_tema_equipamento":8,"nm_tema_equipamento":"SERVICO","cd_identificador_rede_equipamento":0,"nm_rede_equipamento":"SEM REDE","tx_rede_equipamento":"Sem descrição","cd_identificador_tipo_equipamento":0,"nm_tipo_equipamento":"SEM TIPO","tx_tipo_equipamento":"SEM TIPO","cd_identificador_classe_equipamento":3,"nm_classe_equipamento":"CORREIOS","tx_classe_equipamento":"AGENCIAS DE CORREIO","cd_identificador_esfera_administrativa_equipamento":0,"nm_esfera_administrativa_equipamento":"SEM ESFERA","tx_esfera_administrativa_equipamento":"Sem descrição","cd_equipamento":null,"nm_equipamento":"ACC MUTINGA","tx_endereco_equipamento":"AVENIDA MUTINGA, 1727","nm_bairro_equipamento":"JARDIM SANTO ELIAS","cd_cep_equipamento":"05110-971","tx_horario_funcionamento":"SEG A SEX (09h-17h) / SAB (09h-13h)","tx_numero_telefone":"(11) 3904-8611 / (11) 3903-3652","cd_equipamento_base_origem":null}},{"type":"Feature","id":"equipamento_correios_v2.176048","geometry":{"type":"Point","coordinates":[322968.2937,7401369.4979]},"geometry_name":"ge_ponto","properties":{"cd_identificador":176048,"cd_identificador_tema_equipamento":8,"nm_tema_equipamento":"SERVICO","cd_identificador_rede_equipamento":0,"nm_rede_equipamento":"SEM REDE","tx_rede_equipamento":"Sem descrição","cd_identificador_tipo_equipamento":0,"nm_tipo_equipamento":"SEM TIPO","tx_tipo_equipamento":"SEM TIPO","cd_identificador_classe_equipamento":3,"nm_classe_equipamento":"CORREIOS","tx_classe_equipamento":"AGENCIAS DE CORREIO","cd_identificador_esfera_administrativa_equipamento":0,"nm_esfera_administrativa_equipamento":"SEM ESFERA","tx_esfera_administrativa_equipamento":"Sem descrição","cd_equipamento":null,"nm_equipamento":"AGF BANDEIRANTES","tx_endereco_equipamento":"AVENIDA MUTINGA, 673","nm_bairro_equipamento":"PIRITUBA","cd_cep_equipamento":"05110-970","tx_horario_funcionamento":"SEG A SEX (09h-18h)","tx_numero_telefone":"(11) 3804-2309","cd_equipamento_base_origem":null}},{"type":"Feature","id":"equipamento_correios_v2.176049","geometry":{"type":"Point","coordinates":[324402.8231,7390611.104]},"geometry_name":"ge_ponto","properties":{"cd_identificador":176049,"cd_identificador_tema_equipamento":8,"nm_tema_equipamento":"SERVICO","cd_identificador_rede_equipamento":0,"nm_rede_equipamento":"SEM REDE","tx_rede_equipamento":"Sem descrição","cd_identificador_tipo_equipamento":0,"nm_tipo_equipamento":"SEM TIPO","tx_tipo_equipamento":"SEM TIPO","cd_identificador_classe_equipamento":3,"nm_classe_equipamento":"CORREIOS","tx_classe_equipamento":"AGENCIAS DE CORREIO","cd_identificador_esfera_administrativa_equipamento":0,"nm_esfera_administrativa_equipamento":"SEM ESFERA","tx_esfera_administrativa_equipamento":"Sem descrição","cd_equipamento":null,"nm_equipamento":"AC BAIRRO DA PREVIDENCIA","tx_endereco_equipamento":"AV PROFESSOR FRANCISCO MORATO, 2303/2315","nm_bairro_equipamento":"BUTANTA","cd_cep_equipamento":"05513-970","tx_horario_funcionamento":"SEG A SEX (09h-17h)","tx_numero_telefone":"(11) 4313-9707","cd_equipamento_base_origem":null}},{"type":"Feature","id":"equipamento_correios_v2.176050","geometry":{"type":"Point","coordinates":[325591.5285,7392195.9871]},"geometry_name":"ge_ponto","properties":{"cd_identificador":176050,"cd_identificador_tema_equipamento":8,"nm_tema_equipamento":"SERVICO","cd_identificador_rede_equipamento":0,"nm_rede_equipamento":"SEM REDE","tx_rede_equipamento":"Sem descrição","cd_identificador_tipo_equipamento":0,"nm_tipo_equipamento":"SEM TIPO","tx_tipo_equipamento":"SEM TIPO","cd_identificador_classe_equipamento":3,"nm_classe_equipamento":"CORREIOS","tx_classe_equipamento":"AGENCIAS DE CORREIO","cd_identificador_esfera_administrativa_equipamento":0,"nm_esfera_administrativa_equipamento":"SEM ESFERA","tx_esfera_administrativa_equipamento":"Sem descrição","cd_equipamento":null,"nm_equipamento":"AGF DOUTOR VITAL BRASIL","tx_endereco_equipamento":"AVENIDA DOUTOR VITAL BRASIL, 479","nm_bairro_equipamento":"BUTANTA","cd_cep_equipamento":"05503-970","tx_horario_funcionamento":"SEG A SEX (09h-17h) / SAB (08h-12h)","tx_numero_telefone":"(11) 3031-9355","cd_equipamento_base_origem":null}},{"type":"Feature","id":"equipamento_correios_v2.176051","geometry":{"type":"Point","coordinates":[326785.2319,7392385.5663]},"geometry_name":"ge_ponto","properties":{"cd_identificador":176051,"cd_identificador_tema_equipamento":8,"nm_tema_equipamento":"SERVICO","cd_identificador_rede_equipamento":0,"nm_rede_equipamento":"SEM REDE","tx_rede_equipamento":"Sem descrição","cd_identificador_tipo_equipamento":0,"nm_tipo_equipamento":"SEM TIPO","tx_tipo_equipamento":"SEM TIPO","cd_identificador_classe_equipamento":3,"nm_classe_equipamento":"CORREIOS","tx_classe_equipamento":"AGENCIAS DE CORREIO","cd_identificador_esfera_administrativa_equipamento":0,"nm_esfera_administrativa_equipamento":"SEM ESFERA","tx_esfera_administrativa_equipamento":"Sem descrição","cd_equipamento":null,"nm_equipamento":"AC BUTANTA","tx_endereco_equipamento":"RUA BUTANTA, 235","nm_bairro_equipamento":"PINHEIROS","cd_cep_equipamento":"05424-970","tx_horario_funcionamento":"SEG A SEX (09h-17h)","tx_numero_telefone":"(11) 4313-9718","cd_equipamento_base_origem":null}},{"type":"Feature","id":"equipamento_correios_v2.176052","geometry":{"type":"Point","coordinates":[326678.8672,7394209.8397]},"geometry_name":"ge_ponto","properties":{"cd_identificador":176052,"cd_identificador_tema_equipamento":8,"nm_tema_equipamento":"SERVICO","cd_identificador_rede_equipamento":0,"nm_rede_equipamento":"SEM REDE","tx_rede_equipamento":"Sem descrição","cd_identificador_tipo_equipamento":0,"nm_tipo_equipamento":"SEM TIPO","tx_tipo_equipamento":"SEM TIPO","cd_identificador_classe_equipamento":3,"nm_classe_equipamento":"CORREIOS","tx_classe_equipamento":"AGENCIAS DE CORREIO","cd_identificador_esfera_administrativa_equipamento":0,"nm_esfera_administrativa_equipamento":"SEM ESFERA","tx_esfera_administrativa_equipamento":"Sem descrição","cd_equipamento":null,"nm_equipamento":"ACC VILA BEATRIZ","tx_endereco_equipamento":"RUA ISABEL DE CASTELA, 248","nm_bairro_equipamento":"VILA MADALENA","cd_cep_equipamento":"05445-970","tx_horario_funcionamento":"SEG A SEX (09h-17h) / SAB (09h-12h)","tx_numero_telefone":"(11) 3814-1415","cd_equipamento_base_origem":null}},{"type":"Feature","id":"equipamento_correios_v2.176053","geometry":{"type":"Point","coordinates":[326288.5308,7395580.3917]},"geometry_name":"ge_ponto","properties":{"cd_identificador":176053,"cd_identificador_tema_equipamento":8,"nm_tema_equipamento":"SERVICO","cd_identificador_rede_equipamento":0,"nm_rede_equipamento":"SEM REDE","tx_rede_equipamento":"Sem descrição","cd_identificador_tipo_equipamento":0,"nm_tipo_equipamento":"SEM TIPO","tx_tipo_equipamento":"SEM TIPO","cd_identificador_classe_equipamento":3,"nm_classe_equipamento":"CORREIOS","tx_classe_equipamento":"AGENCIAS DE CORREIO","cd_identificador_esfera_administrativa_equipamento":0,"nm_esfera_administrativa_equipamento":"SEM ESFERA","tx_esfera_administrativa_equipamento":"Sem descrição","cd_equipamento":null,"nm_equipamento":"AGF ALTO DA LAPA","tx_endereco_equipamento":"RUA CERRO CORA, 469","nm_bairro_equipamento":"VILA ROMANA","cd_cep_equipamento":"05061-970","tx_horario_funcionamento":"SEG A SEX (09h-17h)","tx_numero_telefone":"(11) 3021-3400 / (11) 3021-3399","cd_equipamento_base_origem":null}},{"type":"Feature","id":"equipamento_correios_v2.176054","geometry":{"type":"Point","coordinates":[327687.9407,7391768.45]},"geometry_name":"ge_ponto","properties":{"cd_identificador":176054,"cd_identificador_tema_equipamento":8,"nm_tema_equipamento":"SERVICO","cd_identificador_rede_equipamento":0,"nm_rede_equipamento":"SEM REDE","tx_rede_equipamento":"Sem descrição","cd_identificador_tipo_equipamento":0,"nm_tipo_equipamento":"SEM TIPO","tx_tipo_equipamento":"SEM TIPO","cd_identificador_classe_equipamento":3,"nm_classe_equipamento":"CORREIOS","tx_classe_equipamento":"AGENCIAS DE CORREIO","cd_identificador_esfera_administrativa_equipamento":0,"nm_esfera_administrativa_equipamento":"SEM ESFERA","tx_esfera_administrativa_equipamento":"Sem descrição","cd_equipamento":null,"nm_equipamento":"AGF PAULISTANO","tx_endereco_equipamento":"AVENIDA BRIGADEIRO FARIA LIMA, 2092 LOJA 10","nm_bairro_equipamento":"JARDIM PAULISTANO","cd_cep_equipamento":"01452-970","tx_horario_funcionamento":"SEG A SEX (09h-17h)","tx_numero_telefone":"(11) 2659-6141 / (11) 2659-4486","cd_equipamento_base_origem":null}},{"type":"Feature","id":"equipamento_correios_v2.176055","geometry":{"type":"Point","coordinates":[327303.5589,7392621.1714]},"geometry_name":"ge_ponto","properties":{"cd_identificador":176055,"cd_identificador_tema_equipamento":8,"nm_tema_equipamento":"SERVICO","cd_identificador_rede_equipamento":0,"nm_rede_equipamento":"SEM REDE","tx_rede_equipamento":"Sem descrição","cd_identificador_tipo_equipamento":0,"nm_tipo_equipamento":"SEM TIPO","tx_tipo_equipamento":"SEM TIPO","cd_identificador_classe_equipamento":3,"nm_classe_equipamento":"CORREIOS","tx_classe_equipamento":"AGENCIAS DE CORREIO","cd_identificador_esfera_administrativa_equipamento":0,"nm_esfera_administrativa_equipamento":"SEM ESFERA","tx_esfera_administrativa_equipamento":"Sem descrição","cd_equipamento":null,"nm_equipamento":"AC ADOLFINA DE PINHEIROS","tx_endereco_equipamento":"RUA DOS PINHEIROS, 1502","nm_bairro_equipamento":"PINHEIROS","cd_cep_equipamento":"","tx_horario_funcionamento":"","tx_numero_telefone":"","cd_equipamento_base_origem":null}},{"type":"Feature","id":"equipamento_correios_v2.176056","geometry":{"type":"Point","coordinates":[327847.3864,7393198.0927]},"geometry_name":"ge_ponto","properties":{"cd_identificador":176056,"cd_identificador_tema_equipamento":8,"nm_tema_equipamento":"SERVICO","cd_identificador_rede_equipamento":0,"nm_rede_equipamento":"SEM REDE","tx_rede_equipamento":"Sem descrição","cd_identificador_tipo_equipamento":0,"nm_tipo_equipamento":"SEM TIPO","tx_tipo_equipamento":"SEM TIPO","cd_identificador_classe_equipamento":3,"nm_classe_equipamento":"CORREIOS","tx_classe_equipamento":"AGENCIAS DE CORREIO","cd_identificador_esfera_administrativa_equipamento":0,"nm_esfera_administrativa_equipamento":"SEM ESFERA","tx_esfera_administrativa_equipamento":"Sem descrição","cd_equipamento":null,"nm_equipamento":"ACC FRADIQUE COUTINHO","tx_endereco_equipamento":"RUA FRADIQUE COUTINHO, 490","nm_bairro_equipamento":"PINHEIROS","cd_cep_equipamento":"05416-970","tx_horario_funcionamento":"SEG A SEX (09h-17h30)","tx_numero_telefone":"(11) 3816-2613 / (11) 3817-4074 / (11) 3034-0879","cd_equipamento_base_origem":null}},{"type":"Feature","id":"equipamento_correios_v2.176057","geometry":{"type":"Point","coordinates":[328799.5376,7390033.6396]},"geometry_name":"ge_ponto","properties":{"cd_identificador":176057,"cd_identificador_tema_equipamento":8,"nm_tema_equipamento":"SERVICO","cd_identificador_rede_equipamento":0,"nm_rede_equipamento":"SEM REDE","tx_rede_equipamento":"Sem descrição","cd_identificador_tipo_equipamento":0,"nm_tipo_equipamento":"SEM TIPO","tx_tipo_equipamento":"SEM TIPO","cd_identificador_classe_equipamento":3,"nm_classe_equipamento":"CORREIOS","tx_classe_equipamento":"AGENCIAS DE CORREIO","cd_identificador_esfera_administrativa_equipamento":0,"nm_esfera_administrativa_equipamento":"SEM ESFERA","tx_esfera_administrativa_equipamento":"Sem descrição","cd_equipamento":null,"nm_equipamento":"AGF CLODOMIRO","tx_endereco_equipamento":"RUA CLODOMIRO AMAZONAS, 799","nm_bairro_equipamento":"VILA NOVA CONCEICAO","cd_cep_equipamento":"04537-970","tx_horario_funcionamento":"SEG A SEX (09h-17h)","tx_numero_telefone":"(11) 3849-9316","cd_equipamento_base_origem":null}},{"type":"Feature","id":"equipamento_correios_v2.176058","geometry":{"type":"Point","coordinates":[328884.7393,7390146.1092]},"geometry_name":"ge_ponto","properties":{"cd_identificador":176058,"cd_identificador_tema_equipamento":8,"nm_tema_equipamento":"SERVICO","cd_identificador_rede_equipamento":0,"nm_rede_equipamento":"SEM REDE","tx_rede_equipamento":"Sem descrição","cd_identificador_tipo_equipamento":0,"nm_tipo_equipamento":"SEM TIPO","tx_tipo_equipamento":"SEM TIPO","cd_identificador_classe_equipamento":3,"nm_classe_equipamento":"CORREIOS","tx_classe_equipamento":"AGENCIAS DE CORREIO","cd_identificador_esfera_administrativa_equipamento":0,"nm_esfera_administrativa_equipamento":"SEM ESFERA","tx_esfera_administrativa_equipamento":"Sem descrição","cd_equipamento":null,"nm_equipamento":"AGF JUSCELINO KUBITSCHEK","tx_endereco_equipamento":"RUA PROFESSOR JOSE BENEDITO CAMARGO, 94","nm_bairro_equipamento":"VILA NOVA CONCEICAO","cd_cep_equipamento":"04544-970","tx_horario_funcionamento":"SEG A SEX (09h-17h)","tx_numero_telefone":"(11) 3077-0220","cd_equipamento_base_origem":null}},{"type":"Feature","id":"equipamento_correios_v2.176059","geometry":{"type":"Point","coordinates":[329355.6481,7390012.3364]},"geometry_name":"ge_ponto","properties":{"cd_identificador":176059,"cd_identificador_tema_equipamento":8,"nm_tema_equipamento":"SERVICO","cd_identificador_rede_equipamento":0,"nm_rede_equipamento":"SEM REDE","tx_rede_equipamento":"Sem descrição","cd_identificador_tipo_equipamento":0,"nm_tipo_equipamento":"SEM TIPO","tx_tipo_equipamento":"SEM TIPO","cd_identificador_classe_equipamento":3,"nm_classe_equipamento":"CORREIOS","tx_classe_equipamento":"AGENCIAS DE CORREIO","cd_identificador_esfera_administrativa_equipamento":0,"nm_esfera_administrativa_equipamento":"SEM ESFERA","tx_esfera_administrativa_equipamento":"Sem descrição","cd_equipamento":null,"nm_equipamento":"AC VILA NOVA CONCEICAO","tx_endereco_equipamento":"AV. SANTO AMARO, 863","nm_bairro_equipamento":"VILA NOVA CONCEICAO","cd_cep_equipamento":"","tx_horario_funcionamento":"","tx_numero_telefone":"","cd_equipamento_base_origem":null}},{"type":"Feature","id":"equipamento_correios_v2.176060","geometry":{"type":"Point","coordinates":[328935.0472,7390890.6776]},"geometry_name":"ge_ponto","properties":{"cd_identificador":176060,"cd_identificador_tema_equipamento":8,"nm_tema_equipamento":"SERVICO","cd_identificador_rede_equipamento":0,"nm_rede_equipamento":"SEM REDE","tx_rede_equipamento":"Sem descrição","cd_identificador_tipo_equipamento":0,"nm_tipo_equipamento":"SEM TIPO","tx_tipo_equipamento":"SEM TIPO","cd_identificador_classe_equipamento":3,"nm_classe_equipamento":"CORREIOS","tx_classe_equipamento":"AGENCIAS DE CORREIO","cd_identificador_esfera_administrativa_equipamento":0,"nm_esfera_administrativa_equipamento":"SEM ESFERA","tx_esfera_administrativa_equipamento":"Sem descrição","cd_equipamento":null,"nm_equipamento":"AC ITAIM BIBI","tx_endereco_equipamento":"RUA TABAPUA, 602","nm_bairro_equipamento":"ITAIM BIBI","cd_cep_equipamento":"04533-970","tx_horario_funcionamento":"SEG A SEX (09h-17h)","tx_numero_telefone":"(11) 4313-9561","cd_equipamento_base_origem":null}},{"type":"Feature","id":"equipamento_correios_v2.176061","geometry":{"type":"Point","coordinates":[329595.4643,7390916.642]},"geometry_name":"ge_ponto","properties":{"cd_identificador":176061,"cd_identificador_tema_equipamento":8,"nm_tema_equipamento":"SERVICO","cd_identificador_rede_equipamento":0,"nm_rede_equipamento":"SEM REDE","tx_rede_equipamento":"Sem descrição","cd_identificador_tipo_equipamento":0,"nm_tipo_equipamento":"SEM TIPO","tx_tipo_equipamento":"SEM TIPO","cd_identificador_classe_equipamento":3,"nm_classe_equipamento":"CORREIOS","tx_classe_equipamento":"AGENCIAS DE CORREIO","cd_identificador_esfera_administrativa_equipamento":0,"nm_esfera_administrativa_equipamento":"SEM ESFERA","tx_esfera_administrativa_equipamento":"Sem descrição","cd_equipamento":null,"nm_equipamento":"AGF SAO GABRIEL","tx_endereco_equipamento":"PRACA DOM GASTAO LIBERAL PINTO, 56","nm_bairro_equipamento":"ITAIM BIBI","cd_cep_equipamento":"04534-970","tx_horario_funcionamento":"SEG A SEX (09h-17h)","tx_numero_telefone":"(11) 3052-1415","cd_equipamento_base_origem":null}},{"type":"Feature","id":"equipamento_correios_v2.176062","geometry":{"type":"Point","coordinates":[329755.7531,7392706.2712]},"geometry_name":"ge_ponto","properties":{"cd_identificador":176062,"cd_identificador_tema_equipamento":8,"nm_tema_equipamento":"SERVICO","cd_identificador_rede_equipamento":0,"nm_rede_equipamento":"SEM REDE","tx_rede_equipamento":"Sem descrição","cd_identificador_tipo_equipamento":0,"nm_tipo_equipamento":"SEM TIPO","tx_tipo_equipamento":"SEM TIPO","cd_identificador_classe_equipamento":3,"nm_classe_equipamento":"CORREIOS","tx_classe_equipamento":"AGENCIAS DE CORREIO","cd_identificador_esfera_administrativa_equipamento":0,"nm_esfera_administrativa_equipamento":"SEM ESFERA","tx_esfera_administrativa_equipamento":"Sem descrição","cd_equipamento":null,"nm_equipamento":"AGF JARDIM AMERICA","tx_endereco_equipamento":"RUA ESTADOS UNIDOS, 1434","nm_bairro_equipamento":"JARDIM AMERICA","cd_cep_equipamento":"01427-970","tx_horario_funcionamento":"SEG A SEX (09h-18h) / SAB (08h-12h)","tx_numero_telefone":"(11) 3083-1575","cd_equipamento_base_origem":null}},{"type":"Feature","id":"equipamento_correios_v2.176063","geometry":{"type":"Point","coordinates":[327397.0559,7395228.693]},"geometry_name":"ge_ponto","properties":{"cd_identificador":176063,"cd_identificador_tema_equipamento":8,"nm_tema_equipamento":"SERVICO","cd_identificador_rede_equipamento":0,"nm_rede_equipamento":"SEM REDE","tx_rede_equipamento":"Sem descrição","cd_identificador_tipo_equipamento":0,"nm_tipo_equipamento":"SEM TIPO","tx_tipo_equipamento":"SEM TIPO","cd_identificador_classe_equipamento":3,"nm_classe_equipamento":"CORREIOS","tx_classe_equipamento":"AGENCIAS DE CORREIO","cd_identificador_esfera_administrativa_equipamento":0,"nm_esfera_administrativa_equipamento":"SEM ESFERA","tx_esfera_administrativa_equipamento":"Sem descrição","cd_equipamento":null,"nm_equipamento":"AGF JARDIM VERA CRUZ","tx_endereco_equipamento":"AVENIDA POMPEIA, 2400","nm_bairro_equipamento":"VILA POMPEIA","cd_cep_equipamento":"05022-970","tx_horario_funcionamento":"SEG A SEX (09h-18h) / SAB (08h-12h)","tx_numero_telefone":"(11) 3679-7638","cd_equipamento_base_origem":null}},{"type":"Feature","id":"equipamento_correios_v2.176064","geometry":{"type":"Point","coordinates":[328648.7964,7393596.2984]},"geometry_name":"ge_ponto","properties":{"cd_identificador":176064,"cd_identificador_tema_equipamento":8,"nm_tema_equipamento":"SERVICO","cd_identificador_rede_equipamento":0,"nm_rede_equipamento":"SEM REDE","tx_rede_equipamento":"Sem descrição","cd_identificador_tipo_equipamento":0,"nm_tipo_equipamento":"SEM TIPO","tx_tipo_equipamento":"SEM TIPO","cd_identificador_classe_equipamento":3,"nm_classe_equipamento":"CORREIOS","tx_classe_equipamento":"AGENCIAS DE CORREIO","cd_identificador_esfera_administrativa_equipamento":0,"nm_esfera_administrativa_equipamento":"SEM ESFERA","tx_esfera_administrativa_equipamento":"Sem descrição","cd_equipamento":null,"nm_equipamento":"AGF JOAO MOURA","tx_endereco_equipamento":"RUA JOAO MOURA, 763","nm_bairro_equipamento":"PINHEIROS","cd_cep_equipamento":"05412-972","tx_horario_funcionamento":"SEG A SEX (09h-17h)","tx_numero_telefone":"(11) 3062-5772","cd_equipamento_base_origem":null}},{"type":"Feature","id":"equipamento_correios_v2.176065","geometry":{"type":"Point","coordinates":[327938.6685,7396088.3233]},"geometry_name":"ge_ponto","properties":{"cd_identificador":176065,"cd_identificador_tema_equipamento":8,"nm_tema_equipamento":"SERVICO","cd_identificador_rede_equipamento":0,"nm_rede_equipamento":"SEM REDE","tx_rede_equipamento":"Sem descrição","cd_identificador_tipo_equipamento":0,"nm_tipo_equipamento":"SEM TIPO","tx_tipo_equipamento":"SEM TIPO","cd_identificador_classe_equipamento":3,"nm_classe_equipamento":"CORREIOS","tx_classe_equipamento":"AGENCIAS DE CORREIO","cd_identificador_esfera_administrativa_equipamento":0,"nm_esfera_administrativa_equipamento":"SEM ESFERA","tx_esfera_administrativa_equipamento":"Sem descrição","cd_equipamento":null,"nm_equipamento":"AGF VILA POMPEIA","tx_endereco_equipamento":"RUA CARAIBAS, 1074","nm_bairro_equipamento":"VILA POMPEIA","cd_cep_equipamento":"05020-970","tx_horario_funcionamento":"SEG A SEX (09h-17h) / SAB (08h-12h)","tx_numero_telefone":"(11) 3871-3075","cd_equipamento_base_origem":null}},{"type":"Feature","id":"equipamento_correios_v2.176066","geometry":{"type":"Point","coordinates":[328963.5654,7395741.512]},"geometry_name":"ge_ponto","properties":{"cd_identificador":176066,"cd_identificador_tema_equipamento":8,"nm_tema_equipamento":"SERVICO","cd_identificador_rede_equipamento":0,"nm_rede_equipamento":"SEM REDE","tx_rede_equipamento":"Sem descrição","cd_identificador_tipo_equipamento":0,"nm_tipo_equipamento":"SEM TIPO","tx_tipo_equipamento":"SEM TIPO","cd_identificador_classe_equipamento":3,"nm_classe_equipamento":"CORREIOS","tx_classe_equipamento":"AGENCIAS DE CORREIO","cd_identificador_esfera_administrativa_equipamento":0,"nm_esfera_administrativa_equipamento":"SEM ESFERA","tx_esfera_administrativa_equipamento":"Sem descrição","cd_equipamento":null,"nm_equipamento":"AGF PERDIZES","tx_endereco_equipamento":"RUA WANDERLEY, 832 ANEXO 848","nm_bairro_equipamento":"PERDIZES","cd_cep_equipamento":"05011-970","tx_horario_funcionamento":"SEG A SEX (09h-19h) / SAB (08h-12h)","tx_numero_telefone":"(11) 3672-1972","cd_equipamento_base_origem":null}},{"type":"Feature","id":"equipamento_correios_v2.176067","geometry":{"type":"Point","coordinates":[330216.2758,7396571.6687]},"geometry_name":"ge_ponto","properties":{"cd_identificador":176067,"cd_identificador_tema_equipamento":8,"nm_tema_equipamento":"SERVICO","cd_identificador_rede_equipamento":0,"nm_rede_equipamento":"SEM REDE","tx_rede_equipamento":"Sem descrição","cd_identificador_tipo_equipamento":0,"nm_tipo_equipamento":"SEM TIPO","tx_tipo_equipamento":"SEM TIPO","cd_identificador_classe_equipamento":3,"nm_classe_equipamento":"CORREIOS","tx_classe_equipamento":"AGENCIAS DE CORREIO","cd_identificador_esfera_administrativa_equipamento":0,"nm_esfera_administrativa_equipamento":"SEM ESFERA","tx_esfera_administrativa_equipamento":"Sem descrição","cd_equipamento":null,"nm_equipamento":"AGF BARRA FUNDA","tx_endereco_equipamento":"LARGO PADRE PERICLES, 11 LOJA 2","nm_bairro_equipamento":"PERDIZES","cd_cep_equipamento":"01156-970","tx_horario_funcionamento":"SEG A SEX (09h-17h)","tx_numero_telefone":"(11) 3871-1670","cd_equipamento_base_origem":null}},{"type":"Feature","id":"equipamento_correios_v2.176068","geometry":{"type":"Point","coordinates":[324463.0339,7398511.3093]},"geometry_name":"ge_ponto","properties":{"cd_identificador":176068,"cd_identificador_tema_equipamento":8,"nm_tema_equipamento":"SERVICO","cd_identificador_rede_equipamento":0,"nm_rede_equipamento":"SEM REDE","tx_rede_equipamento":"Sem descrição","cd_identificador_tipo_equipamento":0,"nm_tipo_equipamento":"SEM TIPO","tx_tipo_equipamento":"SEM TIPO","cd_identificador_classe_equipamento":3,"nm_classe_equipamento":"CORREIOS","tx_classe_equipamento":"AGENCIAS DE CORREIO","cd_identificador_esfera_administrativa_equipamento":0,"nm_esfera_administrativa_equipamento":"SEM ESFERA","tx_esfera_administrativa_equipamento":"Sem descrição","cd_equipamento":null,"nm_equipamento":"AGF ANASTACIO","tx_endereco_equipamento":"RUA BARTOLOMEU PAES, 621","nm_bairro_equipamento":"VILA ANASTACIO","cd_cep_equipamento":"05092-970","tx_horario_funcionamento":"SEG A SEX (09h-17h) / SAB (08h-12h)","tx_numero_telefone":"(11) 3831-8636","cd_equipamento_base_origem":null}},{"type":"Feature","id":"equipamento_correios_v2.176069","geometry":{"type":"Point","coordinates":[325997.1021,7397284.1231]},"geometry_name":"ge_ponto","properties":{"cd_identificador":176069,"cd_identificador_tema_equipamento":8,"nm_tema_equipamento":"SERVICO","cd_identificador_rede_equipamento":0,"nm_rede_equipamento":"SEM REDE","tx_rede_equipamento":"Sem descrição","cd_identificador_tipo_equipamento":0,"nm_tipo_equipamento":"SEM TIPO","tx_tipo_equipamento":"SEM TIPO","cd_identificador_classe_equipamento":3,"nm_classe_equipamento":"CORREIOS","tx_classe_equipamento":"AGENCIAS DE CORREIO","cd_identificador_esfera_administrativa_equipamento":0,"nm_esfera_administrativa_equipamento":"SEM ESFERA","tx_esfera_administrativa_equipamento":"Sem descrição","cd_equipamento":null,"nm_equipamento":"AGF VILA ROMANA","tx_endereco_equipamento":"RUA CORIOLANO, 1936","nm_bairro_equipamento":"VILA ROMANA","cd_cep_equipamento":"05047-970","tx_horario_funcionamento":"SEG A SEX (09h-17h)","tx_numero_telefone":"(11) 3645-1003 / (11) 99919-1404 / (11) 3834-5834","cd_equipamento_base_origem":null}},{"type":"Feature","id":"equipamento_correios_v2.176070","geometry":{"type":"Point","coordinates":[325917.1748,7397907.8101]},"geometry_name":"ge_ponto","properties":{"cd_identificador":176070,"cd_identificador_tema_equipamento":8,"nm_tema_equipamento":"SERVICO","cd_identificador_rede_equipamento":0,"nm_rede_equipamento":"SEM REDE","tx_rede_equipamento":"Sem descrição","cd_identificador_tipo_equipamento":0,"nm_tipo_equipamento":"SEM TIPO","tx_tipo_equipamento":"SEM TIPO","cd_identificador_classe_equipamento":3,"nm_classe_equipamento":"CORREIOS","tx_classe_equipamento":"AGENCIAS DE CORREIO","cd_identificador_esfera_administrativa_equipamento":0,"nm_esfera_administrativa_equipamento":"SEM ESFERA","tx_esfera_administrativa_equipamento":"Sem descrição","cd_equipamento":null,"nm_equipamento":"AGF GEORGE SCHIMIDT","tx_endereco_equipamento":"RUA GEORGE SMITH, 225","nm_bairro_equipamento":"LAPA","cd_cep_equipamento":"05074-970","tx_horario_funcionamento":"SEG A SEX (09h-17h)","tx_numero_telefone":"(11) 3831-4300","cd_equipamento_base_origem":null}},{"type":"Feature","id":"equipamento_correios_v2.176071","geometry":{"type":"Point","coordinates":[325979.3033,7398341.9499]},"geometry_name":"ge_ponto","properties":{"cd_identificador":176071,"cd_identificador_tema_equipamento":8,"nm_tema_equipamento":"SERVICO","cd_identificador_rede_equipamento":0,"nm_rede_equipamento":"SEM REDE","tx_rede_equipamento":"Sem descrição","cd_identificador_tipo_equipamento":0,"nm_tipo_equipamento":"SEM TIPO","tx_tipo_equipamento":"SEM TIPO","cd_identificador_classe_equipamento":3,"nm_classe_equipamento":"CORREIOS","tx_classe_equipamento":"AGENCIAS DE CORREIO","cd_identificador_esfera_administrativa_equipamento":0,"nm_esfera_administrativa_equipamento":"SEM ESFERA","tx_esfera_administrativa_equipamento":"Sem descrição","cd_equipamento":null,"nm_equipamento":"AGF ENGENHEIRO AUBERTIN","tx_endereco_equipamento":"RUA ENGENHEIRO AUBERTIN, 128","nm_bairro_equipamento":"LAPA DE BAIXO","cd_cep_equipamento":"05068-970","tx_horario_funcionamento":"SEG A SEX (09h-17h)","tx_numero_telefone":"(11) 3611-4170 / (11) 3611-3958","cd_equipamento_base_origem":null}},{"type":"Feature","id":"equipamento_correios_v2.176072","geometry":{"type":"Point","coordinates":[324205.5876,7406628.6102]},"geometry_name":"ge_ponto","properties":{"cd_identificador":176072,"cd_identificador_tema_equipamento":8,"nm_tema_equipamento":"SERVICO","cd_identificador_rede_equipamento":0,"nm_rede_equipamento":"SEM REDE","tx_rede_equipamento":"Sem descrição","cd_identificador_tipo_equipamento":0,"nm_tipo_equipamento":"SEM TIPO","tx_tipo_equipamento":"SEM TIPO","cd_identificador_classe_equipamento":3,"nm_classe_equipamento":"CORREIOS","tx_classe_equipamento":"AGENCIAS DE CORREIO","cd_identificador_esfera_administrativa_equipamento":0,"nm_esfera_administrativa_equipamento":"SEM ESFERA","tx_esfera_administrativa_equipamento":"Sem descrição","cd_equipamento":null,"nm_equipamento":"ACC PEREIRA MAGALHAES","tx_endereco_equipamento":"AVENIDA RAIMUNDO PEREIRA DE MAGALHAES, 11676","nm_bairro_equipamento":"JARDIM PIRITUBA","cd_cep_equipamento":"02984-970","tx_horario_funcionamento":"SEG A SEX (08h30-18h)","tx_numero_telefone":"(11) 3941-4709 / (11) 3947-1203","cd_equipamento_base_origem":null}},{"type":"Feature","id":"equipamento_correios_v2.176073","geometry":{"type":"Point","coordinates":[324746.8259,7401518.7954]},"geometry_name":"ge_ponto","properties":{"cd_identificador":176073,"cd_identificador_tema_equipamento":8,"nm_tema_equipamento":"SERVICO","cd_identificador_rede_equipamento":0,"nm_rede_equipamento":"SEM REDE","tx_rede_equipamento":"Sem descrição","cd_identificador_tipo_equipamento":0,"nm_tipo_equipamento":"SEM TIPO","tx_tipo_equipamento":"SEM TIPO","cd_identificador_classe_equipamento":3,"nm_classe_equipamento":"CORREIOS","tx_classe_equipamento":"AGENCIAS DE CORREIO","cd_identificador_esfera_administrativa_equipamento":0,"nm_esfera_administrativa_equipamento":"SEM ESFERA","tx_esfera_administrativa_equipamento":"Sem descrição","cd_equipamento":null,"nm_equipamento":"AGF PEREIRA BARRETO","tx_endereco_equipamento":"AVENIDA BENEDITO ANDRADE, 481","nm_bairro_equipamento":"PIRITUBA","cd_cep_equipamento":"02936-970","tx_horario_funcionamento":"SEG A SEX (09h-18h)","tx_numero_telefone":"(11) 3976-9604 / (11) 3975-5079","cd_equipamento_base_origem":null}},{"type":"Feature","id":"equipamento_correios_v2.176074","geometry":{"type":"Point","coordinates":[327676.1858,7397587.5617]},"geometry_name":"ge_ponto","properties":{"cd_identificador":176074,"cd_identificador_tema_equipamento":8,"nm_tema_equipamento":"SERVICO","cd_identificador_rede_equipamento":0,"nm_rede_equipamento":"SEM REDE","tx_rede_equipamento":"Sem descrição","cd_identificador_tipo_equipamento":0,"nm_tipo_equipamento":"SEM TIPO","tx_tipo_equipamento":"SEM TIPO","cd_identificador_classe_equipamento":3,"nm_classe_equipamento":"CORREIOS","tx_classe_equipamento":"AGENCIAS DE CORREIO","cd_identificador_esfera_administrativa_equipamento":0,"nm_esfera_administrativa_equipamento":"SEM ESFERA","tx_esfera_administrativa_equipamento":"Sem descrição","cd_equipamento":null,"nm_equipamento":"AC GUAICURUS","tx_endereco_equipamento":"RUA GUAICURUS, 259","nm_bairro_equipamento":"AGUA BRANCA","cd_cep_equipamento":"05033-970","tx_horario_funcionamento":"SEG A SEX (09h-17h)","tx_numero_telefone":"(11) 3862-4963","cd_equipamento_base_origem":null}},{"type":"Feature","id":"equipamento_correios_v2.176075","geometry":{"type":"Point","coordinates":[327007.0905,7399983.9787]},"geometry_name":"ge_ponto","properties":{"cd_identificador":176075,"cd_identificador_tema_equipamento":8,"nm_tema_equipamento":"SERVICO","cd_identificador_rede_equipamento":0,"nm_rede_equipamento":"SEM REDE","tx_rede_equipamento":"Sem descrição","cd_identificador_tipo_equipamento":0,"nm_tipo_equipamento":"SEM TIPO","tx_tipo_equipamento":"SEM TIPO","cd_identificador_classe_equipamento":3,"nm_classe_equipamento":"CORREIOS","tx_classe_equipamento":"AGENCIAS DE CORREIO","cd_identificador_esfera_administrativa_equipamento":0,"nm_esfera_administrativa_equipamento":"SEM ESFERA","tx_esfera_administrativa_equipamento":"Sem descrição","cd_equipamento":null,"nm_equipamento":"AC NOSSA SENHORA DO O","tx_endereco_equipamento":"RUA BONIFACIO CUBAS, 200/206","nm_bairro_equipamento":"FREGUESIA DO O","cd_cep_equipamento":"02731-970","tx_horario_funcionamento":"SEG A SEX (09h-17h)","tx_numero_telefone":"(11) 4313-9789","cd_equipamento_base_origem":null}},{"type":"Feature","id":"equipamento_correios_v2.176077","geometry":{"type":"Point","coordinates":[327188.3114,7401559.3745]},"geometry_name":"ge_ponto","properties":{"cd_identificador":176077,"cd_identificador_tema_equipamento":8,"nm_tema_equipamento":"SERVICO","cd_identificador_rede_equipamento":0,"nm_rede_equipamento":"SEM REDE","tx_rede_equipamento":"Sem descrição","cd_identificador_tipo_equipamento":0,"nm_tipo_equipamento":"SEM TIPO","tx_tipo_equipamento":"SEM TIPO","cd_identificador_classe_equipamento":3,"nm_classe_equipamento":"CORREIOS","tx_classe_equipamento":"AGENCIAS DE CORREIO","cd_identificador_esfera_administrativa_equipamento":0,"nm_esfera_administrativa_equipamento":"SEM ESFERA","tx_esfera_administrativa_equipamento":"Sem descrição","cd_equipamento":null,"nm_equipamento":"AGF FREGUESIA DO O","tx_endereco_equipamento":"RUA ALICE GARCIA VEGA, 55","nm_bairro_equipamento":"ITABERABA","cd_cep_equipamento":"02737-970","tx_horario_funcionamento":"SEG A SEX (09h-17h)","tx_numero_telefone":"(11) 3990-7274","cd_equipamento_base_origem":null}},{"type":"Feature","id":"equipamento_correios_v2.176078","geometry":{"type":"Point","coordinates":[328781.7558,7401020.0029]},"geometry_name":"ge_ponto","properties":{"cd_identificador":176078,"cd_identificador_tema_equipamento":8,"nm_tema_equipamento":"SERVICO","cd_identificador_rede_equipamento":0,"nm_rede_equipamento":"SEM REDE","tx_rede_equipamento":"Sem descrição","cd_identificador_tipo_equipamento":0,"nm_tipo_equipamento":"SEM TIPO","tx_tipo_equipamento":"SEM TIPO","cd_identificador_classe_equipamento":3,"nm_classe_equipamento":"CORREIOS","tx_classe_equipamento":"AGENCIAS DE CORREIO","cd_identificador_esfera_administrativa_equipamento":0,"nm_esfera_administrativa_equipamento":"SEM ESFERA","tx_esfera_administrativa_equipamento":"Sem descrição","cd_equipamento":null,"nm_equipamento":"AC BAIRRO DO LIMAO","tx_endereco_equipamento":"AVENIDA DEPUTADO EMILIO CARLOS, 1730","nm_bairro_equipamento":"LIMAO","cd_cep_equipamento":"02720-970","tx_horario_funcionamento":"SEG A SEX (09h-17h)","tx_numero_telefone":"(11) 4313-9708","cd_equipamento_base_origem":null}},{"type":"Feature","id":"equipamento_correios_v2.176079","geometry":{"type":"Point","coordinates":[329872.0047,7402936.0736]},"geometry_name":"ge_ponto","properties":{"cd_identificador":176079,"cd_identificador_tema_equipamento":8,"nm_tema_equipamento":"SERVICO","cd_identificador_rede_equipamento":0,"nm_rede_equipamento":"SEM REDE","tx_rede_equipamento":"Sem descrição","cd_identificador_tipo_equipamento":0,"nm_tipo_equipamento":"SEM TIPO","tx_tipo_equipamento":"SEM TIPO","cd_identificador_classe_equipamento":3,"nm_classe_equipamento":"CORREIOS","tx_classe_equipamento":"AGENCIAS DE CORREIO","cd_identificador_esfera_administrativa_equipamento":0,"nm_esfera_administrativa_equipamento":"SEM ESFERA","tx_esfera_administrativa_equipamento":"Sem descrição","cd_equipamento":null,"nm_equipamento":"AC VILA NOVA CACHOEIRINHA","tx_endereco_equipamento":"AVENIDA IMIRIM, 4436","nm_bairro_equipamento":"IMIRIM","cd_cep_equipamento":"","tx_horario_funcionamento":"","tx_numero_telefone":"","cd_equipamento_base_origem":null}},{"type":"Feature","id":"equipamento_correios_v2.176080","geometry":{"type":"Point","coordinates":[316770.3873,7407812.1737]},"geometry_name":"ge_ponto","properties":{"cd_identificador":176080,"cd_identificador_tema_equipamento":8,"nm_tema_equipamento":"SERVICO","cd_identificador_rede_equipamento":0,"nm_rede_equipamento":"SEM REDE","tx_rede_equipamento":"Sem descrição","cd_identificador_tipo_equipamento":0,"nm_tipo_equipamento":"SEM TIPO","tx_tipo_equipamento":"SEM TIPO","cd_identificador_classe_equipamento":3,"nm_classe_equipamento":"CORREIOS","tx_classe_equipamento":"AGENCIAS DE CORREIO","cd_identificador_esfera_administrativa_equipamento":0,"nm_esfera_administrativa_equipamento":"SEM ESFERA","tx_esfera_administrativa_equipamento":"Sem descrição","cd_equipamento":null,"nm_equipamento":"AGF JARDIM BRITANIA","tx_endereco_equipamento":"RUA POMPEU BERTINI, 167","nm_bairro_equipamento":"JARDIM SANTA FE ZON","cd_cep_equipamento":"05271-970","tx_horario_funcionamento":"SEG A SEX (09h-17h)","tx_numero_telefone":"(11) 3911-2007","cd_equipamento_base_origem":null}},{"type":"Feature","id":"equipamento_correios_v2.176081","geometry":{"type":"Point","coordinates":[321726.336,7405061.0957]},"geometry_name":"ge_ponto","properties":{"cd_identificador":176081,"cd_identificador_tema_equipamento":8,"nm_tema_equipamento":"SERVICO","cd_identificador_rede_equipamento":0,"nm_rede_equipamento":"SEM REDE","tx_rede_equipamento":"Sem descrição","cd_identificador_tipo_equipamento":0,"nm_tipo_equipamento":"SEM TIPO","tx_tipo_equipamento":"SEM TIPO","cd_identificador_classe_equipamento":3,"nm_classe_equipamento":"CORREIOS","tx_classe_equipamento":"AGENCIAS DE CORREIO","cd_identificador_esfera_administrativa_equipamento":0,"nm_esfera_administrativa_equipamento":"SEM ESFERA","tx_esfera_administrativa_equipamento":"Sem descrição","cd_equipamento":null,"nm_equipamento":"AGF JERIMANDUBA","tx_endereco_equipamento":"AVENIDA JERIMANDUBA, 372","nm_bairro_equipamento":"JARAGUA","cd_cep_equipamento":"05181-971","tx_horario_funcionamento":"SEG A SEX (09h-17h)","tx_numero_telefone":"(11) 3944-8881 / (11) 3941-9165 / (11) 3943-3370 / (11) 3942-1505","cd_equipamento_base_origem":null}},{"type":"Feature","id":"equipamento_correios_v2.176082","geometry":{"type":"Point","coordinates":[320479.6829,7410483.6524]},"geometry_name":"ge_ponto","properties":{"cd_identificador":176082,"cd_identificador_tema_equipamento":8,"nm_tema_equipamento":"SERVICO","cd_identificador_rede_equipamento":0,"nm_rede_equipamento":"SEM REDE","tx_rede_equipamento":"Sem descrição","cd_identificador_tipo_equipamento":0,"nm_tipo_equipamento":"SEM TIPO","tx_tipo_equipamento":"SEM TIPO","cd_identificador_classe_equipamento":3,"nm_classe_equipamento":"CORREIOS","tx_classe_equipamento":"AGENCIAS DE CORREIO","cd_identificador_esfera_administrativa_equipamento":0,"nm_esfera_administrativa_equipamento":"SEM ESFERA","tx_esfera_administrativa_equipamento":"Sem descrição","cd_equipamento":null,"nm_equipamento":"AGF ANTONIO MAIA","tx_endereco_equipamento":"RUA PADRE MANUEL CAMPELLO, 232","nm_bairro_equipamento":"PERUS","cd_cep_equipamento":"05206-970","tx_horario_funcionamento":"SEG A SEX (09h-17h)","tx_numero_telefone":"(11) 3917-3221 / (11) 3917-1518","cd_equipamento_base_origem":null}},{"type":"Feature","id":"equipamento_correios_v2.176083","geometry":{"type":"Point","coordinates":[330773.2563,7383331.3855]},"geometry_name":"ge_ponto","properties":{"cd_identificador":176083,"cd_identificador_tema_equipamento":8,"nm_tema_equipamento":"SERVICO","cd_identificador_rede_equipamento":0,"nm_rede_equipamento":"SEM REDE","tx_rede_equipamento":"Sem descrição","cd_identificador_tipo_equipamento":0,"nm_tipo_equipamento":"SEM TIPO","tx_tipo_equipamento":"SEM TIPO","cd_identificador_classe_equipamento":3,"nm_classe_equipamento":"CORREIOS","tx_classe_equipamento":"AGENCIAS DE CORREIO","cd_identificador_esfera_administrativa_equipamento":0,"nm_esfera_administrativa_equipamento":"SEM ESFERA","tx_esfera_administrativa_equipamento":"Sem descrição","cd_equipamento":null,"nm_equipamento":"AGF VILA MASCOTE","tx_endereco_equipamento":"AVENIDA SANTA CATARINA, 2004","nm_bairro_equipamento":"VILA MASCOTE","cd_cep_equipamento":"04378-971","tx_horario_funcionamento":"SEG A SEX (09h-17h) / SAB (08h-12h)","tx_numero_telefone":"(11) 3729-2004 / (11) 5565-0171","cd_equipamento_base_origem":null}},{"type":"Feature","id":"equipamento_correios_v2.176084","geometry":{"type":"Point","coordinates":[331101.3725,7384838.2499]},"geometry_name":"ge_ponto","properties":{"cd_identificador":176084,"cd_identificador_tema_equipamento":8,"nm_tema_equipamento":"SERVICO","cd_identificador_rede_equipamento":0,"nm_rede_equipamento":"SEM REDE","tx_rede_equipamento":"Sem descrição","cd_identificador_tipo_equipamento":0,"nm_tipo_equipamento":"SEM TIPO","tx_tipo_equipamento":"SEM TIPO","cd_identificador_classe_equipamento":3,"nm_classe_equipamento":"CORREIOS","tx_classe_equipamento":"AGENCIAS DE CORREIO","cd_identificador_esfera_administrativa_equipamento":0,"nm_esfera_administrativa_equipamento":"SEM ESFERA","tx_esfera_administrativa_equipamento":"Sem descrição","cd_equipamento":null,"nm_equipamento":"ACC PEDRO BUENO","tx_endereco_equipamento":"AVENIDA PEDRO BUENO, 1461","nm_bairro_equipamento":"JABAQUARA","cd_cep_equipamento":"04342-970","tx_horario_funcionamento":"SEG A SEX (08h-17h) / SAB (08h-12h)","tx_numero_telefone":"(11) 5031-3618","cd_equipamento_base_origem":null}},{"type":"Feature","id":"equipamento_correios_v2.176085","geometry":{"type":"Point","coordinates":[332748.429,7383707.561]},"geometry_name":"ge_ponto","properties":{"cd_identificador":176085,"cd_identificador_tema_equipamento":8,"nm_tema_equipamento":"SERVICO","cd_identificador_rede_equipamento":0,"nm_rede_equipamento":"SEM REDE","tx_rede_equipamento":"Sem descrição","cd_identificador_tipo_equipamento":0,"nm_tipo_equipamento":"SEM TIPO","tx_tipo_equipamento":"SEM TIPO","cd_identificador_classe_equipamento":3,"nm_classe_equipamento":"CORREIOS","tx_classe_equipamento":"AGENCIAS DE CORREIO","cd_identificador_esfera_administrativa_equipamento":0,"nm_esfera_administrativa_equipamento":"SEM ESFERA","tx_esfera_administrativa_equipamento":"Sem descrição","cd_equipamento":null,"nm_equipamento":"AGF ENG ARMANDO DE ARRUDA","tx_endereco_equipamento":"AVENIDA ENGENHEIRO ARMANDO DE ARRUDA PEREIRA, 2385","nm_bairro_equipamento":"JABAQUARA","cd_cep_equipamento":"04308-970","tx_horario_funcionamento":"SEG A SEX (09h-17h)","tx_numero_telefone":"(11) 5011-3371","cd_equipamento_base_origem":null}},{"type":"Feature","id":"equipamento_correios_v2.176086","geometry":{"type":"Point","coordinates":[332397.1995,7386016.5337]},"geometry_name":"ge_ponto","properties":{"cd_identificador":176086,"cd_identificador_tema_equipamento":8,"nm_tema_equipamento":"SERVICO","cd_identificador_rede_equipamento":0,"nm_rede_equipamento":"SEM REDE","tx_rede_equipamento":"Sem descrição","cd_identificador_tipo_equipamento":0,"nm_tipo_equipamento":"SEM TIPO","tx_tipo_equipamento":"SEM TIPO","cd_identificador_classe_equipamento":3,"nm_classe_equipamento":"CORREIOS","tx_classe_equipamento":"AGENCIAS DE CORREIO","cd_identificador_esfera_administrativa_equipamento":0,"nm_esfera_administrativa_equipamento":"SEM ESFERA","tx_esfera_administrativa_equipamento":"Sem descrição","cd_equipamento":null,"nm_equipamento":"AC JABAQUARA","tx_endereco_equipamento":"AVENIDA JABAQUARA, 2763","nm_bairro_equipamento":"MIRANDOPOLIS","cd_cep_equipamento":"04045-972","tx_horario_funcionamento":"SEG A SEX (09h-17h)","tx_numero_telefone":"(11) 4313-9768","cd_equipamento_base_origem":null}},{"type":"Feature","id":"equipamento_correios_v2.176087","geometry":{"type":"Point","coordinates":[332775.1139,7385365.7338]},"geometry_name":"ge_ponto","properties":{"cd_identificador":176087,"cd_identificador_tema_equipamento":8,"nm_tema_equipamento":"SERVICO","cd_identificador_rede_equipamento":0,"nm_rede_equipamento":"SEM REDE","tx_rede_equipamento":"Sem descrição","cd_identificador_tipo_equipamento":0,"nm_tipo_equipamento":"SEM TIPO","tx_tipo_equipamento":"SEM TIPO","cd_identificador_classe_equipamento":3,"nm_classe_equipamento":"CORREIOS","tx_classe_equipamento":"AGENCIAS DE CORREIO","cd_identificador_esfera_administrativa_equipamento":0,"nm_esfera_administrativa_equipamento":"SEM ESFERA","tx_esfera_administrativa_equipamento":"Sem descrição","cd_equipamento":null,"nm_equipamento":"AGF CONCEICAO","tx_endereco_equipamento":"AVENIDA DO CAFE, 383","nm_bairro_equipamento":"VILA GUARANI","cd_cep_equipamento":"04311-970","tx_horario_funcionamento":"SEG A SEX (09h-17h)","tx_numero_telefone":"(11) 5017-2011","cd_equipamento_base_origem":null}},{"type":"Feature","id":"equipamento_correios_v2.176088","geometry":{"type":"Point","coordinates":[330473.8749,7387745.0015]},"geometry_name":"ge_ponto","properties":{"cd_identificador":176088,"cd_identificador_tema_equipamento":8,"nm_tema_equipamento":"SERVICO","cd_identificador_rede_equipamento":0,"nm_rede_equipamento":"SEM REDE","tx_rede_equipamento":"Sem descrição","cd_identificador_tipo_equipamento":0,"nm_tipo_equipamento":"SEM TIPO","tx_tipo_equipamento":"SEM TIPO","cd_identificador_classe_equipamento":3,"nm_classe_equipamento":"CORREIOS","tx_classe_equipamento":"AGENCIAS DE CORREIO","cd_identificador_esfera_administrativa_equipamento":0,"nm_esfera_administrativa_equipamento":"SEM ESFERA","tx_esfera_administrativa_equipamento":"Sem descrição","cd_equipamento":null,"nm_equipamento":"AC INDIANOPOLIS","tx_endereco_equipamento":"AVENIDA IRAI, 666","nm_bairro_equipamento":"INDIANOPOLIS","cd_cep_equipamento":"04082-970","tx_horario_funcionamento":"SEG A SEX (09h-17h)","tx_numero_telefone":"(11) 4313-9705","cd_equipamento_base_origem":null}},{"type":"Feature","id":"equipamento_correios_v2.176089","geometry":{"type":"Point","coordinates":[332714.3952,7386870.6763]},"geometry_name":"ge_ponto","properties":{"cd_identificador":176089,"cd_identificador_tema_equipamento":8,"nm_tema_equipamento":"SERVICO","cd_identificador_rede_equipamento":0,"nm_rede_equipamento":"SEM REDE","tx_rede_equipamento":"Sem descrição","cd_identificador_tipo_equipamento":0,"nm_tipo_equipamento":"SEM TIPO","tx_tipo_equipamento":"SEM TIPO","cd_identificador_classe_equipamento":3,"nm_classe_equipamento":"CORREIOS","tx_classe_equipamento":"AGENCIAS DE CORREIO","cd_identificador_esfera_administrativa_equipamento":0,"nm_esfera_administrativa_equipamento":"SEM ESFERA","tx_esfera_administrativa_equipamento":"Sem descrição","cd_equipamento":null,"nm_equipamento":"AGF MIRANDOPOLIS","tx_endereco_equipamento":"AVENIDA JABAQUARA, 1802","nm_bairro_equipamento":"MIRANDOPOLIS","cd_cep_equipamento":"04046-973","tx_horario_funcionamento":"SEG A SEX (09h-17h)","tx_numero_telefone":"(11) 5072-4275","cd_equipamento_base_origem":null}},{"type":"Feature","id":"equipamento_correios_v2.176090","geometry":{"type":"Point","coordinates":[332870.3796,7387475.0259]},"geometry_name":"ge_ponto","properties":{"cd_identificador":176090,"cd_identificador_tema_equipamento":8,"nm_tema_equipamento":"SERVICO","cd_identificador_rede_equipamento":0,"nm_rede_equipamento":"SEM REDE","tx_rede_equipamento":"Sem descrição","cd_identificador_tipo_equipamento":0,"nm_tipo_equipamento":"SEM TIPO","tx_tipo_equipamento":"SEM TIPO","cd_identificador_classe_equipamento":3,"nm_classe_equipamento":"CORREIOS","tx_classe_equipamento":"AGENCIAS DE CORREIO","cd_identificador_esfera_administrativa_equipamento":0,"nm_esfera_administrativa_equipamento":"SEM ESFERA","tx_esfera_administrativa_equipamento":"Sem descrição","cd_equipamento":null,"nm_equipamento":"AC SAUDE","tx_endereco_equipamento":"AVENIDA JABAQUARA, 1195","nm_bairro_equipamento":"MIRANDOPOLIS","cd_cep_equipamento":"04045-970","tx_horario_funcionamento":"SEG A SEX (09h-17h)","tx_numero_telefone":"(11) 4313-9822","cd_equipamento_base_origem":null}},{"type":"Feature","id":"equipamento_correios_v2.176091","geometry":{"type":"Point","coordinates":[332913.324,7387982.5709]},"geometry_name":"ge_ponto","properties":{"cd_identificador":176091,"cd_identificador_tema_equipamento":8,"nm_tema_equipamento":"SERVICO","cd_identificador_rede_equipamento":0,"nm_rede_equipamento":"SEM REDE","tx_rede_equipamento":"Sem descrição","cd_identificador_tipo_equipamento":0,"nm_tipo_equipamento":"SEM TIPO","tx_tipo_equipamento":"SEM TIPO","cd_identificador_classe_equipamento":3,"nm_classe_equipamento":"CORREIOS","tx_classe_equipamento":"AGENCIAS DE CORREIO","cd_identificador_esfera_administrativa_equipamento":0,"nm_esfera_administrativa_equipamento":"SEM ESFERA","tx_esfera_administrativa_equipamento":"Sem descrição","cd_equipamento":null,"nm_equipamento":"ACC PRACA DA ARVORE","tx_endereco_equipamento":"AVENIDA JABAQUARA, 683","nm_bairro_equipamento":"MIRANDOPOLIS","cd_cep_equipamento":"04045-971","tx_horario_funcionamento":"SEG A SEX (08h30-18h)","tx_numero_telefone":"(11) 2275-6732 / (11) 2275-7108","cd_equipamento_base_origem":null}},{"type":"Feature","id":"equipamento_correios_v2.176092","geometry":{"type":"Point","coordinates":[333978.8885,7385549.1059]},"geometry_name":"ge_ponto","properties":{"cd_identificador":176092,"cd_identificador_tema_equipamento":8,"nm_tema_equipamento":"SERVICO","cd_identificador_rede_equipamento":0,"nm_rede_equipamento":"SEM REDE","tx_rede_equipamento":"Sem descrição","cd_identificador_tipo_equipamento":0,"nm_tipo_equipamento":"SEM TIPO","tx_tipo_equipamento":"SEM TIPO","cd_identificador_classe_equipamento":3,"nm_classe_equipamento":"CORREIOS","tx_classe_equipamento":"AGENCIAS DE CORREIO","cd_identificador_esfera_administrativa_equipamento":0,"nm_esfera_administrativa_equipamento":"SEM ESFERA","tx_esfera_administrativa_equipamento":"Sem descrição","cd_equipamento":null,"nm_equipamento":"AGF JARDIM BOTANICO","tx_endereco_equipamento":"AVENIDA MIGUEL STEFANO, 2182/2184","nm_bairro_equipamento":"SAUDE","cd_cep_equipamento":"04301-970","tx_horario_funcionamento":"SEG A SEX (09h-18h) / SAB (09h-12h)","tx_numero_telefone":"(11) 5073-8303 / (11) 5058-2853 / (11) 5058-3061","cd_equipamento_base_origem":null}},{"type":"Feature","id":"equipamento_correios_v2.176093","geometry":{"type":"Point","coordinates":[336101.6797,7385049.4581]},"geometry_name":"ge_ponto","properties":{"cd_identificador":176093,"cd_identificador_tema_equipamento":8,"nm_tema_equipamento":"SERVICO","cd_identificador_rede_equipamento":0,"nm_rede_equipamento":"SEM REDE","tx_rede_equipamento":"Sem descrição","cd_identificador_tipo_equipamento":0,"nm_tipo_equipamento":"SEM TIPO","tx_tipo_equipamento":"SEM TIPO","cd_identificador_classe_equipamento":3,"nm_classe_equipamento":"CORREIOS","tx_classe_equipamento":"AGENCIAS DE CORREIO","cd_identificador_esfera_administrativa_equipamento":0,"nm_esfera_administrativa_equipamento":"SEM ESFERA","tx_esfera_administrativa_equipamento":"Sem descrição","cd_equipamento":null,"nm_equipamento":"AGF CLIMAX","tx_endereco_equipamento":"AVENIDA PADRE ARLINDO VIEIRA, 1920","nm_bairro_equipamento":"VILA DAS MERCES","cd_cep_equipamento":"04166-970","tx_horario_funcionamento":"SEG A SEX (09h-17h)","tx_numero_telefone":"(11) 2335-8383 / (11) 2335-6650","cd_equipamento_base_origem":null}},{"type":"Feature","id":"equipamento_correios_v2.176094","geometry":{"type":"Point","coordinates":[336293.9468,7385800.42]},"geometry_name":"ge_ponto","properties":{"cd_identificador":176094,"cd_identificador_tema_equipamento":8,"nm_tema_equipamento":"SERVICO","cd_identificador_rede_equipamento":0,"nm_rede_equipamento":"SEM REDE","tx_rede_equipamento":"Sem descrição","cd_identificador_tipo_equipamento":0,"nm_tipo_equipamento":"SEM TIPO","tx_tipo_equipamento":"SEM TIPO","cd_identificador_classe_equipamento":3,"nm_classe_equipamento":"CORREIOS","tx_classe_equipamento":"AGENCIAS DE CORREIO","cd_identificador_esfera_administrativa_equipamento":0,"nm_esfera_administrativa_equipamento":"SEM ESFERA","tx_esfera_administrativa_equipamento":"Sem descrição","cd_equipamento":null,"nm_equipamento":"AC VILA DAS MERCES","tx_endereco_equipamento":"RUA NOSSA SENHORA DAS MERCES, 1464","nm_bairro_equipamento":"VILA DAS MERCES","cd_cep_equipamento":"04165-970","tx_horario_funcionamento":"SEG A SEX (09h-17h)","tx_numero_telefone":"(11) 4313-9855","cd_equipamento_base_origem":null}},{"type":"Feature","id":"equipamento_correios_v2.176095","geometry":{"type":"Point","coordinates":[335137.1509,7386697.4063]},"geometry_name":"ge_ponto","properties":{"cd_identificador":176095,"cd_identificador_tema_equipamento":8,"nm_tema_equipamento":"SERVICO","cd_identificador_rede_equipamento":0,"nm_rede_equipamento":"SEM REDE","tx_rede_equipamento":"Sem descrição","cd_identificador_tipo_equipamento":0,"nm_tipo_equipamento":"SEM TIPO","tx_tipo_equipamento":"SEM TIPO","cd_identificador_classe_equipamento":3,"nm_classe_equipamento":"CORREIOS","tx_classe_equipamento":"AGENCIAS DE CORREIO","cd_identificador_esfera_administrativa_equipamento":0,"nm_esfera_administrativa_equipamento":"SEM ESFERA","tx_esfera_administrativa_equipamento":"Sem descrição","cd_equipamento":null,"nm_equipamento":"AC NOSSA SENHORA DA SAUDE","tx_endereco_equipamento":"RUA DO BOQUEIRAO, 320","nm_bairro_equipamento":"SAUDE","cd_cep_equipamento":"","tx_horario_funcionamento":"","tx_numero_telefone":"","cd_equipamento_base_origem":null}},{"type":"Feature","id":"equipamento_correios_v2.176096","geometry":{"type":"Point","coordinates":[334931.759,7387842.9389]},"geometry_name":"ge_ponto","properties":{"cd_identificador":176096,"cd_identificador_tema_equipamento":8,"nm_tema_equipamento":"SERVICO","cd_identificador_rede_equipamento":0,"nm_rede_equipamento":"SEM REDE","tx_rede_equipamento":"Sem descrição","cd_identificador_tipo_equipamento":0,"nm_tipo_equipamento":"SEM TIPO","tx_tipo_equipamento":"SEM TIPO","cd_identificador_classe_equipamento":3,"nm_classe_equipamento":"CORREIOS","tx_classe_equipamento":"AGENCIAS DE CORREIO","cd_identificador_esfera_administrativa_equipamento":0,"nm_esfera_administrativa_equipamento":"SEM ESFERA","tx_esfera_administrativa_equipamento":"Sem descrição","cd_equipamento":null,"nm_equipamento":"AGF DO CURSINO","tx_endereco_equipamento":"AVENIDA DO CURSINO, 1032","nm_bairro_equipamento":"SAUDE","cd_cep_equipamento":"04132-971","tx_horario_funcionamento":"SEG A SEX (09h-17h)","tx_numero_telefone":"(11) 5061-4847","cd_equipamento_base_origem":null}},{"type":"Feature","id":"equipamento_correios_v2.176097","geometry":{"type":"Point","coordinates":[334493.9705,7389008.3239]},"geometry_name":"ge_ponto","properties":{"cd_identificador":176097,"cd_identificador_tema_equipamento":8,"nm_tema_equipamento":"SERVICO","cd_identificador_rede_equipamento":0,"nm_rede_equipamento":"SEM REDE","tx_rede_equipamento":"Sem descrição","cd_identificador_tipo_equipamento":0,"nm_tipo_equipamento":"SEM TIPO","tx_tipo_equipamento":"SEM TIPO","cd_identificador_classe_equipamento":3,"nm_classe_equipamento":"CORREIOS","tx_classe_equipamento":"AGENCIAS DE CORREIO","cd_identificador_esfera_administrativa_equipamento":0,"nm_esfera_administrativa_equipamento":"SEM ESFERA","tx_esfera_administrativa_equipamento":"Sem descrição","cd_equipamento":null,"nm_equipamento":"AGF CHACARA KLABIN","tx_endereco_equipamento":"RUA SANTA CRUZ, 1676","nm_bairro_equipamento":"VILA MARIANA","cd_cep_equipamento":"04122-970","tx_horario_funcionamento":"SEG A SEX (09h-17h)","tx_numero_telefone":"(11) 5061-5165 / (11) 5061-0093","cd_equipamento_base_origem":null}},{"type":"Feature","id":"equipamento_correios_v2.176098","geometry":{"type":"Point","coordinates":[336631.5245,7387704.7778]},"geometry_name":"ge_ponto","properties":{"cd_identificador":176098,"cd_identificador_tema_equipamento":8,"nm_tema_equipamento":"SERVICO","cd_identificador_rede_equipamento":0,"nm_rede_equipamento":"SEM REDE","tx_rede_equipamento":"Sem descrição","cd_identificador_tipo_equipamento":0,"nm_tipo_equipamento":"SEM TIPO","tx_tipo_equipamento":"SEM TIPO","cd_identificador_classe_equipamento":3,"nm_classe_equipamento":"CORREIOS","tx_classe_equipamento":"AGENCIAS DE CORREIO","cd_identificador_esfera_administrativa_equipamento":0,"nm_esfera_administrativa_equipamento":"SEM ESFERA","tx_esfera_administrativa_equipamento":"Sem descrição","cd_equipamento":null,"nm_equipamento":"AGF SACOMA","tx_endereco_equipamento":"RUA BELGRADO, 65","nm_bairro_equipamento":"SACOMA","cd_cep_equipamento":"04285-971","tx_horario_funcionamento":"SEG A SEX (09h-17h) / SAB (08h-12h)","tx_numero_telefone":"(11) 2915-6925","cd_equipamento_base_origem":null}},{"type":"Feature","id":"equipamento_correios_v2.176099","geometry":{"type":"Point","coordinates":[336412.613,7388989.5241]},"geometry_name":"ge_ponto","properties":{"cd_identificador":176099,"cd_identificador_tema_equipamento":8,"nm_tema_equipamento":"SERVICO","cd_identificador_rede_equipamento":0,"nm_rede_equipamento":"SEM REDE","tx_rede_equipamento":"Sem descrição","cd_identificador_tipo_equipamento":0,"nm_tipo_equipamento":"SEM TIPO","tx_tipo_equipamento":"SEM TIPO","cd_identificador_classe_equipamento":3,"nm_classe_equipamento":"CORREIOS","tx_classe_equipamento":"AGENCIAS DE CORREIO","cd_identificador_esfera_administrativa_equipamento":0,"nm_esfera_administrativa_equipamento":"SEM ESFERA","tx_esfera_administrativa_equipamento":"Sem descrição","cd_equipamento":null,"nm_equipamento":"AC IPIRANGA","tx_endereco_equipamento":"RUA GREENFELD, 25","nm_bairro_equipamento":"IPIRANGA","cd_cep_equipamento":"04218-970","tx_horario_funcionamento":"SEG A SEX (10h-18h)","tx_numero_telefone":"(11) 4313-9761","cd_equipamento_base_origem":null}},{"type":"Feature","id":"equipamento_correios_v2.176100","geometry":{"type":"Point","coordinates":[337278.3163,7385208.6451]},"geometry_name":"ge_ponto","properties":{"cd_identificador":176100,"cd_identificador_tema_equipamento":8,"nm_tema_equipamento":"SERVICO","cd_identificador_rede_equipamento":0,"nm_rede_equipamento":"SEM REDE","tx_rede_equipamento":"Sem descrição","cd_identificador_tipo_equipamento":0,"nm_tipo_equipamento":"SEM TIPO","tx_tipo_equipamento":"SEM TIPO","cd_identificador_classe_equipamento":3,"nm_classe_equipamento":"CORREIOS","tx_classe_equipamento":"AGENCIAS DE CORREIO","cd_identificador_esfera_administrativa_equipamento":0,"nm_esfera_administrativa_equipamento":"SEM ESFERA","tx_esfera_administrativa_equipamento":"Sem descrição","cd_equipamento":null,"nm_equipamento":"ACC JARDIM MARIA ESTELA","tx_endereco_equipamento":"VIA ANCHIETA, 3398","nm_bairro_equipamento":"VILA VERMELHA","cd_cep_equipamento":"04246-970","tx_horario_funcionamento":"SEG A SEX (09h30-20h) / SAB (09h-13h)","tx_numero_telefone":"(11) 2940-3065","cd_equipamento_base_origem":null}},{"type":"Feature","id":"equipamento_correios_v2.176101","geometry":{"type":"Point","coordinates":[337171.629,7386976.4607]},"geometry_name":"ge_ponto","properties":{"cd_identificador":176101,"cd_identificador_tema_equipamento":8,"nm_tema_equipamento":"SERVICO","cd_identificador_rede_equipamento":0,"nm_rede_equipamento":"SEM REDE","tx_rede_equipamento":"Sem descrição","cd_identificador_tipo_equipamento":0,"nm_tipo_equipamento":"SEM TIPO","tx_tipo_equipamento":"SEM TIPO","cd_identificador_classe_equipamento":3,"nm_classe_equipamento":"CORREIOS","tx_classe_equipamento":"AGENCIAS DE CORREIO","cd_identificador_esfera_administrativa_equipamento":0,"nm_esfera_administrativa_equipamento":"SEM ESFERA","tx_esfera_administrativa_equipamento":"Sem descrição","cd_equipamento":null,"nm_equipamento":"AGF HELIOPOLIS","tx_endereco_equipamento":"RUA ALENCAR ARARIPE, 1405","nm_bairro_equipamento":"SACOMA","cd_cep_equipamento":"04253-970","tx_horario_funcionamento":"SEG A SEX (09h-17h)","tx_numero_telefone":"(11) 2947-7430","cd_equipamento_base_origem":null}},{"type":"Feature","id":"equipamento_correios_v2.176102","geometry":{"type":"Point","coordinates":[340527.8,7389452.427]},"geometry_name":"ge_ponto","properties":{"cd_identificador":176102,"cd_identificador_tema_equipamento":8,"nm_tema_equipamento":"SERVICO","cd_identificador_rede_equipamento":0,"nm_rede_equipamento":"SEM REDE","tx_rede_equipamento":"Sem descrição","cd_identificador_tipo_equipamento":0,"nm_tipo_equipamento":"SEM TIPO","tx_tipo_equipamento":"SEM TIPO","cd_identificador_classe_equipamento":3,"nm_classe_equipamento":"CORREIOS","tx_classe_equipamento":"AGENCIAS DE CORREIO","cd_identificador_esfera_administrativa_equipamento":0,"nm_esfera_administrativa_equipamento":"SEM ESFERA","tx_esfera_administrativa_equipamento":"Sem descrição","cd_equipamento":null,"nm_equipamento":"AGF COSTA BARROS","tx_endereco_equipamento":"RUA COSTA BARROS, 246","nm_bairro_equipamento":"VILA ALPINA","cd_cep_equipamento":"03210-970","tx_horario_funcionamento":"SEG A SEX (09h-17h)","tx_numero_telefone":"(11) 2917-0414","cd_equipamento_base_origem":null}},{"type":"Feature","id":"equipamento_correios_v2.176103","geometry":{"type":"Point","coordinates":[343906.8947,7388908.1119]},"geometry_name":"ge_ponto","properties":{"cd_identificador":176103,"cd_identificador_tema_equipamento":8,"nm_tema_equipamento":"SERVICO","cd_identificador_rede_equipamento":0,"nm_rede_equipamento":"SEM REDE","tx_rede_equipamento":"Sem descrição","cd_identificador_tipo_equipamento":0,"nm_tipo_equipamento":"SEM TIPO","tx_tipo_equipamento":"SEM TIPO","cd_identificador_classe_equipamento":3,"nm_classe_equipamento":"CORREIOS","tx_classe_equipamento":"AGENCIAS DE CORREIO","cd_identificador_esfera_administrativa_equipamento":0,"nm_esfera_administrativa_equipamento":"SEM ESFERA","tx_esfera_administrativa_equipamento":"Sem descrição","cd_equipamento":null,"nm_equipamento":"ACC VILA INDUSTRIAL","tx_endereco_equipamento":"AVENIDA DO ORATORIO, 4666","nm_bairro_equipamento":"VILA INDUSTRIAL","cd_cep_equipamento":"03220-970","tx_horario_funcionamento":"SEG A SEX (08h30-17h) / SAB (08h-12h)","tx_numero_telefone":"(11) 2702-1092","cd_equipamento_base_origem":null}},{"type":"Feature","id":"equipamento_correios_v2.176104","geometry":{"type":"Point","coordinates":[345288.7307,7389298.3373]},"geometry_name":"ge_ponto","properties":{"cd_identificador":176104,"cd_identificador_tema_equipamento":8,"nm_tema_equipamento":"SERVICO","cd_identificador_rede_equipamento":0,"nm_rede_equipamento":"SEM REDE","tx_rede_equipamento":"Sem descrição","cd_identificador_tipo_equipamento":0,"nm_tipo_equipamento":"SEM TIPO","tx_tipo_equipamento":"SEM TIPO","cd_identificador_classe_equipamento":3,"nm_classe_equipamento":"CORREIOS","tx_classe_equipamento":"AGENCIAS DE CORREIO","cd_identificador_esfera_administrativa_equipamento":0,"nm_esfera_administrativa_equipamento":"SEM ESFERA","tx_esfera_administrativa_equipamento":"Sem descrição","cd_equipamento":null,"nm_equipamento":"AGF JARDIM REGINA","tx_endereco_equipamento":"RUA EGIDIO ALVES DA COSTA, 50","nm_bairro_equipamento":"JARDIM GRIMALDI","cd_cep_equipamento":"03271-970","tx_horario_funcionamento":"SEG A SEX (09h-17h)","tx_numero_telefone":"(11) 2704-5518 / (11) 2703-3980 / (11) 2143-2575 / (11) 2702-5681 / (11) 4361-2306","cd_equipamento_base_origem":null}},{"type":"Feature","id":"equipamento_correios_v2.176105","geometry":{"type":"Point","coordinates":[348675.9747,7389091.6376]},"geometry_name":"ge_ponto","properties":{"cd_identificador":176105,"cd_identificador_tema_equipamento":8,"nm_tema_equipamento":"SERVICO","cd_identificador_rede_equipamento":0,"nm_rede_equipamento":"SEM REDE","tx_rede_equipamento":"Sem descrição","cd_identificador_tipo_equipamento":0,"nm_tipo_equipamento":"SEM TIPO","tx_tipo_equipamento":"SEM TIPO","cd_identificador_classe_equipamento":3,"nm_classe_equipamento":"CORREIOS","tx_classe_equipamento":"AGENCIAS DE CORREIO","cd_identificador_esfera_administrativa_equipamento":0,"nm_esfera_administrativa_equipamento":"SEM ESFERA","tx_esfera_administrativa_equipamento":"Sem descrição","cd_equipamento":null,"nm_equipamento":"ACC MATEO BEI","tx_endereco_equipamento":"AVENIDA MATEO BEI, 2255","nm_bairro_equipamento":"SAO MATEUS","cd_cep_equipamento":"03949-970","tx_horario_funcionamento":"SEG A SEX (09h-17h) / SAB (09h-12h)","tx_numero_telefone":"(11) 3487-7097","cd_equipamento_base_origem":null}},{"type":"Feature","id":"equipamento_correios_v2.176106","geometry":{"type":"Point","coordinates":[349006.6052,7388846.3117]},"geometry_name":"ge_ponto","properties":{"cd_identificador":176106,"cd_identificador_tema_equipamento":8,"nm_tema_equipamento":"SERVICO","cd_identificador_rede_equipamento":0,"nm_rede_equipamento":"SEM REDE","tx_rede_equipamento":"Sem descrição","cd_identificador_tipo_equipamento":0,"nm_tipo_equipamento":"SEM TIPO","tx_tipo_equipamento":"SEM TIPO","cd_identificador_classe_equipamento":3,"nm_classe_equipamento":"CORREIOS","tx_classe_equipamento":"AGENCIAS DE CORREIO","cd_identificador_esfera_administrativa_equipamento":0,"nm_esfera_administrativa_equipamento":"SEM ESFERA","tx_esfera_administrativa_equipamento":"Sem descrição","cd_equipamento":null,"nm_equipamento":"AC SAO MATEUS","tx_endereco_equipamento":"AVENIDA MARIA CURSI, 966","nm_bairro_equipamento":"SAO MATEUS","cd_cep_equipamento":"03962-970","tx_horario_funcionamento":"SEG A SEX (09h-17h)","tx_numero_telefone":"(11) 4313-9819","cd_equipamento_base_origem":null}},{"type":"Feature","id":"equipamento_correios_v2.176107","geometry":{"type":"Point","coordinates":[351542.917,7389735.3996]},"geometry_name":"ge_ponto","properties":{"cd_identificador":176107,"cd_identificador_tema_equipamento":8,"nm_tema_equipamento":"SERVICO","cd_identificador_rede_equipamento":0,"nm_rede_equipamento":"SEM REDE","tx_rede_equipamento":"Sem descrição","cd_identificador_tipo_equipamento":0,"nm_tipo_equipamento":"SEM TIPO","tx_tipo_equipamento":"SEM TIPO","cd_identificador_classe_equipamento":3,"nm_classe_equipamento":"CORREIOS","tx_classe_equipamento":"AGENCIAS DE CORREIO","cd_identificador_esfera_administrativa_equipamento":0,"nm_esfera_administrativa_equipamento":"SEM ESFERA","tx_esfera_administrativa_equipamento":"Sem descrição","cd_equipamento":null,"nm_equipamento":"AGF RAGUEB CHOHFI","tx_endereco_equipamento":"AVENIDA RAGUEB CHOHFI, 3171","nm_bairro_equipamento":"PARQUE BOA ESPERANCA","cd_cep_equipamento":"08341-970","tx_horario_funcionamento":"SEG A SEX (09h-17h) / SAB (08h-12h)","tx_numero_telefone":"(11) 2731-2799","cd_equipamento_base_origem":null}},{"type":"Feature","id":"equipamento_correios_v2.176108","geometry":{"type":"Point","coordinates":[357021.4855,7389387.476]},"geometry_name":"ge_ponto","properties":{"cd_identificador":176108,"cd_identificador_tema_equipamento":8,"nm_tema_equipamento":"SERVICO","cd_identificador_rede_equipamento":0,"nm_rede_equipamento":"SEM REDE","tx_rede_equipamento":"Sem descrição","cd_identificador_tipo_equipamento":0,"nm_tipo_equipamento":"SEM TIPO","tx_tipo_equipamento":"SEM TIPO","cd_identificador_classe_equipamento":3,"nm_classe_equipamento":"CORREIOS","tx_classe_equipamento":"AGENCIAS DE CORREIO","cd_identificador_esfera_administrativa_equipamento":0,"nm_esfera_administrativa_equipamento":"SEM ESFERA","tx_esfera_administrativa_equipamento":"Sem descrição","cd_equipamento":null,"nm_equipamento":"AGF TIRADENTES","tx_endereco_equipamento":"AVENIDA DOS METALURGICOS, 2161","nm_bairro_equipamento":"CIDADE TIRADENTES","cd_cep_equipamento":"08471-970","tx_horario_funcionamento":"SEG A SEX (09h-17h)","tx_numero_telefone":"(11) 2285-6368 / (11) 2285-6369 / (11) 2282-1230","cd_equipamento_base_origem":null}},{"type":"Feature","id":"equipamento_correios_v2.176109","geometry":{"type":"Point","coordinates":[330809.6767,7391183.3078]},"geometry_name":"ge_ponto","properties":{"cd_identificador":176109,"cd_identificador_tema_equipamento":8,"nm_tema_equipamento":"SERVICO","cd_identificador_rede_equipamento":0,"nm_rede_equipamento":"SEM REDE","tx_rede_equipamento":"Sem descrição","cd_identificador_tipo_equipamento":0,"nm_tipo_equipamento":"SEM TIPO","tx_tipo_equipamento":"SEM TIPO","cd_identificador_classe_equipamento":3,"nm_classe_equipamento":"CORREIOS","tx_classe_equipamento":"AGENCIAS DE CORREIO","cd_identificador_esfera_administrativa_equipamento":0,"nm_esfera_administrativa_equipamento":"SEM ESFERA","tx_esfera_administrativa_equipamento":"Sem descrição","cd_equipamento":null,"nm_equipamento":"AC PALACIO NOVE DE JULHO","tx_endereco_equipamento":"AV. PEDRO ALVARES CABRAL, 201","nm_bairro_equipamento":"PARQUE IBIRAPUERA","cd_cep_equipamento":"","tx_horario_funcionamento":"","tx_numero_telefone":"","cd_equipamento_base_origem":null}},{"type":"Feature","id":"equipamento_correios_v2.176110","geometry":{"type":"Point","coordinates":[331528.9122,7391527.6079]},"geometry_name":"ge_ponto","properties":{"cd_identificador":176110,"cd_identificador_tema_equipamento":8,"nm_tema_equipamento":"SERVICO","cd_identificador_rede_equipamento":0,"nm_rede_equipamento":"SEM REDE","tx_rede_equipamento":"Sem descrição","cd_identificador_tipo_equipamento":0,"nm_tipo_equipamento":"SEM TIPO","tx_tipo_equipamento":"SEM TIPO","cd_identificador_classe_equipamento":3,"nm_classe_equipamento":"CORREIOS","tx_classe_equipamento":"AGENCIAS DE CORREIO","cd_identificador_esfera_administrativa_equipamento":0,"nm_esfera_administrativa_equipamento":"SEM ESFERA","tx_esfera_administrativa_equipamento":"Sem descrição","cd_equipamento":null,"nm_equipamento":"AGF VILA CLEMENTINO","tx_endereco_equipamento":"RUA TUTOIA, 811","nm_bairro_equipamento":"VILA MARIANA","cd_cep_equipamento":"04007-004","tx_horario_funcionamento":"SEG A SEX (09h-17h)","tx_numero_telefone":"(11) 3889-0555","cd_equipamento_base_origem":null}},{"type":"Feature","id":"equipamento_correios_v2.176111","geometry":{"type":"Point","coordinates":[331144.4926,7393041.5663]},"geometry_name":"ge_ponto","properties":{"cd_identificador":176111,"cd_identificador_tema_equipamento":8,"nm_tema_equipamento":"SERVICO","cd_identificador_rede_equipamento":0,"nm_rede_equipamento":"SEM REDE","tx_rede_equipamento":"Sem descrição","cd_identificador_tipo_equipamento":0,"nm_tipo_equipamento":"SEM TIPO","tx_tipo_equipamento":"SEM TIPO","cd_identificador_classe_equipamento":3,"nm_classe_equipamento":"CORREIOS","tx_classe_equipamento":"AGENCIAS DE CORREIO","cd_identificador_esfera_administrativa_equipamento":0,"nm_esfera_administrativa_equipamento":"SEM ESFERA","tx_esfera_administrativa_equipamento":"Sem descrição","cd_equipamento":null,"nm_equipamento":"AGF CERQUEIRA CESAR","tx_endereco_equipamento":"RUA PAMPLONA, 710 LOJA 1","nm_bairro_equipamento":"JARDIM PAULISTA","cd_cep_equipamento":"01405-971","tx_horario_funcionamento":"SEG A SEX (09h-17h)","tx_numero_telefone":"(11) 3289-1777","cd_equipamento_base_origem":null}},{"type":"Feature","id":"equipamento_correios_v2.176112","geometry":{"type":"Point","coordinates":[331711.3372,7392670.7651]},"geometry_name":"ge_ponto","properties":{"cd_identificador":176112,"cd_identificador_tema_equipamento":8,"nm_tema_equipamento":"SERVICO","cd_identificador_rede_equipamento":0,"nm_rede_equipamento":"SEM REDE","tx_rede_equipamento":"Sem descrição","cd_identificador_tipo_equipamento":0,"nm_tipo_equipamento":"SEM TIPO","tx_tipo_equipamento":"SEM TIPO","cd_identificador_classe_equipamento":3,"nm_classe_equipamento":"CORREIOS","tx_classe_equipamento":"AGENCIAS DE CORREIO","cd_identificador_esfera_administrativa_equipamento":0,"nm_esfera_administrativa_equipamento":"SEM ESFERA","tx_esfera_administrativa_equipamento":"Sem descrição","cd_equipamento":null,"nm_equipamento":"AGF BRIGADEIRO LUIS ANTONIO","tx_endereco_equipamento":"AVENIDA BRIGADEIRO LUIS ANTONIO, 2375 LOJA 11","nm_bairro_equipamento":"JARDIM PAULISTA","cd_cep_equipamento":"01401-970","tx_horario_funcionamento":"SEG A SEX (09h-17h)","tx_numero_telefone":"(11) 3287-2436","cd_equipamento_base_origem":null}},{"type":"Feature","id":"equipamento_correios_v2.176151","geometry":{"type":"Point","coordinates":[334985.9403,7396733.9815]},"geometry_name":"ge_ponto","properties":{"cd_identificador":176151,"cd_identificador_tema_equipamento":8,"nm_tema_equipamento":"SERVICO","cd_identificador_rede_equipamento":0,"nm_rede_equipamento":"SEM REDE","tx_rede_equipamento":"Sem descrição","cd_identificador_tipo_equipamento":0,"nm_tipo_equipamento":"SEM TIPO","tx_tipo_equipamento":"SEM TIPO","cd_identificador_classe_equipamento":3,"nm_classe_equipamento":"CORREIOS","tx_classe_equipamento":"AGENCIAS DE CORREIO","cd_identificador_esfera_administrativa_equipamento":0,"nm_esfera_administrativa_equipamento":"SEM ESFERA","tx_esfera_administrativa_equipamento":"Sem descrição","cd_equipamento":null,"nm_equipamento":"AC PARI","tx_endereco_equipamento":"RUA DOUTOR ORNELAS, 247","nm_bairro_equipamento":"CANINDE","cd_cep_equipamento":"","tx_horario_funcionamento":"","tx_numero_telefone":"","cd_equipamento_base_origem":null}},{"type":"Feature","id":"equipamento_correios_v2.176113","geometry":{"type":"Point","coordinates":[332523.3499,7391552.1536]},"geometry_name":"ge_ponto","properties":{"cd_identificador":176113,"cd_identificador_tema_equipamento":8,"nm_tema_equipamento":"SERVICO","cd_identificador_rede_equipamento":0,"nm_rede_equipamento":"SEM REDE","tx_rede_equipamento":"Sem descrição","cd_identificador_tipo_equipamento":0,"nm_tipo_equipamento":"SEM TIPO","tx_tipo_equipamento":"SEM TIPO","cd_identificador_classe_equipamento":3,"nm_classe_equipamento":"CORREIOS","tx_classe_equipamento":"AGENCIAS DE CORREIO","cd_identificador_esfera_administrativa_equipamento":0,"nm_esfera_administrativa_equipamento":"SEM ESFERA","tx_esfera_administrativa_equipamento":"Sem descrição","cd_equipamento":null,"nm_equipamento":"AC VILA MARIANA","tx_endereco_equipamento":"RUA DOMINGOS DE MORAIS, 68","nm_bairro_equipamento":"VILA MARIANA","cd_cep_equipamento":"04010-970","tx_horario_funcionamento":"SEG A SEX (09h-17h)","tx_numero_telefone":"(11) 4313-9861","cd_equipamento_base_origem":null}},{"type":"Feature","id":"equipamento_correios_v2.176114","geometry":{"type":"Point","coordinates":[333042.2075,7389544.5337]},"geometry_name":"ge_ponto","properties":{"cd_identificador":176114,"cd_identificador_tema_equipamento":8,"nm_tema_equipamento":"SERVICO","cd_identificador_rede_equipamento":0,"nm_rede_equipamento":"SEM REDE","tx_rede_equipamento":"Sem descrição","cd_identificador_tipo_equipamento":0,"nm_tipo_equipamento":"SEM TIPO","tx_tipo_equipamento":"SEM TIPO","cd_identificador_classe_equipamento":3,"nm_classe_equipamento":"CORREIOS","tx_classe_equipamento":"AGENCIAS DE CORREIO","cd_identificador_esfera_administrativa_equipamento":0,"nm_esfera_administrativa_equipamento":"SEM ESFERA","tx_esfera_administrativa_equipamento":"Sem descrição","cd_equipamento":null,"nm_equipamento":"AGF SANTA CRUZ","tx_endereco_equipamento":"RUA DOMINGOS DE MORAIS, 2253","nm_bairro_equipamento":"VILA MARIANA","cd_cep_equipamento":"04035-972","tx_horario_funcionamento":"SEG A SEX (09h-17h)","tx_numero_telefone":"(11) 5575-4423 / (11) 3926-9104 / (11) 3459-3659 / (11) 3459-3623","cd_equipamento_base_origem":null}},{"type":"Feature","id":"equipamento_correios_v2.176115","geometry":{"type":"Point","coordinates":[332951.7464,7390824.9678]},"geometry_name":"ge_ponto","properties":{"cd_identificador":176115,"cd_identificador_tema_equipamento":8,"nm_tema_equipamento":"SERVICO","cd_identificador_rede_equipamento":0,"nm_rede_equipamento":"SEM REDE","tx_rede_equipamento":"Sem descrição","cd_identificador_tipo_equipamento":0,"nm_tipo_equipamento":"SEM TIPO","tx_tipo_equipamento":"SEM TIPO","cd_identificador_classe_equipamento":3,"nm_classe_equipamento":"CORREIOS","tx_classe_equipamento":"AGENCIAS DE CORREIO","cd_identificador_esfera_administrativa_equipamento":0,"nm_esfera_administrativa_equipamento":"SEM ESFERA","tx_esfera_administrativa_equipamento":"Sem descrição","cd_equipamento":null,"nm_equipamento":"AC DOMINGOS DE MORAIS","tx_endereco_equipamento":"RUA DOMINGOS DE MORAIS, 909","nm_bairro_equipamento":"VILA MARIANA","cd_cep_equipamento":"","tx_horario_funcionamento":"","tx_numero_telefone":"","cd_equipamento_base_origem":null}},{"type":"Feature","id":"equipamento_correios_v2.176116","geometry":{"type":"Point","coordinates":[332201.0447,7392201.7784]},"geometry_name":"ge_ponto","properties":{"cd_identificador":176116,"cd_identificador_tema_equipamento":8,"nm_tema_equipamento":"SERVICO","cd_identificador_rede_equipamento":0,"nm_rede_equipamento":"SEM REDE","tx_rede_equipamento":"Sem descrição","cd_identificador_tipo_equipamento":0,"nm_tipo_equipamento":"SEM TIPO","tx_tipo_equipamento":"SEM TIPO","cd_identificador_classe_equipamento":3,"nm_classe_equipamento":"CORREIOS","tx_classe_equipamento":"AGENCIAS DE CORREIO","cd_identificador_esfera_administrativa_equipamento":0,"nm_esfera_administrativa_equipamento":"SEM ESFERA","tx_esfera_administrativa_equipamento":"Sem descrição","cd_equipamento":null,"nm_equipamento":"AC RAFAEL DE BARROS","tx_endereco_equipamento":"PRACA OSWALDO CRUZ, 51","nm_bairro_equipamento":"PARAISO","cd_cep_equipamento":"04004-970","tx_horario_funcionamento":"SEG A SEX (09h-17h)","tx_numero_telefone":"(11) 4313-9805","cd_equipamento_base_origem":null}},{"type":"Feature","id":"equipamento_correios_v2.176117","geometry":{"type":"Point","coordinates":[332656.3448,7392348.0145]},"geometry_name":"ge_ponto","properties":{"cd_identificador":176117,"cd_identificador_tema_equipamento":8,"nm_tema_equipamento":"SERVICO","cd_identificador_rede_equipamento":0,"nm_rede_equipamento":"SEM REDE","tx_rede_equipamento":"Sem descrição","cd_identificador_tipo_equipamento":0,"nm_tipo_equipamento":"SEM TIPO","tx_tipo_equipamento":"SEM TIPO","cd_identificador_classe_equipamento":3,"nm_classe_equipamento":"CORREIOS","tx_classe_equipamento":"AGENCIAS DE CORREIO","cd_identificador_esfera_administrativa_equipamento":0,"nm_esfera_administrativa_equipamento":"SEM ESFERA","tx_esfera_administrativa_equipamento":"Sem descrição","cd_equipamento":null,"nm_equipamento":"AGF ALTO DO IPIRANGA","tx_endereco_equipamento":"RUA VERGUEIRO, 6199","nm_bairro_equipamento":"IPIRANGA","cd_cep_equipamento":"04273-970","tx_horario_funcionamento":"SEG A SEX (09h-17h)","tx_numero_telefone":"(11) 5062-6267","cd_equipamento_base_origem":null}},{"type":"Feature","id":"equipamento_correios_v2.176118","geometry":{"type":"Point","coordinates":[332691.9746,7392886.7576]},"geometry_name":"ge_ponto","properties":{"cd_identificador":176118,"cd_identificador_tema_equipamento":8,"nm_tema_equipamento":"SERVICO","cd_identificador_rede_equipamento":0,"nm_rede_equipamento":"SEM REDE","tx_rede_equipamento":"Sem descrição","cd_identificador_tipo_equipamento":0,"nm_tipo_equipamento":"SEM TIPO","tx_tipo_equipamento":"SEM TIPO","cd_identificador_classe_equipamento":3,"nm_classe_equipamento":"CORREIOS","tx_classe_equipamento":"AGENCIAS DE CORREIO","cd_identificador_esfera_administrativa_equipamento":0,"nm_esfera_administrativa_equipamento":"SEM ESFERA","tx_esfera_administrativa_equipamento":"Sem descrição","cd_equipamento":null,"nm_equipamento":"AGF SAO JOAQUIM","tx_endereco_equipamento":"RUA VERGUEIRO, 425","nm_bairro_equipamento":"LIBERDADE","cd_cep_equipamento":"01504-970","tx_horario_funcionamento":"SEG A SEX (09h-17h)","tx_numero_telefone":"(11) 3277-8447","cd_equipamento_base_origem":null}},{"type":"Feature","id":"equipamento_correios_v2.176119","geometry":{"type":"Point","coordinates":[333531.5366,7392339.8585]},"geometry_name":"ge_ponto","properties":{"cd_identificador":176119,"cd_identificador_tema_equipamento":8,"nm_tema_equipamento":"SERVICO","cd_identificador_rede_equipamento":0,"nm_rede_equipamento":"SEM REDE","tx_rede_equipamento":"Sem descrição","cd_identificador_tipo_equipamento":0,"nm_tipo_equipamento":"SEM TIPO","tx_tipo_equipamento":"SEM TIPO","cd_identificador_classe_equipamento":3,"nm_classe_equipamento":"CORREIOS","tx_classe_equipamento":"AGENCIAS DE CORREIO","cd_identificador_esfera_administrativa_equipamento":0,"nm_esfera_administrativa_equipamento":"SEM ESFERA","tx_esfera_administrativa_equipamento":"Sem descrição","cd_equipamento":null,"nm_equipamento":"AGF PARQUE DA ACLIMACAO","tx_endereco_equipamento":"AVENIDA TURMALINA, 83","nm_bairro_equipamento":"ACLIMACAO","cd_cep_equipamento":"01531-020","tx_horario_funcionamento":"SEG A SEX (09h-17h)","tx_numero_telefone":"(11) 2936-6222","cd_equipamento_base_origem":null}},{"type":"Feature","id":"equipamento_correios_v2.176120","geometry":{"type":"Point","coordinates":[330415.2127,7393666.6]},"geometry_name":"ge_ponto","properties":{"cd_identificador":176120,"cd_identificador_tema_equipamento":8,"nm_tema_equipamento":"SERVICO","cd_identificador_rede_equipamento":0,"nm_rede_equipamento":"SEM REDE","tx_rede_equipamento":"Sem descrição","cd_identificador_tipo_equipamento":0,"nm_tipo_equipamento":"SEM TIPO","tx_tipo_equipamento":"SEM TIPO","cd_identificador_classe_equipamento":3,"nm_classe_equipamento":"CORREIOS","tx_classe_equipamento":"AGENCIAS DE CORREIO","cd_identificador_esfera_administrativa_equipamento":0,"nm_esfera_administrativa_equipamento":"SEM ESFERA","tx_esfera_administrativa_equipamento":"Sem descrição","cd_equipamento":null,"nm_equipamento":"AC ALAMEDA SANTOS","tx_endereco_equipamento":"ALAMEDA SANTOS, 2224","nm_bairro_equipamento":"CERQUEIRA CESAR","cd_cep_equipamento":"01418-970","tx_horario_funcionamento":"SEG A SEX (09h-17h)","tx_numero_telefone":"(11) 4313-7011 / (11) 4313-7009","cd_equipamento_base_origem":null}},{"type":"Feature","id":"equipamento_correios_v2.176121","geometry":{"type":"Point","coordinates":[330402.667,7393754.7935]},"geometry_name":"ge_ponto","properties":{"cd_identificador":176121,"cd_identificador_tema_equipamento":8,"nm_tema_equipamento":"SERVICO","cd_identificador_rede_equipamento":0,"nm_rede_equipamento":"SEM REDE","tx_rede_equipamento":"Sem descrição","cd_identificador_tipo_equipamento":0,"nm_tipo_equipamento":"SEM TIPO","tx_tipo_equipamento":"SEM TIPO","cd_identificador_classe_equipamento":3,"nm_classe_equipamento":"CORREIOS","tx_classe_equipamento":"AGENCIAS DE CORREIO","cd_identificador_esfera_administrativa_equipamento":0,"nm_esfera_administrativa_equipamento":"SEM ESFERA","tx_esfera_administrativa_equipamento":"Sem descrição","cd_equipamento":null,"nm_equipamento":"AC HADDOCK LOBO","tx_endereco_equipamento":"RUA HADDOCK LOBO, 566","nm_bairro_equipamento":"CERQUEIRA CESAR","cd_cep_equipamento":"","tx_horario_funcionamento":"","tx_numero_telefone":"","cd_equipamento_base_origem":null}},{"type":"Feature","id":"equipamento_correios_v2.176122","geometry":{"type":"Point","coordinates":[330632.4411,7394203.7493]},"geometry_name":"ge_ponto","properties":{"cd_identificador":176122,"cd_identificador_tema_equipamento":8,"nm_tema_equipamento":"SERVICO","cd_identificador_rede_equipamento":0,"nm_rede_equipamento":"SEM REDE","tx_rede_equipamento":"Sem descrição","cd_identificador_tipo_equipamento":0,"nm_tipo_equipamento":"SEM TIPO","tx_tipo_equipamento":"SEM TIPO","cd_identificador_classe_equipamento":3,"nm_classe_equipamento":"CORREIOS","tx_classe_equipamento":"AGENCIAS DE CORREIO","cd_identificador_esfera_administrativa_equipamento":0,"nm_esfera_administrativa_equipamento":"SEM ESFERA","tx_esfera_administrativa_equipamento":"Sem descrição","cd_equipamento":null,"nm_equipamento":"AC AUGUSTA","tx_endereco_equipamento":"RUA MATIAS AIRES, 404","nm_bairro_equipamento":"CONSOLACAO","cd_cep_equipamento":"01309-970","tx_horario_funcionamento":"SEG A SEX (10h-17h)","tx_numero_telefone":"(11) 4313-7017","cd_equipamento_base_origem":null}},{"type":"Feature","id":"equipamento_correios_v2.176123","geometry":{"type":"Point","coordinates":[330957.022,7395415.4714]},"geometry_name":"ge_ponto","properties":{"cd_identificador":176123,"cd_identificador_tema_equipamento":8,"nm_tema_equipamento":"SERVICO","cd_identificador_rede_equipamento":0,"nm_rede_equipamento":"SEM REDE","tx_rede_equipamento":"Sem descrição","cd_identificador_tipo_equipamento":0,"nm_tipo_equipamento":"SEM TIPO","tx_tipo_equipamento":"SEM TIPO","cd_identificador_classe_equipamento":3,"nm_classe_equipamento":"CORREIOS","tx_classe_equipamento":"AGENCIAS DE CORREIO","cd_identificador_esfera_administrativa_equipamento":0,"nm_esfera_administrativa_equipamento":"SEM ESFERA","tx_esfera_administrativa_equipamento":"Sem descrição","cd_equipamento":null,"nm_equipamento":"AC SANTA CECILIA","tx_endereco_equipamento":"AVENIDA ANGELICA, 1125","nm_bairro_equipamento":"SANTA CECILIA","cd_cep_equipamento":"01227-970","tx_horario_funcionamento":"SEG A SEX (09h-17h)","tx_numero_telefone":"(11) 4313-9812 / (11) 4313-9811","cd_equipamento_base_origem":null}},{"type":"Feature","id":"equipamento_correios_v2.176124","geometry":{"type":"Point","coordinates":[331530.4989,7396011.3946]},"geometry_name":"ge_ponto","properties":{"cd_identificador":176124,"cd_identificador_tema_equipamento":8,"nm_tema_equipamento":"SERVICO","cd_identificador_rede_equipamento":0,"nm_rede_equipamento":"SEM REDE","tx_rede_equipamento":"Sem descrição","cd_identificador_tipo_equipamento":0,"nm_tipo_equipamento":"SEM TIPO","tx_tipo_equipamento":"SEM TIPO","cd_identificador_classe_equipamento":3,"nm_classe_equipamento":"CORREIOS","tx_classe_equipamento":"AGENCIAS DE CORREIO","cd_identificador_esfera_administrativa_equipamento":0,"nm_esfera_administrativa_equipamento":"SEM ESFERA","tx_esfera_administrativa_equipamento":"Sem descrição","cd_equipamento":null,"nm_equipamento":"AGF CAMPOS ELISEOS","tx_endereco_equipamento":"ALAMEDA GLETE, 1045","nm_bairro_equipamento":"SANTA CECILIA","cd_cep_equipamento":"01215-970","tx_horario_funcionamento":"SEG A SEX (09h-17h)","tx_numero_telefone":"(11) 3333-6693 / (11) 3362-1595","cd_equipamento_base_origem":null}},{"type":"Feature","id":"equipamento_correios_v2.176125","geometry":{"type":"Point","coordinates":[332805.1301,7393701.3273]},"geometry_name":"ge_ponto","properties":{"cd_identificador":176125,"cd_identificador_tema_equipamento":8,"nm_tema_equipamento":"SERVICO","cd_identificador_rede_equipamento":0,"nm_rede_equipamento":"SEM REDE","tx_rede_equipamento":"Sem descrição","cd_identificador_tipo_equipamento":0,"nm_tipo_equipamento":"SEM TIPO","tx_tipo_equipamento":"SEM TIPO","cd_identificador_classe_equipamento":3,"nm_classe_equipamento":"CORREIOS","tx_classe_equipamento":"AGENCIAS DE CORREIO","cd_identificador_esfera_administrativa_equipamento":0,"nm_esfera_administrativa_equipamento":"SEM ESFERA","tx_esfera_administrativa_equipamento":"Sem descrição","cd_equipamento":null,"nm_equipamento":"AC LIBERDADE","tx_endereco_equipamento":"AVENIDA DA LIBERDADE, 692/698","nm_bairro_equipamento":"LIBERDADE","cd_cep_equipamento":"01502-970","tx_horario_funcionamento":"SEG A SEX (09h-17h)","tx_numero_telefone":"(11) 4313-9780","cd_equipamento_base_origem":null}},{"type":"Feature","id":"equipamento_correios_v2.176126","geometry":{"type":"Point","coordinates":[332653.2699,7394017.836]},"geometry_name":"ge_ponto","properties":{"cd_identificador":176126,"cd_identificador_tema_equipamento":8,"nm_tema_equipamento":"SERVICO","cd_identificador_rede_equipamento":0,"nm_rede_equipamento":"SEM REDE","tx_rede_equipamento":"Sem descrição","cd_identificador_tipo_equipamento":0,"nm_tipo_equipamento":"SEM TIPO","tx_tipo_equipamento":"SEM TIPO","cd_identificador_classe_equipamento":3,"nm_classe_equipamento":"CORREIOS","tx_classe_equipamento":"AGENCIAS DE CORREIO","cd_identificador_esfera_administrativa_equipamento":0,"nm_esfera_administrativa_equipamento":"SEM ESFERA","tx_esfera_administrativa_equipamento":"Sem descrição","cd_equipamento":null,"nm_equipamento":"AC JARDIM PAULISTA","tx_endereco_equipamento":"AVENIDA BRIGADEIRO LUIS ANTONIO, 3371","nm_bairro_equipamento":"JARDIM PAULISTA","cd_cep_equipamento":"01401-971","tx_horario_funcionamento":"SEG A SEX (09h-17h)","tx_numero_telefone":"(11) 4313-9775 / (11) 4313-9774","cd_equipamento_base_origem":null}},{"type":"Feature","id":"equipamento_correios_v2.176127","geometry":{"type":"Point","coordinates":[332094.2306,7395116.5147]},"geometry_name":"ge_ponto","properties":{"cd_identificador":176127,"cd_identificador_tema_equipamento":8,"nm_tema_equipamento":"SERVICO","cd_identificador_rede_equipamento":0,"nm_rede_equipamento":"SEM REDE","tx_rede_equipamento":"Sem descrição","cd_identificador_tipo_equipamento":0,"nm_tipo_equipamento":"SEM TIPO","tx_tipo_equipamento":"SEM TIPO","cd_identificador_classe_equipamento":3,"nm_classe_equipamento":"CORREIOS","tx_classe_equipamento":"AGENCIAS DE CORREIO","cd_identificador_esfera_administrativa_equipamento":0,"nm_esfera_administrativa_equipamento":"SEM ESFERA","tx_esfera_administrativa_equipamento":"Sem descrição","cd_equipamento":null,"nm_equipamento":"AGF REPUBLICA","tx_endereco_equipamento":"RUA ARAUJO, 216","nm_bairro_equipamento":"REPUBLICA","cd_cep_equipamento":"01220-970","tx_horario_funcionamento":"SEG A SEX (09h-17h)","tx_numero_telefone":"(11) 3122-0031","cd_equipamento_base_origem":null}},{"type":"Feature","id":"equipamento_correios_v2.176128","geometry":{"type":"Point","coordinates":[333057.8721,7394480.3064]},"geometry_name":"ge_ponto","properties":{"cd_identificador":176128,"cd_identificador_tema_equipamento":8,"nm_tema_equipamento":"SERVICO","cd_identificador_rede_equipamento":0,"nm_rede_equipamento":"SEM REDE","tx_rede_equipamento":"Sem descrição","cd_identificador_tipo_equipamento":0,"nm_tipo_equipamento":"SEM TIPO","tx_tipo_equipamento":"SEM TIPO","cd_identificador_classe_equipamento":3,"nm_classe_equipamento":"CORREIOS","tx_classe_equipamento":"AGENCIAS DE CORREIO","cd_identificador_esfera_administrativa_equipamento":0,"nm_esfera_administrativa_equipamento":"SEM ESFERA","tx_esfera_administrativa_equipamento":"Sem descrição","cd_equipamento":null,"nm_equipamento":"AGF DOUTOR JOAO MENDES","tx_endereco_equipamento":"PRACA DOUTOR JOAO MENDES, 32","nm_bairro_equipamento":"CENTRO","cd_cep_equipamento":"01501-970","tx_horario_funcionamento":"SEG A SEX (09h-17h)","tx_numero_telefone":"(11) 3117-8377","cd_equipamento_base_origem":null}},{"type":"Feature","id":"equipamento_correios_v2.176129","geometry":{"type":"Point","coordinates":[333288.0296,7394977.9317]},"geometry_name":"ge_ponto","properties":{"cd_identificador":176129,"cd_identificador_tema_equipamento":8,"nm_tema_equipamento":"SERVICO","cd_identificador_rede_equipamento":0,"nm_rede_equipamento":"SEM REDE","tx_rede_equipamento":"Sem descrição","cd_identificador_tipo_equipamento":0,"nm_tipo_equipamento":"SEM TIPO","tx_tipo_equipamento":"SEM TIPO","cd_identificador_classe_equipamento":3,"nm_classe_equipamento":"CORREIOS","tx_classe_equipamento":"AGENCIAS DE CORREIO","cd_identificador_esfera_administrativa_equipamento":0,"nm_esfera_administrativa_equipamento":"SEM ESFERA","tx_esfera_administrativa_equipamento":"Sem descrição","cd_equipamento":null,"nm_equipamento":"AGF BOA VISTA","tx_endereco_equipamento":"RUA BOA VISTA, 88 LOJA 2","nm_bairro_equipamento":"CENTRO","cd_cep_equipamento":"01014-970","tx_horario_funcionamento":"SEG A SEX (09h-17h)","tx_numero_telefone":"(11) 3107-7702","cd_equipamento_base_origem":null}},{"type":"Feature","id":"equipamento_correios_v2.176130","geometry":{"type":"Point","coordinates":[333506.524,7394589.6533]},"geometry_name":"ge_ponto","properties":{"cd_identificador":176130,"cd_identificador_tema_equipamento":8,"nm_tema_equipamento":"SERVICO","cd_identificador_rede_equipamento":0,"nm_rede_equipamento":"SEM REDE","tx_rede_equipamento":"Sem descrição","cd_identificador_tipo_equipamento":0,"nm_tipo_equipamento":"SEM TIPO","tx_tipo_equipamento":"SEM TIPO","cd_identificador_classe_equipamento":3,"nm_classe_equipamento":"CORREIOS","tx_classe_equipamento":"AGENCIAS DE CORREIO","cd_identificador_esfera_administrativa_equipamento":0,"nm_esfera_administrativa_equipamento":"SEM ESFERA","tx_esfera_administrativa_equipamento":"Sem descrição","cd_equipamento":null,"nm_equipamento":"AC PRACA DO CARMO","tx_endereco_equipamento":"RUA DO CARMO, S/N","nm_bairro_equipamento":"SE","cd_cep_equipamento":"","tx_horario_funcionamento":"","tx_numero_telefone":"","cd_equipamento_base_origem":null}},{"type":"Feature","id":"equipamento_correios_v2.176131","geometry":{"type":"Point","coordinates":[333585.2259,7394624.5348]},"geometry_name":"ge_ponto","properties":{"cd_identificador":176131,"cd_identificador_tema_equipamento":8,"nm_tema_equipamento":"SERVICO","cd_identificador_rede_equipamento":0,"nm_rede_equipamento":"SEM REDE","tx_rede_equipamento":"Sem descrição","cd_identificador_tipo_equipamento":0,"nm_tipo_equipamento":"SEM TIPO","tx_tipo_equipamento":"SEM TIPO","cd_identificador_classe_equipamento":3,"nm_classe_equipamento":"CORREIOS","tx_classe_equipamento":"AGENCIAS DE CORREIO","cd_identificador_esfera_administrativa_equipamento":0,"nm_esfera_administrativa_equipamento":"SEM ESFERA","tx_esfera_administrativa_equipamento":"Sem descrição","cd_equipamento":null,"nm_equipamento":"AC SECRETARIA DA FAZENDA","tx_endereco_equipamento":"AVENIDA RANGEL PESTANA, 300","nm_bairro_equipamento":"SE","cd_cep_equipamento":"01017-970","tx_horario_funcionamento":"SEG A SEX (09h-17h)","tx_numero_telefone":"(11) 4313-9823","cd_equipamento_base_origem":null}},{"type":"Feature","id":"equipamento_correios_v2.176132","geometry":{"type":"Point","coordinates":[333551.9033,7395286.9064]},"geometry_name":"ge_ponto","properties":{"cd_identificador":176132,"cd_identificador_tema_equipamento":8,"nm_tema_equipamento":"SERVICO","cd_identificador_rede_equipamento":0,"nm_rede_equipamento":"SEM REDE","tx_rede_equipamento":"Sem descrição","cd_identificador_tipo_equipamento":0,"nm_tipo_equipamento":"SEM TIPO","tx_tipo_equipamento":"SEM TIPO","cd_identificador_classe_equipamento":3,"nm_classe_equipamento":"CORREIOS","tx_classe_equipamento":"AGENCIAS DE CORREIO","cd_identificador_esfera_administrativa_equipamento":0,"nm_esfera_administrativa_equipamento":"SEM ESFERA","tx_esfera_administrativa_equipamento":"Sem descrição","cd_equipamento":null,"nm_equipamento":"AGF BASILIO JAFET","tx_endereco_equipamento":"RUA CAVALHEIRO BASILIO JAFET, 191","nm_bairro_equipamento":"CENTRO","cd_cep_equipamento":"01022-970","tx_horario_funcionamento":"SEG A SEX (09h-17h) / SAB (08h-12h)","tx_numero_telefone":"(11) 3229-6511 / (11) 3315-6511","cd_equipamento_base_origem":null}},{"type":"Feature","id":"equipamento_correios_v2.176133","geometry":{"type":"Point","coordinates":[336914.7705,7395966.147]},"geometry_name":"ge_ponto","properties":{"cd_identificador":176133,"cd_identificador_tema_equipamento":8,"nm_tema_equipamento":"SERVICO","cd_identificador_rede_equipamento":0,"nm_rede_equipamento":"SEM REDE","tx_rede_equipamento":"Sem descrição","cd_identificador_tipo_equipamento":0,"nm_tipo_equipamento":"SEM TIPO","tx_tipo_equipamento":"SEM TIPO","cd_identificador_classe_equipamento":3,"nm_classe_equipamento":"CORREIOS","tx_classe_equipamento":"AGENCIAS DE CORREIO","cd_identificador_esfera_administrativa_equipamento":0,"nm_esfera_administrativa_equipamento":"SEM ESFERA","tx_esfera_administrativa_equipamento":"Sem descrição","cd_equipamento":null,"nm_equipamento":"AC BELENZINHO","tx_endereco_equipamento":"RUA BELEM, 83/87","nm_bairro_equipamento":"BELENZINHO","cd_cep_equipamento":"03057-970","tx_horario_funcionamento":"SEG A SEX (09h-17h)","tx_numero_telefone":"(11) 4313-9712","cd_equipamento_base_origem":null}},{"type":"Feature","id":"equipamento_correios_v2.176134","geometry":{"type":"Point","coordinates":[332083.7469,7395322.174]},"geometry_name":"ge_ponto","properties":{"cd_identificador":176134,"cd_identificador_tema_equipamento":8,"nm_tema_equipamento":"SERVICO","cd_identificador_rede_equipamento":0,"nm_rede_equipamento":"SEM REDE","tx_rede_equipamento":"Sem descrição","cd_identificador_tipo_equipamento":0,"nm_tipo_equipamento":"SEM TIPO","tx_tipo_equipamento":"SEM TIPO","cd_identificador_classe_equipamento":3,"nm_classe_equipamento":"CORREIOS","tx_classe_equipamento":"AGENCIAS DE CORREIO","cd_identificador_esfera_administrativa_equipamento":0,"nm_esfera_administrativa_equipamento":"SEM ESFERA","tx_esfera_administrativa_equipamento":"Sem descrição","cd_equipamento":null,"nm_equipamento":"AC MARQUES DE ITU","tx_endereco_equipamento":"RUA MARQUES DE ITU, 76","nm_bairro_equipamento":"VILA BUARQUE","cd_cep_equipamento":"01223-970","tx_horario_funcionamento":"SEG A SEX (09h-17h)","tx_numero_telefone":"(11) 4313-9784","cd_equipamento_base_origem":null}},{"type":"Feature","id":"equipamento_correios_v2.176135","geometry":{"type":"Point","coordinates":[332273.2223,7396013.4709]},"geometry_name":"ge_ponto","properties":{"cd_identificador":176135,"cd_identificador_tema_equipamento":8,"nm_tema_equipamento":"SERVICO","cd_identificador_rede_equipamento":0,"nm_rede_equipamento":"SEM REDE","tx_rede_equipamento":"Sem descrição","cd_identificador_tipo_equipamento":0,"nm_tipo_equipamento":"SEM TIPO","tx_tipo_equipamento":"SEM TIPO","cd_identificador_classe_equipamento":3,"nm_classe_equipamento":"CORREIOS","tx_classe_equipamento":"AGENCIAS DE CORREIO","cd_identificador_esfera_administrativa_equipamento":0,"nm_esfera_administrativa_equipamento":"SEM ESFERA","tx_esfera_administrativa_equipamento":"Sem descrição","cd_equipamento":null,"nm_equipamento":"AGF EFIGENIA","tx_endereco_equipamento":"RUA GUAIANASES, 495","nm_bairro_equipamento":"CAMPOS ELISEOS","cd_cep_equipamento":"01204-970","tx_horario_funcionamento":"SEG A SEX (09h-17h)","tx_numero_telefone":"(11) 3331-2080 / (11) 9916-0570 / (11) 3361-6320","cd_equipamento_base_origem":null}},{"type":"Feature","id":"equipamento_correios_v2.176136","geometry":{"type":"Point","coordinates":[332530.9925,7395370.5288]},"geometry_name":"ge_ponto","properties":{"cd_identificador":176136,"cd_identificador_tema_equipamento":8,"nm_tema_equipamento":"SERVICO","cd_identificador_rede_equipamento":0,"nm_rede_equipamento":"SEM REDE","tx_rede_equipamento":"Sem descrição","cd_identificador_tipo_equipamento":0,"nm_tipo_equipamento":"SEM TIPO","tx_tipo_equipamento":"SEM TIPO","cd_identificador_classe_equipamento":3,"nm_classe_equipamento":"CORREIOS","tx_classe_equipamento":"AGENCIAS DE CORREIO","cd_identificador_esfera_administrativa_equipamento":0,"nm_esfera_administrativa_equipamento":"SEM ESFERA","tx_esfera_administrativa_equipamento":"Sem descrição","cd_equipamento":null,"nm_equipamento":"AC VINTE E QUATRO DE MAIO","tx_endereco_equipamento":"RUA VINTE E QUATRO DE MAIO, 236","nm_bairro_equipamento":"REPUBLICA","cd_cep_equipamento":"","tx_horario_funcionamento":"","tx_numero_telefone":"","cd_equipamento_base_origem":null}},{"type":"Feature","id":"equipamento_correios_v2.176137","geometry":{"type":"Point","coordinates":[332312.2412,7396800.0297]},"geometry_name":"ge_ponto","properties":{"cd_identificador":176137,"cd_identificador_tema_equipamento":8,"nm_tema_equipamento":"SERVICO","cd_identificador_rede_equipamento":0,"nm_rede_equipamento":"SEM REDE","tx_rede_equipamento":"Sem descrição","cd_identificador_tipo_equipamento":0,"nm_tipo_equipamento":"SEM TIPO","tx_tipo_equipamento":"SEM TIPO","cd_identificador_classe_equipamento":3,"nm_classe_equipamento":"CORREIOS","tx_classe_equipamento":"AGENCIAS DE CORREIO","cd_identificador_esfera_administrativa_equipamento":0,"nm_esfera_administrativa_equipamento":"SEM ESFERA","tx_esfera_administrativa_equipamento":"Sem descrição","cd_equipamento":null,"nm_equipamento":"AC BOM RETIRO","tx_endereco_equipamento":"ALAMEDA NOTHMANN, 73","nm_bairro_equipamento":"CAMPOS ELISEOS","cd_cep_equipamento":"01216-970","tx_horario_funcionamento":"SEG A SEX (09h-17h)","tx_numero_telefone":"(11) 4313-9698 / (11) 4313-9699","cd_equipamento_base_origem":null}},{"type":"Feature","id":"equipamento_correios_v2.176138","geometry":{"type":"Point","coordinates":[332701.3068,7396946.7456]},"geometry_name":"ge_ponto","properties":{"cd_identificador":176138,"cd_identificador_tema_equipamento":8,"nm_tema_equipamento":"SERVICO","cd_identificador_rede_equipamento":0,"nm_rede_equipamento":"SEM REDE","tx_rede_equipamento":"Sem descrição","cd_identificador_tipo_equipamento":0,"nm_tipo_equipamento":"SEM TIPO","tx_tipo_equipamento":"SEM TIPO","cd_identificador_classe_equipamento":3,"nm_classe_equipamento":"CORREIOS","tx_classe_equipamento":"AGENCIAS DE CORREIO","cd_identificador_esfera_administrativa_equipamento":0,"nm_esfera_administrativa_equipamento":"SEM ESFERA","tx_esfera_administrativa_equipamento":"Sem descrição","cd_equipamento":null,"nm_equipamento":"AGF GRACA","tx_endereco_equipamento":"RUA DA GRACA, 866","nm_bairro_equipamento":"BOM RETIRO","cd_cep_equipamento":"01125-970","tx_horario_funcionamento":"SEG A SEX (09h-17h)","tx_numero_telefone":"(11) 3331-3646","cd_equipamento_base_origem":null}},{"type":"Feature","id":"equipamento_correios_v2.176139","geometry":{"type":"Point","coordinates":[332934.3387,7395299.0484]},"geometry_name":"ge_ponto","properties":{"cd_identificador":176139,"cd_identificador_tema_equipamento":8,"nm_tema_equipamento":"SERVICO","cd_identificador_rede_equipamento":0,"nm_rede_equipamento":"SEM REDE","tx_rede_equipamento":"Sem descrição","cd_identificador_tipo_equipamento":0,"nm_tipo_equipamento":"SEM TIPO","tx_tipo_equipamento":"SEM TIPO","cd_identificador_classe_equipamento":3,"nm_classe_equipamento":"CORREIOS","tx_classe_equipamento":"AGENCIAS DE CORREIO","cd_identificador_esfera_administrativa_equipamento":0,"nm_esfera_administrativa_equipamento":"SEM ESFERA","tx_esfera_administrativa_equipamento":"Sem descrição","cd_equipamento":null,"nm_equipamento":"AF D PEDRO II","tx_endereco_equipamento":"AVENIDA SAO JOAO, 250","nm_bairro_equipamento":"CENTRO","cd_cep_equipamento":"","tx_horario_funcionamento":"","tx_numero_telefone":"","cd_equipamento_base_origem":null}},{"type":"Feature","id":"equipamento_correios_v2.176140","geometry":{"type":"Point","coordinates":[332964.0008,7395285.764]},"geometry_name":"ge_ponto","properties":{"cd_identificador":176140,"cd_identificador_tema_equipamento":8,"nm_tema_equipamento":"SERVICO","cd_identificador_rede_equipamento":0,"nm_rede_equipamento":"SEM REDE","tx_rede_equipamento":"Sem descrição","cd_identificador_tipo_equipamento":0,"nm_tipo_equipamento":"SEM TIPO","tx_tipo_equipamento":"SEM TIPO","cd_identificador_classe_equipamento":3,"nm_classe_equipamento":"CORREIOS","tx_classe_equipamento":"AGENCIAS DE CORREIO","cd_identificador_esfera_administrativa_equipamento":0,"nm_esfera_administrativa_equipamento":"SEM ESFERA","tx_esfera_administrativa_equipamento":"Sem descrição","cd_equipamento":null,"nm_equipamento":"AC CENTRAL DE SAO PAULO","tx_endereco_equipamento":"PRACA DO CORREIO, S/N","nm_bairro_equipamento":"CENTRO","cd_cep_equipamento":"01031-970","tx_horario_funcionamento":"SEG A SEX (10h-18h)","tx_numero_telefone":"(11) 2102-3650 / (11) 2102-3639 / (11) 2102-3657 / (11) 2102-3654 / (11) 2102-3641 / (11) 2102-3645","cd_equipamento_base_origem":null}},{"type":"Feature","id":"equipamento_correios_v2.176141","geometry":{"type":"Point","coordinates":[333552.183,7395618.5079]},"geometry_name":"ge_ponto","properties":{"cd_identificador":176141,"cd_identificador_tema_equipamento":8,"nm_tema_equipamento":"SERVICO","cd_identificador_rede_equipamento":0,"nm_rede_equipamento":"SEM REDE","tx_rede_equipamento":"Sem descrição","cd_identificador_tipo_equipamento":0,"nm_tipo_equipamento":"SEM TIPO","tx_tipo_equipamento":"SEM TIPO","cd_identificador_classe_equipamento":3,"nm_classe_equipamento":"CORREIOS","tx_classe_equipamento":"AGENCIAS DE CORREIO","cd_identificador_esfera_administrativa_equipamento":0,"nm_esfera_administrativa_equipamento":"SEM ESFERA","tx_esfera_administrativa_equipamento":"Sem descrição","cd_equipamento":null,"nm_equipamento":"AGF BARAO DE DUPRAT","tx_endereco_equipamento":"RUA BARAO DE DUPRAT, 335 SALA 01","nm_bairro_equipamento":"SANTO AMARO","cd_cep_equipamento":"04743-970","tx_horario_funcionamento":"SEG A SEX (09h-17h) / SAB (08h-12h)","tx_numero_telefone":"(11) 5548-9936","cd_equipamento_base_origem":null}},{"type":"Feature","id":"equipamento_correios_v2.176142","geometry":{"type":"Point","coordinates":[333293.2097,7395902.1803]},"geometry_name":"ge_ponto","properties":{"cd_identificador":176142,"cd_identificador_tema_equipamento":8,"nm_tema_equipamento":"SERVICO","cd_identificador_rede_equipamento":0,"nm_rede_equipamento":"SEM REDE","tx_rede_equipamento":"Sem descrição","cd_identificador_tipo_equipamento":0,"nm_tipo_equipamento":"SEM TIPO","tx_tipo_equipamento":"SEM TIPO","cd_identificador_classe_equipamento":3,"nm_classe_equipamento":"CORREIOS","tx_classe_equipamento":"AGENCIAS DE CORREIO","cd_identificador_esfera_administrativa_equipamento":0,"nm_esfera_administrativa_equipamento":"SEM ESFERA","tx_esfera_administrativa_equipamento":"Sem descrição","cd_equipamento":null,"nm_equipamento":"AC FLORENCIO DE ABREU","tx_endereco_equipamento":"RUA FLORENCIO DE ABREU, 591","nm_bairro_equipamento":"CENTRO","cd_cep_equipamento":"01029-970","tx_horario_funcionamento":"SEG A SEX (09h-17h)","tx_numero_telefone":"(11) 4313--9741 / (11) 4313--9741","cd_equipamento_base_origem":null}},{"type":"Feature","id":"equipamento_correios_v2.176143","geometry":{"type":"Point","coordinates":[334563.4431,7393041.211]},"geometry_name":"ge_ponto","properties":{"cd_identificador":176143,"cd_identificador_tema_equipamento":8,"nm_tema_equipamento":"SERVICO","cd_identificador_rede_equipamento":0,"nm_rede_equipamento":"SEM REDE","tx_rede_equipamento":"Sem descrição","cd_identificador_tipo_equipamento":0,"nm_tipo_equipamento":"SEM TIPO","tx_tipo_equipamento":"SEM TIPO","cd_identificador_classe_equipamento":3,"nm_classe_equipamento":"CORREIOS","tx_classe_equipamento":"AGENCIAS DE CORREIO","cd_identificador_esfera_administrativa_equipamento":0,"nm_esfera_administrativa_equipamento":"SEM ESFERA","tx_esfera_administrativa_equipamento":"Sem descrição","cd_equipamento":null,"nm_equipamento":"AC CAMBUCI","tx_endereco_equipamento":"AVENIDA LINS DE VASCONCELOS, 155","nm_bairro_equipamento":"CAMBUCI","cd_cep_equipamento":"01537-970","tx_horario_funcionamento":"SEG A SEX (09h-17h)","tx_numero_telefone":"(11) 4313-9551","cd_equipamento_base_origem":null}},{"type":"Feature","id":"equipamento_correios_v2.176144","geometry":{"type":"Point","coordinates":[334642.9378,7391822.2184]},"geometry_name":"ge_ponto","properties":{"cd_identificador":176144,"cd_identificador_tema_equipamento":8,"nm_tema_equipamento":"SERVICO","cd_identificador_rede_equipamento":0,"nm_rede_equipamento":"SEM REDE","tx_rede_equipamento":"Sem descrição","cd_identificador_tipo_equipamento":0,"nm_tipo_equipamento":"SEM TIPO","tx_tipo_equipamento":"SEM TIPO","cd_identificador_classe_equipamento":3,"nm_classe_equipamento":"CORREIOS","tx_classe_equipamento":"AGENCIAS DE CORREIO","cd_identificador_esfera_administrativa_equipamento":0,"nm_esfera_administrativa_equipamento":"SEM ESFERA","tx_esfera_administrativa_equipamento":"Sem descrição","cd_equipamento":null,"nm_equipamento":"AGF HEITOR PEIXOTO","tx_endereco_equipamento":"RUA HEITOR PEIXOTO, 715 LOJA B","nm_bairro_equipamento":"CAMBUCI","cd_cep_equipamento":"01543-971","tx_horario_funcionamento":"SEG A SEX (09h-17h)","tx_numero_telefone":"(11) 2219-1889","cd_equipamento_base_origem":null}},{"type":"Feature","id":"equipamento_correios_v2.176145","geometry":{"type":"Point","coordinates":[336601.9853,7390055.7715]},"geometry_name":"ge_ponto","properties":{"cd_identificador":176145,"cd_identificador_tema_equipamento":8,"nm_tema_equipamento":"SERVICO","cd_identificador_rede_equipamento":0,"nm_rede_equipamento":"SEM REDE","tx_rede_equipamento":"Sem descrição","cd_identificador_tipo_equipamento":0,"nm_tipo_equipamento":"SEM TIPO","tx_tipo_equipamento":"SEM TIPO","cd_identificador_classe_equipamento":3,"nm_classe_equipamento":"CORREIOS","tx_classe_equipamento":"AGENCIAS DE CORREIO","cd_identificador_esfera_administrativa_equipamento":0,"nm_esfera_administrativa_equipamento":"SEM ESFERA","tx_esfera_administrativa_equipamento":"Sem descrição","cd_equipamento":null,"nm_equipamento":"AC SILVA BUENO","tx_endereco_equipamento":"RUA SILVA BUENO, 1508","nm_bairro_equipamento":"IPIRANGA","cd_cep_equipamento":"04208-971","tx_horario_funcionamento":"SEG A SEX (09h-17h)","tx_numero_telefone":"(11) 4313-9827","cd_equipamento_base_origem":null}},{"type":"Feature","id":"equipamento_correios_v2.176146","geometry":{"type":"Point","coordinates":[336055.8775,7391692.9877]},"geometry_name":"ge_ponto","properties":{"cd_identificador":176146,"cd_identificador_tema_equipamento":8,"nm_tema_equipamento":"SERVICO","cd_identificador_rede_equipamento":0,"nm_rede_equipamento":"SEM REDE","tx_rede_equipamento":"Sem descrição","cd_identificador_tipo_equipamento":0,"nm_tipo_equipamento":"SEM TIPO","tx_tipo_equipamento":"SEM TIPO","cd_identificador_classe_equipamento":3,"nm_classe_equipamento":"CORREIOS","tx_classe_equipamento":"AGENCIAS DE CORREIO","cd_identificador_esfera_administrativa_equipamento":0,"nm_esfera_administrativa_equipamento":"SEM ESFERA","tx_esfera_administrativa_equipamento":"Sem descrição","cd_equipamento":null,"nm_equipamento":"AGF MONUMENTO","tx_endereco_equipamento":"RUA TABOR, 411","nm_bairro_equipamento":"IPIRANGA","cd_cep_equipamento":"04202-970","tx_horario_funcionamento":"SEG A SEX (09h-17h)","tx_numero_telefone":"(11) 2273-9667 / (11) 2272-8199","cd_equipamento_base_origem":null}},{"type":"Feature","id":"equipamento_correios_v2.176147","geometry":{"type":"Point","coordinates":[337000.7198,7393067.7711]},"geometry_name":"ge_ponto","properties":{"cd_identificador":176147,"cd_identificador_tema_equipamento":8,"nm_tema_equipamento":"SERVICO","cd_identificador_rede_equipamento":0,"nm_rede_equipamento":"SEM REDE","tx_rede_equipamento":"Sem descrição","cd_identificador_tipo_equipamento":0,"nm_tipo_equipamento":"SEM TIPO","tx_tipo_equipamento":"SEM TIPO","cd_identificador_classe_equipamento":3,"nm_classe_equipamento":"CORREIOS","tx_classe_equipamento":"AGENCIAS DE CORREIO","cd_identificador_esfera_administrativa_equipamento":0,"nm_esfera_administrativa_equipamento":"SEM ESFERA","tx_esfera_administrativa_equipamento":"Sem descrição","cd_equipamento":null,"nm_equipamento":"AGF JUMANA","tx_endereco_equipamento":"RUA JUMANA, 349","nm_bairro_equipamento":"MOOCA","cd_cep_equipamento":"03121-970","tx_horario_funcionamento":"SEG A SEX (10h-18h)","tx_numero_telefone":"(11) 2605--9100 / (11) 2601-6427","cd_equipamento_base_origem":null}},{"type":"Feature","id":"equipamento_correios_v2.176148","geometry":{"type":"Point","coordinates":[334229.0547,7395465.166]},"geometry_name":"ge_ponto","properties":{"cd_identificador":176148,"cd_identificador_tema_equipamento":8,"nm_tema_equipamento":"SERVICO","cd_identificador_rede_equipamento":0,"nm_rede_equipamento":"SEM REDE","tx_rede_equipamento":"Sem descrição","cd_identificador_tipo_equipamento":0,"nm_tipo_equipamento":"SEM TIPO","tx_tipo_equipamento":"SEM TIPO","cd_identificador_classe_equipamento":3,"nm_classe_equipamento":"CORREIOS","tx_classe_equipamento":"AGENCIAS DE CORREIO","cd_identificador_esfera_administrativa_equipamento":0,"nm_esfera_administrativa_equipamento":"SEM ESFERA","tx_esfera_administrativa_equipamento":"Sem descrição","cd_equipamento":null,"nm_equipamento":"AGF DA ALFANDEGA","tx_endereco_equipamento":"RUA DA ALFANDEGA, 200 LOJA 121","nm_bairro_equipamento":"BRAS","cd_cep_equipamento":"03006-970","tx_horario_funcionamento":"SEG A SEX (09h-17h)","tx_numero_telefone":"(11) 2729-4187 / (11) 3313-3312","cd_equipamento_base_origem":null}},{"type":"Feature","id":"equipamento_correios_v2.176149","geometry":{"type":"Point","coordinates":[334915.0754,7395999.4406]},"geometry_name":"ge_ponto","properties":{"cd_identificador":176149,"cd_identificador_tema_equipamento":8,"nm_tema_equipamento":"SERVICO","cd_identificador_rede_equipamento":0,"nm_rede_equipamento":"SEM REDE","tx_rede_equipamento":"Sem descrição","cd_identificador_tipo_equipamento":0,"nm_tipo_equipamento":"SEM TIPO","tx_tipo_equipamento":"SEM TIPO","cd_identificador_classe_equipamento":3,"nm_classe_equipamento":"CORREIOS","tx_classe_equipamento":"AGENCIAS DE CORREIO","cd_identificador_esfera_administrativa_equipamento":0,"nm_esfera_administrativa_equipamento":"SEM ESFERA","tx_esfera_administrativa_equipamento":"Sem descrição","cd_equipamento":null,"nm_equipamento":"AC SHOPPING ORIENTE","tx_endereco_equipamento":"RUA ORIENTE, 500 MEZANINO 1/2","nm_bairro_equipamento":"BRAS","cd_cep_equipamento":"03016-970","tx_horario_funcionamento":"SEG A SEX (09h-17h)","tx_numero_telefone":"(11) 4313-9825","cd_equipamento_base_origem":null}},{"type":"Feature","id":"equipamento_correios_v2.176150","geometry":{"type":"Point","coordinates":[335274.9746,7395439.7306]},"geometry_name":"ge_ponto","properties":{"cd_identificador":176150,"cd_identificador_tema_equipamento":8,"nm_tema_equipamento":"SERVICO","cd_identificador_rede_equipamento":0,"nm_rede_equipamento":"SEM REDE","tx_rede_equipamento":"Sem descrição","cd_identificador_tipo_equipamento":0,"nm_tipo_equipamento":"SEM TIPO","tx_tipo_equipamento":"SEM TIPO","cd_identificador_classe_equipamento":3,"nm_classe_equipamento":"CORREIOS","tx_classe_equipamento":"AGENCIAS DE CORREIO","cd_identificador_esfera_administrativa_equipamento":0,"nm_esfera_administrativa_equipamento":"SEM ESFERA","tx_esfera_administrativa_equipamento":"Sem descrição","cd_equipamento":null,"nm_equipamento":"AC BRAS","tx_endereco_equipamento":"RUA GOMES CARDIM, 163","nm_bairro_equipamento":"BRAS","cd_cep_equipamento":"03050-971","tx_horario_funcionamento":"SEG A SEX (09h-17h)","tx_numero_telefone":"(11) 4313-9673","cd_equipamento_base_origem":null}},{"type":"Feature","id":"equipamento_correios_v2.176152","geometry":{"type":"Point","coordinates":[335745.3759,7394379.0746]},"geometry_name":"ge_ponto","properties":{"cd_identificador":176152,"cd_identificador_tema_equipamento":8,"nm_tema_equipamento":"SERVICO","cd_identificador_rede_equipamento":0,"nm_rede_equipamento":"SEM REDE","tx_rede_equipamento":"Sem descrição","cd_identificador_tipo_equipamento":0,"nm_tipo_equipamento":"SEM TIPO","tx_tipo_equipamento":"SEM TIPO","cd_identificador_classe_equipamento":3,"nm_classe_equipamento":"CORREIOS","tx_classe_equipamento":"AGENCIAS DE CORREIO","cd_identificador_esfera_administrativa_equipamento":0,"nm_esfera_administrativa_equipamento":"SEM ESFERA","tx_esfera_administrativa_equipamento":"Sem descrição","cd_equipamento":null,"nm_equipamento":"AC ALMEIDA LIMA","tx_endereco_equipamento":"PRACA PRESIDENTE KENNEDY, 66","nm_bairro_equipamento":"MOOCA","cd_cep_equipamento":"03162-971","tx_horario_funcionamento":"SEG A SEX (10h-18h)","tx_numero_telefone":"(11) 2102-2901","cd_equipamento_base_origem":null}},{"type":"Feature","id":"equipamento_correios_v2.176153","geometry":{"type":"Point","coordinates":[336332.4342,7394091.9513]},"geometry_name":"ge_ponto","properties":{"cd_identificador":176153,"cd_identificador_tema_equipamento":8,"nm_tema_equipamento":"SERVICO","cd_identificador_rede_equipamento":0,"nm_rede_equipamento":"SEM REDE","tx_rede_equipamento":"Sem descrição","cd_identificador_tipo_equipamento":0,"nm_tipo_equipamento":"SEM TIPO","tx_tipo_equipamento":"SEM TIPO","cd_identificador_classe_equipamento":3,"nm_classe_equipamento":"CORREIOS","tx_classe_equipamento":"AGENCIAS DE CORREIO","cd_identificador_esfera_administrativa_equipamento":0,"nm_esfera_administrativa_equipamento":"SEM ESFERA","tx_esfera_administrativa_equipamento":"Sem descrição","cd_equipamento":null,"nm_equipamento":"AC MOOCA","tx_endereco_equipamento":"RUA DA MOOCA, 2228","nm_bairro_equipamento":"MOOCA","cd_cep_equipamento":"","tx_horario_funcionamento":"","tx_numero_telefone":"","cd_equipamento_base_origem":null}},{"type":"Feature","id":"equipamento_correios_v2.176154","geometry":{"type":"Point","coordinates":[336670.1705,7394084.1576]},"geometry_name":"ge_ponto","properties":{"cd_identificador":176154,"cd_identificador_tema_equipamento":8,"nm_tema_equipamento":"SERVICO","cd_identificador_rede_equipamento":0,"nm_rede_equipamento":"SEM REDE","tx_rede_equipamento":"Sem descrição","cd_identificador_tipo_equipamento":0,"nm_tipo_equipamento":"SEM TIPO","tx_tipo_equipamento":"SEM TIPO","cd_identificador_classe_equipamento":3,"nm_classe_equipamento":"CORREIOS","tx_classe_equipamento":"AGENCIAS DE CORREIO","cd_identificador_esfera_administrativa_equipamento":0,"nm_esfera_administrativa_equipamento":"SEM ESFERA","tx_esfera_administrativa_equipamento":"Sem descrição","cd_equipamento":null,"nm_equipamento":"AGF BAIRRO DA MOOCA","tx_endereco_equipamento":"RUA DA MOOCA, 3107","nm_bairro_equipamento":"MOOCA","cd_cep_equipamento":"03165-970","tx_horario_funcionamento":"SEG A SEX (09h-18h)","tx_numero_telefone":"(11) 2607-8750","cd_equipamento_base_origem":null}},{"type":"Feature","id":"equipamento_correios_v2.176155","geometry":{"type":"Point","coordinates":[336283.2846,7395957.3856]},"geometry_name":"ge_ponto","properties":{"cd_identificador":176155,"cd_identificador_tema_equipamento":8,"nm_tema_equipamento":"SERVICO","cd_identificador_rede_equipamento":0,"nm_rede_equipamento":"SEM REDE","tx_rede_equipamento":"Sem descrição","cd_identificador_tipo_equipamento":0,"nm_tipo_equipamento":"SEM TIPO","tx_tipo_equipamento":"SEM TIPO","cd_identificador_classe_equipamento":3,"nm_classe_equipamento":"CORREIOS","tx_classe_equipamento":"AGENCIAS DE CORREIO","cd_identificador_esfera_administrativa_equipamento":0,"nm_esfera_administrativa_equipamento":"SEM ESFERA","tx_esfera_administrativa_equipamento":"Sem descrição","cd_equipamento":null,"nm_equipamento":"AC GONCALVES DIAS","tx_endereco_equipamento":"AVENIDA CELSO GARCIA, 883","nm_bairro_equipamento":"BRAS","cd_cep_equipamento":"","tx_horario_funcionamento":"","tx_numero_telefone":"","cd_equipamento_base_origem":null}},{"type":"Feature","id":"equipamento_correios_v2.176156","geometry":{"type":"Point","coordinates":[330459.4195,7397133.7346]},"geometry_name":"ge_ponto","properties":{"cd_identificador":176156,"cd_identificador_tema_equipamento":8,"nm_tema_equipamento":"SERVICO","cd_identificador_rede_equipamento":0,"nm_rede_equipamento":"SEM REDE","tx_rede_equipamento":"Sem descrição","cd_identificador_tipo_equipamento":0,"nm_tipo_equipamento":"SEM TIPO","tx_tipo_equipamento":"SEM TIPO","cd_identificador_classe_equipamento":3,"nm_classe_equipamento":"CORREIOS","tx_classe_equipamento":"AGENCIAS DE CORREIO","cd_identificador_esfera_administrativa_equipamento":0,"nm_esfera_administrativa_equipamento":"SEM ESFERA","tx_esfera_administrativa_equipamento":"Sem descrição","cd_equipamento":null,"nm_equipamento":"AGF PACAEMBU","tx_endereco_equipamento":"AVENIDA PACAEMBU, 1440","nm_bairro_equipamento":"PACAEMBU","cd_cep_equipamento":"01234-970","tx_horario_funcionamento":"SEG A SEX (09h-17h) / SAB (08h-12h)","tx_numero_telefone":"(11) 3186-1668","cd_equipamento_base_origem":null}},{"type":"Feature","id":"equipamento_correios_v2.176157","geometry":{"type":"Point","coordinates":[330599.3945,7398947.9416]},"geometry_name":"ge_ponto","properties":{"cd_identificador":176157,"cd_identificador_tema_equipamento":8,"nm_tema_equipamento":"SERVICO","cd_identificador_rede_equipamento":0,"nm_rede_equipamento":"SEM REDE","tx_rede_equipamento":"Sem descrição","cd_identificador_tipo_equipamento":0,"nm_tipo_equipamento":"SEM TIPO","tx_tipo_equipamento":"SEM TIPO","cd_identificador_classe_equipamento":3,"nm_classe_equipamento":"CORREIOS","tx_classe_equipamento":"AGENCIAS DE CORREIO","cd_identificador_esfera_administrativa_equipamento":0,"nm_esfera_administrativa_equipamento":"SEM ESFERA","tx_esfera_administrativa_equipamento":"Sem descrição","cd_equipamento":null,"nm_equipamento":"AC CASA VERDE","tx_endereco_equipamento":"RUA DOUTOR CESAR CASTIGLIONE JUNIOR, 268","nm_bairro_equipamento":"CASA VERDE","cd_cep_equipamento":"02515-970","tx_horario_funcionamento":"SEG A SEX (09h-17h)","tx_numero_telefone":"(11) 4313-9727","cd_equipamento_base_origem":null}},{"type":"Feature","id":"equipamento_correios_v2.176158","geometry":{"type":"Point","coordinates":[332068.3272,7397473.5542]},"geometry_name":"ge_ponto","properties":{"cd_identificador":176158,"cd_identificador_tema_equipamento":8,"nm_tema_equipamento":"SERVICO","cd_identificador_rede_equipamento":0,"nm_rede_equipamento":"SEM REDE","tx_rede_equipamento":"Sem descrição","cd_identificador_tipo_equipamento":0,"nm_tipo_equipamento":"SEM TIPO","tx_tipo_equipamento":"SEM TIPO","cd_identificador_classe_equipamento":3,"nm_classe_equipamento":"CORREIOS","tx_classe_equipamento":"AGENCIAS DE CORREIO","cd_identificador_esfera_administrativa_equipamento":0,"nm_esfera_administrativa_equipamento":"SEM ESFERA","tx_esfera_administrativa_equipamento":"Sem descrição","cd_equipamento":null,"nm_equipamento":"AGF BARRA DO TIBAJI","tx_endereco_equipamento":"RUA ANHAIA, 686","nm_bairro_equipamento":"BOM RETIRO","cd_cep_equipamento":"01130-970","tx_horario_funcionamento":"SEG A SEX (09h-17h)","tx_numero_telefone":"(11) 3225-9050","cd_equipamento_base_origem":null}},{"type":"Feature","id":"equipamento_correios_v2.176159","geometry":{"type":"Point","coordinates":[332303.8155,7399847.7598]},"geometry_name":"ge_ponto","properties":{"cd_identificador":176159,"cd_identificador_tema_equipamento":8,"nm_tema_equipamento":"SERVICO","cd_identificador_rede_equipamento":0,"nm_rede_equipamento":"SEM REDE","tx_rede_equipamento":"Sem descrição","cd_identificador_tipo_equipamento":0,"nm_tipo_equipamento":"SEM TIPO","tx_tipo_equipamento":"SEM TIPO","cd_identificador_classe_equipamento":3,"nm_classe_equipamento":"CORREIOS","tx_classe_equipamento":"AGENCIAS DE CORREIO","cd_identificador_esfera_administrativa_equipamento":0,"nm_esfera_administrativa_equipamento":"SEM ESFERA","tx_esfera_administrativa_equipamento":"Sem descrição","cd_equipamento":null,"nm_equipamento":"AGF LEAO XIII","tx_endereco_equipamento":"RUA ALFREDO PUJOL, 1766","nm_bairro_equipamento":"SANTANA","cd_cep_equipamento":"02017-970","tx_horario_funcionamento":"SEG A SEX (09h-17h)","tx_numero_telefone":"(11) 2950-1061","cd_equipamento_base_origem":null}},{"type":"Feature","id":"equipamento_correios_v2.176160","geometry":{"type":"Point","coordinates":[331459.4272,7401400.9985]},"geometry_name":"ge_ponto","properties":{"cd_identificador":176160,"cd_identificador_tema_equipamento":8,"nm_tema_equipamento":"SERVICO","cd_identificador_rede_equipamento":0,"nm_rede_equipamento":"SEM REDE","tx_rede_equipamento":"Sem descrição","cd_identificador_tipo_equipamento":0,"nm_tipo_equipamento":"SEM TIPO","tx_tipo_equipamento":"SEM TIPO","cd_identificador_classe_equipamento":3,"nm_classe_equipamento":"CORREIOS","tx_classe_equipamento":"AGENCIAS DE CORREIO","cd_identificador_esfera_administrativa_equipamento":0,"nm_esfera_administrativa_equipamento":"SEM ESFERA","tx_esfera_administrativa_equipamento":"Sem descrição","cd_equipamento":null,"nm_equipamento":"AC IMIRIM","tx_endereco_equipamento":"AVENIDA ENGENHEIRO CAETANO ALVARES, 3850","nm_bairro_equipamento":"IMIRIM","cd_cep_equipamento":"02413-970","tx_horario_funcionamento":"SEG A SEX (09h-17h)","tx_numero_telefone":"(11) 4313-9760","cd_equipamento_base_origem":null}},{"type":"Feature","id":"equipamento_correios_v2.176161","geometry":{"type":"Point","coordinates":[331160.9448,7404203.2111]},"geometry_name":"ge_ponto","properties":{"cd_identificador":176161,"cd_identificador_tema_equipamento":8,"nm_tema_equipamento":"SERVICO","cd_identificador_rede_equipamento":0,"nm_rede_equipamento":"SEM REDE","tx_rede_equipamento":"Sem descrição","cd_identificador_tipo_equipamento":0,"nm_tipo_equipamento":"SEM TIPO","tx_tipo_equipamento":"SEM TIPO","cd_identificador_classe_equipamento":3,"nm_classe_equipamento":"CORREIOS","tx_classe_equipamento":"AGENCIAS DE CORREIO","cd_identificador_esfera_administrativa_equipamento":0,"nm_esfera_administrativa_equipamento":"SEM ESFERA","tx_esfera_administrativa_equipamento":"Sem descrição","cd_equipamento":null,"nm_equipamento":"AGF JARDIM PERI","tx_endereco_equipamento":"AVENIDA PERI RONCHETTI, 765","nm_bairro_equipamento":"JARDIM PERI","cd_cep_equipamento":"02633-970","tx_horario_funcionamento":"SEG A SEX (09h-17h)","tx_numero_telefone":"(11) 2232-3570","cd_equipamento_base_origem":null}},{"type":"Feature","id":"equipamento_correios_v2.176162","geometry":{"type":"Point","coordinates":[331988.0385,7400735.5745]},"geometry_name":"ge_ponto","properties":{"cd_identificador":176162,"cd_identificador_tema_equipamento":8,"nm_tema_equipamento":"SERVICO","cd_identificador_rede_equipamento":0,"nm_rede_equipamento":"SEM REDE","tx_rede_equipamento":"Sem descrição","cd_identificador_tipo_equipamento":0,"nm_tipo_equipamento":"SEM TIPO","tx_tipo_equipamento":"SEM TIPO","cd_identificador_classe_equipamento":3,"nm_classe_equipamento":"CORREIOS","tx_classe_equipamento":"AGENCIAS DE CORREIO","cd_identificador_esfera_administrativa_equipamento":0,"nm_esfera_administrativa_equipamento":"SEM ESFERA","tx_esfera_administrativa_equipamento":"Sem descrição","cd_equipamento":null,"nm_equipamento":"ACC CONSOLATA","tx_endereco_equipamento":"AVENIDA IMIRIM, 1327","nm_bairro_equipamento":"IMIRIM","cd_cep_equipamento":"02465-970","tx_horario_funcionamento":"SEG A SEX (09h-18h) / SAB (08h-13h)","tx_numero_telefone":"(11) 2239-1129","cd_equipamento_base_origem":null}},{"type":"Feature","id":"equipamento_correios_v2.176163","geometry":{"type":"Point","coordinates":[331383.8139,7403290.986]},"geometry_name":"ge_ponto","properties":{"cd_identificador":176163,"cd_identificador_tema_equipamento":8,"nm_tema_equipamento":"SERVICO","cd_identificador_rede_equipamento":0,"nm_rede_equipamento":"SEM REDE","tx_rede_equipamento":"Sem descrição","cd_identificador_tipo_equipamento":0,"nm_tipo_equipamento":"SEM TIPO","tx_tipo_equipamento":"SEM TIPO","cd_identificador_classe_equipamento":3,"nm_classe_equipamento":"CORREIOS","tx_classe_equipamento":"AGENCIAS DE CORREIO","cd_identificador_esfera_administrativa_equipamento":0,"nm_esfera_administrativa_equipamento":"SEM ESFERA","tx_esfera_administrativa_equipamento":"Sem descrição","cd_equipamento":null,"nm_equipamento":"AC ANDORINHA","tx_endereco_equipamento":"RUA CONSELHEIRO MOREIRA DE BARROS, 4200 LOJA 235","nm_bairro_equipamento":"LAUZANE PAULISTA","cd_cep_equipamento":"02430-972","tx_horario_funcionamento":"SEG A SEX (09h-17h)","tx_numero_telefone":"(11) 4313-7014","cd_equipamento_base_origem":null}},{"type":"Feature","id":"equipamento_correios_v2.176164","geometry":{"type":"Point","coordinates":[332135.8247,7401981.126]},"geometry_name":"ge_ponto","properties":{"cd_identificador":176164,"cd_identificador_tema_equipamento":8,"nm_tema_equipamento":"SERVICO","cd_identificador_rede_equipamento":0,"nm_rede_equipamento":"SEM REDE","tx_rede_equipamento":"Sem descrição","cd_identificador_tipo_equipamento":0,"nm_tipo_equipamento":"SEM TIPO","tx_tipo_equipamento":"SEM TIPO","cd_identificador_classe_equipamento":3,"nm_classe_equipamento":"CORREIOS","tx_classe_equipamento":"AGENCIAS DE CORREIO","cd_identificador_esfera_administrativa_equipamento":0,"nm_esfera_administrativa_equipamento":"SEM ESFERA","tx_esfera_administrativa_equipamento":"Sem descrição","cd_equipamento":null,"nm_equipamento":"AGF SANTA TEREZINHA","tx_endereco_equipamento":"RUA CONSELHEIRO MOREIRA DE BARROS, 2554","nm_bairro_equipamento":"LAUZANE PAULISTA","cd_cep_equipamento":"02430-971","tx_horario_funcionamento":"SEG A SEX (09h-17h)","tx_numero_telefone":"(11) 2236-6198 / (11) 2236-6247","cd_equipamento_base_origem":null}},{"type":"Feature","id":"equipamento_correios_v2.176165","geometry":{"type":"Point","coordinates":[333342.1863,7402785.1472]},"geometry_name":"ge_ponto","properties":{"cd_identificador":176165,"cd_identificador_tema_equipamento":8,"nm_tema_equipamento":"SERVICO","cd_identificador_rede_equipamento":0,"nm_rede_equipamento":"SEM REDE","tx_rede_equipamento":"Sem descrição","cd_identificador_tipo_equipamento":0,"nm_tipo_equipamento":"SEM TIPO","tx_tipo_equipamento":"SEM TIPO","cd_identificador_classe_equipamento":3,"nm_classe_equipamento":"CORREIOS","tx_classe_equipamento":"AGENCIAS DE CORREIO","cd_identificador_esfera_administrativa_equipamento":0,"nm_esfera_administrativa_equipamento":"SEM ESFERA","tx_esfera_administrativa_equipamento":"Sem descrição","cd_equipamento":null,"nm_equipamento":"AGF PARQUE MANDAQUI","tx_endereco_equipamento":"AVENIDA SANTA INES, 300","nm_bairro_equipamento":"PARQUE MANDAQUI","cd_cep_equipamento":"02415-972","tx_horario_funcionamento":"SEG A SEX (09h-17h)","tx_numero_telefone":"(11) 2232-6114","cd_equipamento_base_origem":null}},{"type":"Feature","id":"equipamento_correios_v2.176166","geometry":{"type":"Point","coordinates":[333995.5096,7397359.3634]},"geometry_name":"ge_ponto","properties":{"cd_identificador":176166,"cd_identificador_tema_equipamento":8,"nm_tema_equipamento":"SERVICO","cd_identificador_rede_equipamento":0,"nm_rede_equipamento":"SEM REDE","tx_rede_equipamento":"Sem descrição","cd_identificador_tipo_equipamento":0,"nm_tipo_equipamento":"SEM TIPO","tx_tipo_equipamento":"SEM TIPO","cd_identificador_classe_equipamento":3,"nm_classe_equipamento":"CORREIOS","tx_classe_equipamento":"AGENCIAS DE CORREIO","cd_identificador_esfera_administrativa_equipamento":0,"nm_esfera_administrativa_equipamento":"SEM ESFERA","tx_esfera_administrativa_equipamento":"Sem descrição","cd_equipamento":null,"nm_equipamento":"AGF PONTE PEQUENA","tx_endereco_equipamento":"RUA PEDRO VICENTE, 165","nm_bairro_equipamento":"LUZ","cd_cep_equipamento":"01109-970","tx_horario_funcionamento":"SEG A SEX (09h-17h)","tx_numero_telefone":"(11) 3329-2421","cd_equipamento_base_origem":null}},{"type":"Feature","id":"equipamento_correios_v2.176167","geometry":{"type":"Point","coordinates":[333949.368,7399393.2052]},"geometry_name":"ge_ponto","properties":{"cd_identificador":176167,"cd_identificador_tema_equipamento":8,"nm_tema_equipamento":"SERVICO","cd_identificador_rede_equipamento":0,"nm_rede_equipamento":"SEM REDE","tx_rede_equipamento":"Sem descrição","cd_identificador_tipo_equipamento":0,"nm_tipo_equipamento":"SEM TIPO","tx_tipo_equipamento":"SEM TIPO","cd_identificador_classe_equipamento":3,"nm_classe_equipamento":"CORREIOS","tx_classe_equipamento":"AGENCIAS DE CORREIO","cd_identificador_esfera_administrativa_equipamento":0,"nm_esfera_administrativa_equipamento":"SEM ESFERA","tx_esfera_administrativa_equipamento":"Sem descrição","cd_equipamento":null,"nm_equipamento":"AGF VOLUNTARIOS DA PATRIA","tx_endereco_equipamento":"RUA VOLUNTARIOS DA PATRIA, 1511","nm_bairro_equipamento":"SANTANA","cd_cep_equipamento":"02011-970","tx_horario_funcionamento":"SEG A SEX (09h-17h)","tx_numero_telefone":"(11) 2221-5001","cd_equipamento_base_origem":null}},{"type":"Feature","id":"equipamento_correios_v2.176168","geometry":{"type":"Point","coordinates":[333652.5922,7399870.0744]},"geometry_name":"ge_ponto","properties":{"cd_identificador":176168,"cd_identificador_tema_equipamento":8,"nm_tema_equipamento":"SERVICO","cd_identificador_rede_equipamento":0,"nm_rede_equipamento":"SEM REDE","tx_rede_equipamento":"Sem descrição","cd_identificador_tipo_equipamento":0,"nm_tipo_equipamento":"SEM TIPO","tx_tipo_equipamento":"SEM TIPO","cd_identificador_classe_equipamento":3,"nm_classe_equipamento":"CORREIOS","tx_classe_equipamento":"AGENCIAS DE CORREIO","cd_identificador_esfera_administrativa_equipamento":0,"nm_esfera_administrativa_equipamento":"SEM ESFERA","tx_esfera_administrativa_equipamento":"Sem descrição","cd_equipamento":null,"nm_equipamento":"AC SANTANA","tx_endereco_equipamento":"RUA FERNANDO SANDRESCHI, 95/103","nm_bairro_equipamento":"SANTANA","cd_cep_equipamento":"02013-970","tx_horario_funcionamento":"SEG A SEX (09h-17h)","tx_numero_telefone":"(11) 4313-9564","cd_equipamento_base_origem":null}},{"type":"Feature","id":"equipamento_correios_v2.176169","geometry":{"type":"Point","coordinates":[334996.1608,7400626.5189]},"geometry_name":"ge_ponto","properties":{"cd_identificador":176169,"cd_identificador_tema_equipamento":8,"nm_tema_equipamento":"SERVICO","cd_identificador_rede_equipamento":0,"nm_rede_equipamento":"SEM REDE","tx_rede_equipamento":"Sem descrição","cd_identificador_tipo_equipamento":0,"nm_tipo_equipamento":"SEM TIPO","tx_tipo_equipamento":"SEM TIPO","cd_identificador_classe_equipamento":3,"nm_classe_equipamento":"CORREIOS","tx_classe_equipamento":"AGENCIAS DE CORREIO","cd_identificador_esfera_administrativa_equipamento":0,"nm_esfera_administrativa_equipamento":"SEM ESFERA","tx_esfera_administrativa_equipamento":"Sem descrição","cd_equipamento":null,"nm_equipamento":"ACC JARDIM SAO PAULO","tx_endereco_equipamento":"RUA GUAJURUS, 69","nm_bairro_equipamento":"JARDIM SAO PAULO","cd_cep_equipamento":"02045-970","tx_horario_funcionamento":"SEG A SEX (09h-18h)","tx_numero_telefone":"(11) 2979-6991","cd_equipamento_base_origem":null}},{"type":"Feature","id":"equipamento_correios_v2.176170","geometry":{"type":"Point","coordinates":[335480.1394,7399596.1067]},"geometry_name":"ge_ponto","properties":{"cd_identificador":176170,"cd_identificador_tema_equipamento":8,"nm_tema_equipamento":"SERVICO","cd_identificador_rede_equipamento":0,"nm_rede_equipamento":"SEM REDE","tx_rede_equipamento":"Sem descrição","cd_identificador_tipo_equipamento":0,"nm_tipo_equipamento":"SEM TIPO","tx_tipo_equipamento":"SEM TIPO","cd_identificador_classe_equipamento":3,"nm_classe_equipamento":"CORREIOS","tx_classe_equipamento":"AGENCIAS DE CORREIO","cd_identificador_esfera_administrativa_equipamento":0,"nm_esfera_administrativa_equipamento":"SEM ESFERA","tx_esfera_administrativa_equipamento":"Sem descrição","cd_equipamento":null,"nm_equipamento":"AC SHOPPING CENTER NORTE","tx_endereco_equipamento":"RUA GALATEA, 1518","nm_bairro_equipamento":"CARANDIRU","cd_cep_equipamento":"02068-973","tx_horario_funcionamento":"SEG A SEX (09h-17h)","tx_numero_telefone":"(11) 4313-9681","cd_equipamento_base_origem":null}},{"type":"Feature","id":"equipamento_correios_v2.176171","geometry":{"type":"Point","coordinates":[336989.2616,7399302.901]},"geometry_name":"ge_ponto","properties":{"cd_identificador":176171,"cd_identificador_tema_equipamento":8,"nm_tema_equipamento":"SERVICO","cd_identificador_rede_equipamento":0,"nm_rede_equipamento":"SEM REDE","tx_rede_equipamento":"Sem descrição","cd_identificador_tipo_equipamento":0,"nm_tipo_equipamento":"SEM TIPO","tx_tipo_equipamento":"SEM TIPO","cd_identificador_classe_equipamento":3,"nm_classe_equipamento":"CORREIOS","tx_classe_equipamento":"AGENCIAS DE CORREIO","cd_identificador_esfera_administrativa_equipamento":0,"nm_esfera_administrativa_equipamento":"SEM ESFERA","tx_esfera_administrativa_equipamento":"Sem descrição","cd_equipamento":null,"nm_equipamento":"AGF MARIA CANDIDA","tx_endereco_equipamento":"RUA MARIA CANDIDA, 1989","nm_bairro_equipamento":"VILA GUILHERME","cd_cep_equipamento":"02071-971","tx_horario_funcionamento":"SEG A SEX (09h-17h)","tx_numero_telefone":"(11) 2737-9555","cd_equipamento_base_origem":null}},{"type":"Feature","id":"equipamento_correios_v2.176172","geometry":{"type":"Point","coordinates":[334909.7952,7401740.4995]},"geometry_name":"ge_ponto","properties":{"cd_identificador":176172,"cd_identificador_tema_equipamento":8,"nm_tema_equipamento":"SERVICO","cd_identificador_rede_equipamento":0,"nm_rede_equipamento":"SEM REDE","tx_rede_equipamento":"Sem descrição","cd_identificador_tipo_equipamento":0,"nm_tipo_equipamento":"SEM TIPO","tx_tipo_equipamento":"SEM TIPO","cd_identificador_classe_equipamento":3,"nm_classe_equipamento":"CORREIOS","tx_classe_equipamento":"AGENCIAS DE CORREIO","cd_identificador_esfera_administrativa_equipamento":0,"nm_esfera_administrativa_equipamento":"SEM ESFERA","tx_esfera_administrativa_equipamento":"Sem descrição","cd_equipamento":null,"nm_equipamento":"AGF ALTO DE SANTANA","tx_endereco_equipamento":"AVENIDA NOVA CANTAREIRA, 942","nm_bairro_equipamento":"TUCURUVI","cd_cep_equipamento":"02330-970","tx_horario_funcionamento":"SEG A SEX (09h-17h)","tx_numero_telefone":"(11) 2283-0394 / (11) 2099-6200","cd_equipamento_base_origem":null}},{"type":"Feature","id":"equipamento_correios_v2.176173","geometry":{"type":"Point","coordinates":[333875.2935,7402981.78]},"geometry_name":"ge_ponto","properties":{"cd_identificador":176173,"cd_identificador_tema_equipamento":8,"nm_tema_equipamento":"SERVICO","cd_identificador_rede_equipamento":0,"nm_rede_equipamento":"SEM REDE","tx_rede_equipamento":"Sem descrição","cd_identificador_tipo_equipamento":0,"nm_tipo_equipamento":"SEM TIPO","tx_tipo_equipamento":"SEM TIPO","cd_identificador_classe_equipamento":3,"nm_classe_equipamento":"CORREIOS","tx_classe_equipamento":"AGENCIAS DE CORREIO","cd_identificador_esfera_administrativa_equipamento":0,"nm_esfera_administrativa_equipamento":"SEM ESFERA","tx_esfera_administrativa_equipamento":"Sem descrição","cd_equipamento":null,"nm_equipamento":"AGF CAETANO ALVARES","tx_endereco_equipamento":"AVENIDA ENGENHEIRO CAETANO ALVARES, 1395","nm_bairro_equipamento":"LIMAO","cd_cep_equipamento":"02546-970","tx_horario_funcionamento":"SEG A SEX (09h-17h) / SAB (08h-12h)","tx_numero_telefone":"(11) 3951-8385","cd_equipamento_base_origem":null}},{"type":"Feature","id":"equipamento_correios_v2.176174","geometry":{"type":"Point","coordinates":[334606.7195,7402829.4007]},"geometry_name":"ge_ponto","properties":{"cd_identificador":176174,"cd_identificador_tema_equipamento":8,"nm_tema_equipamento":"SERVICO","cd_identificador_rede_equipamento":0,"nm_rede_equipamento":"SEM REDE","tx_rede_equipamento":"Sem descrição","cd_identificador_tipo_equipamento":0,"nm_tipo_equipamento":"SEM TIPO","tx_tipo_equipamento":"SEM TIPO","cd_identificador_classe_equipamento":3,"nm_classe_equipamento":"CORREIOS","tx_classe_equipamento":"AGENCIAS DE CORREIO","cd_identificador_esfera_administrativa_equipamento":0,"nm_esfera_administrativa_equipamento":"SEM ESFERA","tx_esfera_administrativa_equipamento":"Sem descrição","cd_equipamento":null,"nm_equipamento":"ACC AGUA FRIA","tx_endereco_equipamento":"AVENIDA AGUA FRIA, 1490","nm_bairro_equipamento":"AGUA FRIA","cd_cep_equipamento":"02332-970","tx_horario_funcionamento":"SEG A SEX (09h-17h)","tx_numero_telefone":"(11) 2263-1657 / (11) 2262-4748 / (11) 2532-0353","cd_equipamento_base_origem":null}},{"type":"Feature","id":"equipamento_correios_v2.176175","geometry":{"type":"Point","coordinates":[335887.5707,7402568.8688]},"geometry_name":"ge_ponto","properties":{"cd_identificador":176175,"cd_identificador_tema_equipamento":8,"nm_tema_equipamento":"SERVICO","cd_identificador_rede_equipamento":0,"nm_rede_equipamento":"SEM REDE","tx_rede_equipamento":"Sem descrição","cd_identificador_tipo_equipamento":0,"nm_tipo_equipamento":"SEM TIPO","tx_tipo_equipamento":"SEM TIPO","cd_identificador_classe_equipamento":3,"nm_classe_equipamento":"CORREIOS","tx_classe_equipamento":"AGENCIAS DE CORREIO","cd_identificador_esfera_administrativa_equipamento":0,"nm_esfera_administrativa_equipamento":"SEM ESFERA","tx_esfera_administrativa_equipamento":"Sem descrição","cd_equipamento":null,"nm_equipamento":"AGF AVENIDA MAZZEI","tx_endereco_equipamento":"AVENIDA MAZZEI, 138","nm_bairro_equipamento":"VILA MAZZEI","cd_cep_equipamento":"02310-970","tx_horario_funcionamento":"SEG A SEX (09h-17h)","tx_numero_telefone":"(11) 2952-3327","cd_equipamento_base_origem":null}},{"type":"Feature","id":"equipamento_correios_v2.176176","geometry":{"type":"Point","coordinates":[336737.3016,7404083.5876]},"geometry_name":"ge_ponto","properties":{"cd_identificador":176176,"cd_identificador_tema_equipamento":8,"nm_tema_equipamento":"SERVICO","cd_identificador_rede_equipamento":0,"nm_rede_equipamento":"SEM REDE","tx_rede_equipamento":"Sem descrição","cd_identificador_tipo_equipamento":0,"nm_tipo_equipamento":"SEM TIPO","tx_tipo_equipamento":"SEM TIPO","cd_identificador_classe_equipamento":3,"nm_classe_equipamento":"CORREIOS","tx_classe_equipamento":"AGENCIAS DE CORREIO","cd_identificador_esfera_administrativa_equipamento":0,"nm_esfera_administrativa_equipamento":"SEM ESFERA","tx_esfera_administrativa_equipamento":"Sem descrição","cd_equipamento":null,"nm_equipamento":"AC TUCURUVI","tx_endereco_equipamento":"RUA MANUEL GAYA, 620","nm_bairro_equipamento":"VILA NOVA MAZZEI","cd_cep_equipamento":"02313-970","tx_horario_funcionamento":"SEG A SEX (09h-17h)","tx_numero_telefone":"(11) 4313-9847","cd_equipamento_base_origem":null}},{"type":"Feature","id":"equipamento_correios_v2.176177","geometry":{"type":"Point","coordinates":[338085.8071,7391457.4237]},"geometry_name":"ge_ponto","properties":{"cd_identificador":176177,"cd_identificador_tema_equipamento":8,"nm_tema_equipamento":"SERVICO","cd_identificador_rede_equipamento":0,"nm_rede_equipamento":"SEM REDE","tx_rede_equipamento":"Sem descrição","cd_identificador_tipo_equipamento":0,"nm_tipo_equipamento":"SEM TIPO","tx_tipo_equipamento":"SEM TIPO","cd_identificador_classe_equipamento":3,"nm_classe_equipamento":"CORREIOS","tx_classe_equipamento":"AGENCIAS DE CORREIO","cd_identificador_esfera_administrativa_equipamento":0,"nm_esfera_administrativa_equipamento":"SEM ESFERA","tx_esfera_administrativa_equipamento":"Sem descrição","cd_equipamento":null,"nm_equipamento":"AC VILA PRUDENTE","tx_endereco_equipamento":"AVENIDA PAES DE BARROS, 3247","nm_bairro_equipamento":"VILA PRUDENTE","cd_cep_equipamento":"03149-970","tx_horario_funcionamento":"SEG A SEX (09h-17h)","tx_numero_telefone":"(11) 4313-9864","cd_equipamento_base_origem":null}},{"type":"Feature","id":"equipamento_correios_v2.176178","geometry":{"type":"Point","coordinates":[338505.8035,7392613.3189]},"geometry_name":"ge_ponto","properties":{"cd_identificador":176178,"cd_identificador_tema_equipamento":8,"nm_tema_equipamento":"SERVICO","cd_identificador_rede_equipamento":0,"nm_rede_equipamento":"SEM REDE","tx_rede_equipamento":"Sem descrição","cd_identificador_tipo_equipamento":0,"nm_tipo_equipamento":"SEM TIPO","tx_tipo_equipamento":"SEM TIPO","cd_identificador_classe_equipamento":3,"nm_classe_equipamento":"CORREIOS","tx_classe_equipamento":"AGENCIAS DE CORREIO","cd_identificador_esfera_administrativa_equipamento":0,"nm_esfera_administrativa_equipamento":"SEM ESFERA","tx_esfera_administrativa_equipamento":"Sem descrição","cd_equipamento":null,"nm_equipamento":"AGF DO ORATORIO","tx_endereco_equipamento":"RUA DO ORATORIO, 2424","nm_bairro_equipamento":"ALTO DA MOOCA","cd_cep_equipamento":"03195-970","tx_horario_funcionamento":"SEG A SEX (10h-18h)","tx_numero_telefone":"(11) 2965-2727","cd_equipamento_base_origem":null}},{"type":"Feature","id":"equipamento_correios_v2.176179","geometry":{"type":"Point","coordinates":[338956.49,7394222.5177]},"geometry_name":"ge_ponto","properties":{"cd_identificador":176179,"cd_identificador_tema_equipamento":8,"nm_tema_equipamento":"SERVICO","cd_identificador_rede_equipamento":0,"nm_rede_equipamento":"SEM REDE","tx_rede_equipamento":"Sem descrição","cd_identificador_tipo_equipamento":0,"nm_tipo_equipamento":"SEM TIPO","tx_tipo_equipamento":"SEM TIPO","cd_identificador_classe_equipamento":3,"nm_classe_equipamento":"CORREIOS","tx_classe_equipamento":"AGENCIAS DE CORREIO","cd_identificador_esfera_administrativa_equipamento":0,"nm_esfera_administrativa_equipamento":"SEM ESFERA","tx_esfera_administrativa_equipamento":"Sem descrição","cd_equipamento":null,"nm_equipamento":"AC AGUA RASA","tx_endereco_equipamento":"AVENIDA ALVARO RAMOS, 2227","nm_bairro_equipamento":"QUARTA PARADA","cd_cep_equipamento":"03331-970","tx_horario_funcionamento":"SEG A SEX (09h-17h)","tx_numero_telefone":"(11) 4313-7008","cd_equipamento_base_origem":null}},{"type":"Feature","id":"equipamento_correios_v2.176180","geometry":{"type":"Point","coordinates":[339228.9835,7396309.3602]},"geometry_name":"ge_ponto","properties":{"cd_identificador":176180,"cd_identificador_tema_equipamento":8,"nm_tema_equipamento":"SERVICO","cd_identificador_rede_equipamento":0,"nm_rede_equipamento":"SEM REDE","tx_rede_equipamento":"Sem descrição","cd_identificador_tipo_equipamento":0,"nm_tipo_equipamento":"SEM TIPO","tx_tipo_equipamento":"SEM TIPO","cd_identificador_classe_equipamento":3,"nm_classe_equipamento":"CORREIOS","tx_classe_equipamento":"AGENCIAS DE CORREIO","cd_identificador_esfera_administrativa_equipamento":0,"nm_esfera_administrativa_equipamento":"SEM ESFERA","tx_esfera_administrativa_equipamento":"Sem descrição","cd_equipamento":null,"nm_equipamento":"AGF AVENIDA CELSO GARCIA","tx_endereco_equipamento":"AVENIDA CELSO GARCIA, 3868","nm_bairro_equipamento":"TATUAPE","cd_cep_equipamento":"03064-970","tx_horario_funcionamento":"SEG A SEX (09h-17h)","tx_numero_telefone":"(11) 2295-4180 / (11) 2941-1388","cd_equipamento_base_origem":null}},{"type":"Feature","id":"equipamento_correios_v2.176181","geometry":{"type":"Point","coordinates":[339395.1883,7395310.9056]},"geometry_name":"ge_ponto","properties":{"cd_identificador":176181,"cd_identificador_tema_equipamento":8,"nm_tema_equipamento":"SERVICO","cd_identificador_rede_equipamento":0,"nm_rede_equipamento":"SEM REDE","tx_rede_equipamento":"Sem descrição","cd_identificador_tipo_equipamento":0,"nm_tipo_equipamento":"SEM TIPO","tx_tipo_equipamento":"SEM TIPO","cd_identificador_classe_equipamento":3,"nm_classe_equipamento":"CORREIOS","tx_classe_equipamento":"AGENCIAS DE CORREIO","cd_identificador_esfera_administrativa_equipamento":0,"nm_esfera_administrativa_equipamento":"SEM ESFERA","tx_esfera_administrativa_equipamento":"Sem descrição","cd_equipamento":null,"nm_equipamento":"AGF PRACA SILVIO ROMERO","tx_endereco_equipamento":"RUA ISIDRO TINOCO, 147","nm_bairro_equipamento":"TATUAPE","cd_cep_equipamento":"03316-970","tx_horario_funcionamento":"SEG A SEX (10h30-19h)","tx_numero_telefone":"(11) 2293-1999","cd_equipamento_base_origem":null}},{"type":"Feature","id":"equipamento_correios_v2.176182","geometry":{"type":"Point","coordinates":[339965.5449,7394625.8098]},"geometry_name":"ge_ponto","properties":{"cd_identificador":176182,"cd_identificador_tema_equipamento":8,"nm_tema_equipamento":"SERVICO","cd_identificador_rede_equipamento":0,"nm_rede_equipamento":"SEM REDE","tx_rede_equipamento":"Sem descrição","cd_identificador_tipo_equipamento":0,"nm_tipo_equipamento":"SEM TIPO","tx_tipo_equipamento":"SEM TIPO","cd_identificador_classe_equipamento":3,"nm_classe_equipamento":"CORREIOS","tx_classe_equipamento":"AGENCIAS DE CORREIO","cd_identificador_esfera_administrativa_equipamento":0,"nm_esfera_administrativa_equipamento":"SEM ESFERA","tx_esfera_administrativa_equipamento":"Sem descrição","cd_equipamento":null,"nm_equipamento":"AGF VILA GOMES CARDIM","tx_endereco_equipamento":"RUA SERRA DO JAPI, 1308","nm_bairro_equipamento":"VILA GOMES CARDIM","cd_cep_equipamento":"03309-970","tx_horario_funcionamento":"SEG A SEX (09h-17h)","tx_numero_telefone":"(11) 2673-9424","cd_equipamento_base_origem":null}},{"type":"Feature","id":"equipamento_correios_v2.176183","geometry":{"type":"Point","coordinates":[339244.7657,7395353.9431]},"geometry_name":"ge_ponto","properties":{"cd_identificador":176183,"cd_identificador_tema_equipamento":8,"nm_tema_equipamento":"SERVICO","cd_identificador_rede_equipamento":0,"nm_rede_equipamento":"SEM REDE","tx_rede_equipamento":"Sem descrição","cd_identificador_tipo_equipamento":0,"nm_tipo_equipamento":"SEM TIPO","tx_tipo_equipamento":"SEM TIPO","cd_identificador_classe_equipamento":3,"nm_classe_equipamento":"CORREIOS","tx_classe_equipamento":"AGENCIAS DE CORREIO","cd_identificador_esfera_administrativa_equipamento":0,"nm_esfera_administrativa_equipamento":"SEM ESFERA","tx_esfera_administrativa_equipamento":"Sem descrição","cd_equipamento":null,"nm_equipamento":"AC TATUAPE","tx_endereco_equipamento":"RUA TUIUTI, 2114","nm_bairro_equipamento":"TATUAPE","cd_cep_equipamento":"","tx_horario_funcionamento":"","tx_numero_telefone":"","cd_equipamento_base_origem":null}},{"type":"Feature","id":"equipamento_correios_v2.176184","geometry":{"type":"Point","coordinates":[340548.9404,7392258.7943]},"geometry_name":"ge_ponto","properties":{"cd_identificador":176184,"cd_identificador_tema_equipamento":8,"nm_tema_equipamento":"SERVICO","cd_identificador_rede_equipamento":0,"nm_rede_equipamento":"SEM REDE","tx_rede_equipamento":"Sem descrição","cd_identificador_tipo_equipamento":0,"nm_tipo_equipamento":"SEM TIPO","tx_tipo_equipamento":"SEM TIPO","cd_identificador_classe_equipamento":3,"nm_classe_equipamento":"CORREIOS","tx_classe_equipamento":"AGENCIAS DE CORREIO","cd_identificador_esfera_administrativa_equipamento":0,"nm_esfera_administrativa_equipamento":"SEM ESFERA","tx_esfera_administrativa_equipamento":"Sem descrição","cd_equipamento":null,"nm_equipamento":"AGF VILA INVERNADA","tx_endereco_equipamento":"RUA DOUTOR GABRIEL DE RESENDE, 437","nm_bairro_equipamento":"VILA INVERNADA","cd_cep_equipamento":"03350-970","tx_horario_funcionamento":"SEG A SEX (09h-17h)","tx_numero_telefone":"(11) 2211-9882 / (11) 2965-5656","cd_equipamento_base_origem":null}},{"type":"Feature","id":"equipamento_correios_v2.176185","geometry":{"type":"Point","coordinates":[341227.9794,7392031.1663]},"geometry_name":"ge_ponto","properties":{"cd_identificador":176185,"cd_identificador_tema_equipamento":8,"nm_tema_equipamento":"SERVICO","cd_identificador_rede_equipamento":0,"nm_rede_equipamento":"SEM REDE","tx_rede_equipamento":"Sem descrição","cd_identificador_tipo_equipamento":0,"nm_tipo_equipamento":"SEM TIPO","tx_tipo_equipamento":"SEM TIPO","cd_identificador_classe_equipamento":3,"nm_classe_equipamento":"CORREIOS","tx_classe_equipamento":"AGENCIAS DE CORREIO","cd_identificador_esfera_administrativa_equipamento":0,"nm_esfera_administrativa_equipamento":"SEM ESFERA","tx_esfera_administrativa_equipamento":"Sem descrição","cd_equipamento":null,"nm_equipamento":"ACC JARDIM COLORADO","tx_endereco_equipamento":"AVENIDA SAPOPEMBA, 7670","nm_bairro_equipamento":"JARDIM PLANALTO","cd_cep_equipamento":"03989-971","tx_horario_funcionamento":"SEG A SEX (09h-17h) / SAB (08h30-12h)","tx_numero_telefone":"(11) 2143-7091","cd_equipamento_base_origem":null}},{"type":"Feature","id":"equipamento_correios_v2.176186","geometry":{"type":"Point","coordinates":[342534.3468,7390568.1664]},"geometry_name":"ge_ponto","properties":{"cd_identificador":176186,"cd_identificador_tema_equipamento":8,"nm_tema_equipamento":"SERVICO","cd_identificador_rede_equipamento":0,"nm_rede_equipamento":"SEM REDE","tx_rede_equipamento":"Sem descrição","cd_identificador_tipo_equipamento":0,"nm_tipo_equipamento":"SEM TIPO","tx_tipo_equipamento":"SEM TIPO","cd_identificador_classe_equipamento":3,"nm_classe_equipamento":"CORREIOS","tx_classe_equipamento":"AGENCIAS DE CORREIO","cd_identificador_esfera_administrativa_equipamento":0,"nm_esfera_administrativa_equipamento":"SEM ESFERA","tx_esfera_administrativa_equipamento":"Sem descrição","cd_equipamento":null,"nm_equipamento":"AC VILA ZELINA","tx_endereco_equipamento":"RUA HERWIS, 923","nm_bairro_equipamento":"VILA EMA","cd_cep_equipamento":"03279-972","tx_horario_funcionamento":"SEG A SEX (09h-17h)","tx_numero_telefone":"(11) 4313-9570","cd_equipamento_base_origem":null}},{"type":"Feature","id":"equipamento_correios_v2.176187","geometry":{"type":"Point","coordinates":[343525.3221,7390979.3373]},"geometry_name":"ge_ponto","properties":{"cd_identificador":176187,"cd_identificador_tema_equipamento":8,"nm_tema_equipamento":"SERVICO","cd_identificador_rede_equipamento":0,"nm_rede_equipamento":"SEM REDE","tx_rede_equipamento":"Sem descrição","cd_identificador_tipo_equipamento":0,"nm_tipo_equipamento":"SEM TIPO","tx_tipo_equipamento":"SEM TIPO","cd_identificador_classe_equipamento":3,"nm_classe_equipamento":"CORREIOS","tx_classe_equipamento":"AGENCIAS DE CORREIO","cd_identificador_esfera_administrativa_equipamento":0,"nm_esfera_administrativa_equipamento":"SEM ESFERA","tx_esfera_administrativa_equipamento":"Sem descrição","cd_equipamento":null,"nm_equipamento":"AGF VILA GUARANI","tx_endereco_equipamento":"AVENIDA DA BARREIRA GRANDE, 120","nm_bairro_equipamento":"JARDIM COLORADO","cd_cep_equipamento":"03386-970","tx_horario_funcionamento":"SEG A SEX (09h-17h)","tx_numero_telefone":"(11) 2918-7134 / (11) 2911-3795","cd_equipamento_base_origem":null}},{"type":"Feature","id":"equipamento_correios_v2.176188","geometry":{"type":"Point","coordinates":[342918.7845,7392624.0747]},"geometry_name":"ge_ponto","properties":{"cd_identificador":176188,"cd_identificador_tema_equipamento":8,"nm_tema_equipamento":"SERVICO","cd_identificador_rede_equipamento":0,"nm_rede_equipamento":"SEM REDE","tx_rede_equipamento":"Sem descrição","cd_identificador_tipo_equipamento":0,"nm_tipo_equipamento":"SEM TIPO","tx_tipo_equipamento":"SEM TIPO","cd_identificador_classe_equipamento":3,"nm_classe_equipamento":"CORREIOS","tx_classe_equipamento":"AGENCIAS DE CORREIO","cd_identificador_esfera_administrativa_equipamento":0,"nm_esfera_administrativa_equipamento":"SEM ESFERA","tx_esfera_administrativa_equipamento":"Sem descrição","cd_equipamento":null,"nm_equipamento":"AC VILA FORMOSA","tx_endereco_equipamento":"RUA OURICURI, 447","nm_bairro_equipamento":"VILA FORMOSA","cd_cep_equipamento":"03365-970","tx_horario_funcionamento":"SEG A SEX (09h-17h)","tx_numero_telefone":"(11) 4313-9857","cd_equipamento_base_origem":null}},{"type":"Feature","id":"equipamento_correios_v2.176189","geometry":{"type":"Point","coordinates":[341618.401,7394482.2629]},"geometry_name":"ge_ponto","properties":{"cd_identificador":176189,"cd_identificador_tema_equipamento":8,"nm_tema_equipamento":"SERVICO","cd_identificador_rede_equipamento":0,"nm_rede_equipamento":"SEM REDE","tx_rede_equipamento":"Sem descrição","cd_identificador_tipo_equipamento":0,"nm_tipo_equipamento":"SEM TIPO","tx_tipo_equipamento":"SEM TIPO","cd_identificador_classe_equipamento":3,"nm_classe_equipamento":"CORREIOS","tx_classe_equipamento":"AGENCIAS DE CORREIO","cd_identificador_esfera_administrativa_equipamento":0,"nm_esfera_administrativa_equipamento":"SEM ESFERA","tx_esfera_administrativa_equipamento":"Sem descrição","cd_equipamento":null,"nm_equipamento":"AGF CONCEICAO DO HERVAL","tx_endereco_equipamento":"PRACA CONCEICAO DO HERVAL, 23 A","nm_bairro_equipamento":"CHACARA SANTO ANTONIO","cd_cep_equipamento":"03410-970","tx_horario_funcionamento":"SEG A SEX (09h-17h)","tx_numero_telefone":"(11) 2091-9218 / (11) 2091-8822","cd_equipamento_base_origem":null}},{"type":"Feature","id":"equipamento_correios_v2.176190","geometry":{"type":"Point","coordinates":[340828.3166,7396436.8469]},"geometry_name":"ge_ponto","properties":{"cd_identificador":176190,"cd_identificador_tema_equipamento":8,"nm_tema_equipamento":"SERVICO","cd_identificador_rede_equipamento":0,"nm_rede_equipamento":"SEM REDE","tx_rede_equipamento":"Sem descrição","cd_identificador_tipo_equipamento":0,"nm_tipo_equipamento":"SEM TIPO","tx_tipo_equipamento":"SEM TIPO","cd_identificador_classe_equipamento":3,"nm_classe_equipamento":"CORREIOS","tx_classe_equipamento":"AGENCIAS DE CORREIO","cd_identificador_esfera_administrativa_equipamento":0,"nm_esfera_administrativa_equipamento":"SEM ESFERA","tx_esfera_administrativa_equipamento":"Sem descrição","cd_equipamento":null,"nm_equipamento":"AGF RUA ANTONIO DE BARROS","tx_endereco_equipamento":"RUA ANTONIO DE BARROS, 480","nm_bairro_equipamento":"TATUAPE","cd_cep_equipamento":"03089-970","tx_horario_funcionamento":"SEG A SEX (09h-17h)","tx_numero_telefone":"(11) 3926-1280","cd_equipamento_base_origem":null}},{"type":"Feature","id":"equipamento_correios_v2.176191","geometry":{"type":"Point","coordinates":[341706.4229,7395764.962]},"geometry_name":"ge_ponto","properties":{"cd_identificador":176191,"cd_identificador_tema_equipamento":8,"nm_tema_equipamento":"SERVICO","cd_identificador_rede_equipamento":0,"nm_rede_equipamento":"SEM REDE","tx_rede_equipamento":"Sem descrição","cd_identificador_tipo_equipamento":0,"nm_tipo_equipamento":"SEM TIPO","tx_tipo_equipamento":"SEM TIPO","cd_identificador_classe_equipamento":3,"nm_classe_equipamento":"CORREIOS","tx_classe_equipamento":"AGENCIAS DE CORREIO","cd_identificador_esfera_administrativa_equipamento":0,"nm_esfera_administrativa_equipamento":"SEM ESFERA","tx_esfera_administrativa_equipamento":"Sem descrição","cd_equipamento":null,"nm_equipamento":"AGF CONSELHEIRO CARRAO","tx_endereco_equipamento":"AVENIDA CONSELHEIRO CARRAO, 840 LOJA 2","nm_bairro_equipamento":"CHACARA CALIFORNIA","cd_cep_equipamento":"03402-971","tx_horario_funcionamento":"SEG A SEX (09h-17h)","tx_numero_telefone":"(11) 2941-7433","cd_equipamento_base_origem":null}},{"type":"Feature","id":"equipamento_correios_v2.176192","geometry":{"type":"Point","coordinates":[341826.4558,7397252.6311]},"geometry_name":"ge_ponto","properties":{"cd_identificador":176192,"cd_identificador_tema_equipamento":8,"nm_tema_equipamento":"SERVICO","cd_identificador_rede_equipamento":0,"nm_rede_equipamento":"SEM REDE","tx_rede_equipamento":"Sem descrição","cd_identificador_tipo_equipamento":0,"nm_tipo_equipamento":"SEM TIPO","tx_tipo_equipamento":"SEM TIPO","cd_identificador_classe_equipamento":3,"nm_classe_equipamento":"CORREIOS","tx_classe_equipamento":"AGENCIAS DE CORREIO","cd_identificador_esfera_administrativa_equipamento":0,"nm_esfera_administrativa_equipamento":"SEM ESFERA","tx_esfera_administrativa_equipamento":"Sem descrição","cd_equipamento":null,"nm_equipamento":"AC PENHA DE FRANCA","tx_endereco_equipamento":"RUA SANTO AFONSO, 176/180","nm_bairro_equipamento":"PENHA DE FRANCA","cd_cep_equipamento":"03632-970","tx_horario_funcionamento":"SEG A SEX (09h-17h)","tx_numero_telefone":"(11) 4313-9798","cd_equipamento_base_origem":null}},{"type":"Feature","id":"equipamento_correios_v2.176193","geometry":{"type":"Point","coordinates":[342492.1514,7395159.6732]},"geometry_name":"ge_ponto","properties":{"cd_identificador":176193,"cd_identificador_tema_equipamento":8,"nm_tema_equipamento":"SERVICO","cd_identificador_rede_equipamento":0,"nm_rede_equipamento":"SEM REDE","tx_rede_equipamento":"Sem descrição","cd_identificador_tipo_equipamento":0,"nm_tipo_equipamento":"SEM TIPO","tx_tipo_equipamento":"SEM TIPO","cd_identificador_classe_equipamento":3,"nm_classe_equipamento":"CORREIOS","tx_classe_equipamento":"AGENCIAS DE CORREIO","cd_identificador_esfera_administrativa_equipamento":0,"nm_esfera_administrativa_equipamento":"SEM ESFERA","tx_esfera_administrativa_equipamento":"Sem descrição","cd_equipamento":null,"nm_equipamento":"AC VILA CARRAO","tx_endereco_equipamento":"AVENIDA CONSELHEIRO CARRAO, 1864","nm_bairro_equipamento":"VILA CARRAO","cd_cep_equipamento":"03402-970","tx_horario_funcionamento":"SEG A SEX (09h-17h)","tx_numero_telefone":"(11) 4313-9568","cd_equipamento_base_origem":null}},{"type":"Feature","id":"equipamento_correios_v2.176194","geometry":{"type":"Point","coordinates":[337664.8136,7398193.2391]},"geometry_name":"ge_ponto","properties":{"cd_identificador":176194,"cd_identificador_tema_equipamento":8,"nm_tema_equipamento":"SERVICO","cd_identificador_rede_equipamento":0,"nm_rede_equipamento":"SEM REDE","tx_rede_equipamento":"Sem descrição","cd_identificador_tipo_equipamento":0,"nm_tipo_equipamento":"SEM TIPO","tx_tipo_equipamento":"SEM TIPO","cd_identificador_classe_equipamento":3,"nm_classe_equipamento":"CORREIOS","tx_classe_equipamento":"AGENCIAS DE CORREIO","cd_identificador_esfera_administrativa_equipamento":0,"nm_esfera_administrativa_equipamento":"SEM ESFERA","tx_esfera_administrativa_equipamento":"Sem descrição","cd_equipamento":null,"nm_equipamento":"AC VILA MARIA","tx_endereco_equipamento":"AVENIDA GUILHERME COTCHING, 1225","nm_bairro_equipamento":"VILA MARIA","cd_cep_equipamento":"02113-970","tx_horario_funcionamento":"SEG A SEX (09h-17h)","tx_numero_telefone":"(11) 4313-9860 / (11) 4313-9859","cd_equipamento_base_origem":null}},{"type":"Feature","id":"equipamento_correios_v2.176195","geometry":{"type":"Point","coordinates":[337654.6468,7400141.074]},"geometry_name":"ge_ponto","properties":{"cd_identificador":176195,"cd_identificador_tema_equipamento":8,"nm_tema_equipamento":"SERVICO","cd_identificador_rede_equipamento":0,"nm_rede_equipamento":"SEM REDE","tx_rede_equipamento":"Sem descrição","cd_identificador_tipo_equipamento":0,"nm_tipo_equipamento":"SEM TIPO","tx_tipo_equipamento":"SEM TIPO","cd_identificador_classe_equipamento":3,"nm_classe_equipamento":"CORREIOS","tx_classe_equipamento":"AGENCIAS DE CORREIO","cd_identificador_esfera_administrativa_equipamento":0,"nm_esfera_administrativa_equipamento":"SEM ESFERA","tx_esfera_administrativa_equipamento":"Sem descrição","cd_equipamento":null,"nm_equipamento":"AGF MARIA MONTESSORI","tx_endereco_equipamento":"PRACA MARIA MONTESSORI, 25/31","nm_bairro_equipamento":"VILA MARIA ALTA","cd_cep_equipamento":"02127-971","tx_horario_funcionamento":"SEG A SEX (09h-17h)","tx_numero_telefone":"(11) 2207-4977 / (11) 2631-0318","cd_equipamento_base_origem":null}},{"type":"Feature","id":"equipamento_correios_v2.176196","geometry":{"type":"Point","coordinates":[339890.6833,7398171.4648]},"geometry_name":"ge_ponto","properties":{"cd_identificador":176196,"cd_identificador_tema_equipamento":8,"nm_tema_equipamento":"SERVICO","cd_identificador_rede_equipamento":0,"nm_rede_equipamento":"SEM REDE","tx_rede_equipamento":"Sem descrição","cd_identificador_tipo_equipamento":0,"nm_tipo_equipamento":"SEM TIPO","tx_tipo_equipamento":"SEM TIPO","cd_identificador_classe_equipamento":3,"nm_classe_equipamento":"CORREIOS","tx_classe_equipamento":"AGENCIAS DE CORREIO","cd_identificador_esfera_administrativa_equipamento":0,"nm_esfera_administrativa_equipamento":"SEM ESFERA","tx_esfera_administrativa_equipamento":"Sem descrição","cd_equipamento":null,"nm_equipamento":"AGF PARQUE NOVO MUNDO","tx_endereco_equipamento":"AVENIDA SERAFIM GONCALVES PEREIRA, 639","nm_bairro_equipamento":"PARQUE NOVO MUNDO","cd_cep_equipamento":"02179-970","tx_horario_funcionamento":"SEG A SEX (09h-17h)","tx_numero_telefone":"(11) 2967-1566","cd_equipamento_base_origem":null}},{"type":"Feature","id":"equipamento_correios_v2.176197","geometry":{"type":"Point","coordinates":[338834.2366,7399392.7857]},"geometry_name":"ge_ponto","properties":{"cd_identificador":176197,"cd_identificador_tema_equipamento":8,"nm_tema_equipamento":"SERVICO","cd_identificador_rede_equipamento":0,"nm_rede_equipamento":"SEM REDE","tx_rede_equipamento":"Sem descrição","cd_identificador_tipo_equipamento":0,"nm_tipo_equipamento":"SEM TIPO","tx_tipo_equipamento":"SEM TIPO","cd_identificador_classe_equipamento":3,"nm_classe_equipamento":"CORREIOS","tx_classe_equipamento":"AGENCIAS DE CORREIO","cd_identificador_esfera_administrativa_equipamento":0,"nm_esfera_administrativa_equipamento":"SEM ESFERA","tx_esfera_administrativa_equipamento":"Sem descrição","cd_equipamento":null,"nm_equipamento":"AGF OSAKA","tx_endereco_equipamento":"AVENIDA DAS CEREJEIRAS, 1065","nm_bairro_equipamento":"JARDIM JAPAO","cd_cep_equipamento":"02124-970","tx_horario_funcionamento":"SEG A SEX (09h-17h) / SAB (08h-12h)","tx_numero_telefone":"(11) 2985-7358 / (11) 2985-7357","cd_equipamento_base_origem":null}},{"type":"Feature","id":"equipamento_correios_v2.176198","geometry":{"type":"Point","coordinates":[337151.5144,7401391.052]},"geometry_name":"ge_ponto","properties":{"cd_identificador":176198,"cd_identificador_tema_equipamento":8,"nm_tema_equipamento":"SERVICO","cd_identificador_rede_equipamento":0,"nm_rede_equipamento":"SEM REDE","tx_rede_equipamento":"Sem descrição","cd_identificador_tipo_equipamento":0,"nm_tipo_equipamento":"SEM TIPO","tx_tipo_equipamento":"SEM TIPO","cd_identificador_classe_equipamento":3,"nm_classe_equipamento":"CORREIOS","tx_classe_equipamento":"AGENCIAS DE CORREIO","cd_identificador_esfera_administrativa_equipamento":0,"nm_esfera_administrativa_equipamento":"SEM ESFERA","tx_esfera_administrativa_equipamento":"Sem descrição","cd_equipamento":null,"nm_equipamento":"AGF BUONO","tx_endereco_equipamento":"AVENIDA JULIO BUONO, 1111","nm_bairro_equipamento":"VILA GUSTAVO","cd_cep_equipamento":"02201-971","tx_horario_funcionamento":"SEG A SEX (09h-17h)","tx_numero_telefone":"(11) 3476-9835 / (11) 3476-5191","cd_equipamento_base_origem":null}},{"type":"Feature","id":"equipamento_correios_v2.176199","geometry":{"type":"Point","coordinates":[338181.7929,7403644.1644]},"geometry_name":"ge_ponto","properties":{"cd_identificador":176199,"cd_identificador_tema_equipamento":8,"nm_tema_equipamento":"SERVICO","cd_identificador_rede_equipamento":0,"nm_rede_equipamento":"SEM REDE","tx_rede_equipamento":"Sem descrição","cd_identificador_tipo_equipamento":0,"nm_tipo_equipamento":"SEM TIPO","tx_tipo_equipamento":"SEM TIPO","cd_identificador_classe_equipamento":3,"nm_classe_equipamento":"CORREIOS","tx_classe_equipamento":"AGENCIAS DE CORREIO","cd_identificador_esfera_administrativa_equipamento":0,"nm_esfera_administrativa_equipamento":"SEM ESFERA","tx_esfera_administrativa_equipamento":"Sem descrição","cd_equipamento":null,"nm_equipamento":"ACC GUAPIRA","tx_endereco_equipamento":"AVENIDA GUAPIRA, 2378","nm_bairro_equipamento":"TUCURUVI","cd_cep_equipamento":"02265-970","tx_horario_funcionamento":"SEG A SEX (09h-17h) / SAB (09h-12h)","tx_numero_telefone":"(11) 2241-0784","cd_equipamento_base_origem":null}},{"type":"Feature","id":"equipamento_correios_v2.176200","geometry":{"type":"Point","coordinates":[339171.79,7400947.944]},"geometry_name":"ge_ponto","properties":{"cd_identificador":176200,"cd_identificador_tema_equipamento":8,"nm_tema_equipamento":"SERVICO","cd_identificador_rede_equipamento":0,"nm_rede_equipamento":"SEM REDE","tx_rede_equipamento":"Sem descrição","cd_identificador_tipo_equipamento":0,"nm_tipo_equipamento":"SEM TIPO","tx_tipo_equipamento":"SEM TIPO","cd_identificador_classe_equipamento":3,"nm_classe_equipamento":"CORREIOS","tx_classe_equipamento":"AGENCIAS DE CORREIO","cd_identificador_esfera_administrativa_equipamento":0,"nm_esfera_administrativa_equipamento":"SEM ESFERA","tx_esfera_administrativa_equipamento":"Sem descrição","cd_equipamento":null,"nm_equipamento":"AC JARDIM JAPAO","tx_endereco_equipamento":"AVENIDA PROFESSOR CASTRO JUNIOR, 96","nm_bairro_equipamento":"VILA SABRINA","cd_cep_equipamento":"02138-970","tx_horario_funcionamento":"SEG A SEX (09h-17h)","tx_numero_telefone":"(11) 4313-9772","cd_equipamento_base_origem":null}},{"type":"Feature","id":"equipamento_correios_v2.176201","geometry":{"type":"Point","coordinates":[338659.725,7402462.4295]},"geometry_name":"ge_ponto","properties":{"cd_identificador":176201,"cd_identificador_tema_equipamento":8,"nm_tema_equipamento":"SERVICO","cd_identificador_rede_equipamento":0,"nm_rede_equipamento":"SEM REDE","tx_rede_equipamento":"Sem descrição","cd_identificador_tipo_equipamento":0,"nm_tipo_equipamento":"SEM TIPO","tx_tipo_equipamento":"SEM TIPO","cd_identificador_classe_equipamento":3,"nm_classe_equipamento":"CORREIOS","tx_classe_equipamento":"AGENCIAS DE CORREIO","cd_identificador_esfera_administrativa_equipamento":0,"nm_esfera_administrativa_equipamento":"SEM ESFERA","tx_esfera_administrativa_equipamento":"Sem descrição","cd_equipamento":null,"nm_equipamento":"AGF JARDIM BRASIL","tx_endereco_equipamento":"AVENIDA ROLAND GARROS, 818","nm_bairro_equipamento":"PARQUE EDU CHAVES","cd_cep_equipamento":"02235-971","tx_horario_funcionamento":"SEG A SEX (09h-17h) / SAB (08h-12h)","tx_numero_telefone":"(11) 2242-6717 / (11) 2242-4791","cd_equipamento_base_origem":null}},{"type":"Feature","id":"equipamento_correios_v2.176202","geometry":{"type":"Point","coordinates":[339599.6354,7403075.8609]},"geometry_name":"ge_ponto","properties":{"cd_identificador":176202,"cd_identificador_tema_equipamento":8,"nm_tema_equipamento":"SERVICO","cd_identificador_rede_equipamento":0,"nm_rede_equipamento":"SEM REDE","tx_rede_equipamento":"Sem descrição","cd_identificador_tipo_equipamento":0,"nm_tipo_equipamento":"SEM TIPO","tx_tipo_equipamento":"SEM TIPO","cd_identificador_classe_equipamento":3,"nm_classe_equipamento":"CORREIOS","tx_classe_equipamento":"AGENCIAS DE CORREIO","cd_identificador_esfera_administrativa_equipamento":0,"nm_esfera_administrativa_equipamento":"SEM ESFERA","tx_esfera_administrativa_equipamento":"Sem descrição","cd_equipamento":null,"nm_equipamento":"ACC EDU CHAVES","tx_endereco_equipamento":"AVENIDA EDU CHAVES, 804","nm_bairro_equipamento":"PARQUE EDU CHAVES","cd_cep_equipamento":"02229-970","tx_horario_funcionamento":"SEG A SEX (08h30-18h) / SAB (08h-12h)","tx_numero_telefone":"(11) 2249-1024 / (11) 2249-1728","cd_equipamento_base_origem":null}},{"type":"Feature","id":"equipamento_correios_v2.176203","geometry":{"type":"Point","coordinates":[343427.0032,7397775.64]},"geometry_name":"ge_ponto","properties":{"cd_identificador":176203,"cd_identificador_tema_equipamento":8,"nm_tema_equipamento":"SERVICO","cd_identificador_rede_equipamento":0,"nm_rede_equipamento":"SEM REDE","tx_rede_equipamento":"Sem descrição","cd_identificador_tipo_equipamento":0,"nm_tipo_equipamento":"SEM TIPO","tx_tipo_equipamento":"SEM TIPO","cd_identificador_classe_equipamento":3,"nm_classe_equipamento":"CORREIOS","tx_classe_equipamento":"AGENCIAS DE CORREIO","cd_identificador_esfera_administrativa_equipamento":0,"nm_esfera_administrativa_equipamento":"SEM ESFERA","tx_esfera_administrativa_equipamento":"Sem descrição","cd_equipamento":null,"nm_equipamento":"AGF AVENIDA AMADOR BUENO","tx_endereco_equipamento":"RUA ENEAS DE BARROS, 41","nm_bairro_equipamento":"VILA SANTANA","cd_cep_equipamento":"03613-970","tx_horario_funcionamento":"SEG A SEX (09h-17h)","tx_numero_telefone":"(11) 2682-4403 / (11) 2957-0851","cd_equipamento_base_origem":null}},{"type":"Feature","id":"equipamento_correios_v2.176204","geometry":{"type":"Point","coordinates":[342762.7501,7399112.2412]},"geometry_name":"ge_ponto","properties":{"cd_identificador":176204,"cd_identificador_tema_equipamento":8,"nm_tema_equipamento":"SERVICO","cd_identificador_rede_equipamento":0,"nm_rede_equipamento":"SEM REDE","tx_rede_equipamento":"Sem descrição","cd_identificador_tipo_equipamento":0,"nm_tipo_equipamento":"SEM TIPO","tx_tipo_equipamento":"SEM TIPO","cd_identificador_classe_equipamento":3,"nm_classe_equipamento":"CORREIOS","tx_classe_equipamento":"AGENCIAS DE CORREIO","cd_identificador_esfera_administrativa_equipamento":0,"nm_esfera_administrativa_equipamento":"SEM ESFERA","tx_esfera_administrativa_equipamento":"Sem descrição","cd_equipamento":null,"nm_equipamento":"AC CANGAIBA","tx_endereco_equipamento":"AVENIDA CANGAIBA, 1448","nm_bairro_equipamento":"CANGAIBA","cd_cep_equipamento":"03712-970","tx_horario_funcionamento":"SEG A SEX (09h-17h)","tx_numero_telefone":"(11) 4313-9725","cd_equipamento_base_origem":null}},{"type":"Feature","id":"equipamento_correios_v2.176205","geometry":{"type":"Point","coordinates":[336305.7316,7404879.362]},"geometry_name":"ge_ponto","properties":{"cd_identificador":176205,"cd_identificador_tema_equipamento":8,"nm_tema_equipamento":"SERVICO","cd_identificador_rede_equipamento":0,"nm_rede_equipamento":"SEM REDE","tx_rede_equipamento":"Sem descrição","cd_identificador_tipo_equipamento":0,"nm_tipo_equipamento":"SEM TIPO","tx_tipo_equipamento":"SEM TIPO","cd_identificador_classe_equipamento":3,"nm_classe_equipamento":"CORREIOS","tx_classe_equipamento":"AGENCIAS DE CORREIO","cd_identificador_esfera_administrativa_equipamento":0,"nm_esfera_administrativa_equipamento":"SEM ESFERA","tx_esfera_administrativa_equipamento":"Sem descrição","cd_equipamento":null,"nm_equipamento":"ACC SEZEFREDO FAGUNDES","tx_endereco_equipamento":"AVENIDA CORONEL SEZEFREDO FAGUNDES, 2431","nm_bairro_equipamento":"JARDIM TREMEMBE","cd_cep_equipamento":"02306-971","tx_horario_funcionamento":"SEG A SEX (09h-17h) / SAB (08h-12h)","tx_numero_telefone":"(11) 6203-8874 / (11) 2203-8874","cd_equipamento_base_origem":null}},{"type":"Feature","id":"equipamento_correios_v2.176206","geometry":{"type":"Point","coordinates":[345177.9206,7393438.9513]},"geometry_name":"ge_ponto","properties":{"cd_identificador":176206,"cd_identificador_tema_equipamento":8,"nm_tema_equipamento":"SERVICO","cd_identificador_rede_equipamento":0,"nm_rede_equipamento":"SEM REDE","tx_rede_equipamento":"Sem descrição","cd_identificador_tipo_equipamento":0,"nm_tipo_equipamento":"SEM TIPO","tx_tipo_equipamento":"SEM TIPO","cd_identificador_classe_equipamento":3,"nm_classe_equipamento":"CORREIOS","tx_classe_equipamento":"AGENCIAS DE CORREIO","cd_identificador_esfera_administrativa_equipamento":0,"nm_esfera_administrativa_equipamento":"SEM ESFERA","tx_esfera_administrativa_equipamento":"Sem descrição","cd_equipamento":null,"nm_equipamento":"AGF RIO DAS PEDRAS","tx_endereco_equipamento":"AVENIDA RIO DAS PEDRAS, 555 BOX 8","nm_bairro_equipamento":"JARDIM ARICANDUVA","cd_cep_equipamento":"03453-971","tx_horario_funcionamento":"SEG A SEX (09h-19h) / SAB (09h-14h)","tx_numero_telefone":"(11) 2783-7604","cd_equipamento_base_origem":null}},{"type":"Feature","id":"equipamento_correios_v2.176207","geometry":{"type":"Point","coordinates":[345464.3083,7392026.9175]},"geometry_name":"ge_ponto","properties":{"cd_identificador":176207,"cd_identificador_tema_equipamento":8,"nm_tema_equipamento":"SERVICO","cd_identificador_rede_equipamento":0,"nm_rede_equipamento":"SEM REDE","tx_rede_equipamento":"Sem descrição","cd_identificador_tipo_equipamento":0,"nm_tipo_equipamento":"SEM TIPO","tx_tipo_equipamento":"SEM TIPO","cd_identificador_classe_equipamento":3,"nm_classe_equipamento":"CORREIOS","tx_classe_equipamento":"AGENCIAS DE CORREIO","cd_identificador_esfera_administrativa_equipamento":0,"nm_esfera_administrativa_equipamento":"SEM ESFERA","tx_esfera_administrativa_equipamento":"Sem descrição","cd_equipamento":null,"nm_equipamento":"AGF VILA ANTONIETA","tx_endereco_equipamento":"AVENIDA INCONFIDENCIA MINEIRA, 1309","nm_bairro_equipamento":"VILA ANTONIETA","cd_cep_equipamento":"03476-970","tx_horario_funcionamento":"SEG A SEX (09h-17h)","tx_numero_telefone":"(11) 3836-2370 / (11) 2725-1983 / (11) 9163-0447","cd_equipamento_base_origem":null}},{"type":"Feature","id":"equipamento_correios_v2.176208","geometry":{"type":"Point","coordinates":[346921.8791,7393481.8889]},"geometry_name":"ge_ponto","properties":{"cd_identificador":176208,"cd_identificador_tema_equipamento":8,"nm_tema_equipamento":"SERVICO","cd_identificador_rede_equipamento":0,"nm_rede_equipamento":"SEM REDE","tx_rede_equipamento":"Sem descrição","cd_identificador_tipo_equipamento":0,"nm_tipo_equipamento":"SEM TIPO","tx_tipo_equipamento":"SEM TIPO","cd_identificador_classe_equipamento":3,"nm_classe_equipamento":"CORREIOS","tx_classe_equipamento":"AGENCIAS DE CORREIO","cd_identificador_esfera_administrativa_equipamento":0,"nm_esfera_administrativa_equipamento":"SEM ESFERA","tx_esfera_administrativa_equipamento":"Sem descrição","cd_equipamento":null,"nm_equipamento":"AGF JARDIM MARILIA","tx_endereco_equipamento":"RUA FRANCESCO MELZI, 116","nm_bairro_equipamento":"JARDIM MARILIA","cd_cep_equipamento":"03579-970","tx_horario_funcionamento":"SEG A SEX (09h-18h)","tx_numero_telefone":"(11) 2749-7222","cd_equipamento_base_origem":null}},{"type":"Feature","id":"equipamento_correios_v2.176209","geometry":{"type":"Point","coordinates":[344486.2575,7393948.8837]},"geometry_name":"ge_ponto","properties":{"cd_identificador":176209,"cd_identificador_tema_equipamento":8,"nm_tema_equipamento":"SERVICO","cd_identificador_rede_equipamento":0,"nm_rede_equipamento":"SEM REDE","tx_rede_equipamento":"Sem descrição","cd_identificador_tipo_equipamento":0,"nm_tipo_equipamento":"SEM TIPO","tx_tipo_equipamento":"SEM TIPO","cd_identificador_classe_equipamento":3,"nm_classe_equipamento":"CORREIOS","tx_classe_equipamento":"AGENCIAS DE CORREIO","cd_identificador_esfera_administrativa_equipamento":0,"nm_esfera_administrativa_equipamento":"SEM ESFERA","tx_esfera_administrativa_equipamento":"Sem descrição","cd_equipamento":null,"nm_equipamento":"AGF AMARO SOBRINHO","tx_endereco_equipamento":"AVENIDA DEZENOVE DE JANEIRO, 667","nm_bairro_equipamento":"VILA CARRAO","cd_cep_equipamento":"03449-970","tx_horario_funcionamento":"SEG A SEX (09h-17h)","tx_numero_telefone":"(11) 2785-1920","cd_equipamento_base_origem":null}},{"type":"Feature","id":"equipamento_correios_v2.176210","geometry":{"type":"Point","coordinates":[344348.8596,7395821.3195]},"geometry_name":"ge_ponto","properties":{"cd_identificador":176210,"cd_identificador_tema_equipamento":8,"nm_tema_equipamento":"SERVICO","cd_identificador_rede_equipamento":0,"nm_rede_equipamento":"SEM REDE","tx_rede_equipamento":"Sem descrição","cd_identificador_tipo_equipamento":0,"nm_tipo_equipamento":"SEM TIPO","tx_tipo_equipamento":"SEM TIPO","cd_identificador_classe_equipamento":3,"nm_classe_equipamento":"CORREIOS","tx_classe_equipamento":"AGENCIAS DE CORREIO","cd_identificador_esfera_administrativa_equipamento":0,"nm_esfera_administrativa_equipamento":"SEM ESFERA","tx_esfera_administrativa_equipamento":"Sem descrição","cd_equipamento":null,"nm_equipamento":"AC VILA MATILDE","tx_endereco_equipamento":"RUA DONA MATILDE, 922","nm_bairro_equipamento":"VILA MATILDE","cd_cep_equipamento":"03512-970","tx_horario_funcionamento":"SEG A SEX (09h-17h)","tx_numero_telefone":"(11) 4313-9563","cd_equipamento_base_origem":null}},{"type":"Feature","id":"equipamento_correios_v2.176211","geometry":{"type":"Point","coordinates":[345710.7888,7395117.0862]},"geometry_name":"ge_ponto","properties":{"cd_identificador":176211,"cd_identificador_tema_equipamento":8,"nm_tema_equipamento":"SERVICO","cd_identificador_rede_equipamento":0,"nm_rede_equipamento":"SEM REDE","tx_rede_equipamento":"Sem descrição","cd_identificador_tipo_equipamento":0,"nm_tipo_equipamento":"SEM TIPO","tx_tipo_equipamento":"SEM TIPO","cd_identificador_classe_equipamento":3,"nm_classe_equipamento":"CORREIOS","tx_classe_equipamento":"AGENCIAS DE CORREIO","cd_identificador_esfera_administrativa_equipamento":0,"nm_esfera_administrativa_equipamento":"SEM ESFERA","tx_esfera_administrativa_equipamento":"Sem descrição","cd_equipamento":null,"nm_equipamento":"AGF VILA TALARICO","tx_endereco_equipamento":"AVENIDA WALDEMAR CARLOS PEREIRA, 1650","nm_bairro_equipamento":"VILA TALARICO","cd_cep_equipamento":"03533-971","tx_horario_funcionamento":"SEG A SEX (09h-18h)","tx_numero_telefone":"(11) 2651-7261","cd_equipamento_base_origem":null}},{"type":"Feature","id":"equipamento_correios_v2.176212","geometry":{"type":"Point","coordinates":[347437.4154,7395581.8993]},"geometry_name":"ge_ponto","properties":{"cd_identificador":176212,"cd_identificador_tema_equipamento":8,"nm_tema_equipamento":"SERVICO","cd_identificador_rede_equipamento":0,"nm_rede_equipamento":"SEM REDE","tx_rede_equipamento":"Sem descrição","cd_identificador_tipo_equipamento":0,"nm_tipo_equipamento":"SEM TIPO","tx_tipo_equipamento":"SEM TIPO","cd_identificador_classe_equipamento":3,"nm_classe_equipamento":"CORREIOS","tx_classe_equipamento":"AGENCIAS DE CORREIO","cd_identificador_esfera_administrativa_equipamento":0,"nm_esfera_administrativa_equipamento":"SEM ESFERA","tx_esfera_administrativa_equipamento":"Sem descrição","cd_equipamento":null,"nm_equipamento":"AC ARTUR ALVIM","tx_endereco_equipamento":"AVENIDA DOUTOR PEREIRA VERGUEIRO, 517","nm_bairro_equipamento":"VILA NHOCUNE","cd_cep_equipamento":"03563-970","tx_horario_funcionamento":"SEG A SEX (09h-17h)","tx_numero_telefone":"(11) 4313-9695","cd_equipamento_base_origem":null}},{"type":"Feature","id":"equipamento_correios_v2.176213","geometry":{"type":"Point","coordinates":[332428.9824,7394611.3561]},"geometry_name":"ge_ponto","properties":{"cd_identificador":176213,"cd_identificador_tema_equipamento":8,"nm_tema_equipamento":"SERVICO","cd_identificador_rede_equipamento":0,"nm_rede_equipamento":"SEM REDE","tx_rede_equipamento":"Sem descrição","cd_identificador_tipo_equipamento":0,"nm_tipo_equipamento":"SEM TIPO","tx_tipo_equipamento":"SEM TIPO","cd_identificador_classe_equipamento":3,"nm_classe_equipamento":"CORREIOS","tx_classe_equipamento":"AGENCIAS DE CORREIO","cd_identificador_esfera_administrativa_equipamento":0,"nm_esfera_administrativa_equipamento":"SEM ESFERA","tx_esfera_administrativa_equipamento":"Sem descrição","cd_equipamento":null,"nm_equipamento":"AGF NOVE DE JULHO","tx_endereco_equipamento":"RUA SANTO ANTONIO, 300","nm_bairro_equipamento":"BELA VISTA","cd_cep_equipamento":"01314-971","tx_horario_funcionamento":"SEG A SEX (09h-17h)","tx_numero_telefone":"(11) 3107-0571","cd_equipamento_base_origem":null}},{"type":"Feature","id":"equipamento_correios_v2.176214","geometry":{"type":"Point","coordinates":[348871.2061,7396048.4463]},"geometry_name":"ge_ponto","properties":{"cd_identificador":176214,"cd_identificador_tema_equipamento":8,"nm_tema_equipamento":"SERVICO","cd_identificador_rede_equipamento":0,"nm_rede_equipamento":"SEM REDE","tx_rede_equipamento":"Sem descrição","cd_identificador_tipo_equipamento":0,"nm_tipo_equipamento":"SEM TIPO","tx_tipo_equipamento":"SEM TIPO","cd_identificador_classe_equipamento":3,"nm_classe_equipamento":"CORREIOS","tx_classe_equipamento":"AGENCIAS DE CORREIO","cd_identificador_esfera_administrativa_equipamento":0,"nm_esfera_administrativa_equipamento":"SEM ESFERA","tx_esfera_administrativa_equipamento":"Sem descrição","cd_equipamento":null,"nm_equipamento":"AGF ANTONIO D AMIN","tx_endereco_equipamento":"RUA ANTONIO DAMIN, 414","nm_bairro_equipamento":"JARDIM DAS OLIVEIRA","cd_cep_equipamento":"08122-970","tx_horario_funcionamento":"SEG A SEX (09h-17h)","tx_numero_telefone":"(11) 2963-2430","cd_equipamento_base_origem":null}},{"type":"Feature","id":"equipamento_correios_v2.176215","geometry":{"type":"Point","coordinates":[349564.081,7396529.1305]},"geometry_name":"ge_ponto","properties":{"cd_identificador":176215,"cd_identificador_tema_equipamento":8,"nm_tema_equipamento":"SERVICO","cd_identificador_rede_equipamento":0,"nm_rede_equipamento":"SEM REDE","tx_rede_equipamento":"Sem descrição","cd_identificador_tipo_equipamento":0,"nm_tipo_equipamento":"SEM TIPO","tx_tipo_equipamento":"SEM TIPO","cd_identificador_classe_equipamento":3,"nm_classe_equipamento":"CORREIOS","tx_classe_equipamento":"AGENCIAS DE CORREIO","cd_identificador_esfera_administrativa_equipamento":0,"nm_esfera_administrativa_equipamento":"SEM ESFERA","tx_esfera_administrativa_equipamento":"Sem descrição","cd_equipamento":null,"nm_equipamento":"AGF PARQUE PAINEIRAS","tx_endereco_equipamento":"AVENIDA AGUIA DE HAIA, 1302","nm_bairro_equipamento":"ARTUR ALVIM","cd_cep_equipamento":"03694-970","tx_horario_funcionamento":"SEG A SEX (10h-18h)","tx_numero_telefone":"(11) 2280-4533 / (11) 2280-2202","cd_equipamento_base_origem":null}},{"type":"Feature","id":"equipamento_correios_v2.176216","geometry":{"type":"Point","coordinates":[345036.7977,7397840.5038]},"geometry_name":"ge_ponto","properties":{"cd_identificador":176216,"cd_identificador_tema_equipamento":8,"nm_tema_equipamento":"SERVICO","cd_identificador_rede_equipamento":0,"nm_rede_equipamento":"SEM REDE","tx_rede_equipamento":"Sem descrição","cd_identificador_tipo_equipamento":0,"nm_tipo_equipamento":"SEM TIPO","tx_tipo_equipamento":"SEM TIPO","cd_identificador_classe_equipamento":3,"nm_classe_equipamento":"CORREIOS","tx_classe_equipamento":"AGENCIAS DE CORREIO","cd_identificador_esfera_administrativa_equipamento":0,"nm_esfera_administrativa_equipamento":"SEM ESFERA","tx_esfera_administrativa_equipamento":"Sem descrição","cd_equipamento":null,"nm_equipamento":"AC VILA ESPERANCA","tx_endereco_equipamento":"AVENIDA AMADOR BUENO DA VEIGA, 2935","nm_bairro_equipamento":"PENHA DE FRANCA","cd_cep_equipamento":"03653-970","tx_horario_funcionamento":"SEG A SEX (09h-17h)","tx_numero_telefone":"(11) 4313-9856","cd_equipamento_base_origem":null}},{"type":"Feature","id":"equipamento_correios_v2.176217","geometry":{"type":"Point","coordinates":[344828.9036,7399722.1311]},"geometry_name":"ge_ponto","properties":{"cd_identificador":176217,"cd_identificador_tema_equipamento":8,"nm_tema_equipamento":"SERVICO","cd_identificador_rede_equipamento":0,"nm_rede_equipamento":"SEM REDE","tx_rede_equipamento":"Sem descrição","cd_identificador_tipo_equipamento":0,"nm_tipo_equipamento":"SEM TIPO","tx_tipo_equipamento":"SEM TIPO","cd_identificador_classe_equipamento":3,"nm_classe_equipamento":"CORREIOS","tx_classe_equipamento":"AGENCIAS DE CORREIO","cd_identificador_esfera_administrativa_equipamento":0,"nm_esfera_administrativa_equipamento":"SEM ESFERA","tx_esfera_administrativa_equipamento":"Sem descrição","cd_equipamento":null,"nm_equipamento":"AC ENGENHEIRO GOULART","tx_endereco_equipamento":"AVENIDA CANGAIBA, 3874","nm_bairro_equipamento":"ENGENHEIRO GOULART","cd_cep_equipamento":"","tx_horario_funcionamento":"","tx_numero_telefone":"","cd_equipamento_base_origem":null}},{"type":"Feature","id":"equipamento_correios_v2.176218","geometry":{"type":"Point","coordinates":[347585.0436,7399464.4498]},"geometry_name":"ge_ponto","properties":{"cd_identificador":176218,"cd_identificador_tema_equipamento":8,"nm_tema_equipamento":"SERVICO","cd_identificador_rede_equipamento":0,"nm_rede_equipamento":"SEM REDE","tx_rede_equipamento":"Sem descrição","cd_identificador_tipo_equipamento":0,"nm_tipo_equipamento":"SEM TIPO","tx_tipo_equipamento":"SEM TIPO","cd_identificador_classe_equipamento":3,"nm_classe_equipamento":"CORREIOS","tx_classe_equipamento":"AGENCIAS DE CORREIO","cd_identificador_esfera_administrativa_equipamento":0,"nm_esfera_administrativa_equipamento":"SEM ESFERA","tx_esfera_administrativa_equipamento":"Sem descrição","cd_equipamento":null,"nm_equipamento":"AC PONTE RASA","tx_endereco_equipamento":"AVENIDA SAO MIGUEL, 4205","nm_bairro_equipamento":"VILA RIO BRANCO","cd_cep_equipamento":"03871-970","tx_horario_funcionamento":"SEG A SEX (09h-17h)","tx_numero_telefone":"(11) 4313-9802","cd_equipamento_base_origem":null}},{"type":"Feature","id":"equipamento_correios_v2.176219","geometry":{"type":"Point","coordinates":[348947.2478,7401708.322]},"geometry_name":"ge_ponto","properties":{"cd_identificador":176219,"cd_identificador_tema_equipamento":8,"nm_tema_equipamento":"SERVICO","cd_identificador_rede_equipamento":0,"nm_rede_equipamento":"SEM REDE","tx_rede_equipamento":"Sem descrição","cd_identificador_tipo_equipamento":0,"nm_tipo_equipamento":"SEM TIPO","tx_tipo_equipamento":"SEM TIPO","cd_identificador_classe_equipamento":3,"nm_classe_equipamento":"CORREIOS","tx_classe_equipamento":"AGENCIAS DE CORREIO","cd_identificador_esfera_administrativa_equipamento":0,"nm_esfera_administrativa_equipamento":"SEM ESFERA","tx_esfera_administrativa_equipamento":"Sem descrição","cd_equipamento":null,"nm_equipamento":"AC ERMELINO MATARAZZO","tx_endereco_equipamento":"AVENIDA PARANAGUA, 2088","nm_bairro_equipamento":"VILA PARANAGUA","cd_cep_equipamento":"03806-970","tx_horario_funcionamento":"SEG A SEX (09h-17h)","tx_numero_telefone":"(11) 4313-9738","cd_equipamento_base_origem":null}},{"type":"Feature","id":"equipamento_correios_v2.176220","geometry":{"type":"Point","coordinates":[351310.14,7396205.1933]},"geometry_name":"ge_ponto","properties":{"cd_identificador":176220,"cd_identificador_tema_equipamento":8,"nm_tema_equipamento":"SERVICO","cd_identificador_rede_equipamento":0,"nm_rede_equipamento":"SEM REDE","tx_rede_equipamento":"Sem descrição","cd_identificador_tipo_equipamento":0,"nm_tipo_equipamento":"SEM TIPO","tx_tipo_equipamento":"SEM TIPO","cd_identificador_classe_equipamento":3,"nm_classe_equipamento":"CORREIOS","tx_classe_equipamento":"AGENCIAS DE CORREIO","cd_identificador_esfera_administrativa_equipamento":0,"nm_esfera_administrativa_equipamento":"SEM ESFERA","tx_esfera_administrativa_equipamento":"Sem descrição","cd_equipamento":null,"nm_equipamento":"AC ITAQUERA","tx_endereco_equipamento":"RUA ITAGIMIRIM, 56/60","nm_bairro_equipamento":"ITAQUERA","cd_cep_equipamento":"08220-971","tx_horario_funcionamento":"SEG A SEX (09h-17h)","tx_numero_telefone":"(11) 4313-9766","cd_equipamento_base_origem":null}},{"type":"Feature","id":"equipamento_correios_v2.176221","geometry":{"type":"Point","coordinates":[353353.3979,7395440.4602]},"geometry_name":"ge_ponto","properties":{"cd_identificador":176221,"cd_identificador_tema_equipamento":8,"nm_tema_equipamento":"SERVICO","cd_identificador_rede_equipamento":0,"nm_rede_equipamento":"SEM REDE","tx_rede_equipamento":"Sem descrição","cd_identificador_tipo_equipamento":0,"nm_tipo_equipamento":"SEM TIPO","tx_tipo_equipamento":"SEM TIPO","cd_identificador_classe_equipamento":3,"nm_classe_equipamento":"CORREIOS","tx_classe_equipamento":"AGENCIAS DE CORREIO","cd_identificador_esfera_administrativa_equipamento":0,"nm_esfera_administrativa_equipamento":"SEM ESFERA","tx_esfera_administrativa_equipamento":"Sem descrição","cd_equipamento":null,"nm_equipamento":"AC COHAB ITAQUERA","tx_endereco_equipamento":"RUA AUGUSTO CAVALCANTI, 149","nm_bairro_equipamento":"CONJUNTO RESIDENCIA","cd_cep_equipamento":"08253-970","tx_horario_funcionamento":"SEG A SEX (09h-17h)","tx_numero_telefone":"(11) 4313-9591","cd_equipamento_base_origem":null}},{"type":"Feature","id":"equipamento_correios_v2.176222","geometry":{"type":"Point","coordinates":[356003.8864,7395815.5561]},"geometry_name":"ge_ponto","properties":{"cd_identificador":176222,"cd_identificador_tema_equipamento":8,"nm_tema_equipamento":"SERVICO","cd_identificador_rede_equipamento":0,"nm_rede_equipamento":"SEM REDE","tx_rede_equipamento":"Sem descrição","cd_identificador_tipo_equipamento":0,"nm_tipo_equipamento":"SEM TIPO","tx_tipo_equipamento":"SEM TIPO","cd_identificador_classe_equipamento":3,"nm_classe_equipamento":"CORREIOS","tx_classe_equipamento":"AGENCIAS DE CORREIO","cd_identificador_esfera_administrativa_equipamento":0,"nm_esfera_administrativa_equipamento":"SEM ESFERA","tx_esfera_administrativa_equipamento":"Sem descrição","cd_equipamento":null,"nm_equipamento":"AC GUAIANAZES","tx_endereco_equipamento":"RUA BELMIRO VALVERDE, 218","nm_bairro_equipamento":"GUAIANAZES","cd_cep_equipamento":"08450-970","tx_horario_funcionamento":"SEG A SEX (09h-14h)","tx_numero_telefone":"(11) 4313-9748","cd_equipamento_base_origem":null}},{"type":"Feature","id":"equipamento_correios_v2.176223","geometry":{"type":"Point","coordinates":[352512.6784,7398910.5543]},"geometry_name":"ge_ponto","properties":{"cd_identificador":176223,"cd_identificador_tema_equipamento":8,"nm_tema_equipamento":"SERVICO","cd_identificador_rede_equipamento":0,"nm_rede_equipamento":"SEM REDE","tx_rede_equipamento":"Sem descrição","cd_identificador_tipo_equipamento":0,"nm_tipo_equipamento":"SEM TIPO","tx_tipo_equipamento":"SEM TIPO","cd_identificador_classe_equipamento":3,"nm_classe_equipamento":"CORREIOS","tx_classe_equipamento":"AGENCIAS DE CORREIO","cd_identificador_esfera_administrativa_equipamento":0,"nm_esfera_administrativa_equipamento":"SEM ESFERA","tx_esfera_administrativa_equipamento":"Sem descrição","cd_equipamento":null,"nm_equipamento":"AGF JARDIM SAO SEBASTIAO","tx_endereco_equipamento":"AVENIDA DO IMPERADOR, 6218","nm_bairro_equipamento":"JARDIM SAO SEBASTIAO","cd_cep_equipamento":"08050-970","tx_horario_funcionamento":"SEG A SEX (09h-17h)","tx_numero_telefone":"(11) 2055-5825 / (11) 2052-6884 / (11) 2051-7951 / (11) 2051-3553","cd_equipamento_base_origem":null}},{"type":"Feature","id":"equipamento_correios_v2.176224","geometry":{"type":"Point","coordinates":[352972.2965,7400318.1221]},"geometry_name":"ge_ponto","properties":{"cd_identificador":176224,"cd_identificador_tema_equipamento":8,"nm_tema_equipamento":"SERVICO","cd_identificador_rede_equipamento":0,"nm_rede_equipamento":"SEM REDE","tx_rede_equipamento":"Sem descrição","cd_identificador_tipo_equipamento":0,"nm_tipo_equipamento":"SEM TIPO","tx_tipo_equipamento":"SEM TIPO","cd_identificador_classe_equipamento":3,"nm_classe_equipamento":"CORREIOS","tx_classe_equipamento":"AGENCIAS DE CORREIO","cd_identificador_esfera_administrativa_equipamento":0,"nm_esfera_administrativa_equipamento":"SEM ESFERA","tx_esfera_administrativa_equipamento":"Sem descrição","cd_equipamento":null,"nm_equipamento":"ACC NORDESTINA","tx_endereco_equipamento":"AVENIDA NORDESTINA, 903","nm_bairro_equipamento":"VILA AMERICANA","cd_cep_equipamento":"08021-971","tx_horario_funcionamento":"SEG A SEX (08h-18h) / SAB (08h-12h)","tx_numero_telefone":"(11) 2297-8893","cd_equipamento_base_origem":null}},{"type":"Feature","id":"equipamento_correios_v2.176225","geometry":{"type":"Point","coordinates":[352694.2217,7401125.0942]},"geometry_name":"ge_ponto","properties":{"cd_identificador":176225,"cd_identificador_tema_equipamento":8,"nm_tema_equipamento":"SERVICO","cd_identificador_rede_equipamento":0,"nm_rede_equipamento":"SEM REDE","tx_rede_equipamento":"Sem descrição","cd_identificador_tipo_equipamento":0,"nm_tipo_equipamento":"SEM TIPO","tx_tipo_equipamento":"SEM TIPO","cd_identificador_classe_equipamento":3,"nm_classe_equipamento":"CORREIOS","tx_classe_equipamento":"AGENCIAS DE CORREIO","cd_identificador_esfera_administrativa_equipamento":0,"nm_esfera_administrativa_equipamento":"SEM ESFERA","tx_esfera_administrativa_equipamento":"Sem descrição","cd_equipamento":null,"nm_equipamento":"AGF SAO MIGUEL","tx_endereco_equipamento":"AVENIDA MARECHAL TITO, 311","nm_bairro_equipamento":"SAO MIGUEL PAULISTA","cd_cep_equipamento":"08010-972","tx_horario_funcionamento":"SEG A SEX (09h-17h)","tx_numero_telefone":"(11) 2956-7600","cd_equipamento_base_origem":null}},{"type":"Feature","id":"equipamento_correios_v2.176226","geometry":{"type":"Point","coordinates":[352788.578,7401241.3729]},"geometry_name":"ge_ponto","properties":{"cd_identificador":176226,"cd_identificador_tema_equipamento":8,"nm_tema_equipamento":"SERVICO","cd_identificador_rede_equipamento":0,"nm_rede_equipamento":"SEM REDE","tx_rede_equipamento":"Sem descrição","cd_identificador_tipo_equipamento":0,"nm_tipo_equipamento":"SEM TIPO","tx_tipo_equipamento":"SEM TIPO","cd_identificador_classe_equipamento":3,"nm_classe_equipamento":"CORREIOS","tx_classe_equipamento":"AGENCIAS DE CORREIO","cd_identificador_esfera_administrativa_equipamento":0,"nm_esfera_administrativa_equipamento":"SEM ESFERA","tx_esfera_administrativa_equipamento":"Sem descrição","cd_equipamento":null,"nm_equipamento":"AC SAO MIGUEL PAULISTA","tx_endereco_equipamento":"RUA MIGUEL ANGELO LAPENA, 120","nm_bairro_equipamento":"SAO MIGUEL PAULISTA","cd_cep_equipamento":"08010-971","tx_horario_funcionamento":"SEG A SEX (09h-17h)","tx_numero_telefone":"(11) 4313-9820","cd_equipamento_base_origem":null}},{"type":"Feature","id":"equipamento_correios_v2.176227","geometry":{"type":"Point","coordinates":[354755.8249,7400513.3446]},"geometry_name":"ge_ponto","properties":{"cd_identificador":176227,"cd_identificador_tema_equipamento":8,"nm_tema_equipamento":"SERVICO","cd_identificador_rede_equipamento":0,"nm_rede_equipamento":"SEM REDE","tx_rede_equipamento":"Sem descrição","cd_identificador_tipo_equipamento":0,"nm_tipo_equipamento":"SEM TIPO","tx_tipo_equipamento":"SEM TIPO","cd_identificador_classe_equipamento":3,"nm_classe_equipamento":"CORREIOS","tx_classe_equipamento":"AGENCIAS DE CORREIO","cd_identificador_esfera_administrativa_equipamento":0,"nm_esfera_administrativa_equipamento":"SEM ESFERA","tx_esfera_administrativa_equipamento":"Sem descrição","cd_equipamento":null,"nm_equipamento":"AC CAVOA","tx_endereco_equipamento":"PRACA FRANCISCO PEREIRA, 50","nm_bairro_equipamento":"VILA CURUCA","cd_cep_equipamento":"","tx_horario_funcionamento":"","tx_numero_telefone":"","cd_equipamento_base_origem":null}},{"type":"Feature","id":"equipamento_correios_v2.176228","geometry":{"type":"Point","coordinates":[355972.8942,7400962.3484]},"geometry_name":"ge_ponto","properties":{"cd_identificador":176228,"cd_identificador_tema_equipamento":8,"nm_tema_equipamento":"SERVICO","cd_identificador_rede_equipamento":0,"nm_rede_equipamento":"SEM REDE","tx_rede_equipamento":"Sem descrição","cd_identificador_tipo_equipamento":0,"nm_tipo_equipamento":"SEM TIPO","tx_tipo_equipamento":"SEM TIPO","cd_identificador_classe_equipamento":3,"nm_classe_equipamento":"CORREIOS","tx_classe_equipamento":"AGENCIAS DE CORREIO","cd_identificador_esfera_administrativa_equipamento":0,"nm_esfera_administrativa_equipamento":"SEM ESFERA","tx_esfera_administrativa_equipamento":"Sem descrição","cd_equipamento":null,"nm_equipamento":"AGF VILA CURUCA","tx_endereco_equipamento":"AVENIDA MARECHAL TITO, 3520","nm_bairro_equipamento":"JARDIM SILVA TELES","cd_cep_equipamento":"08160-970","tx_horario_funcionamento":"SEG A SEX (09h-17h) / SAB (08h-12h)","tx_numero_telefone":"(11) 2568-3604","cd_equipamento_base_origem":null}},{"type":"Feature","id":"equipamento_correios_v2.176229","geometry":{"type":"Point","coordinates":[357239.0209,7400324.6281]},"geometry_name":"ge_ponto","properties":{"cd_identificador":176229,"cd_identificador_tema_equipamento":8,"nm_tema_equipamento":"SERVICO","cd_identificador_rede_equipamento":0,"nm_rede_equipamento":"SEM REDE","tx_rede_equipamento":"Sem descrição","cd_identificador_tipo_equipamento":0,"nm_tipo_equipamento":"SEM TIPO","tx_tipo_equipamento":"SEM TIPO","cd_identificador_classe_equipamento":3,"nm_classe_equipamento":"CORREIOS","tx_classe_equipamento":"AGENCIAS DE CORREIO","cd_identificador_esfera_administrativa_equipamento":0,"nm_esfera_administrativa_equipamento":"SEM ESFERA","tx_esfera_administrativa_equipamento":"Sem descrição","cd_equipamento":null,"nm_equipamento":"AC SILVA TELES","tx_endereco_equipamento":"RUA TIBURCIO DE SOUSA, 437","nm_bairro_equipamento":"ITAIM PAULISTA","cd_cep_equipamento":"08140-972","tx_horario_funcionamento":"SEG A SEX (09h-17h)","tx_numero_telefone":"(11) 4313-9828","cd_equipamento_base_origem":null}},{"type":"Feature","id":"equipamento_correios_v2.176230","geometry":{"type":"Point","coordinates":[329147.0426,7388631.948]},"geometry_name":"ge_ponto","properties":{"cd_identificador":176230,"cd_identificador_tema_equipamento":8,"nm_tema_equipamento":"SERVICO","cd_identificador_rede_equipamento":0,"nm_rede_equipamento":"SEM REDE","tx_rede_equipamento":"Sem descrição","cd_identificador_tipo_equipamento":0,"nm_tipo_equipamento":"SEM TIPO","tx_tipo_equipamento":"SEM TIPO","cd_identificador_classe_equipamento":3,"nm_classe_equipamento":"CORREIOS","tx_classe_equipamento":"AGENCIAS DE CORREIO","cd_identificador_esfera_administrativa_equipamento":0,"nm_esfera_administrativa_equipamento":"SEM ESFERA","tx_esfera_administrativa_equipamento":"Sem descrição","cd_equipamento":null,"nm_equipamento":"ACC VILA OLIMPIA","tx_endereco_equipamento":"AVENIDA SANTO AMARO, 2197 LOJA 4","nm_bairro_equipamento":"VILA NOVA CONCEICAO","cd_cep_equipamento":"04505-971","tx_horario_funcionamento":"SEG A SEX (08h30-18h) / SAB (08h-12h)","tx_numero_telefone":"(11) 5044-9448 / (11) 5535-4406","cd_equipamento_base_origem":null}},{"type":"Feature","id":"equipamento_correios_v2.176231","geometry":{"type":"Point","coordinates":[338771.8562,7396113.5809]},"geometry_name":"ge_ponto","properties":{"cd_identificador":176231,"cd_identificador_tema_equipamento":8,"nm_tema_equipamento":"SERVICO","cd_identificador_rede_equipamento":0,"nm_rede_equipamento":"SEM REDE","tx_rede_equipamento":"Sem descrição","cd_identificador_tipo_equipamento":0,"nm_tipo_equipamento":"SEM TIPO","tx_tipo_equipamento":"SEM TIPO","cd_identificador_classe_equipamento":3,"nm_classe_equipamento":"CORREIOS","tx_classe_equipamento":"AGENCIAS DE CORREIO","cd_identificador_esfera_administrativa_equipamento":0,"nm_esfera_administrativa_equipamento":"SEM ESFERA","tx_esfera_administrativa_equipamento":"Sem descrição","cd_equipamento":null,"nm_equipamento":"AC FILIPI CAMARAO","tx_endereco_equipamento":"RUA FILIPI CAMARAO, 252","nm_bairro_equipamento":"TATUAPE","cd_cep_equipamento":"","tx_horario_funcionamento":"","tx_numero_telefone":"","cd_equipamento_base_origem":null}},{"type":"Feature","id":"equipamento_correios_v2.176232","geometry":{"type":"Point","coordinates":[348441.8762,7388115.2809]},"geometry_name":"ge_ponto","properties":{"cd_identificador":176232,"cd_identificador_tema_equipamento":8,"nm_tema_equipamento":"SERVICO","cd_identificador_rede_equipamento":0,"nm_rede_equipamento":"SEM REDE","tx_rede_equipamento":"Sem descrição","cd_identificador_tipo_equipamento":0,"nm_tipo_equipamento":"SEM TIPO","tx_tipo_equipamento":"SEM TIPO","cd_identificador_classe_equipamento":3,"nm_classe_equipamento":"CORREIOS","tx_classe_equipamento":"AGENCIAS DE CORREIO","cd_identificador_esfera_administrativa_equipamento":0,"nm_esfera_administrativa_equipamento":"SEM ESFERA","tx_esfera_administrativa_equipamento":"Sem descrição","cd_equipamento":null,"nm_equipamento":"AGF AVENIDA SAPOPEMBA","tx_endereco_equipamento":"AVENIDA SAPOPEMBA, 12694 ENTRADA B","nm_bairro_equipamento":"JARDIM ADUTORA","cd_cep_equipamento":"03989-970","tx_horario_funcionamento":"SEG A SEX (09h-17h)","tx_numero_telefone":"(11) 2013-9305 / (11) 2011-3071","cd_equipamento_base_origem":null}},{"type":"Feature","id":"equipamento_correios_v2.176233","geometry":{"type":"Point","coordinates":[324249.4739,7363659.9901]},"geometry_name":"ge_ponto","properties":{"cd_identificador":176233,"cd_identificador_tema_equipamento":8,"nm_tema_equipamento":"SERVICO","cd_identificador_rede_equipamento":0,"nm_rede_equipamento":"SEM REDE","tx_rede_equipamento":"Sem descrição","cd_identificador_tipo_equipamento":0,"nm_tipo_equipamento":"SEM TIPO","tx_tipo_equipamento":"SEM TIPO","cd_identificador_classe_equipamento":3,"nm_classe_equipamento":"CORREIOS","tx_classe_equipamento":"AGENCIAS DE CORREIO","cd_identificador_esfera_administrativa_equipamento":0,"nm_esfera_administrativa_equipamento":"SEM ESFERA","tx_esfera_administrativa_equipamento":"Sem descrição","cd_equipamento":null,"nm_equipamento":"AC PARELHEIROS","tx_endereco_equipamento":"ESTRADA DA COLONIA, 602/606","nm_bairro_equipamento":"PARELHEIROS","cd_cep_equipamento":"04892-970","tx_horario_funcionamento":"SEG A SEX (09h-17h)","tx_numero_telefone":"(11) 4313-9793","cd_equipamento_base_origem":null}}],"totalFeatures":233,"numberMatched":233,"numberReturned":233,"timeStamp":"2026-05-17T01:42:35.470Z","crs":{"type":"name","properties":{"name":"urn:ogc:def:crs:EPSG::31983"}}}