{"type":"FeatureCollection","features":[{"type":"Feature","id":"equipamento_saude_hospital_v2.120520","geometry":{"type":"Point","coordinates":[331641.864,7395435.233]},"geometry_name":"ge_ponto","properties":{"cd_identificador":120520,"cd_identificador_tema_equipamento":6,"nm_tema_equipamento":"SAUDE","cd_identificador_rede_equipamento":0,"nm_rede_equipamento":"SEM REDE","tx_rede_equipamento":"Sem descrição","cd_identificador_tipo_equipamento":30,"nm_tipo_equipamento":"Hospital","tx_tipo_equipamento":"Realiza atendimento de média e alta complexidade.","cd_identificador_classe_equipamento":7,"nm_classe_equipamento":"HOSPITAL","tx_classe_equipamento":"REFERE-SE AOS ESTABELECIMENTOS DE SAÚDE COM CAPACIDADE DE INTERNAMENTO (LEITOS) E QUE REALIZAM PROCEDIMENTOS DE MÉDIA E ALTA COMPLEXIDADE.","cd_identificador_esfera_administrativa_equipamento":4,"nm_esfera_administrativa_equipamento":"Privado","tx_esfera_administrativa_equipamento":"Administração privada (inclui estabelecimentos particulares, filantrópricos, conveniados ou não com a Prefeitura)","cd_equipamento":"948","nm_equipamento":"SANTA CASA DE SÃO PAULO","tx_endereco_equipamento":"R. DR CESARIO MOTTA JR, 112","nm_bairro_equipamento":"VILA BUARQUE","cd_cep_equipamento":"01221-020","tx_horario_funcionamento":null,"tx_numero_telefone":"2176-7000","cd_equipamento_base_origem":null}},{"type":"Feature","id":"equipamento_saude_hospital_v2.120461","geometry":{"type":"Point","coordinates":[322385.042,7392795.553]},"geometry_name":"ge_ponto","properties":{"cd_identificador":120461,"cd_identificador_tema_equipamento":6,"nm_tema_equipamento":"SAUDE","cd_identificador_rede_equipamento":0,"nm_rede_equipamento":"SEM REDE","tx_rede_equipamento":"Sem descrição","cd_identificador_tipo_equipamento":30,"nm_tipo_equipamento":"Hospital","tx_tipo_equipamento":"Realiza atendimento de média e alta complexidade.","cd_identificador_classe_equipamento":7,"nm_classe_equipamento":"HOSPITAL","tx_classe_equipamento":"REFERE-SE AOS ESTABELECIMENTOS DE SAÚDE COM CAPACIDADE DE INTERNAMENTO (LEITOS) E QUE REALIZAM PROCEDIMENTOS DE MÉDIA E ALTA COMPLEXIDADE.","cd_identificador_esfera_administrativa_equipamento":2,"nm_esfera_administrativa_equipamento":"Estadual","tx_esfera_administrativa_equipamento":"Administração estadual vinculada à Secretaria de Estado da Saúde","cd_equipamento":"16","nm_equipamento":"HOSPITAL UNIVERSITARIO - HU/USP","tx_endereco_equipamento":"AV. PROF. LINEU PRESTES, 2565","nm_bairro_equipamento":"BUTANTA","cd_cep_equipamento":"05508-000","tx_horario_funcionamento":null,"tx_numero_telefone":"3091-9200 / 3091-9316","cd_equipamento_base_origem":null}},{"type":"Feature","id":"equipamento_saude_hospital_v2.120460","geometry":{"type":"Point","coordinates":[332285.988,7389373.777]},"geometry_name":"ge_ponto","properties":{"cd_identificador":120460,"cd_identificador_tema_equipamento":6,"nm_tema_equipamento":"SAUDE","cd_identificador_rede_equipamento":0,"nm_rede_equipamento":"SEM REDE","tx_rede_equipamento":"Sem descrição","cd_identificador_tipo_equipamento":30,"nm_tipo_equipamento":"Hospital","tx_tipo_equipamento":"Realiza atendimento de média e alta complexidade.","cd_identificador_classe_equipamento":7,"nm_classe_equipamento":"HOSPITAL","tx_classe_equipamento":"REFERE-SE AOS ESTABELECIMENTOS DE SAÚDE COM CAPACIDADE DE INTERNAMENTO (LEITOS) E QUE REALIZAM PROCEDIMENTOS DE MÉDIA E ALTA COMPLEXIDADE.","cd_identificador_esfera_administrativa_equipamento":4,"nm_esfera_administrativa_equipamento":"Privado","tx_esfera_administrativa_equipamento":"Administração privada (inclui estabelecimentos particulares, filantrópricos, conveniados ou não com a Prefeitura)","cd_equipamento":"1042","nm_equipamento":"HOSPITAL SÃO PAULO - UNIFESP","tx_endereco_equipamento":"R. NAPOLEÃO DE BARROS, 715","nm_bairro_equipamento":"VIL CLEMENTINO","cd_cep_equipamento":"04024-002","tx_horario_funcionamento":null,"tx_numero_telefone":"5572-1922","cd_equipamento_base_origem":null}},{"type":"Feature","id":"equipamento_saude_hospital_v2.120459","geometry":{"type":"Point","coordinates":[338407.841,7404807.553]},"geometry_name":"ge_ponto","properties":{"cd_identificador":120459,"cd_identificador_tema_equipamento":6,"nm_tema_equipamento":"SAUDE","cd_identificador_rede_equipamento":0,"nm_rede_equipamento":"SEM REDE","tx_rede_equipamento":"Sem descrição","cd_identificador_tipo_equipamento":30,"nm_tipo_equipamento":"Hospital","tx_tipo_equipamento":"Realiza atendimento de média e alta complexidade.","cd_identificador_classe_equipamento":7,"nm_classe_equipamento":"HOSPITAL","tx_classe_equipamento":"REFERE-SE AOS ESTABELECIMENTOS DE SAÚDE COM CAPACIDADE DE INTERNAMENTO (LEITOS) E QUE REALIZAM PROCEDIMENTOS DE MÉDIA E ALTA COMPLEXIDADE.","cd_identificador_esfera_administrativa_equipamento":4,"nm_esfera_administrativa_equipamento":"Privado","tx_esfera_administrativa_equipamento":"Administração privada (inclui estabelecimentos particulares, filantrópricos, conveniados ou não com a Prefeitura)","cd_equipamento":"484","nm_equipamento":"HOSPITAL SÃO LUIZ GONZAGA","tx_endereco_equipamento":"R. MICHEL OUCHANA, 94","nm_bairro_equipamento":"JACANA","cd_cep_equipamento":"02276-140","tx_horario_funcionamento":null,"tx_numero_telefone":"3466-1000","cd_equipamento_base_origem":null}},{"type":"Feature","id":"equipamento_saude_hospital_v2.120458","geometry":{"type":"Point","coordinates":[350879.23,7394494.768]},"geometry_name":"ge_ponto","properties":{"cd_identificador":120458,"cd_identificador_tema_equipamento":6,"nm_tema_equipamento":"SAUDE","cd_identificador_rede_equipamento":0,"nm_rede_equipamento":"SEM REDE","tx_rede_equipamento":"Sem descrição","cd_identificador_tipo_equipamento":30,"nm_tipo_equipamento":"Hospital","tx_tipo_equipamento":"Realiza atendimento de média e alta complexidade.","cd_identificador_classe_equipamento":7,"nm_classe_equipamento":"HOSPITAL","tx_classe_equipamento":"REFERE-SE AOS ESTABELECIMENTOS DE SAÚDE COM CAPACIDADE DE INTERNAMENTO (LEITOS) E QUE REALIZAM PROCEDIMENTOS DE MÉDIA E ALTA COMPLEXIDADE.","cd_identificador_esfera_administrativa_equipamento":4,"nm_esfera_administrativa_equipamento":"Privado","tx_esfera_administrativa_equipamento":"Administração privada (inclui estabelecimentos particulares, filantrópricos, conveniados ou não com a Prefeitura)","cd_equipamento":"448","nm_equipamento":"HOSPITAL SANTA MARCELINA","tx_endereco_equipamento":"R. SANTA MARCELINA, 177","nm_bairro_equipamento":"ITAQUERA","cd_cep_equipamento":"08270-070","tx_horario_funcionamento":null,"tx_numero_telefone":"2070-6293","cd_equipamento_base_origem":null}},{"type":"Feature","id":"equipamento_saude_hospital_v2.120457","geometry":{"type":"Point","coordinates":[346719.832,7395644.958]},"geometry_name":"ge_ponto","properties":{"cd_identificador":120457,"cd_identificador_tema_equipamento":6,"nm_tema_equipamento":"SAUDE","cd_identificador_rede_equipamento":0,"nm_rede_equipamento":"SEM REDE","tx_rede_equipamento":"Sem descrição","cd_identificador_tipo_equipamento":30,"nm_tipo_equipamento":"Hospital","tx_tipo_equipamento":"Realiza atendimento de média e alta complexidade.","cd_identificador_classe_equipamento":7,"nm_classe_equipamento":"HOSPITAL","tx_classe_equipamento":"REFERE-SE AOS ESTABELECIMENTOS DE SAÚDE COM CAPACIDADE DE INTERNAMENTO (LEITOS) E QUE REALIZAM PROCEDIMENTOS DE MÉDIA E ALTA COMPLEXIDADE.","cd_identificador_esfera_administrativa_equipamento":1,"nm_esfera_administrativa_equipamento":"Municipal","tx_esfera_administrativa_equipamento":"Administração municipal","cd_equipamento":"671","nm_equipamento":"HOSPITAL MUNICIPAL VILA NHOCUNÉ - DR. ALEXANDRE ZAIO","tx_endereco_equipamento":"R. ALVES MALDONADO, 128","nm_bairro_equipamento":"VILA NHOCUNE","cd_cep_equipamento":"03558-050","tx_horario_funcionamento":null,"tx_numero_telefone":"5178-0250","cd_equipamento_base_origem":null}},{"type":"Feature","id":"equipamento_saude_hospital_v2.120456","geometry":{"type":"Point","coordinates":[340525.522,7397833.74]},"geometry_name":"ge_ponto","properties":{"cd_identificador":120456,"cd_identificador_tema_equipamento":6,"nm_tema_equipamento":"SAUDE","cd_identificador_rede_equipamento":0,"nm_rede_equipamento":"SEM REDE","tx_rede_equipamento":"Sem descrição","cd_identificador_tipo_equipamento":30,"nm_tipo_equipamento":"Hospital","tx_tipo_equipamento":"Realiza atendimento de média e alta complexidade.","cd_identificador_classe_equipamento":7,"nm_classe_equipamento":"HOSPITAL","tx_classe_equipamento":"REFERE-SE AOS ESTABELECIMENTOS DE SAÚDE COM CAPACIDADE DE INTERNAMENTO (LEITOS) E QUE REALIZAM PROCEDIMENTOS DE MÉDIA E ALTA COMPLEXIDADE.","cd_identificador_esfera_administrativa_equipamento":1,"nm_esfera_administrativa_equipamento":"Municipal","tx_esfera_administrativa_equipamento":"Administração municipal","cd_equipamento":"1001","nm_equipamento":"HOSPITAL MUNICIPAL VILA MARIA - VEREADOR JOSÉ STOROPOLLI","tx_endereco_equipamento":"R. FRANCISCO FANGANIELLO, 127","nm_bairro_equipamento":"PARQUE NOVO MUNDO","cd_cep_equipamento":"02181-160","tx_horario_funcionamento":null,"tx_numero_telefone":"2207-9000","cd_equipamento_base_origem":null}},{"type":"Feature","id":"equipamento_saude_hospital_v2.120455","geometry":{"type":"Point","coordinates":[340107.922,7396572.966]},"geometry_name":"ge_ponto","properties":{"cd_identificador":120455,"cd_identificador_tema_equipamento":6,"nm_tema_equipamento":"SAUDE","cd_identificador_rede_equipamento":0,"nm_rede_equipamento":"SEM REDE","tx_rede_equipamento":"Sem descrição","cd_identificador_tipo_equipamento":30,"nm_tipo_equipamento":"Hospital","tx_tipo_equipamento":"Realiza atendimento de média e alta complexidade.","cd_identificador_classe_equipamento":7,"nm_classe_equipamento":"HOSPITAL","tx_classe_equipamento":"REFERE-SE AOS ESTABELECIMENTOS DE SAÚDE COM CAPACIDADE DE INTERNAMENTO (LEITOS) E QUE REALIZAM PROCEDIMENTOS DE MÉDIA E ALTA COMPLEXIDADE.","cd_identificador_esfera_administrativa_equipamento":1,"nm_esfera_administrativa_equipamento":"Municipal","tx_esfera_administrativa_equipamento":"Administração municipal","cd_equipamento":"606","nm_equipamento":"HOSPITAL MUNICIPAL TATUAPÉ - DR. CARMINO CARICCHIO","tx_endereco_equipamento":"AV. CELSO GARCIA, 4815","nm_bairro_equipamento":"TATUAPÉ","cd_cep_equipamento":"03063-000","tx_horario_funcionamento":null,"tx_numero_telefone":"5178-1500","cd_equipamento_base_origem":null}},{"type":"Feature","id":"equipamento_saude_hospital_v2.120454","geometry":{"type":"Point","coordinates":[326299.577,7397469.32]},"geometry_name":"ge_ponto","properties":{"cd_identificador":120454,"cd_identificador_tema_equipamento":6,"nm_tema_equipamento":"SAUDE","cd_identificador_rede_equipamento":0,"nm_rede_equipamento":"SEM REDE","tx_rede_equipamento":"Sem descrição","cd_identificador_tipo_equipamento":30,"nm_tipo_equipamento":"Hospital","tx_tipo_equipamento":"Realiza atendimento de média e alta complexidade.","cd_identificador_classe_equipamento":7,"nm_classe_equipamento":"HOSPITAL","tx_classe_equipamento":"REFERE-SE AOS ESTABELECIMENTOS DE SAÚDE COM CAPACIDADE DE INTERNAMENTO (LEITOS) E QUE REALIZAM PROCEDIMENTOS DE MÉDIA E ALTA COMPLEXIDADE.","cd_identificador_esfera_administrativa_equipamento":1,"nm_esfera_administrativa_equipamento":"Municipal","tx_esfera_administrativa_equipamento":"Administração municipal","cd_equipamento":"507","nm_equipamento":"HOSPITAL MUNICIPAL SOROCABANA","tx_endereco_equipamento":"R. FAUSTOLO, 1633","nm_bairro_equipamento":"VILA ROMANA","cd_cep_equipamento":"05041-001","tx_horario_funcionamento":null,"tx_numero_telefone":"3879-3090","cd_equipamento_base_origem":null}},{"type":"Feature","id":"equipamento_saude_hospital_v2.120453","geometry":{"type":"Point","coordinates":[352941.024,7400716.317]},"geometry_name":"ge_ponto","properties":{"cd_identificador":120453,"cd_identificador_tema_equipamento":6,"nm_tema_equipamento":"SAUDE","cd_identificador_rede_equipamento":0,"nm_rede_equipamento":"SEM REDE","tx_rede_equipamento":"Sem descrição","cd_identificador_tipo_equipamento":30,"nm_tipo_equipamento":"Hospital","tx_tipo_equipamento":"Realiza atendimento de média e alta complexidade.","cd_identificador_classe_equipamento":7,"nm_classe_equipamento":"HOSPITAL","tx_classe_equipamento":"REFERE-SE AOS ESTABELECIMENTOS DE SAÚDE COM CAPACIDADE DE INTERNAMENTO (LEITOS) E QUE REALIZAM PROCEDIMENTOS DE MÉDIA E ALTA COMPLEXIDADE.","cd_identificador_esfera_administrativa_equipamento":1,"nm_esfera_administrativa_equipamento":"Municipal","tx_esfera_administrativa_equipamento":"Administração municipal","cd_equipamento":"884","nm_equipamento":"HOSPITAL MUNICIPAL SÃO MIGUEL - TIDE SETUBAL","tx_endereco_equipamento":"R. DR JOSÉ GUILHERME EIRAS, 123","nm_bairro_equipamento":"SÃO MIGUEL PAULISTA","cd_cep_equipamento":"08010-220","tx_horario_funcionamento":null,"tx_numero_telefone":"5178-1250","cd_equipamento_base_origem":null}},{"type":"Feature","id":"equipamento_saude_hospital_v2.120452","geometry":{"type":"Point","coordinates":[323567.976,7401772.501]},"geometry_name":"ge_ponto","properties":{"cd_identificador":120452,"cd_identificador_tema_equipamento":6,"nm_tema_equipamento":"SAUDE","cd_identificador_rede_equipamento":0,"nm_rede_equipamento":"SEM REDE","tx_rede_equipamento":"Sem descrição","cd_identificador_tipo_equipamento":30,"nm_tipo_equipamento":"Hospital","tx_tipo_equipamento":"Realiza atendimento de média e alta complexidade.","cd_identificador_classe_equipamento":7,"nm_classe_equipamento":"HOSPITAL","tx_classe_equipamento":"REFERE-SE AOS ESTABELECIMENTOS DE SAÚDE COM CAPACIDADE DE INTERNAMENTO (LEITOS) E QUE REALIZAM PROCEDIMENTOS DE MÉDIA E ALTA COMPLEXIDADE.","cd_identificador_esfera_administrativa_equipamento":1,"nm_esfera_administrativa_equipamento":"Municipal","tx_esfera_administrativa_equipamento":"Administração municipal","cd_equipamento":"755","nm_equipamento":"HOSPITAL MUNICIPAL PIRITUBA - DR. JOSÉ SOARES HUNGRIA","tx_endereco_equipamento":"AV. MENOTTI LAUDÍSIO, 100","nm_bairro_equipamento":"PIRITUBA","cd_cep_equipamento":"02945-000","tx_horario_funcionamento":null,"tx_numero_telefone":"5178-0750","cd_equipamento_base_origem":null}},{"type":"Feature","id":"equipamento_saude_hospital_v2.120451","geometry":{"type":"Point","coordinates":[324250.253,7364312.707]},"geometry_name":"ge_ponto","properties":{"cd_identificador":120451,"cd_identificador_tema_equipamento":6,"nm_tema_equipamento":"SAUDE","cd_identificador_rede_equipamento":0,"nm_rede_equipamento":"SEM REDE","tx_rede_equipamento":"Sem descrição","cd_identificador_tipo_equipamento":30,"nm_tipo_equipamento":"Hospital","tx_tipo_equipamento":"Realiza atendimento de média e alta complexidade.","cd_identificador_classe_equipamento":7,"nm_classe_equipamento":"HOSPITAL","tx_classe_equipamento":"REFERE-SE AOS ESTABELECIMENTOS DE SAÚDE COM CAPACIDADE DE INTERNAMENTO (LEITOS) E QUE REALIZAM PROCEDIMENTOS DE MÉDIA E ALTA COMPLEXIDADE.","cd_identificador_esfera_administrativa_equipamento":1,"nm_esfera_administrativa_equipamento":"Municipal","tx_esfera_administrativa_equipamento":"Administração municipal","cd_equipamento":"635","nm_equipamento":"HOSPITAL MUNICIPAL PARELHEIROS - JOSANIAS CASTANHA BRAGA","tx_endereco_equipamento":"R. EUZEBIO COGHI, 841","nm_bairro_equipamento":"JARDIM ROSCHEL","cd_cep_equipamento":"04883-290","tx_horario_funcionamento":null,"tx_numero_telefone":null,"cd_equipamento_base_origem":null}},{"type":"Feature","id":"equipamento_saude_hospital_v2.120450","geometry":{"type":"Point","coordinates":[319908.839,7391380.757]},"geometry_name":"ge_ponto","properties":{"cd_identificador":120450,"cd_identificador_tema_equipamento":6,"nm_tema_equipamento":"SAUDE","cd_identificador_rede_equipamento":0,"nm_rede_equipamento":"SEM REDE","tx_rede_equipamento":"Sem descrição","cd_identificador_tipo_equipamento":30,"nm_tipo_equipamento":"Hospital","tx_tipo_equipamento":"Realiza atendimento de média e alta complexidade.","cd_identificador_classe_equipamento":7,"nm_classe_equipamento":"HOSPITAL","tx_classe_equipamento":"REFERE-SE AOS ESTABELECIMENTOS DE SAÚDE COM CAPACIDADE DE INTERNAMENTO (LEITOS) E QUE REALIZAM PROCEDIMENTOS DE MÉDIA E ALTA COMPLEXIDADE.","cd_identificador_esfera_administrativa_equipamento":1,"nm_esfera_administrativa_equipamento":"Municipal","tx_esfera_administrativa_equipamento":"Administração municipal","cd_equipamento":"49","nm_equipamento":"HOSPITAL MUNICIPAL MATERNIDADE JARDIM SARAH - PROF. MARIO DEGNI","tx_endereco_equipamento":"R. LUCAS DE LEYDE, 257","nm_bairro_equipamento":"VILA ANTONIO","cd_cep_equipamento":"05376-010","tx_horario_funcionamento":null,"tx_numero_telefone":"5178-1750","cd_equipamento_base_origem":null}},{"type":"Feature","id":"equipamento_saude_hospital_v2.120449","geometry":{"type":"Point","coordinates":[319005.771,7378767.317]},"geometry_name":"ge_ponto","properties":{"cd_identificador":120449,"cd_identificador_tema_equipamento":6,"nm_tema_equipamento":"SAUDE","cd_identificador_rede_equipamento":0,"nm_rede_equipamento":"SEM REDE","tx_rede_equipamento":"Sem descrição","cd_identificador_tipo_equipamento":30,"nm_tipo_equipamento":"Hospital","tx_tipo_equipamento":"Realiza atendimento de média e alta complexidade.","cd_identificador_classe_equipamento":7,"nm_classe_equipamento":"HOSPITAL","tx_classe_equipamento":"REFERE-SE AOS ESTABELECIMENTOS DE SAÚDE COM CAPACIDADE DE INTERNAMENTO (LEITOS) E QUE REALIZAM PROCEDIMENTOS DE MÉDIA E ALTA COMPLEXIDADE.","cd_identificador_esfera_administrativa_equipamento":1,"nm_esfera_administrativa_equipamento":"Municipal","tx_esfera_administrativa_equipamento":"Administração municipal","cd_equipamento":"528","nm_equipamento":"HOSPITAL MUNICIPAL M BOI MIRIM - DR MOYSES DEUSTSCH","tx_endereco_equipamento":"ESTRADA M BOI MIRIM, 5203","nm_bairro_equipamento":"JARDIM ANGELA","cd_cep_equipamento":"04948-970","tx_horario_funcionamento":null,"tx_numero_telefone":"5832-2554","cd_equipamento_base_origem":null}},{"type":"Feature","id":"equipamento_saude_hospital_v2.120448","geometry":{"type":"Point","coordinates":[345468.623,7390615.429]},"geometry_name":"ge_ponto","properties":{"cd_identificador":120448,"cd_identificador_tema_equipamento":6,"nm_tema_equipamento":"SAUDE","cd_identificador_rede_equipamento":0,"nm_rede_equipamento":"SEM REDE","tx_rede_equipamento":"Sem descrição","cd_identificador_tipo_equipamento":30,"nm_tipo_equipamento":"Hospital","tx_tipo_equipamento":"Realiza atendimento de média e alta complexidade.","cd_identificador_classe_equipamento":7,"nm_classe_equipamento":"HOSPITAL","tx_classe_equipamento":"REFERE-SE AOS ESTABELECIMENTOS DE SAÚDE COM CAPACIDADE DE INTERNAMENTO (LEITOS) E QUE REALIZAM PROCEDIMENTOS DE MÉDIA E ALTA COMPLEXIDADE.","cd_identificador_esfera_administrativa_equipamento":1,"nm_esfera_administrativa_equipamento":"Municipal","tx_esfera_administrativa_equipamento":"Administração municipal","cd_equipamento":"924","nm_equipamento":"HOSPITAL MUNICIPAL JARDIM IVA - DR BENEDICTO MONTENEGRO","tx_endereco_equipamento":"R. ANTONIO LÁZARO, 226","nm_bairro_equipamento":"JD IVA","cd_cep_equipamento":"03921-080","tx_horario_funcionamento":null,"tx_numero_telefone":"5178-2762","cd_equipamento_base_origem":null}},{"type":"Feature","id":"equipamento_saude_hospital_v2.120447","geometry":{"type":"Point","coordinates":[332183.357,7383180.983]},"geometry_name":"ge_ponto","properties":{"cd_identificador":120447,"cd_identificador_tema_equipamento":6,"nm_tema_equipamento":"SAUDE","cd_identificador_rede_equipamento":0,"nm_rede_equipamento":"SEM REDE","tx_rede_equipamento":"Sem descrição","cd_identificador_tipo_equipamento":30,"nm_tipo_equipamento":"Hospital","tx_tipo_equipamento":"Realiza atendimento de média e alta complexidade.","cd_identificador_classe_equipamento":7,"nm_classe_equipamento":"HOSPITAL","tx_classe_equipamento":"REFERE-SE AOS ESTABELECIMENTOS DE SAÚDE COM CAPACIDADE DE INTERNAMENTO (LEITOS) E QUE REALIZAM PROCEDIMENTOS DE MÉDIA E ALTA COMPLEXIDADE.","cd_identificador_esfera_administrativa_equipamento":1,"nm_esfera_administrativa_equipamento":"Municipal","tx_esfera_administrativa_equipamento":"Administração municipal","cd_equipamento":"463","nm_equipamento":"HOSPITAL MUNICIPAL JABAQUARA - DR. ARTUR RIBEIRO DE SABOYA","tx_endereco_equipamento":"AV. FRANCISCO DE PAULA QUINTANILHA RIBEIRO, 860","nm_bairro_equipamento":"VILA CAMPESTRE","cd_cep_equipamento":"04330-020","tx_horario_funcionamento":null,"tx_numero_telefone":"5178-1000","cd_equipamento_base_origem":null}},{"type":"Feature","id":"equipamento_saude_hospital_v2.120446","geometry":{"type":"Point","coordinates":[352510.357,7396967.464]},"geometry_name":"ge_ponto","properties":{"cd_identificador":120446,"cd_identificador_tema_equipamento":6,"nm_tema_equipamento":"SAUDE","cd_identificador_rede_equipamento":0,"nm_rede_equipamento":"SEM REDE","tx_rede_equipamento":"Sem descrição","cd_identificador_tipo_equipamento":30,"nm_tipo_equipamento":"Hospital","tx_tipo_equipamento":"Realiza atendimento de média e alta complexidade.","cd_identificador_classe_equipamento":7,"nm_classe_equipamento":"HOSPITAL","tx_classe_equipamento":"REFERE-SE AOS ESTABELECIMENTOS DE SAÚDE COM CAPACIDADE DE INTERNAMENTO (LEITOS) E QUE REALIZAM PROCEDIMENTOS DE MÉDIA E ALTA COMPLEXIDADE.","cd_identificador_esfera_administrativa_equipamento":1,"nm_esfera_administrativa_equipamento":"Municipal","tx_esfera_administrativa_equipamento":"Administração municipal","cd_equipamento":"432","nm_equipamento":"HOSPITAL MUNICIPAL ITAQUERA/PLANALTO - PROF. DR. WALDOMIRO DE PAULA","tx_endereco_equipamento":"R. AUGUSTO CARLOS BAUMANN, 1074","nm_bairro_equipamento":"ITAQUERA","cd_cep_equipamento":"08210-590","tx_horario_funcionamento":null,"tx_numero_telefone":"5178-0500","cd_equipamento_base_origem":null}},{"type":"Feature","id":"equipamento_saude_hospital_v2.120444","geometry":{"type":"Point","coordinates":[322384.037,7377221.566]},"geometry_name":"ge_ponto","properties":{"cd_identificador":120444,"cd_identificador_tema_equipamento":6,"nm_tema_equipamento":"SAUDE","cd_identificador_rede_equipamento":0,"nm_rede_equipamento":"SEM REDE","tx_rede_equipamento":"Sem descrição","cd_identificador_tipo_equipamento":30,"nm_tipo_equipamento":"Hospital","tx_tipo_equipamento":"Realiza atendimento de média e alta complexidade.","cd_identificador_classe_equipamento":7,"nm_classe_equipamento":"HOSPITAL","tx_classe_equipamento":"REFERE-SE AOS ESTABELECIMENTOS DE SAÚDE COM CAPACIDADE DE INTERNAMENTO (LEITOS) E QUE REALIZAM PROCEDIMENTOS DE MÉDIA E ALTA COMPLEXIDADE.","cd_identificador_esfera_administrativa_equipamento":1,"nm_esfera_administrativa_equipamento":"Municipal","tx_esfera_administrativa_equipamento":"Administração municipal","cd_equipamento":"553","nm_equipamento":"HOSPITAL MUNICIPAL GUARAPIRANGA","tx_endereco_equipamento":"ESTRADA DA RIVIERA, 4742","nm_bairro_equipamento":"RIVIERA PAULISTA","cd_cep_equipamento":"04916-000","tx_horario_funcionamento":null,"tx_numero_telefone":"3113-9592","cd_equipamento_base_origem":null}},{"type":"Feature","id":"equipamento_saude_hospital_v2.120443","geometry":{"type":"Point","coordinates":[331382.965,7382794.267]},"geometry_name":"ge_ponto","properties":{"cd_identificador":120443,"cd_identificador_tema_equipamento":6,"nm_tema_equipamento":"SAUDE","cd_identificador_rede_equipamento":0,"nm_rede_equipamento":"SEM REDE","tx_rede_equipamento":"Sem descrição","cd_identificador_tipo_equipamento":30,"nm_tipo_equipamento":"Hospital","tx_tipo_equipamento":"Realiza atendimento de média e alta complexidade.","cd_identificador_classe_equipamento":7,"nm_classe_equipamento":"HOSPITAL","tx_classe_equipamento":"REFERE-SE AOS ESTABELECIMENTOS DE SAÚDE COM CAPACIDADE DE INTERNAMENTO (LEITOS) E QUE REALIZAM PROCEDIMENTOS DE MÉDIA E ALTA COMPLEXIDADE.","cd_identificador_esfera_administrativa_equipamento":1,"nm_esfera_administrativa_equipamento":"Municipal","tx_esfera_administrativa_equipamento":"Administração municipal","cd_equipamento":"472","nm_equipamento":"HOSPITAL MUNICIPAL GILSON DE CASSIA MARQUES DE CARVALHO","tx_endereco_equipamento":"AV. SANTA CATARINA, 2785","nm_bairro_equipamento":"VILA MASCOTE","cd_cep_equipamento":"04378-200","tx_horario_funcionamento":null,"tx_numero_telefone":null,"cd_equipamento_base_origem":null}},{"type":"Feature","id":"equipamento_saude_hospital_v2.120442","geometry":{"type":"Point","coordinates":[349681.57,7400337.32]},"geometry_name":"ge_ponto","properties":{"cd_identificador":120442,"cd_identificador_tema_equipamento":6,"nm_tema_equipamento":"SAUDE","cd_identificador_rede_equipamento":0,"nm_rede_equipamento":"SEM REDE","tx_rede_equipamento":"Sem descrição","cd_identificador_tipo_equipamento":30,"nm_tipo_equipamento":"Hospital","tx_tipo_equipamento":"Realiza atendimento de média e alta complexidade.","cd_identificador_classe_equipamento":7,"nm_classe_equipamento":"HOSPITAL","tx_classe_equipamento":"REFERE-SE AOS ESTABELECIMENTOS DE SAÚDE COM CAPACIDADE DE INTERNAMENTO (LEITOS) E QUE REALIZAM PROCEDIMENTOS DE MÉDIA E ALTA COMPLEXIDADE.","cd_identificador_esfera_administrativa_equipamento":1,"nm_esfera_administrativa_equipamento":"Municipal","tx_esfera_administrativa_equipamento":"Administração municipal","cd_equipamento":"259","nm_equipamento":"HOSPITAL MUNICIPAL ERMELINO MATARAZZO - PROF. DR. ALÍPIO CORREA NETTO","tx_endereco_equipamento":"ALAMEDA RODRIGO DE BRUM, 1989","nm_bairro_equipamento":"VILA PARANAGUÁ","cd_cep_equipamento":"03807-230","tx_horario_funcionamento":null,"tx_numero_telefone":"5178-2000","cd_equipamento_base_origem":null}},{"type":"Feature","id":"equipamento_saude_hospital_v2.120441","geometry":{"type":"Point","coordinates":[329339.213,7402353.968]},"geometry_name":"ge_ponto","properties":{"cd_identificador":120441,"cd_identificador_tema_equipamento":6,"nm_tema_equipamento":"SAUDE","cd_identificador_rede_equipamento":0,"nm_rede_equipamento":"SEM REDE","tx_rede_equipamento":"Sem descrição","cd_identificador_tipo_equipamento":30,"nm_tipo_equipamento":"Hospital","tx_tipo_equipamento":"Realiza atendimento de média e alta complexidade.","cd_identificador_classe_equipamento":7,"nm_classe_equipamento":"HOSPITAL","tx_classe_equipamento":"REFERE-SE AOS ESTABELECIMENTOS DE SAÚDE COM CAPACIDADE DE INTERNAMENTO (LEITOS) E QUE REALIZAM PROCEDIMENTOS DE MÉDIA E ALTA COMPLEXIDADE.","cd_identificador_esfera_administrativa_equipamento":1,"nm_esfera_administrativa_equipamento":"Municipal","tx_esfera_administrativa_equipamento":"Administração municipal","cd_equipamento":"167","nm_equipamento":"HOSPITAL MUNICIPAL E MATERN ESC CACHOEIRINHA - DR. MÁRIO DE M A DA SILVA","tx_endereco_equipamento":"AV. DEPUTADO EMILIO CARLOS, 3100","nm_bairro_equipamento":"VILA NOVA CACHOEIRINHA","cd_cep_equipamento":"02720-200","tx_horario_funcionamento":null,"tx_numero_telefone":"3986-1000","cd_equipamento_base_origem":null}},{"type":"Feature","id":"equipamento_saude_hospital_v2.120440","geometry":{"type":"Point","coordinates":[337704.863,7392267.139]},"geometry_name":"ge_ponto","properties":{"cd_identificador":120440,"cd_identificador_tema_equipamento":6,"nm_tema_equipamento":"SAUDE","cd_identificador_rede_equipamento":0,"nm_rede_equipamento":"SEM REDE","tx_rede_equipamento":"Sem descrição","cd_identificador_tipo_equipamento":30,"nm_tipo_equipamento":"Hospital","tx_tipo_equipamento":"Realiza atendimento de média e alta complexidade.","cd_identificador_classe_equipamento":7,"nm_classe_equipamento":"HOSPITAL","tx_classe_equipamento":"REFERE-SE AOS ESTABELECIMENTOS DE SAÚDE COM CAPACIDADE DE INTERNAMENTO (LEITOS) E QUE REALIZAM PROCEDIMENTOS DE MÉDIA E ALTA COMPLEXIDADE.","cd_identificador_esfera_administrativa_equipamento":1,"nm_esfera_administrativa_equipamento":"Municipal","tx_esfera_administrativa_equipamento":"Administração municipal","cd_equipamento":"591","nm_equipamento":"HOSPITAL MUNICIPAL DR. IGNÁCIO PROENÇA DE GOUVEA","tx_endereco_equipamento":"R. JUVENTUS, 562","nm_bairro_equipamento":"PARQUE DA MOOCA","cd_cep_equipamento":"03124-020","tx_horario_funcionamento":null,"tx_numero_telefone":"5178-0000 / 3394-7810","cd_equipamento_base_origem":null}},{"type":"Feature","id":"equipamento_saude_hospital_v2.120439","geometry":{"type":"Point","coordinates":[356787.995,7389657.041]},"geometry_name":"ge_ponto","properties":{"cd_identificador":120439,"cd_identificador_tema_equipamento":6,"nm_tema_equipamento":"SAUDE","cd_identificador_rede_equipamento":0,"nm_rede_equipamento":"SEM REDE","tx_rede_equipamento":"Sem descrição","cd_identificador_tipo_equipamento":30,"nm_tipo_equipamento":"Hospital","tx_tipo_equipamento":"Realiza atendimento de média e alta complexidade.","cd_identificador_classe_equipamento":7,"nm_classe_equipamento":"HOSPITAL","tx_classe_equipamento":"REFERE-SE AOS ESTABELECIMENTOS DE SAÚDE COM CAPACIDADE DE INTERNAMENTO (LEITOS) E QUE REALIZAM PROCEDIMENTOS DE MÉDIA E ALTA COMPLEXIDADE.","cd_identificador_esfera_administrativa_equipamento":1,"nm_esfera_administrativa_equipamento":"Municipal","tx_esfera_administrativa_equipamento":"Administração municipal","cd_equipamento":"236","nm_equipamento":"HOSPITAL MUNICIPAL CIDADE TIRADENTES - CARMEN PRUDENTE","tx_endereco_equipamento":"AV. DOS METALURGICOS, 1797","nm_bairro_equipamento":"CIDADE TIRADENTES","cd_cep_equipamento":"08471-000","tx_horario_funcionamento":null,"tx_numero_telefone":"2559-6200","cd_equipamento_base_origem":null}},{"type":"Feature","id":"equipamento_saude_hospital_v2.120438","geometry":{"type":"Point","coordinates":[325348.612,7374609.919]},"geometry_name":"ge_ponto","properties":{"cd_identificador":120438,"cd_identificador_tema_equipamento":6,"nm_tema_equipamento":"SAUDE","cd_identificador_rede_equipamento":0,"nm_rede_equipamento":"SEM REDE","tx_rede_equipamento":"Sem descrição","cd_identificador_tipo_equipamento":30,"nm_tipo_equipamento":"Hospital","tx_tipo_equipamento":"Realiza atendimento de média e alta complexidade.","cd_identificador_classe_equipamento":7,"nm_classe_equipamento":"HOSPITAL","tx_classe_equipamento":"REFERE-SE AOS ESTABELECIMENTOS DE SAÚDE COM CAPACIDADE DE INTERNAMENTO (LEITOS) E QUE REALIZAM PROCEDIMENTOS DE MÉDIA E ALTA COMPLEXIDADE.","cd_identificador_esfera_administrativa_equipamento":1,"nm_esfera_administrativa_equipamento":"Municipal","tx_esfera_administrativa_equipamento":"Administração municipal","cd_equipamento":"113","nm_equipamento":"HOSPITAL MUNICIPAL CAPELA DO SOCORRO","tx_endereco_equipamento":"R. CASSIO DE CAMPOS NOGUEIRA, 2031","nm_bairro_equipamento":"JARDIM DAS IMBUIAS","cd_cep_equipamento":"04829-310","tx_horario_funcionamento":null,"tx_numero_telefone":"5527-1060","cd_equipamento_base_origem":null}},{"type":"Feature","id":"equipamento_saude_hospital_v2.120437","geometry":{"type":"Point","coordinates":[321644.872,7383589.913]},"geometry_name":"ge_ponto","properties":{"cd_identificador":120437,"cd_identificador_tema_equipamento":6,"nm_tema_equipamento":"SAUDE","cd_identificador_rede_equipamento":0,"nm_rede_equipamento":"SEM REDE","tx_rede_equipamento":"Sem descrição","cd_identificador_tipo_equipamento":30,"nm_tipo_equipamento":"Hospital","tx_tipo_equipamento":"Realiza atendimento de média e alta complexidade.","cd_identificador_classe_equipamento":7,"nm_classe_equipamento":"HOSPITAL","tx_classe_equipamento":"REFERE-SE AOS ESTABELECIMENTOS DE SAÚDE COM CAPACIDADE DE INTERNAMENTO (LEITOS) E QUE REALIZAM PROCEDIMENTOS DE MÉDIA E ALTA COMPLEXIDADE.","cd_identificador_esfera_administrativa_equipamento":1,"nm_esfera_administrativa_equipamento":"Municipal","tx_esfera_administrativa_equipamento":"Administração municipal","cd_equipamento":"559","nm_equipamento":"HOSPITAL MUNICIPAL CAMPO LIMPO - DR. FERNANDO MAURO PIRES DA ROCHA","tx_endereco_equipamento":"ESTRADA DE ITAPECERICA, 1661","nm_bairro_equipamento":"CAMPO LIMPO","cd_cep_equipamento":"05835-005","tx_horario_funcionamento":null,"tx_numero_telefone":"5178-2450","cd_equipamento_base_origem":null}},{"type":"Feature","id":"equipamento_saude_hospital_v2.120436","geometry":{"type":"Point","coordinates":[326569.454,7402768.741]},"geometry_name":"ge_ponto","properties":{"cd_identificador":120436,"cd_identificador_tema_equipamento":6,"nm_tema_equipamento":"SAUDE","cd_identificador_rede_equipamento":0,"nm_rede_equipamento":"SEM REDE","tx_rede_equipamento":"Sem descrição","cd_identificador_tipo_equipamento":30,"nm_tipo_equipamento":"Hospital","tx_tipo_equipamento":"Realiza atendimento de média e alta complexidade.","cd_identificador_classe_equipamento":7,"nm_classe_equipamento":"HOSPITAL","tx_classe_equipamento":"REFERE-SE AOS ESTABELECIMENTOS DE SAÚDE COM CAPACIDADE DE INTERNAMENTO (LEITOS) E QUE REALIZAM PROCEDIMENTOS DE MÉDIA E ALTA COMPLEXIDADE.","cd_identificador_esfera_administrativa_equipamento":1,"nm_esfera_administrativa_equipamento":"Municipal","tx_esfera_administrativa_equipamento":"Administração municipal","cd_equipamento":"291","nm_equipamento":"HOSPITAL MUNICIPAL BRASILÂNDIA - ADIB JATENE","tx_endereco_equipamento":"AV. MICHIHISA MURATA, 150","nm_bairro_equipamento":"JARDIM MARISTELA","cd_cep_equipamento":"02806-160","tx_horario_funcionamento":null,"tx_numero_telefone":"3386-4243","cd_equipamento_base_origem":null}},{"type":"Feature","id":"equipamento_saude_hospital_v2.120434","geometry":{"type":"Point","coordinates":[324487.812,7392872.558]},"geometry_name":"ge_ponto","properties":{"cd_identificador":120434,"cd_identificador_tema_equipamento":6,"nm_tema_equipamento":"SAUDE","cd_identificador_rede_equipamento":0,"nm_rede_equipamento":"SEM REDE","tx_rede_equipamento":"Sem descrição","cd_identificador_tipo_equipamento":30,"nm_tipo_equipamento":"Hospital","tx_tipo_equipamento":"Realiza atendimento de média e alta complexidade.","cd_identificador_classe_equipamento":7,"nm_classe_equipamento":"HOSPITAL","tx_classe_equipamento":"REFERE-SE AOS ESTABELECIMENTOS DE SAÚDE COM CAPACIDADE DE INTERNAMENTO (LEITOS) E QUE REALIZAM PROCEDIMENTOS DE MÉDIA E ALTA COMPLEXIDADE.","cd_identificador_esfera_administrativa_equipamento":2,"nm_esfera_administrativa_equipamento":"Estadual","tx_esfera_administrativa_equipamento":"Administração estadual vinculada à Secretaria de Estado da Saúde","cd_equipamento":"27","nm_equipamento":"HOSPITAL ESTADUAL VITAL BRAZIL","tx_endereco_equipamento":"AV. VITAL BRAZIL, 1500","nm_bairro_equipamento":"BUTANTA","cd_cep_equipamento":"05503-900","tx_horario_funcionamento":null,"tx_numero_telefone":"3726-7962","cd_equipamento_base_origem":null}},{"type":"Feature","id":"equipamento_saude_hospital_v2.120433","geometry":{"type":"Point","coordinates":[326022.762,7382871.546]},"geometry_name":"ge_ponto","properties":{"cd_identificador":120433,"cd_identificador_tema_equipamento":6,"nm_tema_equipamento":"SAUDE","cd_identificador_rede_equipamento":0,"nm_rede_equipamento":"SEM REDE","tx_rede_equipamento":"Sem descrição","cd_identificador_tipo_equipamento":30,"nm_tipo_equipamento":"Hospital","tx_tipo_equipamento":"Realiza atendimento de média e alta complexidade.","cd_identificador_classe_equipamento":7,"nm_classe_equipamento":"HOSPITAL","tx_classe_equipamento":"REFERE-SE AOS ESTABELECIMENTOS DE SAÚDE COM CAPACIDADE DE INTERNAMENTO (LEITOS) E QUE REALIZAM PROCEDIMENTOS DE MÉDIA E ALTA COMPLEXIDADE.","cd_identificador_esfera_administrativa_equipamento":2,"nm_esfera_administrativa_equipamento":"Estadual","tx_esfera_administrativa_equipamento":"Administração estadual vinculada à Secretaria de Estado da Saúde","cd_equipamento":"823","nm_equipamento":"HOSPITAL ESTADUAL REGIONAL SUL","tx_endereco_equipamento":"R. GENERAL ROBERTO ALVES DE CARVALHO FILHO, 270","nm_bairro_equipamento":"SANTO AMARO","cd_cep_equipamento":"04744-000","tx_horario_funcionamento":null,"tx_numero_telefone":"5694-8200","cd_equipamento_base_origem":null}},{"type":"Feature","id":"equipamento_saude_hospital_v2.120431","geometry":{"type":"Point","coordinates":[326482.988,7377196.018]},"geometry_name":"ge_ponto","properties":{"cd_identificador":120431,"cd_identificador_tema_equipamento":6,"nm_tema_equipamento":"SAUDE","cd_identificador_rede_equipamento":0,"nm_rede_equipamento":"SEM REDE","tx_rede_equipamento":"Sem descrição","cd_identificador_tipo_equipamento":30,"nm_tipo_equipamento":"Hospital","tx_tipo_equipamento":"Realiza atendimento de média e alta complexidade.","cd_identificador_classe_equipamento":7,"nm_classe_equipamento":"HOSPITAL","tx_classe_equipamento":"REFERE-SE AOS ESTABELECIMENTOS DE SAÚDE COM CAPACIDADE DE INTERNAMENTO (LEITOS) E QUE REALIZAM PROCEDIMENTOS DE MÉDIA E ALTA COMPLEXIDADE.","cd_identificador_esfera_administrativa_equipamento":2,"nm_esfera_administrativa_equipamento":"Estadual","tx_esfera_administrativa_equipamento":"Administração estadual vinculada à Secretaria de Estado da Saúde","cd_equipamento":"119","nm_equipamento":"HOSPITAL ESTADUAL MATERNIDADE INTERLAGOS","tx_endereco_equipamento":"R. LEONOR ALVIM, 211","nm_bairro_equipamento":"JD LEBLON","cd_cep_equipamento":"04802-190","tx_horario_funcionamento":null,"tx_numero_telefone":"5668-1232","cd_equipamento_base_origem":null}},{"type":"Feature","id":"equipamento_saude_hospital_v2.120430","geometry":{"type":"Point","coordinates":[345559.876,7388149.929]},"geometry_name":"ge_ponto","properties":{"cd_identificador":120430,"cd_identificador_tema_equipamento":6,"nm_tema_equipamento":"SAUDE","cd_identificador_rede_equipamento":0,"nm_rede_equipamento":"SEM REDE","tx_rede_equipamento":"Sem descrição","cd_identificador_tipo_equipamento":30,"nm_tipo_equipamento":"Hospital","tx_tipo_equipamento":"Realiza atendimento de média e alta complexidade.","cd_identificador_classe_equipamento":7,"nm_classe_equipamento":"HOSPITAL","tx_classe_equipamento":"REFERE-SE AOS ESTABELECIMENTOS DE SAÚDE COM CAPACIDADE DE INTERNAMENTO (LEITOS) E QUE REALIZAM PROCEDIMENTOS DE MÉDIA E ALTA COMPLEXIDADE.","cd_identificador_esfera_administrativa_equipamento":2,"nm_esfera_administrativa_equipamento":"Estadual","tx_esfera_administrativa_equipamento":"Administração estadual vinculada à Secretaria de Estado da Saúde","cd_equipamento":"908","nm_equipamento":"HOSPITAL ESTADUAL LOCAL DE SAPOPEMBA","tx_endereco_equipamento":"R. IAMACARU, 45","nm_bairro_equipamento":"SAPOPEMBA","cd_cep_equipamento":"03982-060","tx_horario_funcionamento":null,"tx_numero_telefone":"2024-7510","cd_equipamento_base_origem":null}},{"type":"Feature","id":"equipamento_saude_hospital_v2.120429","geometry":{"type":"Point","coordinates":[335547.898,7390880.563]},"geometry_name":"ge_ponto","properties":{"cd_identificador":120429,"cd_identificador_tema_equipamento":6,"nm_tema_equipamento":"SAUDE","cd_identificador_rede_equipamento":0,"nm_rede_equipamento":"SEM REDE","tx_rede_equipamento":"Sem descrição","cd_identificador_tipo_equipamento":30,"nm_tipo_equipamento":"Hospital","tx_tipo_equipamento":"Realiza atendimento de média e alta complexidade.","cd_identificador_classe_equipamento":7,"nm_classe_equipamento":"HOSPITAL","tx_classe_equipamento":"REFERE-SE AOS ESTABELECIMENTOS DE SAÚDE COM CAPACIDADE DE INTERNAMENTO (LEITOS) E QUE REALIZAM PROCEDIMENTOS DE MÉDIA E ALTA COMPLEXIDADE.","cd_identificador_esfera_administrativa_equipamento":2,"nm_esfera_administrativa_equipamento":"Estadual","tx_esfera_administrativa_equipamento":"Administração estadual vinculada à Secretaria de Estado da Saúde","cd_equipamento":"350","nm_equipamento":"HOSPITAL ESTADUAL IPIRANGA","tx_endereco_equipamento":"AV. NAZARÉ, 28","nm_bairro_equipamento":"IPIRANGA","cd_cep_equipamento":"04262-000","tx_horario_funcionamento":null,"tx_numero_telefone":"2067-7799","cd_equipamento_base_origem":null}},{"type":"Feature","id":"equipamento_saude_hospital_v2.120426","geometry":{"type":"Point","coordinates":[337411.286,7388203.742]},"geometry_name":"ge_ponto","properties":{"cd_identificador":120426,"cd_identificador_tema_equipamento":6,"nm_tema_equipamento":"SAUDE","cd_identificador_rede_equipamento":0,"nm_rede_equipamento":"SEM REDE","tx_rede_equipamento":"Sem descrição","cd_identificador_tipo_equipamento":30,"nm_tipo_equipamento":"Hospital","tx_tipo_equipamento":"Realiza atendimento de média e alta complexidade.","cd_identificador_classe_equipamento":7,"nm_classe_equipamento":"HOSPITAL","tx_classe_equipamento":"REFERE-SE AOS ESTABELECIMENTOS DE SAÚDE COM CAPACIDADE DE INTERNAMENTO (LEITOS) E QUE REALIZAM PROCEDIMENTOS DE MÉDIA E ALTA COMPLEXIDADE.","cd_identificador_esfera_administrativa_equipamento":2,"nm_esfera_administrativa_equipamento":"Estadual","tx_esfera_administrativa_equipamento":"Administração estadual vinculada à Secretaria de Estado da Saúde","cd_equipamento":"368","nm_equipamento":"HOSPITAL ESTADUAL HELIÓPOLIS","tx_endereco_equipamento":"R. CÔNEGO XAVIER, 276","nm_bairro_equipamento":"CIDADE NOVA HELIOPOLIS","cd_cep_equipamento":"04231-030","tx_horario_funcionamento":null,"tx_numero_telefone":"2274-7600","cd_equipamento_base_origem":null}},{"type":"Feature","id":"equipamento_saude_hospital_v2.120425","geometry":{"type":"Point","coordinates":[331448.3147,7392405.6283]},"geometry_name":"ge_ponto","properties":{"cd_identificador":120425,"cd_identificador_tema_equipamento":6,"nm_tema_equipamento":"SAUDE","cd_identificador_rede_equipamento":0,"nm_rede_equipamento":"SEM REDE","tx_rede_equipamento":"Sem descrição","cd_identificador_tipo_equipamento":30,"nm_tipo_equipamento":"Hospital","tx_tipo_equipamento":"Realiza atendimento de média e alta complexidade.","cd_identificador_classe_equipamento":7,"nm_classe_equipamento":"HOSPITAL","tx_classe_equipamento":"REFERE-SE AOS ESTABELECIMENTOS DE SAÚDE COM CAPACIDADE DE INTERNAMENTO (LEITOS) E QUE REALIZAM PROCEDIMENTOS DE MÉDIA E ALTA COMPLEXIDADE.","cd_identificador_esfera_administrativa_equipamento":2,"nm_esfera_administrativa_equipamento":"Estadual","tx_esfera_administrativa_equipamento":"Administração estadual vinculada à Secretaria de Estado da Saúde","cd_equipamento":"707","nm_equipamento":"HOSPITAL ESTADUAL EURYCLIDES DE JESUS ZERBINI","tx_endereco_equipamento":"AV. BRIGADEIRO LUIS ANTONIO, 2651","nm_bairro_equipamento":"JARDIM PAULISTA","cd_cep_equipamento":"01401-901","tx_horario_funcionamento":null,"tx_numero_telefone":"3170-6329","cd_equipamento_base_origem":null}},{"type":"Feature","id":"equipamento_saude_hospital_v2.120424","geometry":{"type":"Point","coordinates":[337846.675,7396231.936]},"geometry_name":"ge_ponto","properties":{"cd_identificador":120424,"cd_identificador_tema_equipamento":6,"nm_tema_equipamento":"SAUDE","cd_identificador_rede_equipamento":0,"nm_rede_equipamento":"SEM REDE","tx_rede_equipamento":"Sem descrição","cd_identificador_tipo_equipamento":30,"nm_tipo_equipamento":"Hospital","tx_tipo_equipamento":"Realiza atendimento de média e alta complexidade.","cd_identificador_classe_equipamento":7,"nm_classe_equipamento":"HOSPITAL","tx_classe_equipamento":"REFERE-SE AOS ESTABELECIMENTOS DE SAÚDE COM CAPACIDADE DE INTERNAMENTO (LEITOS) E QUE REALIZAM PROCEDIMENTOS DE MÉDIA E ALTA COMPLEXIDADE.","cd_identificador_esfera_administrativa_equipamento":2,"nm_esfera_administrativa_equipamento":"Estadual","tx_esfera_administrativa_equipamento":"Administração estadual vinculada à Secretaria de Estado da Saúde","cd_equipamento":"585","nm_equipamento":"HOSPITAL ESTADUAL E MATERNIDADE LEONOR MENDES DE BARROS","tx_endereco_equipamento":"AV. CELSO GARCIA, 2477","nm_bairro_equipamento":"BELENZINHO","cd_cep_equipamento":"03015-000","tx_horario_funcionamento":null,"tx_numero_telefone":"2847-7000","cd_equipamento_base_origem":null}},{"type":"Feature","id":"equipamento_saude_hospital_v2.120423","geometry":{"type":"Point","coordinates":[333394.897,7401948.13]},"geometry_name":"ge_ponto","properties":{"cd_identificador":120423,"cd_identificador_tema_equipamento":6,"nm_tema_equipamento":"SAUDE","cd_identificador_rede_equipamento":0,"nm_rede_equipamento":"SEM REDE","tx_rede_equipamento":"Sem descrição","cd_identificador_tipo_equipamento":30,"nm_tipo_equipamento":"Hospital","tx_tipo_equipamento":"Realiza atendimento de média e alta complexidade.","cd_identificador_classe_equipamento":7,"nm_classe_equipamento":"HOSPITAL","tx_classe_equipamento":"REFERE-SE AOS ESTABELECIMENTOS DE SAÚDE COM CAPACIDADE DE INTERNAMENTO (LEITOS) E QUE REALIZAM PROCEDIMENTOS DE MÉDIA E ALTA COMPLEXIDADE.","cd_identificador_esfera_administrativa_equipamento":2,"nm_esfera_administrativa_equipamento":"Estadual","tx_esfera_administrativa_equipamento":"Administração estadual vinculada à Secretaria de Estado da Saúde","cd_equipamento":"771","nm_equipamento":"HOSPITAL ESTADUAL DO MANDAQUI","tx_endereco_equipamento":"R. VOLUNTARIOS DA PATRIA, 4301","nm_bairro_equipamento":"SANTANA","cd_cep_equipamento":"02401-400","tx_horario_funcionamento":null,"tx_numero_telefone":"2281-5000 / 2281-5051","cd_equipamento_base_origem":null}},{"type":"Feature","id":"equipamento_saude_hospital_v2.120422","geometry":{"type":"Point","coordinates":[327654.697,7374722.005]},"geometry_name":"ge_ponto","properties":{"cd_identificador":120422,"cd_identificador_tema_equipamento":6,"nm_tema_equipamento":"SAUDE","cd_identificador_rede_equipamento":0,"nm_rede_equipamento":"SEM REDE","tx_rede_equipamento":"Sem descrição","cd_identificador_tipo_equipamento":30,"nm_tipo_equipamento":"Hospital","tx_tipo_equipamento":"Realiza atendimento de média e alta complexidade.","cd_identificador_classe_equipamento":7,"nm_classe_equipamento":"HOSPITAL","tx_classe_equipamento":"REFERE-SE AOS ESTABELECIMENTOS DE SAÚDE COM CAPACIDADE DE INTERNAMENTO (LEITOS) E QUE REALIZAM PROCEDIMENTOS DE MÉDIA E ALTA COMPLEXIDADE.","cd_identificador_esfera_administrativa_equipamento":2,"nm_esfera_administrativa_equipamento":"Estadual","tx_esfera_administrativa_equipamento":"Administração estadual vinculada à Secretaria de Estado da Saúde","cd_equipamento":"128","nm_equipamento":"HOSPITAL ESTADUAL DO GRAJAU - PROF LIBER JOHN ALPHONSE DI DIO","tx_endereco_equipamento":"R. FRANCISCO OCTAVIO PACCA, 180","nm_bairro_equipamento":"PARQUE DAS NACOES","cd_cep_equipamento":"04822-030","tx_horario_funcionamento":null,"tx_numero_telefone":"3544-9443 / 3544-9444 R:322","cd_equipamento_base_origem":null}},{"type":"Feature","id":"equipamento_saude_hospital_v2.120421","geometry":{"type":"Point","coordinates":[326903.722,7401729.925]},"geometry_name":"ge_ponto","properties":{"cd_identificador":120421,"cd_identificador_tema_equipamento":6,"nm_tema_equipamento":"SAUDE","cd_identificador_rede_equipamento":0,"nm_rede_equipamento":"SEM REDE","tx_rede_equipamento":"Sem descrição","cd_identificador_tipo_equipamento":30,"nm_tipo_equipamento":"Hospital","tx_tipo_equipamento":"Realiza atendimento de média e alta complexidade.","cd_identificador_classe_equipamento":7,"nm_classe_equipamento":"HOSPITAL","tx_classe_equipamento":"REFERE-SE AOS ESTABELECIMENTOS DE SAÚDE COM CAPACIDADE DE INTERNAMENTO (LEITOS) E QUE REALIZAM PROCEDIMENTOS DE MÉDIA E ALTA COMPLEXIDADE.","cd_identificador_esfera_administrativa_equipamento":2,"nm_esfera_administrativa_equipamento":"Estadual","tx_esfera_administrativa_equipamento":"Administração estadual vinculada à Secretaria de Estado da Saúde","cd_equipamento":"305","nm_equipamento":"HOSPITAL ESTADUAL DE VILA PENTEADO - DR JOSE PANGELLA","tx_endereco_equipamento":"AV. MINISTRO PETRONIO PORTELA, 1642","nm_bairro_equipamento":"JD IRACEMA","cd_cep_equipamento":"02802-120","tx_horario_funcionamento":null,"tx_numero_telefone":"3976-9911","cd_equipamento_base_origem":null}},{"type":"Feature","id":"equipamento_saude_hospital_v2.120420","geometry":{"type":"Point","coordinates":[329197.289,7402180.538]},"geometry_name":"ge_ponto","properties":{"cd_identificador":120420,"cd_identificador_tema_equipamento":6,"nm_tema_equipamento":"SAUDE","cd_identificador_rede_equipamento":0,"nm_rede_equipamento":"SEM REDE","tx_rede_equipamento":"Sem descrição","cd_identificador_tipo_equipamento":30,"nm_tipo_equipamento":"Hospital","tx_tipo_equipamento":"Realiza atendimento de média e alta complexidade.","cd_identificador_classe_equipamento":7,"nm_classe_equipamento":"HOSPITAL","tx_classe_equipamento":"REFERE-SE AOS ESTABELECIMENTOS DE SAÚDE COM CAPACIDADE DE INTERNAMENTO (LEITOS) E QUE REALIZAM PROCEDIMENTOS DE MÉDIA E ALTA COMPLEXIDADE.","cd_identificador_esfera_administrativa_equipamento":2,"nm_esfera_administrativa_equipamento":"Estadual","tx_esfera_administrativa_equipamento":"Administração estadual vinculada à Secretaria de Estado da Saúde","cd_equipamento":"163","nm_equipamento":"HOSPITAL ESTADUAL DE VILA NOVA CACHOEIRINHA","tx_endereco_equipamento":"AV. DEPUTADO EMILIO CARLOS, 3000","nm_bairro_equipamento":"VL NOVA CAHOEIRINHA","cd_cep_equipamento":"02720-200","tx_horario_funcionamento":null,"tx_numero_telefone":"3859-4822","cd_equipamento_base_origem":null}},{"type":"Feature","id":"equipamento_saude_hospital_v2.120419","geometry":{"type":"Point","coordinates":[340662.451,7389924.548]},"geometry_name":"ge_ponto","properties":{"cd_identificador":120419,"cd_identificador_tema_equipamento":6,"nm_tema_equipamento":"SAUDE","cd_identificador_rede_equipamento":0,"nm_rede_equipamento":"SEM REDE","tx_rede_equipamento":"Sem descrição","cd_identificador_tipo_equipamento":30,"nm_tipo_equipamento":"Hospital","tx_tipo_equipamento":"Realiza atendimento de média e alta complexidade.","cd_identificador_classe_equipamento":7,"nm_classe_equipamento":"HOSPITAL","tx_classe_equipamento":"REFERE-SE AOS ESTABELECIMENTOS DE SAÚDE COM CAPACIDADE DE INTERNAMENTO (LEITOS) E QUE REALIZAM PROCEDIMENTOS DE MÉDIA E ALTA COMPLEXIDADE.","cd_identificador_esfera_administrativa_equipamento":2,"nm_esfera_administrativa_equipamento":"Estadual","tx_esfera_administrativa_equipamento":"Administração estadual vinculada à Secretaria de Estado da Saúde","cd_equipamento":"1062","nm_equipamento":"HOSPITAL ESTADUAL DE VILA ALPINA","tx_endereco_equipamento":"AV. FRANCISCO FALCONI, 1501","nm_bairro_equipamento":"VILA ALPINA","cd_cep_equipamento":"03227-000","tx_horario_funcionamento":null,"tx_numero_telefone":"2318-2100","cd_equipamento_base_origem":null}},{"type":"Feature","id":"equipamento_saude_hospital_v2.120418","geometry":{"type":"Point","coordinates":[324533.54,7406318.658]},"geometry_name":"ge_ponto","properties":{"cd_identificador":120418,"cd_identificador_tema_equipamento":6,"nm_tema_equipamento":"SAUDE","cd_identificador_rede_equipamento":0,"nm_rede_equipamento":"SEM REDE","tx_rede_equipamento":"Sem descrição","cd_identificador_tipo_equipamento":30,"nm_tipo_equipamento":"Hospital","tx_tipo_equipamento":"Realiza atendimento de média e alta complexidade.","cd_identificador_classe_equipamento":7,"nm_classe_equipamento":"HOSPITAL","tx_classe_equipamento":"REFERE-SE AOS ESTABELECIMENTOS DE SAÚDE COM CAPACIDADE DE INTERNAMENTO (LEITOS) E QUE REALIZAM PROCEDIMENTOS DE MÉDIA E ALTA COMPLEXIDADE.","cd_identificador_esfera_administrativa_equipamento":2,"nm_esfera_administrativa_equipamento":"Estadual","tx_esfera_administrativa_equipamento":"Administração estadual vinculada à Secretaria de Estado da Saúde","cd_equipamento":"724","nm_equipamento":"HOSPITAL ESTADUAL DE TAIPAS - KATIA DE SOUZA RODRIGUES","tx_endereco_equipamento":"AV. ELISIO TEIXEIRA LEITE, 6999","nm_bairro_equipamento":"PARADA DE TAIPAS","cd_cep_equipamento":"02810-000","tx_horario_funcionamento":null,"tx_numero_telefone":"3973-0400 / 3973-0416","cd_equipamento_base_origem":null}},{"type":"Feature","id":"equipamento_saude_hospital_v2.120417","geometry":{"type":"Point","coordinates":[347672.587,7388080.79]},"geometry_name":"ge_ponto","properties":{"cd_identificador":120417,"cd_identificador_tema_equipamento":6,"nm_tema_equipamento":"SAUDE","cd_identificador_rede_equipamento":0,"nm_rede_equipamento":"SEM REDE","tx_rede_equipamento":"Sem descrição","cd_identificador_tipo_equipamento":30,"nm_tipo_equipamento":"Hospital","tx_tipo_equipamento":"Realiza atendimento de média e alta complexidade.","cd_identificador_classe_equipamento":7,"nm_classe_equipamento":"HOSPITAL","tx_classe_equipamento":"REFERE-SE AOS ESTABELECIMENTOS DE SAÚDE COM CAPACIDADE DE INTERNAMENTO (LEITOS) E QUE REALIZAM PROCEDIMENTOS DE MÉDIA E ALTA COMPLEXIDADE.","cd_identificador_esfera_administrativa_equipamento":2,"nm_esfera_administrativa_equipamento":"Estadual","tx_esfera_administrativa_equipamento":"Administração estadual vinculada à Secretaria de Estado da Saúde","cd_equipamento":"902","nm_equipamento":"HOSPITAL ESTADUAL DE SAPOPEMBA","tx_endereco_equipamento":"R. MANOEL FRANCA DOS SANTOS, 174","nm_bairro_equipamento":"JARDIM SAPOPEMBA","cd_cep_equipamento":"03975-130","tx_horario_funcionamento":null,"tx_numero_telefone":"2014-6000","cd_equipamento_base_origem":null}},{"type":"Feature","id":"equipamento_saude_hospital_v2.120416","geometry":{"type":"Point","coordinates":[348347.321,7389811.132]},"geometry_name":"ge_ponto","properties":{"cd_identificador":120416,"cd_identificador_tema_equipamento":6,"nm_tema_equipamento":"SAUDE","cd_identificador_rede_equipamento":0,"nm_rede_equipamento":"SEM REDE","tx_rede_equipamento":"Sem descrição","cd_identificador_tipo_equipamento":30,"nm_tipo_equipamento":"Hospital","tx_tipo_equipamento":"Realiza atendimento de média e alta complexidade.","cd_identificador_classe_equipamento":7,"nm_classe_equipamento":"HOSPITAL","tx_classe_equipamento":"REFERE-SE AOS ESTABELECIMENTOS DE SAÚDE COM CAPACIDADE DE INTERNAMENTO (LEITOS) E QUE REALIZAM PROCEDIMENTOS DE MÉDIA E ALTA COMPLEXIDADE.","cd_identificador_esfera_administrativa_equipamento":2,"nm_esfera_administrativa_equipamento":"Estadual","tx_esfera_administrativa_equipamento":"Administração estadual vinculada à Secretaria de Estado da Saúde","cd_equipamento":"843","nm_equipamento":"HOSPITAL ESTADUAL DE SÃO MATEUS - MANOEL BIFULCO","tx_endereco_equipamento":"R. ANGELO DE CANDIA, 540","nm_bairro_equipamento":"SAO MATEUS","cd_cep_equipamento":"03958-000","tx_horario_funcionamento":null,"tx_numero_telefone":"2014-5148","cd_equipamento_base_origem":null}},{"type":"Feature","id":"equipamento_saude_hospital_v2.120415","geometry":{"type":"Point","coordinates":[329019.142,7380004.771]},"geometry_name":"ge_ponto","properties":{"cd_identificador":120415,"cd_identificador_tema_equipamento":6,"nm_tema_equipamento":"SAUDE","cd_identificador_rede_equipamento":0,"nm_rede_equipamento":"SEM REDE","tx_rede_equipamento":"Sem descrição","cd_identificador_tipo_equipamento":30,"nm_tipo_equipamento":"Hospital","tx_tipo_equipamento":"Realiza atendimento de média e alta complexidade.","cd_identificador_classe_equipamento":7,"nm_classe_equipamento":"HOSPITAL","tx_classe_equipamento":"REFERE-SE AOS ESTABELECIMENTOS DE SAÚDE COM CAPACIDADE DE INTERNAMENTO (LEITOS) E QUE REALIZAM PROCEDIMENTOS DE MÉDIA E ALTA COMPLEXIDADE.","cd_identificador_esfera_administrativa_equipamento":2,"nm_esfera_administrativa_equipamento":"Estadual","tx_esfera_administrativa_equipamento":"Administração estadual vinculada à Secretaria de Estado da Saúde","cd_equipamento":"805","nm_equipamento":"HOSPITAL ESTADUAL DE PEDREIRA","tx_endereco_equipamento":"R. JOÃO FRANCISCO DE MOURA, 251","nm_bairro_equipamento":"VILA CAMPO GRANDE","cd_cep_equipamento":"04455-170","tx_horario_funcionamento":null,"tx_numero_telefone":"5613-5900","cd_equipamento_base_origem":null}},{"type":"Feature","id":"equipamento_saude_hospital_v2.120414","geometry":{"type":"Point","coordinates":[358203.926,7401269.888]},"geometry_name":"ge_ponto","properties":{"cd_identificador":120414,"cd_identificador_tema_equipamento":6,"nm_tema_equipamento":"SAUDE","cd_identificador_rede_equipamento":0,"nm_rede_equipamento":"SEM REDE","tx_rede_equipamento":"Sem descrição","cd_identificador_tipo_equipamento":30,"nm_tipo_equipamento":"Hospital","tx_tipo_equipamento":"Realiza atendimento de média e alta complexidade.","cd_identificador_classe_equipamento":7,"nm_classe_equipamento":"HOSPITAL","tx_classe_equipamento":"REFERE-SE AOS ESTABELECIMENTOS DE SAÚDE COM CAPACIDADE DE INTERNAMENTO (LEITOS) E QUE REALIZAM PROCEDIMENTOS DE MÉDIA E ALTA COMPLEXIDADE.","cd_identificador_esfera_administrativa_equipamento":2,"nm_esfera_administrativa_equipamento":"Estadual","tx_esfera_administrativa_equipamento":"Administração estadual vinculada à Secretaria de Estado da Saúde","cd_equipamento":"386","nm_equipamento":"HOSPITAL ESTADUAL DE ITAIM PAULISTA","tx_endereco_equipamento":"AV. MARECHAL TITO, 6035","nm_bairro_equipamento":"ITAIM PAULISTA","cd_cep_equipamento":"08115-100","tx_horario_funcionamento":null,"tx_numero_telefone":"2563-6300","cd_equipamento_base_origem":null}},{"type":"Feature","id":"equipamento_saude_hospital_v2.120413","geometry":{"type":"Point","coordinates":[356546.06,7394593.064]},"geometry_name":"ge_ponto","properties":{"cd_identificador":120413,"cd_identificador_tema_equipamento":6,"nm_tema_equipamento":"SAUDE","cd_identificador_rede_equipamento":0,"nm_rede_equipamento":"SEM REDE","tx_rede_equipamento":"Sem descrição","cd_identificador_tipo_equipamento":30,"nm_tipo_equipamento":"Hospital","tx_tipo_equipamento":"Realiza atendimento de média e alta complexidade.","cd_identificador_classe_equipamento":7,"nm_classe_equipamento":"HOSPITAL","tx_classe_equipamento":"REFERE-SE AOS ESTABELECIMENTOS DE SAÚDE COM CAPACIDADE DE INTERNAMENTO (LEITOS) E QUE REALIZAM PROCEDIMENTOS DE MÉDIA E ALTA COMPLEXIDADE.","cd_identificador_esfera_administrativa_equipamento":2,"nm_esfera_administrativa_equipamento":"Estadual","tx_esfera_administrativa_equipamento":"Administração estadual vinculada à Secretaria de Estado da Saúde","cd_equipamento":"317","nm_equipamento":"HOSPITAL ESTADUAL DE GUAIANASES - JESUS TEIXEIRA DA COSTA","tx_endereco_equipamento":"AV. MIGUEL ACHIOLE DA FONSECA, 1092","nm_bairro_equipamento":"JARDIM SAO PAULO","cd_cep_equipamento":"08461-110","tx_horario_funcionamento":null,"tx_numero_telefone":"2257-6972","cd_equipamento_base_origem":null}},{"type":"Feature","id":"equipamento_saude_hospital_v2.120412","geometry":{"type":"Point","coordinates":[331408.879,7390783.545]},"geometry_name":"ge_ponto","properties":{"cd_identificador":120412,"cd_identificador_tema_equipamento":6,"nm_tema_equipamento":"SAUDE","cd_identificador_rede_equipamento":0,"nm_rede_equipamento":"SEM REDE","tx_rede_equipamento":"Sem descrição","cd_identificador_tipo_equipamento":30,"nm_tipo_equipamento":"Hospital","tx_tipo_equipamento":"Realiza atendimento de média e alta complexidade.","cd_identificador_classe_equipamento":7,"nm_classe_equipamento":"HOSPITAL","tx_classe_equipamento":"REFERE-SE AOS ESTABELECIMENTOS DE SAÚDE COM CAPACIDADE DE INTERNAMENTO (LEITOS) E QUE REALIZAM PROCEDIMENTOS DE MÉDIA E ALTA COMPLEXIDADE.","cd_identificador_esfera_administrativa_equipamento":2,"nm_esfera_administrativa_equipamento":"Estadual","tx_esfera_administrativa_equipamento":"Administração estadual vinculada à Secretaria de Estado da Saúde","cd_equipamento":"1020","nm_equipamento":"HOSPITAL ESTADUAL DANTE PAZZANESE","tx_endereco_equipamento":"AV. DR DANTE PAZZANESE, 500","nm_bairro_equipamento":"IBIRAPUERA","cd_cep_equipamento":"04012-180","tx_horario_funcionamento":null,"tx_numero_telefone":"5549-1538","cd_equipamento_base_origem":null}},{"type":"Feature","id":"equipamento_saude_hospital_v2.120393","geometry":{"type":"Point","coordinates":[329585.517,7393738.488]},"geometry_name":"ge_ponto","properties":{"cd_identificador":120393,"cd_identificador_tema_equipamento":6,"nm_tema_equipamento":"SAUDE","cd_identificador_rede_equipamento":0,"nm_rede_equipamento":"SEM REDE","tx_rede_equipamento":"Sem descrição","cd_identificador_tipo_equipamento":30,"nm_tipo_equipamento":"Hospital","tx_tipo_equipamento":"Realiza atendimento de média e alta complexidade.","cd_identificador_classe_equipamento":7,"nm_classe_equipamento":"HOSPITAL","tx_classe_equipamento":"REFERE-SE AOS ESTABELECIMENTOS DE SAÚDE COM CAPACIDADE DE INTERNAMENTO (LEITOS) E QUE REALIZAM PROCEDIMENTOS DE MÉDIA E ALTA COMPLEXIDADE.","cd_identificador_esfera_administrativa_equipamento":2,"nm_esfera_administrativa_equipamento":"Estadual","tx_esfera_administrativa_equipamento":"Administração estadual vinculada à Secretaria de Estado da Saúde","cd_equipamento":"698","nm_equipamento":"HOSPITAL DAS CLINICAS - HC DA FMUSP","tx_endereco_equipamento":"R. DR OVIDIO PIRES DE CAMPOS, 225","nm_bairro_equipamento":"CERQUEIRA CESAR","cd_cep_equipamento":"05403-010","tx_horario_funcionamento":null,"tx_numero_telefone":"2661-0000 / 3087-5456","cd_equipamento_base_origem":null}},{"type":"Feature","id":"equipamento_saude_hospital_v2.120392","geometry":{"type":"Point","coordinates":[334972.91,7403180.226]},"geometry_name":"ge_ponto","properties":{"cd_identificador":120392,"cd_identificador_tema_equipamento":6,"nm_tema_equipamento":"SAUDE","cd_identificador_rede_equipamento":0,"nm_rede_equipamento":"SEM REDE","tx_rede_equipamento":"Sem descrição","cd_identificador_tipo_equipamento":30,"nm_tipo_equipamento":"Hospital","tx_tipo_equipamento":"Realiza atendimento de média e alta complexidade.","cd_identificador_classe_equipamento":7,"nm_classe_equipamento":"HOSPITAL","tx_classe_equipamento":"REFERE-SE AOS ESTABELECIMENTOS DE SAÚDE COM CAPACIDADE DE INTERNAMENTO (LEITOS) E QUE REALIZAM PROCEDIMENTOS DE MÉDIA E ALTA COMPLEXIDADE.","cd_identificador_esfera_administrativa_equipamento":4,"nm_esfera_administrativa_equipamento":"Privado","tx_esfera_administrativa_equipamento":"Administração privada (inclui estabelecimentos particulares, filantrópricos, conveniados ou não com a Prefeitura)","cd_equipamento":"796","nm_equipamento":"HOSPITAL CANTAREIRA","tx_endereco_equipamento":"AV. NOVA CANTAREIRA, 3050","nm_bairro_equipamento":"TUCURUVI","cd_cep_equipamento":"02340-000","tx_horario_funcionamento":null,"tx_numero_telefone":"2203-3222","cd_equipamento_base_origem":null}},{"type":"Feature","id":"equipamento_saude_hospital_v2.120391","geometry":{"type":"Point","coordinates":[332306.779,7389101.007]},"geometry_name":"ge_ponto","properties":{"cd_identificador":120391,"cd_identificador_tema_equipamento":6,"nm_tema_equipamento":"SAUDE","cd_identificador_rede_equipamento":0,"nm_rede_equipamento":"SEM REDE","tx_rede_equipamento":"Sem descrição","cd_identificador_tipo_equipamento":30,"nm_tipo_equipamento":"Hospital","tx_tipo_equipamento":"Realiza atendimento de média e alta complexidade.","cd_identificador_classe_equipamento":7,"nm_classe_equipamento":"HOSPITAL","tx_classe_equipamento":"REFERE-SE AOS ESTABELECIMENTOS DE SAÚDE COM CAPACIDADE DE INTERNAMENTO (LEITOS) E QUE REALIZAM PROCEDIMENTOS DE MÉDIA E ALTA COMPLEXIDADE.","cd_identificador_esfera_administrativa_equipamento":4,"nm_esfera_administrativa_equipamento":"Privado","tx_esfera_administrativa_equipamento":"Administração privada (inclui estabelecimentos particulares, filantrópricos, conveniados ou não com a Prefeitura)","cd_equipamento":"1027","nm_equipamento":"HOSPITAL AMPARO MATERNAL","tx_endereco_equipamento":"R. LOEFGREEN, 1901","nm_bairro_equipamento":"VILA CLEMENTINO","cd_cep_equipamento":"04040-032","tx_horario_funcionamento":null,"tx_numero_telefone":"5089-8277","cd_equipamento_base_origem":null}},{"type":"Feature","id":"equipamento_saude_hospital_v2.120114","geometry":{"type":"Point","coordinates":[333564.501,7383399.626]},"geometry_name":"ge_ponto","properties":{"cd_identificador":120114,"cd_identificador_tema_equipamento":6,"nm_tema_equipamento":"SAUDE","cd_identificador_rede_equipamento":0,"nm_rede_equipamento":"SEM REDE","tx_rede_equipamento":"Sem descrição","cd_identificador_tipo_equipamento":30,"nm_tipo_equipamento":"Hospital","tx_tipo_equipamento":"Realiza atendimento de média e alta complexidade.","cd_identificador_classe_equipamento":7,"nm_classe_equipamento":"HOSPITAL","tx_classe_equipamento":"REFERE-SE AOS ESTABELECIMENTOS DE SAÚDE COM CAPACIDADE DE INTERNAMENTO (LEITOS) E QUE REALIZAM PROCEDIMENTOS DE MÉDIA E ALTA COMPLEXIDADE.","cd_identificador_esfera_administrativa_equipamento":2,"nm_esfera_administrativa_equipamento":"Estadual","tx_esfera_administrativa_equipamento":"Administração estadual vinculada à Secretaria de Estado da Saúde","cd_equipamento":"462","nm_equipamento":"CAISM- DR DAVI CAPISTRANO - HOSP EST AGUA FUNDA","tx_endereco_equipamento":"AV. MIGUEL STEFANO, 3030","nm_bairro_equipamento":"AGUA FUNDA","cd_cep_equipamento":"04301-002","tx_horario_funcionamento":null,"tx_numero_telefone":"5077-7893","cd_equipamento_base_origem":null}},{"type":"Feature","id":"equipamento_saude_hospital_v2.120996","geometry":{"type":"Point","coordinates":[336155.571,7402269.648]},"geometry_name":"ge_ponto","properties":{"cd_identificador":120996,"cd_identificador_tema_equipamento":6,"nm_tema_equipamento":"SAUDE","cd_identificador_rede_equipamento":0,"nm_rede_equipamento":"SEM REDE","tx_rede_equipamento":"Sem descrição","cd_identificador_tipo_equipamento":33,"nm_tipo_equipamento":"Hospital Geral","tx_tipo_equipamento":"Hospital destinado a prestar assistência sanitária a doentes, nas quatros especialidades básicas; clínica médica, cirúgica, gineco obstreta e pediátrica.","cd_identificador_classe_equipamento":7,"nm_classe_equipamento":"HOSPITAL","tx_classe_equipamento":"REFERE-SE AOS ESTABELECIMENTOS DE SAÚDE COM CAPACIDADE DE INTERNAMENTO (LEITOS) E QUE REALIZAM PROCEDIMENTOS DE MÉDIA E ALTA COMPLEXIDADE.","cd_identificador_esfera_administrativa_equipamento":4,"nm_esfera_administrativa_equipamento":"Privado","tx_esfera_administrativa_equipamento":"Administração privada (inclui estabelecimentos particulares, filantrópricos, conveniados ou não com a Prefeitura)","cd_equipamento":"798","nm_equipamento":"UNIDADE TUCURUVI CIES","tx_endereco_equipamento":"AV. TUCURUVI, 808","nm_bairro_equipamento":"TUCURUVI","cd_cep_equipamento":"02304-002","tx_horario_funcionamento":null,"tx_numero_telefone":null,"cd_equipamento_base_origem":null}},{"type":"Feature","id":"equipamento_saude_hospital_v2.120995","geometry":{"type":"Point","coordinates":[349845.87,7388542.276]},"geometry_name":"ge_ponto","properties":{"cd_identificador":120995,"cd_identificador_tema_equipamento":6,"nm_tema_equipamento":"SAUDE","cd_identificador_rede_equipamento":0,"nm_rede_equipamento":"SEM REDE","tx_rede_equipamento":"Sem descrição","cd_identificador_tipo_equipamento":33,"nm_tipo_equipamento":"Hospital Geral","tx_tipo_equipamento":"Hospital destinado a prestar assistência sanitária a doentes, nas quatros especialidades básicas; clínica médica, cirúgica, gineco obstreta e pediátrica.","cd_identificador_classe_equipamento":7,"nm_classe_equipamento":"HOSPITAL","tx_classe_equipamento":"REFERE-SE AOS ESTABELECIMENTOS DE SAÚDE COM CAPACIDADE DE INTERNAMENTO (LEITOS) E QUE REALIZAM PROCEDIMENTOS DE MÉDIA E ALTA COMPLEXIDADE.","cd_identificador_esfera_administrativa_equipamento":4,"nm_esfera_administrativa_equipamento":"Privado","tx_esfera_administrativa_equipamento":"Administração privada (inclui estabelecimentos particulares, filantrópricos, conveniados ou não com a Prefeitura)","cd_equipamento":"855","nm_equipamento":"UNIDADE SAO MATEUS CIES","tx_endereco_equipamento":"AV. RAGUEB CHOHFI, 730","nm_bairro_equipamento":"JARDIM TRES MARIAS","cd_cep_equipamento":"08375-000","tx_horario_funcionamento":null,"tx_numero_telefone":null,"cd_equipamento_base_origem":null}},{"type":"Feature","id":"equipamento_saude_hospital_v2.120988","geometry":{"type":"Point","coordinates":[347717.418,7394267.068]},"geometry_name":"ge_ponto","properties":{"cd_identificador":120988,"cd_identificador_tema_equipamento":6,"nm_tema_equipamento":"SAUDE","cd_identificador_rede_equipamento":0,"nm_rede_equipamento":"SEM REDE","tx_rede_equipamento":"Sem descrição","cd_identificador_tipo_equipamento":33,"nm_tipo_equipamento":"Hospital Geral","tx_tipo_equipamento":"Hospital destinado a prestar assistência sanitária a doentes, nas quatros especialidades básicas; clínica médica, cirúgica, gineco obstreta e pediátrica.","cd_identificador_classe_equipamento":7,"nm_classe_equipamento":"HOSPITAL","tx_classe_equipamento":"REFERE-SE AOS ESTABELECIMENTOS DE SAÚDE COM CAPACIDADE DE INTERNAMENTO (LEITOS) E QUE REALIZAM PROCEDIMENTOS DE MÉDIA E ALTA COMPLEXIDADE.","cd_identificador_esfera_administrativa_equipamento":4,"nm_esfera_administrativa_equipamento":"Privado","tx_esfera_administrativa_equipamento":"Administração privada (inclui estabelecimentos particulares, filantrópricos, conveniados ou não com a Prefeitura)","cd_equipamento":"414","nm_equipamento":"UNIDADE ITAQUERA CIES","tx_endereco_equipamento":"AV. OSVALDO VALLE CORDEIRO, 245","nm_bairro_equipamento":"JD BRASILIA","cd_cep_equipamento":"03584-000","tx_horario_funcionamento":null,"tx_numero_telefone":null,"cd_equipamento_base_origem":null}},{"type":"Feature","id":"equipamento_saude_hospital_v2.120987","geometry":{"type":"Point","coordinates":[325650.042,7382932.878]},"geometry_name":"ge_ponto","properties":{"cd_identificador":120987,"cd_identificador_tema_equipamento":6,"nm_tema_equipamento":"SAUDE","cd_identificador_rede_equipamento":0,"nm_rede_equipamento":"SEM REDE","tx_rede_equipamento":"Sem descrição","cd_identificador_tipo_equipamento":33,"nm_tipo_equipamento":"Hospital Geral","tx_tipo_equipamento":"Hospital destinado a prestar assistência sanitária a doentes, nas quatros especialidades básicas; clínica médica, cirúgica, gineco obstreta e pediátrica.","cd_identificador_classe_equipamento":7,"nm_classe_equipamento":"HOSPITAL","tx_classe_equipamento":"REFERE-SE AOS ESTABELECIMENTOS DE SAÚDE COM CAPACIDADE DE INTERNAMENTO (LEITOS) E QUE REALIZAM PROCEDIMENTOS DE MÉDIA E ALTA COMPLEXIDADE.","cd_identificador_esfera_administrativa_equipamento":4,"nm_esfera_administrativa_equipamento":"Privado","tx_esfera_administrativa_equipamento":"Administração privada (inclui estabelecimentos particulares, filantrópricos, conveniados ou não com a Prefeitura)","cd_equipamento":"825","nm_equipamento":"UNIDADE HD SANTO AMARO CIES","tx_endereco_equipamento":"R. PADRE JOSÉ MARIA, 555","nm_bairro_equipamento":"SANTO AMARO","cd_cep_equipamento":"04753-060","tx_horario_funcionamento":null,"tx_numero_telefone":null,"cd_equipamento_base_origem":null}},{"type":"Feature","id":"equipamento_saude_hospital_v2.120986","geometry":{"type":"Point","coordinates":[324629.576,7400962.855]},"geometry_name":"ge_ponto","properties":{"cd_identificador":120986,"cd_identificador_tema_equipamento":6,"nm_tema_equipamento":"SAUDE","cd_identificador_rede_equipamento":0,"nm_rede_equipamento":"SEM REDE","tx_rede_equipamento":"Sem descrição","cd_identificador_tipo_equipamento":33,"nm_tipo_equipamento":"Hospital Geral","tx_tipo_equipamento":"Hospital destinado a prestar assistência sanitária a doentes, nas quatros especialidades básicas; clínica médica, cirúgica, gineco obstreta e pediátrica.","cd_identificador_classe_equipamento":7,"nm_classe_equipamento":"HOSPITAL","tx_classe_equipamento":"REFERE-SE AOS ESTABELECIMENTOS DE SAÚDE COM CAPACIDADE DE INTERNAMENTO (LEITOS) E QUE REALIZAM PROCEDIMENTOS DE MÉDIA E ALTA COMPLEXIDADE.","cd_identificador_esfera_administrativa_equipamento":4,"nm_esfera_administrativa_equipamento":"Privado","tx_esfera_administrativa_equipamento":"Administração privada (inclui estabelecimentos particulares, filantrópricos, conveniados ou não com a Prefeitura)","cd_equipamento":"756","nm_equipamento":"UNIDADE HD PIRITUBA CIES","tx_endereco_equipamento":"R. CELSO VIEIRA, 205","nm_bairro_equipamento":"VILA PEREIRA BARETO","cd_cep_equipamento":"02919-100","tx_horario_funcionamento":null,"tx_numero_telefone":null,"cd_equipamento_base_origem":null}},{"type":"Feature","id":"equipamento_saude_hospital_v2.120985","geometry":{"type":"Point","coordinates":[342952.535,7395231.521]},"geometry_name":"ge_ponto","properties":{"cd_identificador":120985,"cd_identificador_tema_equipamento":6,"nm_tema_equipamento":"SAUDE","cd_identificador_rede_equipamento":0,"nm_rede_equipamento":"SEM REDE","tx_rede_equipamento":"Sem descrição","cd_identificador_tipo_equipamento":33,"nm_tipo_equipamento":"Hospital Geral","tx_tipo_equipamento":"Hospital destinado a prestar assistência sanitária a doentes, nas quatros especialidades básicas; clínica médica, cirúgica, gineco obstreta e pediátrica.","cd_identificador_classe_equipamento":7,"nm_classe_equipamento":"HOSPITAL","tx_classe_equipamento":"REFERE-SE AOS ESTABELECIMENTOS DE SAÚDE COM CAPACIDADE DE INTERNAMENTO (LEITOS) E QUE REALIZAM PROCEDIMENTOS DE MÉDIA E ALTA COMPLEXIDADE.","cd_identificador_esfera_administrativa_equipamento":4,"nm_esfera_administrativa_equipamento":"Privado","tx_esfera_administrativa_equipamento":"Administração privada (inclui estabelecimentos particulares, filantrópricos, conveniados ou não com a Prefeitura)","cd_equipamento":"10","nm_equipamento":"UNIDADE HD CARRAO CIES","tx_endereco_equipamento":"R. ODETE GOMES BARRETO, 419","nm_bairro_equipamento":"VILA CARRAO","cd_cep_equipamento":"03441-010","tx_horario_funcionamento":null,"tx_numero_telefone":null,"cd_equipamento_base_origem":null}},{"type":"Feature","id":"equipamento_saude_hospital_v2.120982","geometry":{"type":"Point","coordinates":[356735.817,7389649.441]},"geometry_name":"ge_ponto","properties":{"cd_identificador":120982,"cd_identificador_tema_equipamento":6,"nm_tema_equipamento":"SAUDE","cd_identificador_rede_equipamento":0,"nm_rede_equipamento":"SEM REDE","tx_rede_equipamento":"Sem descrição","cd_identificador_tipo_equipamento":33,"nm_tipo_equipamento":"Hospital Geral","tx_tipo_equipamento":"Hospital destinado a prestar assistência sanitária a doentes, nas quatros especialidades básicas; clínica médica, cirúgica, gineco obstreta e pediátrica.","cd_identificador_classe_equipamento":7,"nm_classe_equipamento":"HOSPITAL","tx_classe_equipamento":"REFERE-SE AOS ESTABELECIMENTOS DE SAÚDE COM CAPACIDADE DE INTERNAMENTO (LEITOS) E QUE REALIZAM PROCEDIMENTOS DE MÉDIA E ALTA COMPLEXIDADE.","cd_identificador_esfera_administrativa_equipamento":4,"nm_esfera_administrativa_equipamento":"Privado","tx_esfera_administrativa_equipamento":"Administração privada (inclui estabelecimentos particulares, filantrópricos, conveniados ou não com a Prefeitura)","cd_equipamento":"241","nm_equipamento":"UNIDADE CIDADE DE TIRADENTES CIES","tx_endereco_equipamento":"AV. DOS METALURGICOS, 1797","nm_bairro_equipamento":"CIDADE TIRADENTES","cd_cep_equipamento":"08471-000","tx_horario_funcionamento":null,"tx_numero_telefone":null,"cd_equipamento_base_origem":null}},{"type":"Feature","id":"equipamento_saude_hospital_v2.120981","geometry":{"type":"Point","coordinates":[336185.534,7402267.267]},"geometry_name":"ge_ponto","properties":{"cd_identificador":120981,"cd_identificador_tema_equipamento":6,"nm_tema_equipamento":"SAUDE","cd_identificador_rede_equipamento":0,"nm_rede_equipamento":"SEM REDE","tx_rede_equipamento":"Sem descrição","cd_identificador_tipo_equipamento":33,"nm_tipo_equipamento":"Hospital Geral","tx_tipo_equipamento":"Hospital destinado a prestar assistência sanitária a doentes, nas quatros especialidades básicas; clínica médica, cirúgica, gineco obstreta e pediátrica.","cd_identificador_classe_equipamento":7,"nm_classe_equipamento":"HOSPITAL","tx_classe_equipamento":"REFERE-SE AOS ESTABELECIMENTOS DE SAÚDE COM CAPACIDADE DE INTERNAMENTO (LEITOS) E QUE REALIZAM PROCEDIMENTOS DE MÉDIA E ALTA COMPLEXIDADE.","cd_identificador_esfera_administrativa_equipamento":4,"nm_esfera_administrativa_equipamento":"Privado","tx_esfera_administrativa_equipamento":"Administração privada (inclui estabelecimentos particulares, filantrópricos, conveniados ou não com a Prefeitura)","cd_equipamento":"797","nm_equipamento":"UNIDADE BRASILANDIA CIES","tx_endereco_equipamento":"AV. TUCURUVI, 808","nm_bairro_equipamento":"TUCURUVI","cd_cep_equipamento":"02304-002","tx_horario_funcionamento":null,"tx_numero_telefone":null,"cd_equipamento_base_origem":null}},{"type":"Feature","id":"equipamento_saude_hospital_v2.120980","geometry":{"type":"Point","coordinates":[326798.627,7384587.006]},"geometry_name":"ge_ponto","properties":{"cd_identificador":120980,"cd_identificador_tema_equipamento":6,"nm_tema_equipamento":"SAUDE","cd_identificador_rede_equipamento":0,"nm_rede_equipamento":"SEM REDE","tx_rede_equipamento":"Sem descrição","cd_identificador_tipo_equipamento":33,"nm_tipo_equipamento":"Hospital Geral","tx_tipo_equipamento":"Hospital destinado a prestar assistência sanitária a doentes, nas quatros especialidades básicas; clínica médica, cirúgica, gineco obstreta e pediátrica.","cd_identificador_classe_equipamento":7,"nm_classe_equipamento":"HOSPITAL","tx_classe_equipamento":"REFERE-SE AOS ESTABELECIMENTOS DE SAÚDE COM CAPACIDADE DE INTERNAMENTO (LEITOS) E QUE REALIZAM PROCEDIMENTOS DE MÉDIA E ALTA COMPLEXIDADE.","cd_identificador_esfera_administrativa_equipamento":4,"nm_esfera_administrativa_equipamento":"Privado","tx_esfera_administrativa_equipamento":"Administração privada (inclui estabelecimentos particulares, filantrópricos, conveniados ou não com a Prefeitura)","cd_equipamento":"824","nm_equipamento":"UNIDADE AE SANTO AMARO CIES","tx_endereco_equipamento":"AV. SANTO AMARO, 6781","nm_bairro_equipamento":"SANTO AMARO","cd_cep_equipamento":"04701-100","tx_horario_funcionamento":null,"tx_numero_telefone":null,"cd_equipamento_base_origem":null}},{"type":"Feature","id":"equipamento_saude_hospital_v2.120489","geometry":{"type":"Point","coordinates":[334081.779,7393875.68]},"geometry_name":"ge_ponto","properties":{"cd_identificador":120489,"cd_identificador_tema_equipamento":6,"nm_tema_equipamento":"SAUDE","cd_identificador_rede_equipamento":0,"nm_rede_equipamento":"SEM REDE","tx_rede_equipamento":"Sem descrição","cd_identificador_tipo_equipamento":33,"nm_tipo_equipamento":"Hospital Geral","tx_tipo_equipamento":"Hospital destinado a prestar assistência sanitária a doentes, nas quatros especialidades básicas; clínica médica, cirúgica, gineco obstreta e pediátrica.","cd_identificador_classe_equipamento":7,"nm_classe_equipamento":"HOSPITAL","tx_classe_equipamento":"REFERE-SE AOS ESTABELECIMENTOS DE SAÚDE COM CAPACIDADE DE INTERNAMENTO (LEITOS) E QUE REALIZAM PROCEDIMENTOS DE MÉDIA E ALTA COMPLEXIDADE.","cd_identificador_esfera_administrativa_equipamento":2,"nm_esfera_administrativa_equipamento":"Estadual","tx_esfera_administrativa_equipamento":"Administração estadual vinculada à Secretaria de Estado da Saúde","cd_equipamento":"944","nm_equipamento":"PAM VARZEA DO CARMO NGA - 63","tx_endereco_equipamento":"R. LEOPOLDO MIGUEZ, 327","nm_bairro_equipamento":"CAMBUCI","cd_cep_equipamento":"01518-020","tx_horario_funcionamento":null,"tx_numero_telefone":"3385-7000","cd_equipamento_base_origem":null}},{"type":"Feature","id":"equipamento_saude_hospital_v2.120408","geometry":{"type":"Point","coordinates":[341718.069,7397344.318]},"geometry_name":"ge_ponto","properties":{"cd_identificador":120408,"cd_identificador_tema_equipamento":6,"nm_tema_equipamento":"SAUDE","cd_identificador_rede_equipamento":0,"nm_rede_equipamento":"SEM REDE","tx_rede_equipamento":"Sem descrição","cd_identificador_tipo_equipamento":33,"nm_tipo_equipamento":"Hospital Geral","tx_tipo_equipamento":"Hospital destinado a prestar assistência sanitária a doentes, nas quatros especialidades básicas; clínica médica, cirúgica, gineco obstreta e pediátrica.","cd_identificador_classe_equipamento":7,"nm_classe_equipamento":"HOSPITAL","tx_classe_equipamento":"REFERE-SE AOS ESTABELECIMENTOS DE SAÚDE COM CAPACIDADE DE INTERNAMENTO (LEITOS) E QUE REALIZAM PROCEDIMENTOS DE MÉDIA E ALTA COMPLEXIDADE.","cd_identificador_esfera_administrativa_equipamento":1,"nm_esfera_administrativa_equipamento":"Municipal","tx_esfera_administrativa_equipamento":"Administração municipal","cd_equipamento":"657","nm_equipamento":"HOSPITAL DIA PENHA - HATIRO SHIMOMOTO","tx_endereco_equipamento":"PRAÇA NOSSA SENHORA DA PENHA, 55","nm_bairro_equipamento":"PENHA","cd_cep_equipamento":"03632-010","tx_horario_funcionamento":null,"tx_numero_telefone":"2092-8154","cd_equipamento_base_origem":null}},{"type":"Feature","id":"equipamento_saude_hospital_v2.120407","geometry":{"type":"Point","coordinates":[338451.795,7391160.489]},"geometry_name":"ge_ponto","properties":{"cd_identificador":120407,"cd_identificador_tema_equipamento":6,"nm_tema_equipamento":"SAUDE","cd_identificador_rede_equipamento":0,"nm_rede_equipamento":"SEM REDE","tx_rede_equipamento":"Sem descrição","cd_identificador_tipo_equipamento":33,"nm_tipo_equipamento":"Hospital Geral","tx_tipo_equipamento":"Hospital destinado a prestar assistência sanitária a doentes, nas quatros especialidades básicas; clínica médica, cirúgica, gineco obstreta e pediátrica.","cd_identificador_classe_equipamento":7,"nm_classe_equipamento":"HOSPITAL","tx_classe_equipamento":"REFERE-SE AOS ESTABELECIMENTOS DE SAÚDE COM CAPACIDADE DE INTERNAMENTO (LEITOS) E QUE REALIZAM PROCEDIMENTOS DE MÉDIA E ALTA COMPLEXIDADE.","cd_identificador_esfera_administrativa_equipamento":1,"nm_esfera_administrativa_equipamento":"Municipal","tx_esfera_administrativa_equipamento":"Administração municipal","cd_equipamento":"1061","nm_equipamento":"HOSPITAL DIA - VILA PRUDENTE","tx_endereco_equipamento":"PRAÇA DO CENTENÁRIO DE VILA PRUDENTE, 108","nm_bairro_equipamento":"VL PRUDENTE","cd_cep_equipamento":"03132-050","tx_horario_funcionamento":null,"tx_numero_telefone":"2274-2523","cd_equipamento_base_origem":null}},{"type":"Feature","id":"equipamento_saude_hospital_v2.120406","geometry":{"type":"Point","coordinates":[336148.224,7398410.522]},"geometry_name":"ge_ponto","properties":{"cd_identificador":120406,"cd_identificador_tema_equipamento":6,"nm_tema_equipamento":"SAUDE","cd_identificador_rede_equipamento":0,"nm_rede_equipamento":"SEM REDE","tx_rede_equipamento":"Sem descrição","cd_identificador_tipo_equipamento":33,"nm_tipo_equipamento":"Hospital Geral","tx_tipo_equipamento":"Hospital destinado a prestar assistência sanitária a doentes, nas quatros especialidades básicas; clínica médica, cirúgica, gineco obstreta e pediátrica.","cd_identificador_classe_equipamento":7,"nm_classe_equipamento":"HOSPITAL","tx_classe_equipamento":"REFERE-SE AOS ESTABELECIMENTOS DE SAÚDE COM CAPACIDADE DE INTERNAMENTO (LEITOS) E QUE REALIZAM PROCEDIMENTOS DE MÉDIA E ALTA COMPLEXIDADE.","cd_identificador_esfera_administrativa_equipamento":1,"nm_esfera_administrativa_equipamento":"Municipal","tx_esfera_administrativa_equipamento":"Administração municipal","cd_equipamento":"994","nm_equipamento":"HOSPITAL DIA - VILA GUILHERME","tx_endereco_equipamento":"R. JOÃO VENTURA BATISTA, 615","nm_bairro_equipamento":"VILA GUILHERME","cd_cep_equipamento":"02054-100","tx_horario_funcionamento":null,"tx_numero_telefone":"2901-5883","cd_equipamento_base_origem":null}},{"type":"Feature","id":"equipamento_saude_hospital_v2.120405","geometry":{"type":"Point","coordinates":[352879.797,7400761.883]},"geometry_name":"ge_ponto","properties":{"cd_identificador":120405,"cd_identificador_tema_equipamento":6,"nm_tema_equipamento":"SAUDE","cd_identificador_rede_equipamento":0,"nm_rede_equipamento":"SEM REDE","tx_rede_equipamento":"Sem descrição","cd_identificador_tipo_equipamento":33,"nm_tipo_equipamento":"Hospital Geral","tx_tipo_equipamento":"Hospital destinado a prestar assistência sanitária a doentes, nas quatros especialidades básicas; clínica médica, cirúgica, gineco obstreta e pediátrica.","cd_identificador_classe_equipamento":7,"nm_classe_equipamento":"HOSPITAL","tx_classe_equipamento":"REFERE-SE AOS ESTABELECIMENTOS DE SAÚDE COM CAPACIDADE DE INTERNAMENTO (LEITOS) E QUE REALIZAM PROCEDIMENTOS DE MÉDIA E ALTA COMPLEXIDADE.","cd_identificador_esfera_administrativa_equipamento":1,"nm_esfera_administrativa_equipamento":"Municipal","tx_esfera_administrativa_equipamento":"Administração municipal","cd_equipamento":"881","nm_equipamento":"HOSPITAL DIA - SÃO MIGUEL DR TITO LOPES DA SILVA","tx_endereco_equipamento":"R. JOÃO AUGUSTO DE MORAIS, 348","nm_bairro_equipamento":"SÃO MIGUEL PAULISTA","cd_cep_equipamento":"08010-150","tx_horario_funcionamento":null,"tx_numero_telefone":"2956-8122","cd_equipamento_base_origem":null}},{"type":"Feature","id":"equipamento_saude_hospital_v2.120404","geometry":{"type":"Point","coordinates":[347974.035,7390045.154]},"geometry_name":"ge_ponto","properties":{"cd_identificador":120404,"cd_identificador_tema_equipamento":6,"nm_tema_equipamento":"SAUDE","cd_identificador_rede_equipamento":0,"nm_rede_equipamento":"SEM REDE","tx_rede_equipamento":"Sem descrição","cd_identificador_tipo_equipamento":33,"nm_tipo_equipamento":"Hospital Geral","tx_tipo_equipamento":"Hospital destinado a prestar assistência sanitária a doentes, nas quatros especialidades básicas; clínica médica, cirúgica, gineco obstreta e pediátrica.","cd_identificador_classe_equipamento":7,"nm_classe_equipamento":"HOSPITAL","tx_classe_equipamento":"REFERE-SE AOS ESTABELECIMENTOS DE SAÚDE COM CAPACIDADE DE INTERNAMENTO (LEITOS) E QUE REALIZAM PROCEDIMENTOS DE MÉDIA E ALTA COMPLEXIDADE.","cd_identificador_esfera_administrativa_equipamento":1,"nm_esfera_administrativa_equipamento":"Municipal","tx_esfera_administrativa_equipamento":"Administração municipal","cd_equipamento":"834","nm_equipamento":"HOSPITAL DIA - SÃO MATEUS DR HENRIQUE C GONCALVES","tx_endereco_equipamento":"R. SENADOR MAINARD GOMES, S/N","nm_bairro_equipamento":"JD TIETE","cd_cep_equipamento":"03948-000","tx_horario_funcionamento":null,"tx_numero_telefone":"2017-5530 / 2297-4162","cd_equipamento_base_origem":null}},{"type":"Feature","id":"equipamento_saude_hospital_v2.120403","geometry":{"type":"Point","coordinates":[326187.014,7383513.358]},"geometry_name":"ge_ponto","properties":{"cd_identificador":120403,"cd_identificador_tema_equipamento":6,"nm_tema_equipamento":"SAUDE","cd_identificador_rede_equipamento":0,"nm_rede_equipamento":"SEM REDE","tx_rede_equipamento":"Sem descrição","cd_identificador_tipo_equipamento":33,"nm_tipo_equipamento":"Hospital Geral","tx_tipo_equipamento":"Hospital destinado a prestar assistência sanitária a doentes, nas quatros especialidades básicas; clínica médica, cirúgica, gineco obstreta e pediátrica.","cd_identificador_classe_equipamento":7,"nm_classe_equipamento":"HOSPITAL","tx_classe_equipamento":"REFERE-SE AOS ESTABELECIMENTOS DE SAÚDE COM CAPACIDADE DE INTERNAMENTO (LEITOS) E QUE REALIZAM PROCEDIMENTOS DE MÉDIA E ALTA COMPLEXIDADE.","cd_identificador_esfera_administrativa_equipamento":1,"nm_esfera_administrativa_equipamento":"Municipal","tx_esfera_administrativa_equipamento":"Administração municipal","cd_equipamento":"818","nm_equipamento":"HOSPITAL DIA - SANTO AMARO","tx_endereco_equipamento":"AV. ADOLFO PINHEIRO, 339","nm_bairro_equipamento":"SANTO AMARO","cd_cep_equipamento":"04753-060","tx_horario_funcionamento":null,"tx_numero_telefone":"5555-6767","cd_equipamento_base_origem":null}},{"type":"Feature","id":"equipamento_saude_hospital_v2.120402","geometry":{"type":"Point","coordinates":[339216.881,7392392.05]},"geometry_name":"ge_ponto","properties":{"cd_identificador":120402,"cd_identificador_tema_equipamento":6,"nm_tema_equipamento":"SAUDE","cd_identificador_rede_equipamento":0,"nm_rede_equipamento":"SEM REDE","tx_rede_equipamento":"Sem descrição","cd_identificador_tipo_equipamento":33,"nm_tipo_equipamento":"Hospital Geral","tx_tipo_equipamento":"Hospital destinado a prestar assistência sanitária a doentes, nas quatros especialidades básicas; clínica médica, cirúgica, gineco obstreta e pediátrica.","cd_identificador_classe_equipamento":7,"nm_classe_equipamento":"HOSPITAL","tx_classe_equipamento":"REFERE-SE AOS ESTABELECIMENTOS DE SAÚDE COM CAPACIDADE DE INTERNAMENTO (LEITOS) E QUE REALIZAM PROCEDIMENTOS DE MÉDIA E ALTA COMPLEXIDADE.","cd_identificador_esfera_administrativa_equipamento":1,"nm_esfera_administrativa_equipamento":"Municipal","tx_esfera_administrativa_equipamento":"Administração municipal","cd_equipamento":"577","nm_equipamento":"HOSPITAL DIA - MOOCA","tx_endereco_equipamento":"R. FAROL PAULISTANO, 410","nm_bairro_equipamento":"ALTO DA MOOCA","cd_cep_equipamento":"03192-060","tx_horario_funcionamento":null,"tx_numero_telefone":"2021-4087 / 2021-7210","cd_equipamento_base_origem":null}},{"type":"Feature","id":"equipamento_saude_hospital_v2.120401","geometry":{"type":"Point","coordinates":[318209.881,7374138.428]},"geometry_name":"ge_ponto","properties":{"cd_identificador":120401,"cd_identificador_tema_equipamento":6,"nm_tema_equipamento":"SAUDE","cd_identificador_rede_equipamento":0,"nm_rede_equipamento":"SEM REDE","tx_rede_equipamento":"Sem descrição","cd_identificador_tipo_equipamento":33,"nm_tipo_equipamento":"Hospital Geral","tx_tipo_equipamento":"Hospital destinado a prestar assistência sanitária a doentes, nas quatros especialidades básicas; clínica médica, cirúgica, gineco obstreta e pediátrica.","cd_identificador_classe_equipamento":7,"nm_classe_equipamento":"HOSPITAL","tx_classe_equipamento":"REFERE-SE AOS ESTABELECIMENTOS DE SAÚDE COM CAPACIDADE DE INTERNAMENTO (LEITOS) E QUE REALIZAM PROCEDIMENTOS DE MÉDIA E ALTA COMPLEXIDADE.","cd_identificador_esfera_administrativa_equipamento":1,"nm_esfera_administrativa_equipamento":"Municipal","tx_esfera_administrativa_equipamento":"Administração municipal","cd_equipamento":"520","nm_equipamento":"HOSPITAL DIA - M BOI MIRIM II - VERA CRUZ","tx_endereco_equipamento":"AV. DOS FUNCIONARIOS PUBLICOS, 379","nm_bairro_equipamento":"JARDIM VERA CRUZ","cd_cep_equipamento":"04962-000","tx_horario_funcionamento":null,"tx_numero_telefone":"5898-5900 / 5898-5923","cd_equipamento_base_origem":null}},{"type":"Feature","id":"equipamento_saude_hospital_v2.120400","geometry":{"type":"Point","coordinates":[322904.907,7381599.534]},"geometry_name":"ge_ponto","properties":{"cd_identificador":120400,"cd_identificador_tema_equipamento":6,"nm_tema_equipamento":"SAUDE","cd_identificador_rede_equipamento":0,"nm_rede_equipamento":"SEM REDE","tx_rede_equipamento":"Sem descrição","cd_identificador_tipo_equipamento":33,"nm_tipo_equipamento":"Hospital Geral","tx_tipo_equipamento":"Hospital destinado a prestar assistência sanitária a doentes, nas quatros especialidades básicas; clínica médica, cirúgica, gineco obstreta e pediátrica.","cd_identificador_classe_equipamento":7,"nm_classe_equipamento":"HOSPITAL","tx_classe_equipamento":"REFERE-SE AOS ESTABELECIMENTOS DE SAÚDE COM CAPACIDADE DE INTERNAMENTO (LEITOS) E QUE REALIZAM PROCEDIMENTOS DE MÉDIA E ALTA COMPLEXIDADE.","cd_identificador_esfera_administrativa_equipamento":1,"nm_esfera_administrativa_equipamento":"Municipal","tx_esfera_administrativa_equipamento":"Administração municipal","cd_equipamento":"552","nm_equipamento":"HOSPITAL DIA - M BOI MIRIM I - JARDIM IBIRAPUERA","tx_endereco_equipamento":"R. PHILIPE DE VITRY, 280","nm_bairro_equipamento":"JD SANTA JOSEFINA","cd_cep_equipamento":"05819-080","tx_horario_funcionamento":null,"tx_numero_telefone":"2540-4444","cd_equipamento_base_origem":null}},{"type":"Feature","id":"equipamento_saude_hospital_v2.120399","geometry":{"type":"Point","coordinates":[358459.4,7401626.61]},"geometry_name":"ge_ponto","properties":{"cd_identificador":120399,"cd_identificador_tema_equipamento":6,"nm_tema_equipamento":"SAUDE","cd_identificador_rede_equipamento":0,"nm_rede_equipamento":"SEM REDE","tx_rede_equipamento":"Sem descrição","cd_identificador_tipo_equipamento":33,"nm_tipo_equipamento":"Hospital Geral","tx_tipo_equipamento":"Hospital destinado a prestar assistência sanitária a doentes, nas quatros especialidades básicas; clínica médica, cirúgica, gineco obstreta e pediátrica.","cd_identificador_classe_equipamento":7,"nm_classe_equipamento":"HOSPITAL","tx_classe_equipamento":"REFERE-SE AOS ESTABELECIMENTOS DE SAÚDE COM CAPACIDADE DE INTERNAMENTO (LEITOS) E QUE REALIZAM PROCEDIMENTOS DE MÉDIA E ALTA COMPLEXIDADE.","cd_identificador_esfera_administrativa_equipamento":1,"nm_esfera_administrativa_equipamento":"Municipal","tx_esfera_administrativa_equipamento":"Administração municipal","cd_equipamento":"392","nm_equipamento":"HOSPITAL DIA - ITAIM PAULISTA","tx_endereco_equipamento":"AV. MARECHAL TITO, 6577","nm_bairro_equipamento":"ITAIM PAULISTA","cd_cep_equipamento":"08115-100","tx_horario_funcionamento":null,"tx_numero_telefone":"4780-5046","cd_equipamento_base_origem":null}},{"type":"Feature","id":"equipamento_saude_hospital_v2.120398","geometry":{"type":"Point","coordinates":[335841.59,7390542.639]},"geometry_name":"ge_ponto","properties":{"cd_identificador":120398,"cd_identificador_tema_equipamento":6,"nm_tema_equipamento":"SAUDE","cd_identificador_rede_equipamento":0,"nm_rede_equipamento":"SEM REDE","tx_rede_equipamento":"Sem descrição","cd_identificador_tipo_equipamento":33,"nm_tipo_equipamento":"Hospital Geral","tx_tipo_equipamento":"Hospital destinado a prestar assistência sanitária a doentes, nas quatros especialidades básicas; clínica médica, cirúgica, gineco obstreta e pediátrica.","cd_identificador_classe_equipamento":7,"nm_classe_equipamento":"HOSPITAL","tx_classe_equipamento":"REFERE-SE AOS ESTABELECIMENTOS DE SAÚDE COM CAPACIDADE DE INTERNAMENTO (LEITOS) E QUE REALIZAM PROCEDIMENTOS DE MÉDIA E ALTA COMPLEXIDADE.","cd_identificador_esfera_administrativa_equipamento":1,"nm_esfera_administrativa_equipamento":"Municipal","tx_esfera_administrativa_equipamento":"Administração municipal","cd_equipamento":"345","nm_equipamento":"HOSPITAL DIA - FLAVIO GIANNOTTI","tx_endereco_equipamento":"R. XAVIER DE ALMEIDA, 210","nm_bairro_equipamento":"IPIRANGA","cd_cep_equipamento":"04211-000","tx_horario_funcionamento":null,"tx_numero_telefone":"2062-7236","cd_equipamento_base_origem":null}},{"type":"Feature","id":"equipamento_saude_hospital_v2.120397","geometry":{"type":"Point","coordinates":[330761.019,7378491.508]},"geometry_name":"ge_ponto","properties":{"cd_identificador":120397,"cd_identificador_tema_equipamento":6,"nm_tema_equipamento":"SAUDE","cd_identificador_rede_equipamento":0,"nm_rede_equipamento":"SEM REDE","tx_rede_equipamento":"Sem descrição","cd_identificador_tipo_equipamento":33,"nm_tipo_equipamento":"Hospital Geral","tx_tipo_equipamento":"Hospital destinado a prestar assistência sanitária a doentes, nas quatros especialidades básicas; clínica médica, cirúgica, gineco obstreta e pediátrica.","cd_identificador_classe_equipamento":7,"nm_classe_equipamento":"HOSPITAL","tx_classe_equipamento":"REFERE-SE AOS ESTABELECIMENTOS DE SAÚDE COM CAPACIDADE DE INTERNAMENTO (LEITOS) E QUE REALIZAM PROCEDIMENTOS DE MÉDIA E ALTA COMPLEXIDADE.","cd_identificador_esfera_administrativa_equipamento":1,"nm_esfera_administrativa_equipamento":"Municipal","tx_esfera_administrativa_equipamento":"Administração municipal","cd_equipamento":"202","nm_equipamento":"HOSPITAL DIA - CIDADE ADEMAR","tx_endereco_equipamento":"R. CORREGO AZUL, 433","nm_bairro_equipamento":"PEDREIRA","cd_cep_equipamento":"04463-010","tx_horario_funcionamento":null,"tx_numero_telefone":"5555-8594","cd_equipamento_base_origem":null}},{"type":"Feature","id":"equipamento_saude_hospital_v2.120396","geometry":{"type":"Point","coordinates":[319835.315,7385454.133]},"geometry_name":"ge_ponto","properties":{"cd_identificador":120396,"cd_identificador_tema_equipamento":6,"nm_tema_equipamento":"SAUDE","cd_identificador_rede_equipamento":0,"nm_rede_equipamento":"SEM REDE","tx_rede_equipamento":"Sem descrição","cd_identificador_tipo_equipamento":33,"nm_tipo_equipamento":"Hospital Geral","tx_tipo_equipamento":"Hospital destinado a prestar assistência sanitária a doentes, nas quatros especialidades básicas; clínica médica, cirúgica, gineco obstreta e pediátrica.","cd_identificador_classe_equipamento":7,"nm_classe_equipamento":"HOSPITAL","tx_classe_equipamento":"REFERE-SE AOS ESTABELECIMENTOS DE SAÚDE COM CAPACIDADE DE INTERNAMENTO (LEITOS) E QUE REALIZAM PROCEDIMENTOS DE MÉDIA E ALTA COMPLEXIDADE.","cd_identificador_esfera_administrativa_equipamento":1,"nm_esfera_administrativa_equipamento":"Municipal","tx_esfera_administrativa_equipamento":"Administração municipal","cd_equipamento":"56","nm_equipamento":"HOSPITAL DIA - CAMPO LIMPO - JARDIM PIRAJUSSARA","tx_endereco_equipamento":"AV. AMADEU DA SILVA SAMELO, 423","nm_bairro_equipamento":"JARDIM MARTINICA","cd_cep_equipamento":"05760-140","tx_horario_funcionamento":null,"tx_numero_telefone":"5843-5858 / 5841-9911","cd_equipamento_base_origem":null}},{"type":"Feature","id":"equipamento_saude_hospital_v2.120395","geometry":{"type":"Point","coordinates":[323248.398,7390472.108]},"geometry_name":"ge_ponto","properties":{"cd_identificador":120395,"cd_identificador_tema_equipamento":6,"nm_tema_equipamento":"SAUDE","cd_identificador_rede_equipamento":0,"nm_rede_equipamento":"SEM REDE","tx_rede_equipamento":"Sem descrição","cd_identificador_tipo_equipamento":33,"nm_tipo_equipamento":"Hospital Geral","tx_tipo_equipamento":"Hospital destinado a prestar assistência sanitária a doentes, nas quatros especialidades básicas; clínica médica, cirúgica, gineco obstreta e pediátrica.","cd_identificador_classe_equipamento":7,"nm_classe_equipamento":"HOSPITAL","tx_classe_equipamento":"REFERE-SE AOS ESTABELECIMENTOS DE SAÚDE COM CAPACIDADE DE INTERNAMENTO (LEITOS) E QUE REALIZAM PROCEDIMENTOS DE MÉDIA E ALTA COMPLEXIDADE.","cd_identificador_esfera_administrativa_equipamento":1,"nm_esfera_administrativa_equipamento":"Municipal","tx_esfera_administrativa_equipamento":"Administração municipal","cd_equipamento":"32","nm_equipamento":"HOSPITAL DIA - BUTANTÃ","tx_endereco_equipamento":"R. JOÃO GUERRA, 247","nm_bairro_equipamento":"JD PERI PERI","cd_cep_equipamento":"05535-100","tx_horario_funcionamento":null,"tx_numero_telefone":"3744-8037","cd_equipamento_base_origem":null}},{"type":"Feature","id":"equipamento_saude_hospital_v2.120394","geometry":{"type":"Point","coordinates":[328017.796,7403085.144]},"geometry_name":"ge_ponto","properties":{"cd_identificador":120394,"cd_identificador_tema_equipamento":6,"nm_tema_equipamento":"SAUDE","cd_identificador_rede_equipamento":0,"nm_rede_equipamento":"SEM REDE","tx_rede_equipamento":"Sem descrição","cd_identificador_tipo_equipamento":33,"nm_tipo_equipamento":"Hospital Geral","tx_tipo_equipamento":"Hospital destinado a prestar assistência sanitária a doentes, nas quatros especialidades básicas; clínica médica, cirúgica, gineco obstreta e pediátrica.","cd_identificador_classe_equipamento":7,"nm_classe_equipamento":"HOSPITAL","tx_classe_equipamento":"REFERE-SE AOS ESTABELECIMENTOS DE SAÚDE COM CAPACIDADE DE INTERNAMENTO (LEITOS) E QUE REALIZAM PROCEDIMENTOS DE MÉDIA E ALTA COMPLEXIDADE.","cd_identificador_esfera_administrativa_equipamento":1,"nm_esfera_administrativa_equipamento":"Municipal","tx_esfera_administrativa_equipamento":"Administração municipal","cd_equipamento":"268","nm_equipamento":"HOSPITAL DIA - BRASILANDIA FO","tx_endereco_equipamento":"R. RUI DE MORAIS APOCALIPSE, 2","nm_bairro_equipamento":"JD. DO TIRO","cd_cep_equipamento":"02842-260","tx_horario_funcionamento":null,"tx_numero_telefone":"3923-6447 / 3923-6404","cd_equipamento_base_origem":null}},{"type":"Feature","id":"equipamento_saude_hospital_v2.120468","geometry":{"type":"Point","coordinates":[329727.668,7393850.012]},"geometry_name":"ge_ponto","properties":{"cd_identificador":120468,"cd_identificador_tema_equipamento":6,"nm_tema_equipamento":"SAUDE","cd_identificador_rede_equipamento":0,"nm_rede_equipamento":"SEM REDE","tx_rede_equipamento":"Sem descrição","cd_identificador_tipo_equipamento":32,"nm_tipo_equipamento":"Hospital Especializado","tx_tipo_equipamento":"É o estabelecimento de saúde destinado a prestar assistência médica em uma ou mais especialidades.","cd_identificador_classe_equipamento":7,"nm_classe_equipamento":"HOSPITAL","tx_classe_equipamento":"REFERE-SE AOS ESTABELECIMENTOS DE SAÚDE COM CAPACIDADE DE INTERNAMENTO (LEITOS) E QUE REALIZAM PROCEDIMENTOS DE MÉDIA E ALTA COMPLEXIDADE.","cd_identificador_esfera_administrativa_equipamento":2,"nm_esfera_administrativa_equipamento":"Estadual","tx_esfera_administrativa_equipamento":"Administração estadual vinculada à Secretaria de Estado da Saúde","cd_equipamento":"699","nm_equipamento":"INSTITUTO DO CORAÇÃO - INCOR HC/FMUSP","tx_endereco_equipamento":"AV. DR ENEAS DE CARVALHO AGUIAR, 44","nm_bairro_equipamento":"CERQUEIRA CESAR","cd_cep_equipamento":"05403-000","tx_horario_funcionamento":null,"tx_numero_telefone":"2661-5000","cd_equipamento_base_origem":null}},{"type":"Feature","id":"equipamento_saude_hospital_v2.120467","geometry":{"type":"Point","coordinates":[329655.767,7394018.629]},"geometry_name":"ge_ponto","properties":{"cd_identificador":120467,"cd_identificador_tema_equipamento":6,"nm_tema_equipamento":"SAUDE","cd_identificador_rede_equipamento":0,"nm_rede_equipamento":"SEM REDE","tx_rede_equipamento":"Sem descrição","cd_identificador_tipo_equipamento":32,"nm_tipo_equipamento":"Hospital Especializado","tx_tipo_equipamento":"É o estabelecimento de saúde destinado a prestar assistência médica em uma ou mais especialidades.","cd_identificador_classe_equipamento":7,"nm_classe_equipamento":"HOSPITAL","tx_classe_equipamento":"REFERE-SE AOS ESTABELECIMENTOS DE SAÚDE COM CAPACIDADE DE INTERNAMENTO (LEITOS) E QUE REALIZAM PROCEDIMENTOS DE MÉDIA E ALTA COMPLEXIDADE.","cd_identificador_esfera_administrativa_equipamento":2,"nm_esfera_administrativa_equipamento":"Estadual","tx_esfera_administrativa_equipamento":"Administração estadual vinculada à Secretaria de Estado da Saúde","cd_equipamento":"710","nm_equipamento":"INSTITUTO DO CÂNCER DO ESTADO DE SÃO PAULO","tx_endereco_equipamento":"AV. DR ARNALDO, 251","nm_bairro_equipamento":"CERQUEIRA CESAR","cd_cep_equipamento":"01246-000","tx_horario_funcionamento":null,"tx_numero_telefone":"3893-2000","cd_equipamento_base_origem":null}},{"type":"Feature","id":"equipamento_saude_hospital_v2.120466","geometry":{"type":"Point","coordinates":[331560.698,7395434.299]},"geometry_name":"ge_ponto","properties":{"cd_identificador":120466,"cd_identificador_tema_equipamento":6,"nm_tema_equipamento":"SAUDE","cd_identificador_rede_equipamento":0,"nm_rede_equipamento":"SEM REDE","tx_rede_equipamento":"Sem descrição","cd_identificador_tipo_equipamento":32,"nm_tipo_equipamento":"Hospital Especializado","tx_tipo_equipamento":"É o estabelecimento de saúde destinado a prestar assistência médica em uma ou mais especialidades.","cd_identificador_classe_equipamento":7,"nm_classe_equipamento":"HOSPITAL","tx_classe_equipamento":"REFERE-SE AOS ESTABELECIMENTOS DE SAÚDE COM CAPACIDADE DE INTERNAMENTO (LEITOS) E QUE REALIZAM PROCEDIMENTOS DE MÉDIA E ALTA COMPLEXIDADE.","cd_identificador_esfera_administrativa_equipamento":4,"nm_esfera_administrativa_equipamento":"Privado","tx_esfera_administrativa_equipamento":"Administração privada (inclui estabelecimentos particulares, filantrópricos, conveniados ou não com a Prefeitura)","cd_equipamento":"950","nm_equipamento":"INSTITUTO DO CANCER ARNALDO VIEIRA DE CARVALHO","tx_endereco_equipamento":"R. DR. CESARIO MOTTA JUNIOR, 112","nm_bairro_equipamento":"VILA BUARQUE","cd_cep_equipamento":"01221-020","tx_horario_funcionamento":null,"tx_numero_telefone":"3367-3844","cd_equipamento_base_origem":null}},{"type":"Feature","id":"equipamento_saude_hospital_v2.120465","geometry":{"type":"Point","coordinates":[322975.64,7385399.239]},"geometry_name":"ge_ponto","properties":{"cd_identificador":120465,"cd_identificador_tema_equipamento":6,"nm_tema_equipamento":"SAUDE","cd_identificador_rede_equipamento":0,"nm_rede_equipamento":"SEM REDE","tx_rede_equipamento":"Sem descrição","cd_identificador_tipo_equipamento":32,"nm_tipo_equipamento":"Hospital Especializado","tx_tipo_equipamento":"É o estabelecimento de saúde destinado a prestar assistência médica em uma ou mais especialidades.","cd_identificador_classe_equipamento":7,"nm_classe_equipamento":"HOSPITAL","tx_classe_equipamento":"REFERE-SE AOS ESTABELECIMENTOS DE SAÚDE COM CAPACIDADE DE INTERNAMENTO (LEITOS) E QUE REALIZAM PROCEDIMENTOS DE MÉDIA E ALTA COMPLEXIDADE.","cd_identificador_esfera_administrativa_equipamento":2,"nm_esfera_administrativa_equipamento":"Estadual","tx_esfera_administrativa_equipamento":"Administração estadual vinculada à Secretaria de Estado da Saúde","cd_equipamento":"106","nm_equipamento":"INSTITUTO DE REABILITAÇÃO LUCY MONTORO","tx_endereco_equipamento":"R. JANDIATUBA, 580","nm_bairro_equipamento":"VILA ANDRADE","cd_cep_equipamento":"05716-150","tx_horario_funcionamento":null,"tx_numero_telefone":"3905-8300","cd_equipamento_base_origem":null}},{"type":"Feature","id":"equipamento_saude_hospital_v2.120464","geometry":{"type":"Point","coordinates":[329847.702,7393712.633]},"geometry_name":"ge_ponto","properties":{"cd_identificador":120464,"cd_identificador_tema_equipamento":6,"nm_tema_equipamento":"SAUDE","cd_identificador_rede_equipamento":0,"nm_rede_equipamento":"SEM REDE","tx_rede_equipamento":"Sem descrição","cd_identificador_tipo_equipamento":32,"nm_tipo_equipamento":"Hospital Especializado","tx_tipo_equipamento":"É o estabelecimento de saúde destinado a prestar assistência médica em uma ou mais especialidades.","cd_identificador_classe_equipamento":7,"nm_classe_equipamento":"HOSPITAL","tx_classe_equipamento":"REFERE-SE AOS ESTABELECIMENTOS DE SAÚDE COM CAPACIDADE DE INTERNAMENTO (LEITOS) E QUE REALIZAM PROCEDIMENTOS DE MÉDIA E ALTA COMPLEXIDADE.","cd_identificador_esfera_administrativa_equipamento":2,"nm_esfera_administrativa_equipamento":"Estadual","tx_esfera_administrativa_equipamento":"Administração estadual vinculada à Secretaria de Estado da Saúde","cd_equipamento":"706","nm_equipamento":"INSTITUTO DE PSIQUIATRIA - HC/FMUSP","tx_endereco_equipamento":"R. DR OVÍDIO PIRES DE CAMPOS, 785","nm_bairro_equipamento":"CERQUEIRA CESAR","cd_cep_equipamento":"05403-010","tx_horario_funcionamento":null,"tx_numero_telefone":"3087-5456","cd_equipamento_base_origem":null}},{"type":"Feature","id":"equipamento_saude_hospital_v2.120445","geometry":{"type":"Point","coordinates":[331866.182,7393499.625]},"geometry_name":"ge_ponto","properties":{"cd_identificador":120445,"cd_identificador_tema_equipamento":6,"nm_tema_equipamento":"SAUDE","cd_identificador_rede_equipamento":0,"nm_rede_equipamento":"SEM REDE","tx_rede_equipamento":"Sem descrição","cd_identificador_tipo_equipamento":32,"nm_tipo_equipamento":"Hospital Especializado","tx_tipo_equipamento":"É o estabelecimento de saúde destinado a prestar assistência médica em uma ou mais especialidades.","cd_identificador_classe_equipamento":7,"nm_classe_equipamento":"HOSPITAL","tx_classe_equipamento":"REFERE-SE AOS ESTABELECIMENTOS DE SAÚDE COM CAPACIDADE DE INTERNAMENTO (LEITOS) E QUE REALIZAM PROCEDIMENTOS DE MÉDIA E ALTA COMPLEXIDADE.","cd_identificador_esfera_administrativa_equipamento":1,"nm_esfera_administrativa_equipamento":"Municipal","tx_esfera_administrativa_equipamento":"Administração municipal","cd_equipamento":"926","nm_equipamento":"HOSPITAL MUNICIPAL INFANTIL MENINO JESUS","tx_endereco_equipamento":"R. DOS INGLESES, 258","nm_bairro_equipamento":"BELA VISTA","cd_cep_equipamento":"01329-000","tx_horario_funcionamento":null,"tx_numero_telefone":"3016-0500","cd_equipamento_base_origem":null}},{"type":"Feature","id":"equipamento_saude_hospital_v2.120435","geometry":{"type":"Point","coordinates":[335331.03,7392489.34]},"geometry_name":"ge_ponto","properties":{"cd_identificador":120435,"cd_identificador_tema_equipamento":6,"nm_tema_equipamento":"SAUDE","cd_identificador_rede_equipamento":0,"nm_rede_equipamento":"SEM REDE","tx_rede_equipamento":"Sem descrição","cd_identificador_tipo_equipamento":32,"nm_tipo_equipamento":"Hospital Especializado","tx_tipo_equipamento":"É o estabelecimento de saúde destinado a prestar assistência médica em uma ou mais especialidades.","cd_identificador_classe_equipamento":7,"nm_classe_equipamento":"HOSPITAL","tx_classe_equipamento":"REFERE-SE AOS ESTABELECIMENTOS DE SAÚDE COM CAPACIDADE DE INTERNAMENTO (LEITOS) E QUE REALIZAM PROCEDIMENTOS DE MÉDIA E ALTA COMPLEXIDADE.","cd_identificador_esfera_administrativa_equipamento":3,"nm_esfera_administrativa_equipamento":"Federal","tx_esfera_administrativa_equipamento":"Administração federal","cd_equipamento":"946","nm_equipamento":"HOSPITAL MILITAR DE AREA DE SÃO PAULO","tx_endereco_equipamento":"R. OUVIDOR PORTUGAL, 230","nm_bairro_equipamento":"CAMBUCI","cd_cep_equipamento":"01551-000","tx_horario_funcionamento":null,"tx_numero_telefone":null,"cd_equipamento_base_origem":null}},{"type":"Feature","id":"equipamento_saude_hospital_v2.120432","geometry":{"type":"Point","coordinates":[332818.51,7390413.547]},"geometry_name":"ge_ponto","properties":{"cd_identificador":120432,"cd_identificador_tema_equipamento":6,"nm_tema_equipamento":"SAUDE","cd_identificador_rede_equipamento":0,"nm_rede_equipamento":"SEM REDE","tx_rede_equipamento":"Sem descrição","cd_identificador_tipo_equipamento":32,"nm_tipo_equipamento":"Hospital Especializado","tx_tipo_equipamento":"É o estabelecimento de saúde destinado a prestar assistência médica em uma ou mais especialidades.","cd_identificador_classe_equipamento":7,"nm_classe_equipamento":"HOSPITAL","tx_classe_equipamento":"REFERE-SE AOS ESTABELECIMENTOS DE SAÚDE COM CAPACIDADE DE INTERNAMENTO (LEITOS) E QUE REALIZAM PROCEDIMENTOS DE MÉDIA E ALTA COMPLEXIDADE.","cd_identificador_esfera_administrativa_equipamento":2,"nm_esfera_administrativa_equipamento":"Estadual","tx_esfera_administrativa_equipamento":"Administração estadual vinculada à Secretaria de Estado da Saúde","cd_equipamento":"1035","nm_equipamento":"HOSPITAL ESTADUAL PSIQUIÁTRICO DE VILA MARIANA","tx_endereco_equipamento":"R. MAJOR MARAGLIANO, 241","nm_bairro_equipamento":"VILA MARIANA","cd_cep_equipamento":"04017-030","tx_horario_funcionamento":null,"tx_numero_telefone":"3466-2100","cd_equipamento_base_origem":null}},{"type":"Feature","id":"equipamento_saude_hospital_v2.120428","geometry":{"type":"Point","coordinates":[325422.379,7389806.57]},"geometry_name":"ge_ponto","properties":{"cd_identificador":120428,"cd_identificador_tema_equipamento":6,"nm_tema_equipamento":"SAUDE","cd_identificador_rede_equipamento":0,"nm_rede_equipamento":"SEM REDE","tx_rede_equipamento":"Sem descrição","cd_identificador_tipo_equipamento":32,"nm_tipo_equipamento":"Hospital Especializado","tx_tipo_equipamento":"É o estabelecimento de saúde destinado a prestar assistência médica em uma ou mais especialidades.","cd_identificador_classe_equipamento":7,"nm_classe_equipamento":"HOSPITAL","tx_classe_equipamento":"REFERE-SE AOS ESTABELECIMENTOS DE SAÚDE COM CAPACIDADE DE INTERNAMENTO (LEITOS) E QUE REALIZAM PROCEDIMENTOS DE MÉDIA E ALTA COMPLEXIDADE.","cd_identificador_esfera_administrativa_equipamento":2,"nm_esfera_administrativa_equipamento":"Estadual","tx_esfera_administrativa_equipamento":"Administração estadual vinculada à Secretaria de Estado da Saúde","cd_equipamento":"35","nm_equipamento":"HOSPITAL ESTADUAL INFANTIL DARCY VARGAS","tx_endereco_equipamento":"R. DR SERAFICO DE ASSIS CARVALHO, 34","nm_bairro_equipamento":"JARDIM GUEDALA","cd_cep_equipamento":"04024-002","tx_horario_funcionamento":null,"tx_numero_telefone":"3723-3700","cd_equipamento_base_origem":null}},{"type":"Feature","id":"equipamento_saude_hospital_v2.120427","geometry":{"type":"Point","coordinates":[338197.14,7394488.487]},"geometry_name":"ge_ponto","properties":{"cd_identificador":120427,"cd_identificador_tema_equipamento":6,"nm_tema_equipamento":"SAUDE","cd_identificador_rede_equipamento":0,"nm_rede_equipamento":"SEM REDE","tx_rede_equipamento":"Sem descrição","cd_identificador_tipo_equipamento":32,"nm_tipo_equipamento":"Hospital Especializado","tx_tipo_equipamento":"É o estabelecimento de saúde destinado a prestar assistência médica em uma ou mais especialidades.","cd_identificador_classe_equipamento":7,"nm_classe_equipamento":"HOSPITAL","tx_classe_equipamento":"REFERE-SE AOS ESTABELECIMENTOS DE SAÚDE COM CAPACIDADE DE INTERNAMENTO (LEITOS) E QUE REALIZAM PROCEDIMENTOS DE MÉDIA E ALTA COMPLEXIDADE.","cd_identificador_esfera_administrativa_equipamento":2,"nm_esfera_administrativa_equipamento":"Estadual","tx_esfera_administrativa_equipamento":"Administração estadual vinculada à Secretaria de Estado da Saúde","cd_equipamento":"584","nm_equipamento":"HOSPITAL ESTADUAL INFANTIL CANDIDO FONTOURA","tx_endereco_equipamento":"R. SIQUEIRA BUENO, 1757","nm_bairro_equipamento":"AGUA RASA","cd_cep_equipamento":"03173-010","tx_horario_funcionamento":null,"tx_numero_telefone":"2603-5300","cd_equipamento_base_origem":null}},{"type":"Feature","id":"equipamento_saude_hospital_v2.120411","geometry":{"type":"Point","coordinates":[329799.348,7393963.594]},"geometry_name":"ge_ponto","properties":{"cd_identificador":120411,"cd_identificador_tema_equipamento":6,"nm_tema_equipamento":"SAUDE","cd_identificador_rede_equipamento":0,"nm_rede_equipamento":"SEM REDE","tx_rede_equipamento":"Sem descrição","cd_identificador_tipo_equipamento":32,"nm_tipo_equipamento":"Hospital Especializado","tx_tipo_equipamento":"É o estabelecimento de saúde destinado a prestar assistência médica em uma ou mais especialidades.","cd_identificador_classe_equipamento":7,"nm_classe_equipamento":"HOSPITAL","tx_classe_equipamento":"REFERE-SE AOS ESTABELECIMENTOS DE SAÚDE COM CAPACIDADE DE INTERNAMENTO (LEITOS) E QUE REALIZAM PROCEDIMENTOS DE MÉDIA E ALTA COMPLEXIDADE.","cd_identificador_esfera_administrativa_equipamento":2,"nm_esfera_administrativa_equipamento":"Estadual","tx_esfera_administrativa_equipamento":"Administração estadual vinculada à Secretaria de Estado da Saúde","cd_equipamento":"711","nm_equipamento":"HOSPITAL ESTADUAL - INST INFECTOLOGIA EMILIO RIBAS","tx_endereco_equipamento":"AV. DR ARNALDO, 165","nm_bairro_equipamento":"CERQUEIRA CESAR","cd_cep_equipamento":"01246-000","tx_horario_funcionamento":null,"tx_numero_telefone":"3896-1200","cd_equipamento_base_origem":null}},{"type":"Feature","id":"equipamento_saude_hospital_v2.120410","geometry":{"type":"Point","coordinates":[332727.033,7392725.031]},"geometry_name":"ge_ponto","properties":{"cd_identificador":120410,"cd_identificador_tema_equipamento":6,"nm_tema_equipamento":"SAUDE","cd_identificador_rede_equipamento":0,"nm_rede_equipamento":"SEM REDE","tx_rede_equipamento":"Sem descrição","cd_identificador_tipo_equipamento":32,"nm_tipo_equipamento":"Hospital Especializado","tx_tipo_equipamento":"É o estabelecimento de saúde destinado a prestar assistência médica em uma ou mais especialidades.","cd_identificador_classe_equipamento":7,"nm_classe_equipamento":"HOSPITAL","tx_classe_equipamento":"REFERE-SE AOS ESTABELECIMENTOS DE SAÚDE COM CAPACIDADE DE INTERNAMENTO (LEITOS) E QUE REALIZAM PROCEDIMENTOS DE MÉDIA E ALTA COMPLEXIDADE.","cd_identificador_esfera_administrativa_equipamento":1,"nm_esfera_administrativa_equipamento":"Municipal","tx_esfera_administrativa_equipamento":"Administração municipal","cd_equipamento":"951","nm_equipamento":"HOSPITAL DO SERVIDOR PÚBLICO MUNICIPAL - HSPM","tx_endereco_equipamento":"R. CASTRO ALVES, 60","nm_bairro_equipamento":"LIBERDADE","cd_cep_equipamento":"01532-000","tx_horario_funcionamento":null,"tx_numero_telefone":"3397-7700","cd_equipamento_base_origem":null}},{"type":"Feature","id":"equipamento_saude_hospital_v2.120409","geometry":{"type":"Point","coordinates":[331076.203,7389416.093]},"geometry_name":"ge_ponto","properties":{"cd_identificador":120409,"cd_identificador_tema_equipamento":6,"nm_tema_equipamento":"SAUDE","cd_identificador_rede_equipamento":0,"nm_rede_equipamento":"SEM REDE","tx_rede_equipamento":"Sem descrição","cd_identificador_tipo_equipamento":32,"nm_tipo_equipamento":"Hospital Especializado","tx_tipo_equipamento":"É o estabelecimento de saúde destinado a prestar assistência médica em uma ou mais especialidades.","cd_identificador_classe_equipamento":7,"nm_classe_equipamento":"HOSPITAL","tx_classe_equipamento":"REFERE-SE AOS ESTABELECIMENTOS DE SAÚDE COM CAPACIDADE DE INTERNAMENTO (LEITOS) E QUE REALIZAM PROCEDIMENTOS DE MÉDIA E ALTA COMPLEXIDADE.","cd_identificador_esfera_administrativa_equipamento":2,"nm_esfera_administrativa_equipamento":"Estadual","tx_esfera_administrativa_equipamento":"Administração estadual vinculada à Secretaria de Estado da Saúde","cd_equipamento":"1016","nm_equipamento":"HOSPITAL DO SERVIDOR PÚBLICO ESTADUAL FRANCISCO MORATO DE OLIVEIRA","tx_endereco_equipamento":"R. PEDRO DE TOLEDO, 1800","nm_bairro_equipamento":"VILA CLEMENTINO","cd_cep_equipamento":"04029-000","tx_horario_funcionamento":null,"tx_numero_telefone":"4573-8000","cd_equipamento_base_origem":null}},{"type":"Feature","id":"equipamento_saude_hospital_v2.120390","geometry":{"type":"Point","coordinates":[332248.249,7398642.764]},"geometry_name":"ge_ponto","properties":{"cd_identificador":120390,"cd_identificador_tema_equipamento":6,"nm_tema_equipamento":"SAUDE","cd_identificador_rede_equipamento":0,"nm_rede_equipamento":"SEM REDE","tx_rede_equipamento":"Sem descrição","cd_identificador_tipo_equipamento":32,"nm_tipo_equipamento":"Hospital Especializado","tx_tipo_equipamento":"É o estabelecimento de saúde destinado a prestar assistência médica em uma ou mais especialidades.","cd_identificador_classe_equipamento":7,"nm_classe_equipamento":"HOSPITAL","tx_classe_equipamento":"REFERE-SE AOS ESTABELECIMENTOS DE SAÚDE COM CAPACIDADE DE INTERNAMENTO (LEITOS) E QUE REALIZAM PROCEDIMENTOS DE MÉDIA E ALTA COMPLEXIDADE.","cd_identificador_esfera_administrativa_equipamento":3,"nm_esfera_administrativa_equipamento":"Federal","tx_esfera_administrativa_equipamento":"Administração federal","cd_equipamento":"780","nm_equipamento":"HOSP DA AERONAUTICA DE SP","tx_endereco_equipamento":"AV. OLAVO FONTOURA, 1400","nm_bairro_equipamento":"SANTANA","cd_cep_equipamento":"02022-021","tx_horario_funcionamento":null,"tx_numero_telefone":"2224-7000","cd_equipamento_base_origem":null}},{"type":"Feature","id":"equipamento_saude_hospital_v2.120389","geometry":{"type":"Point","coordinates":[339716.198,7407989.707]},"geometry_name":"ge_ponto","properties":{"cd_identificador":120389,"cd_identificador_tema_equipamento":6,"nm_tema_equipamento":"SAUDE","cd_identificador_rede_equipamento":0,"nm_rede_equipamento":"SEM REDE","tx_rede_equipamento":"Sem descrição","cd_identificador_tipo_equipamento":32,"nm_tipo_equipamento":"Hospital Especializado","tx_tipo_equipamento":"É o estabelecimento de saúde destinado a prestar assistência médica em uma ou mais especialidades.","cd_identificador_classe_equipamento":7,"nm_classe_equipamento":"HOSPITAL","tx_classe_equipamento":"REFERE-SE AOS ESTABELECIMENTOS DE SAÚDE COM CAPACIDADE DE INTERNAMENTO (LEITOS) E QUE REALIZAM PROCEDIMENTOS DE MÉDIA E ALTA COMPLEXIDADE.","cd_identificador_esfera_administrativa_equipamento":4,"nm_esfera_administrativa_equipamento":"Privado","tx_esfera_administrativa_equipamento":"Administração privada (inclui estabelecimentos particulares, filantrópricos, conveniados ou não com a Prefeitura)","cd_equipamento":"481","nm_equipamento":"HOSP CASA DE DAVID","tx_endereco_equipamento":"RODOVIA FERNAO DIAS, KM 82","nm_bairro_equipamento":"PARQUE EDU CHAVES","cd_cep_equipamento":"02284-000","tx_horario_funcionamento":null,"tx_numero_telefone":"2453-6600","cd_equipamento_base_origem":null}},{"type":"Feature","id":"equipamento_saude_hospital_v2.120270","geometry":{"type":"Point","coordinates":[334666.235,7403617.266]},"geometry_name":"ge_ponto","properties":{"cd_identificador":120270,"cd_identificador_tema_equipamento":6,"nm_tema_equipamento":"SAUDE","cd_identificador_rede_equipamento":0,"nm_rede_equipamento":"SEM REDE","tx_rede_equipamento":"Sem descrição","cd_identificador_tipo_equipamento":32,"nm_tipo_equipamento":"Hospital Especializado","tx_tipo_equipamento":"É o estabelecimento de saúde destinado a prestar assistência médica em uma ou mais especialidades.","cd_identificador_classe_equipamento":7,"nm_classe_equipamento":"HOSPITAL","tx_classe_equipamento":"REFERE-SE AOS ESTABELECIMENTOS DE SAÚDE COM CAPACIDADE DE INTERNAMENTO (LEITOS) E QUE REALIZAM PROCEDIMENTOS DE MÉDIA E ALTA COMPLEXIDADE.","cd_identificador_esfera_administrativa_equipamento":2,"nm_esfera_administrativa_equipamento":"Estadual","tx_esfera_administrativa_equipamento":"Administração estadual vinculada à Secretaria de Estado da Saúde","cd_equipamento":"793","nm_equipamento":"CENTRO MEDICO PMESP","tx_endereco_equipamento":"AV. NOVA CANTAREIRA, 3659","nm_bairro_equipamento":"TREMEMBE","cd_cep_equipamento":"02341-001","tx_horario_funcionamento":null,"tx_numero_telefone":"2109-3755","cd_equipamento_base_origem":null}},{"type":"Feature","id":"equipamento_saude_hospital_v2.120269","geometry":{"type":"Point","coordinates":[334682,7399172.008]},"geometry_name":"ge_ponto","properties":{"cd_identificador":120269,"cd_identificador_tema_equipamento":6,"nm_tema_equipamento":"SAUDE","cd_identificador_rede_equipamento":0,"nm_rede_equipamento":"SEM REDE","tx_rede_equipamento":"Sem descrição","cd_identificador_tipo_equipamento":32,"nm_tipo_equipamento":"Hospital Especializado","tx_tipo_equipamento":"É o estabelecimento de saúde destinado a prestar assistência médica em uma ou mais especialidades.","cd_identificador_classe_equipamento":7,"nm_classe_equipamento":"HOSPITAL","tx_classe_equipamento":"REFERE-SE AOS ESTABELECIMENTOS DE SAÚDE COM CAPACIDADE DE INTERNAMENTO (LEITOS) E QUE REALIZAM PROCEDIMENTOS DE MÉDIA E ALTA COMPLEXIDADE.","cd_identificador_esfera_administrativa_equipamento":2,"nm_esfera_administrativa_equipamento":"Estadual","tx_esfera_administrativa_equipamento":"Administração estadual vinculada à Secretaria de Estado da Saúde","cd_equipamento":"788","nm_equipamento":"CENTRO HOSPITALAR DO SISTEMA PENITENCIÁRIO","tx_endereco_equipamento":"R. DOM JOSE MAURICIO, 15","nm_bairro_equipamento":"CARANDIRU","cd_cep_equipamento":"02028-000","tx_horario_funcionamento":null,"tx_numero_telefone":null,"cd_equipamento_base_origem":null}},{"type":"Feature","id":"equipamento_saude_hospital_v2.120265","geometry":{"type":"Point","coordinates":[333065.145,7389473.857]},"geometry_name":"ge_ponto","properties":{"cd_identificador":120265,"cd_identificador_tema_equipamento":6,"nm_tema_equipamento":"SAUDE","cd_identificador_rede_equipamento":0,"nm_rede_equipamento":"SEM REDE","tx_rede_equipamento":"Sem descrição","cd_identificador_tipo_equipamento":32,"nm_tipo_equipamento":"Hospital Especializado","tx_tipo_equipamento":"É o estabelecimento de saúde destinado a prestar assistência médica em uma ou mais especialidades.","cd_identificador_classe_equipamento":7,"nm_classe_equipamento":"HOSPITAL","tx_classe_equipamento":"REFERE-SE AOS ESTABELECIMENTOS DE SAÚDE COM CAPACIDADE DE INTERNAMENTO (LEITOS) E QUE REALIZAM PROCEDIMENTOS DE MÉDIA E ALTA COMPLEXIDADE.","cd_identificador_esfera_administrativa_equipamento":2,"nm_esfera_administrativa_equipamento":"Estadual","tx_esfera_administrativa_equipamento":"Administração estadual vinculada à Secretaria de Estado da Saúde","cd_equipamento":"1038","nm_equipamento":"CENTRO DE REFERÊNCIA E TREINAMENTO DST/AIDS - SÃO PAULO","tx_endereco_equipamento":"R. SANTA CRUZ, 81","nm_bairro_equipamento":"VIL MARIANA","cd_cep_equipamento":"04121-000","tx_horario_funcionamento":null,"tx_numero_telefone":"5087-9911","cd_equipamento_base_origem":null}},{"type":"Feature","id":"equipamento_saude_hospital_v2.120263","geometry":{"type":"Point","coordinates":[332194.095,7396370.571]},"geometry_name":"ge_ponto","properties":{"cd_identificador":120263,"cd_identificador_tema_equipamento":6,"nm_tema_equipamento":"SAUDE","cd_identificador_rede_equipamento":0,"nm_rede_equipamento":"SEM REDE","tx_rede_equipamento":"Sem descrição","cd_identificador_tipo_equipamento":32,"nm_tipo_equipamento":"Hospital Especializado","tx_tipo_equipamento":"É o estabelecimento de saúde destinado a prestar assistência médica em uma ou mais especialidades.","cd_identificador_classe_equipamento":7,"nm_classe_equipamento":"HOSPITAL","tx_classe_equipamento":"REFERE-SE AOS ESTABELECIMENTOS DE SAÚDE COM CAPACIDADE DE INTERNAMENTO (LEITOS) E QUE REALIZAM PROCEDIMENTOS DE MÉDIA E ALTA COMPLEXIDADE.","cd_identificador_esfera_administrativa_equipamento":2,"nm_esfera_administrativa_equipamento":"Estadual","tx_esfera_administrativa_equipamento":"Administração estadual vinculada à Secretaria de Estado da Saúde","cd_equipamento":"968","nm_equipamento":"CENTRO DE REFERÊNCIA DA SAUDE DA MULHER - HOSP EST","tx_endereco_equipamento":"AV. RIO BRANCO, 1080","nm_bairro_equipamento":"CAMPOS ELISEOS","cd_cep_equipamento":"01206-001","tx_horario_funcionamento":null,"tx_numero_telefone":"3367-3900","cd_equipamento_base_origem":null}},{"type":"Feature","id":"equipamento_saude_hospital_v2.120115","geometry":{"type":"Point","coordinates":[323932.912,7401625.589]},"geometry_name":"ge_ponto","properties":{"cd_identificador":120115,"cd_identificador_tema_equipamento":6,"nm_tema_equipamento":"SAUDE","cd_identificador_rede_equipamento":0,"nm_rede_equipamento":"SEM REDE","tx_rede_equipamento":"Sem descrição","cd_identificador_tipo_equipamento":32,"nm_tipo_equipamento":"Hospital Especializado","tx_tipo_equipamento":"É o estabelecimento de saúde destinado a prestar assistência médica em uma ou mais especialidades.","cd_identificador_classe_equipamento":7,"nm_classe_equipamento":"HOSPITAL","tx_classe_equipamento":"REFERE-SE AOS ESTABELECIMENTOS DE SAÚDE COM CAPACIDADE DE INTERNAMENTO (LEITOS) E QUE REALIZAM PROCEDIMENTOS DE MÉDIA E ALTA COMPLEXIDADE.","cd_identificador_esfera_administrativa_equipamento":2,"nm_esfera_administrativa_equipamento":"Estadual","tx_esfera_administrativa_equipamento":"Administração estadual vinculada à Secretaria de Estado da Saúde","cd_equipamento":"754","nm_equipamento":"CAISM PHILIPPE PINEL","tx_endereco_equipamento":"AV. RAIMUNDO PEREIRA DE MAGALHAES, 5214","nm_bairro_equipamento":"PIRITUBA","cd_cep_equipamento":"02938-000","tx_horario_funcionamento":null,"tx_numero_telefone":"3993-8227","cd_equipamento_base_origem":null}},{"type":"Feature","id":"equipamento_saude_hospital_v2.120113","geometry":{"type":"Point","coordinates":[336925.124,7396876.878]},"geometry_name":"ge_ponto","properties":{"cd_identificador":120113,"cd_identificador_tema_equipamento":6,"nm_tema_equipamento":"SAUDE","cd_identificador_rede_equipamento":0,"nm_rede_equipamento":"SEM REDE","tx_rede_equipamento":"Sem descrição","cd_identificador_tipo_equipamento":32,"nm_tipo_equipamento":"Hospital Especializado","tx_tipo_equipamento":"É o estabelecimento de saúde destinado a prestar assistência médica em uma ou mais especialidades.","cd_identificador_classe_equipamento":7,"nm_classe_equipamento":"HOSPITAL","tx_classe_equipamento":"REFERE-SE AOS ESTABELECIMENTOS DE SAÚDE COM CAPACIDADE DE INTERNAMENTO (LEITOS) E QUE REALIZAM PROCEDIMENTOS DE MÉDIA E ALTA COMPLEXIDADE.","cd_identificador_esfera_administrativa_equipamento":2,"nm_esfera_administrativa_equipamento":"Estadual","tx_esfera_administrativa_equipamento":"Administração estadual vinculada à Secretaria de Estado da Saúde","cd_equipamento":"586","nm_equipamento":"AME MARIA ZELIA","tx_endereco_equipamento":"R. JEQUITINHONHA, 360","nm_bairro_equipamento":"BELENZINHO","cd_cep_equipamento":"03021-040","tx_horario_funcionamento":null,"tx_numero_telefone":"3583-1800","cd_equipamento_base_origem":null}},{"type":"Feature","id":"equipamento_saude_hospital_v2.120108","geometry":{"type":"Point","coordinates":[337785.173,7388015.086]},"geometry_name":"ge_ponto","properties":{"cd_identificador":120108,"cd_identificador_tema_equipamento":6,"nm_tema_equipamento":"SAUDE","cd_identificador_rede_equipamento":0,"nm_rede_equipamento":"SEM REDE","tx_rede_equipamento":"Sem descrição","cd_identificador_tipo_equipamento":32,"nm_tipo_equipamento":"Hospital Especializado","tx_tipo_equipamento":"É o estabelecimento de saúde destinado a prestar assistência médica em uma ou mais especialidades.","cd_identificador_classe_equipamento":7,"nm_classe_equipamento":"HOSPITAL","tx_classe_equipamento":"REFERE-SE AOS ESTABELECIMENTOS DE SAÚDE COM CAPACIDADE DE INTERNAMENTO (LEITOS) E QUE REALIZAM PROCEDIMENTOS DE MÉDIA E ALTA COMPLEXIDADE.","cd_identificador_esfera_administrativa_equipamento":2,"nm_esfera_administrativa_equipamento":"Estadual","tx_esfera_administrativa_equipamento":"Administração estadual vinculada à Secretaria de Estado da Saúde","cd_equipamento":"366","nm_equipamento":"AME DR. LUIZ ROBERTO BARRADAS BARATA","tx_endereco_equipamento":"AV. ALMIRANTE DELAMARE, 1534","nm_bairro_equipamento":"CIDADE NOVA HELIOPOLIS","cd_cep_equipamento":"04230-000","tx_horario_funcionamento":null,"tx_numero_telefone":"2065-1550","cd_equipamento_base_origem":null}},{"type":"Feature","id":"equipamento_saude_hospital_v2.120093","geometry":{"type":"Point","coordinates":[332182.763,7394765.185]},"geometry_name":"ge_ponto","properties":{"cd_identificador":120093,"cd_identificador_tema_equipamento":6,"nm_tema_equipamento":"SAUDE","cd_identificador_rede_equipamento":0,"nm_rede_equipamento":"SEM REDE","tx_rede_equipamento":"Sem descrição","cd_identificador_tipo_equipamento":32,"nm_tipo_equipamento":"Hospital Especializado","tx_tipo_equipamento":"É o estabelecimento de saúde destinado a prestar assistência médica em uma ou mais especialidades.","cd_identificador_classe_equipamento":7,"nm_classe_equipamento":"HOSPITAL","tx_classe_equipamento":"REFERE-SE AOS ESTABELECIMENTOS DE SAÚDE COM CAPACIDADE DE INTERNAMENTO (LEITOS) E QUE REALIZAM PROCEDIMENTOS DE MÉDIA E ALTA COMPLEXIDADE.","cd_identificador_esfera_administrativa_equipamento":2,"nm_esfera_administrativa_equipamento":"Estadual","tx_esfera_administrativa_equipamento":"Administração estadual vinculada à Secretaria de Estado da Saúde","cd_equipamento":"959","nm_equipamento":"AMB ESPEC DR. GERALDO PAULO BOURROL (CONSOLAÇÃO)","tx_endereco_equipamento":"R. MARTINS FONTES, 208","nm_bairro_equipamento":"CENTRO","cd_cep_equipamento":"01050-000","tx_horario_funcionamento":null,"tx_numero_telefone":"2141-6200","cd_equipamento_base_origem":null}}],"totalFeatures":98,"numberMatched":98,"numberReturned":98,"timeStamp":"2026-05-16T19:24:25.340Z","crs":{"type":"name","properties":{"name":"urn:ogc:def:crs:EPSG::31983"}}}