{"type":"FeatureCollection","features":[{"type":"Feature","id":"equipamento_cultura_museus_v3.40228","geometry":{"type":"Point","coordinates":[333361.8344,7389517.6877]},"geometry_name":"ge_ponto","properties":{"cd_identificador":40228,"cd_identificador_tema_equipamento":3,"nm_tema_equipamento":"CULTURA","cd_identificador_rede_equipamento":0,"nm_rede_equipamento":"SEM REDE","tx_rede_equipamento":"Sem descrição","cd_identificador_tipo_equipamento":5,"nm_tipo_equipamento":"Museu","tx_tipo_equipamento":"Museus","cd_identificador_classe_equipamento":3,"nm_classe_equipamento":"MUSEUS","tx_classe_equipamento":"MUSEUS","cd_identificador_esfera_administrativa_equipamento":1,"nm_esfera_administrativa_equipamento":"Municipal","tx_esfera_administrativa_equipamento":"Entidade mantenedora: PMSP","cd_equipamento":null,"nm_equipamento":"Museu da Cidade de São Paulo - Casa Modernista","tx_endereco_equipamento":"Rua Santa Cruz, 325","nm_bairro_equipamento":"","cd_cep_equipamento":"04121-000","tx_horario_funcionamento":null,"tx_numero_telefone":"(11) 5083-3232","cd_equipamento_base_origem":null}},{"type":"Feature","id":"equipamento_cultura_museus_v3.40229","geometry":{"type":"Point","coordinates":[331433.8213,7394822.3163]},"geometry_name":"ge_ponto","properties":{"cd_identificador":40229,"cd_identificador_tema_equipamento":3,"nm_tema_equipamento":"CULTURA","cd_identificador_rede_equipamento":0,"nm_rede_equipamento":"SEM REDE","tx_rede_equipamento":"Sem descrição","cd_identificador_tipo_equipamento":5,"nm_tipo_equipamento":"Museu","tx_tipo_equipamento":"Museus","cd_identificador_classe_equipamento":3,"nm_classe_equipamento":"MUSEUS","tx_classe_equipamento":"MUSEUS","cd_identificador_esfera_administrativa_equipamento":1,"nm_esfera_administrativa_equipamento":"Municipal","tx_esfera_administrativa_equipamento":"Entidade mantenedora: PMSP","cd_equipamento":null,"nm_equipamento":"Museu da Cidade de São Paulo - Chácara Lane","tx_endereco_equipamento":"Rua da Consolação, 1024","nm_bairro_equipamento":"","cd_cep_equipamento":"01302-000","tx_horario_funcionamento":null,"tx_numero_telefone":"(11) 3129-3574 / (11) 3129-3361","cd_equipamento_base_origem":null}},{"type":"Feature","id":"equipamento_cultura_museus_v3.40230","geometry":{"type":"Point","coordinates":[333420.6709,7394809.3753]},"geometry_name":"ge_ponto","properties":{"cd_identificador":40230,"cd_identificador_tema_equipamento":3,"nm_tema_equipamento":"CULTURA","cd_identificador_rede_equipamento":0,"nm_rede_equipamento":"SEM REDE","tx_rede_equipamento":"Sem descrição","cd_identificador_tipo_equipamento":5,"nm_tipo_equipamento":"Museu","tx_tipo_equipamento":"Museus","cd_identificador_classe_equipamento":3,"nm_classe_equipamento":"MUSEUS","tx_classe_equipamento":"MUSEUS","cd_identificador_esfera_administrativa_equipamento":1,"nm_esfera_administrativa_equipamento":"Municipal","tx_esfera_administrativa_equipamento":"Entidade mantenedora: PMSP","cd_equipamento":null,"nm_equipamento":"Museu da Cidade de São Paulo - Solar da Marquesa de Santos","tx_endereco_equipamento":"Rua Roberto Simonsen, 136","nm_bairro_equipamento":"","cd_cep_equipamento":"01017-020","tx_horario_funcionamento":null,"tx_numero_telefone":"(11) 3116-6213","cd_equipamento_base_origem":null}},{"type":"Feature","id":"equipamento_cultura_museus_v3.40231","geometry":{"type":"Point","coordinates":[333385.4265,7394828.4692]},"geometry_name":"ge_ponto","properties":{"cd_identificador":40231,"cd_identificador_tema_equipamento":3,"nm_tema_equipamento":"CULTURA","cd_identificador_rede_equipamento":0,"nm_rede_equipamento":"SEM REDE","tx_rede_equipamento":"Sem descrição","cd_identificador_tipo_equipamento":5,"nm_tipo_equipamento":"Museu","tx_tipo_equipamento":"Museus","cd_identificador_classe_equipamento":3,"nm_classe_equipamento":"MUSEUS","tx_classe_equipamento":"MUSEUS","cd_identificador_esfera_administrativa_equipamento":1,"nm_esfera_administrativa_equipamento":"Municipal","tx_esfera_administrativa_equipamento":"Entidade mantenedora: PMSP","cd_equipamento":null,"nm_equipamento":"Museu da Cidade de São Paulo - Casa da Imagem","tx_endereco_equipamento":"Rua Roberto Simonsen, 136-B","nm_bairro_equipamento":"","cd_cep_equipamento":"01017-020","tx_horario_funcionamento":null,"tx_numero_telefone":"(11) 3116-6245","cd_equipamento_base_origem":null}},{"type":"Feature","id":"equipamento_cultura_museus_v3.40232","geometry":{"type":"Point","coordinates":[332157.1694,7383389.9393]},"geometry_name":"ge_ponto","properties":{"cd_identificador":40232,"cd_identificador_tema_equipamento":3,"nm_tema_equipamento":"CULTURA","cd_identificador_rede_equipamento":0,"nm_rede_equipamento":"SEM REDE","tx_rede_equipamento":"Sem descrição","cd_identificador_tipo_equipamento":5,"nm_tipo_equipamento":"Museu","tx_tipo_equipamento":"Museus","cd_identificador_classe_equipamento":3,"nm_classe_equipamento":"MUSEUS","tx_classe_equipamento":"MUSEUS","cd_identificador_esfera_administrativa_equipamento":1,"nm_esfera_administrativa_equipamento":"Municipal","tx_esfera_administrativa_equipamento":"Entidade mantenedora: PMSP","cd_equipamento":null,"nm_equipamento":"Museu da Cidade de São Paulo - Casa do Sítio da Ressaca (fechado temporariamente)","tx_endereco_equipamento":"Rua Nadra Raffoul Mokodsi, 3","nm_bairro_equipamento":"","cd_cep_equipamento":"04321-020","tx_horario_funcionamento":null,"tx_numero_telefone":"(11) 5011-7233","cd_equipamento_base_origem":null}},{"type":"Feature","id":"equipamento_cultura_museus_v3.40233","geometry":{"type":"Point","coordinates":[338470.624,7396552.4673]},"geometry_name":"ge_ponto","properties":{"cd_identificador":40233,"cd_identificador_tema_equipamento":3,"nm_tema_equipamento":"CULTURA","cd_identificador_rede_equipamento":0,"nm_rede_equipamento":"SEM REDE","tx_rede_equipamento":"Sem descrição","cd_identificador_tipo_equipamento":5,"nm_tipo_equipamento":"Museu","tx_tipo_equipamento":"Museus","cd_identificador_classe_equipamento":3,"nm_classe_equipamento":"MUSEUS","tx_classe_equipamento":"MUSEUS","cd_identificador_esfera_administrativa_equipamento":1,"nm_esfera_administrativa_equipamento":"Municipal","tx_esfera_administrativa_equipamento":"Entidade mantenedora: PMSP","cd_equipamento":null,"nm_equipamento":"Museu da Cidade de São Paulo - Casa do Tatuapé","tx_endereco_equipamento":"Rua Guabijú, 49","nm_bairro_equipamento":"","cd_cep_equipamento":"01017-020","tx_horario_funcionamento":null,"tx_numero_telefone":"(11) 2296-4330","cd_equipamento_base_origem":null}},{"type":"Feature","id":"equipamento_cultura_museus_v3.40234","geometry":{"type":"Point","coordinates":[325281.3012,7387707.6678]},"geometry_name":"ge_ponto","properties":{"cd_identificador":40234,"cd_identificador_tema_equipamento":3,"nm_tema_equipamento":"CULTURA","cd_identificador_rede_equipamento":0,"nm_rede_equipamento":"SEM REDE","tx_rede_equipamento":"Sem descrição","cd_identificador_tipo_equipamento":5,"nm_tipo_equipamento":"Museu","tx_tipo_equipamento":"Museus","cd_identificador_classe_equipamento":3,"nm_classe_equipamento":"MUSEUS","tx_classe_equipamento":"MUSEUS","cd_identificador_esfera_administrativa_equipamento":1,"nm_esfera_administrativa_equipamento":"Municipal","tx_esfera_administrativa_equipamento":"Entidade mantenedora: PMSP","cd_equipamento":null,"nm_equipamento":"Museu da Cidade de São Paulo - Capela do Morumbi","tx_endereco_equipamento":"Avenida Morumbi, 5.387","nm_bairro_equipamento":"","cd_cep_equipamento":"05650-001","tx_horario_funcionamento":null,"tx_numero_telefone":"(11) 3772-4301","cd_equipamento_base_origem":null}},{"type":"Feature","id":"equipamento_cultura_museus_v3.40235","geometry":{"type":"Point","coordinates":[331070.806,7390540.0831]},"geometry_name":"ge_ponto","properties":{"cd_identificador":40235,"cd_identificador_tema_equipamento":3,"nm_tema_equipamento":"CULTURA","cd_identificador_rede_equipamento":0,"nm_rede_equipamento":"SEM REDE","tx_rede_equipamento":"Sem descrição","cd_identificador_tipo_equipamento":5,"nm_tipo_equipamento":"Museu","tx_tipo_equipamento":"Museus","cd_identificador_classe_equipamento":3,"nm_classe_equipamento":"MUSEUS","tx_classe_equipamento":"MUSEUS","cd_identificador_esfera_administrativa_equipamento":1,"nm_esfera_administrativa_equipamento":"Municipal","tx_esfera_administrativa_equipamento":"Entidade mantenedora: PMSP","cd_equipamento":null,"nm_equipamento":"OCA - Pavilhão Lucas Nogueira Garcez (fechado temporariamente)","tx_endereco_equipamento":"Av. Pedro Álvares Cabral, s/n","nm_bairro_equipamento":"","cd_cep_equipamento":"4094050","tx_horario_funcionamento":null,"tx_numero_telefone":null,"cd_equipamento_base_origem":null}},{"type":"Feature","id":"equipamento_cultura_museus_v3.40236","geometry":{"type":"Point","coordinates":[330637.2472,7390665.6377]},"geometry_name":"ge_ponto","properties":{"cd_identificador":40236,"cd_identificador_tema_equipamento":3,"nm_tema_equipamento":"CULTURA","cd_identificador_rede_equipamento":0,"nm_rede_equipamento":"SEM REDE","tx_rede_equipamento":"Sem descrição","cd_identificador_tipo_equipamento":5,"nm_tipo_equipamento":"Museu","tx_tipo_equipamento":"Museus","cd_identificador_classe_equipamento":3,"nm_classe_equipamento":"MUSEUS","tx_classe_equipamento":"MUSEUS","cd_identificador_esfera_administrativa_equipamento":1,"nm_esfera_administrativa_equipamento":"Municipal","tx_esfera_administrativa_equipamento":"Entidade mantenedora: PMSP","cd_equipamento":null,"nm_equipamento":"Pavilhão das Culturas Brasileiras (fechado temporariamente)","tx_endereco_equipamento":"Av. Pedro Álvares Cabral, s/n","nm_bairro_equipamento":"","cd_cep_equipamento":"04094-000","tx_horario_funcionamento":null,"tx_numero_telefone":null,"cd_equipamento_base_origem":null}},{"type":"Feature","id":"equipamento_cultura_museus_v3.40237","geometry":{"type":"Point","coordinates":[332738.1647,7395166.8599]},"geometry_name":"ge_ponto","properties":{"cd_identificador":40237,"cd_identificador_tema_equipamento":3,"nm_tema_equipamento":"CULTURA","cd_identificador_rede_equipamento":0,"nm_rede_equipamento":"SEM REDE","tx_rede_equipamento":"Sem descrição","cd_identificador_tipo_equipamento":5,"nm_tipo_equipamento":"Museu","tx_tipo_equipamento":"Museus","cd_identificador_classe_equipamento":3,"nm_classe_equipamento":"MUSEUS","tx_classe_equipamento":"MUSEUS","cd_identificador_esfera_administrativa_equipamento":1,"nm_esfera_administrativa_equipamento":"Municipal","tx_esfera_administrativa_equipamento":"Entidade mantenedora: PMSP","cd_equipamento":null,"nm_equipamento":"Museu do Theatro Municipal de São Paulo","tx_endereco_equipamento":"Praça Ramos de Azevedo, s/n","nm_bairro_equipamento":"","cd_cep_equipamento":"01049-010","tx_horario_funcionamento":null,"tx_numero_telefone":null,"cd_equipamento_base_origem":null}},{"type":"Feature","id":"equipamento_cultura_museus_v3.40238","geometry":{"type":"Point","coordinates":[335673.0308,7391420.532]},"geometry_name":"ge_ponto","properties":{"cd_identificador":40238,"cd_identificador_tema_equipamento":3,"nm_tema_equipamento":"CULTURA","cd_identificador_rede_equipamento":0,"nm_rede_equipamento":"SEM REDE","tx_rede_equipamento":"Sem descrição","cd_identificador_tipo_equipamento":5,"nm_tipo_equipamento":"Museu","tx_tipo_equipamento":"Museus","cd_identificador_classe_equipamento":3,"nm_classe_equipamento":"MUSEUS","tx_classe_equipamento":"MUSEUS","cd_identificador_esfera_administrativa_equipamento":1,"nm_esfera_administrativa_equipamento":"Municipal","tx_esfera_administrativa_equipamento":"Entidade mantenedora: PMSP","cd_equipamento":null,"nm_equipamento":"Museu da Cidade de São Paulo - Monumento à Independência/Capela Imperial (fechado temporariamente)","tx_endereco_equipamento":"Pça. do Monumento, s/n","nm_bairro_equipamento":"","cd_cep_equipamento":"04299-000","tx_horario_funcionamento":null,"tx_numero_telefone":"(11) 2273-4981","cd_equipamento_base_origem":null}},{"type":"Feature","id":"equipamento_cultura_museus_v3.40239","geometry":{"type":"Point","coordinates":[335739.7059,7391229.8092]},"geometry_name":"ge_ponto","properties":{"cd_identificador":40239,"cd_identificador_tema_equipamento":3,"nm_tema_equipamento":"CULTURA","cd_identificador_rede_equipamento":0,"nm_rede_equipamento":"SEM REDE","tx_rede_equipamento":"Sem descrição","cd_identificador_tipo_equipamento":5,"nm_tipo_equipamento":"Museu","tx_tipo_equipamento":"Museus","cd_identificador_classe_equipamento":3,"nm_classe_equipamento":"MUSEUS","tx_classe_equipamento":"MUSEUS","cd_identificador_esfera_administrativa_equipamento":1,"nm_esfera_administrativa_equipamento":"Municipal","tx_esfera_administrativa_equipamento":"Entidade mantenedora: PMSP","cd_equipamento":null,"nm_equipamento":"Museu da Cidade de São Paulo - Casa do Grito","tx_endereco_equipamento":"Pça. do Monumento, s/n","nm_bairro_equipamento":"","cd_cep_equipamento":"01017-020","tx_horario_funcionamento":null,"tx_numero_telefone":null,"cd_equipamento_base_origem":null}},{"type":"Feature","id":"equipamento_cultura_museus_v3.40240","geometry":{"type":"Point","coordinates":[324377.9421,7390761.8546]},"geometry_name":"ge_ponto","properties":{"cd_identificador":40240,"cd_identificador_tema_equipamento":3,"nm_tema_equipamento":"CULTURA","cd_identificador_rede_equipamento":0,"nm_rede_equipamento":"SEM REDE","tx_rede_equipamento":"Sem descrição","cd_identificador_tipo_equipamento":5,"nm_tipo_equipamento":"Museu","tx_tipo_equipamento":"Museus","cd_identificador_classe_equipamento":3,"nm_classe_equipamento":"MUSEUS","tx_classe_equipamento":"MUSEUS","cd_identificador_esfera_administrativa_equipamento":1,"nm_esfera_administrativa_equipamento":"Municipal","tx_esfera_administrativa_equipamento":"Entidade mantenedora: PMSP","cd_equipamento":null,"nm_equipamento":"Museu da Cidade de São Paulo - Casa do Sertanista","tx_endereco_equipamento":"Pça. Dr. Ennio Barbato, s/n","nm_bairro_equipamento":"","cd_cep_equipamento":"01017-020","tx_horario_funcionamento":null,"tx_numero_telefone":"(11) 3726-6348","cd_equipamento_base_origem":null}},{"type":"Feature","id":"equipamento_cultura_museus_v3.40241","geometry":{"type":"Point","coordinates":[333388.2676,7394816.1969]},"geometry_name":"ge_ponto","properties":{"cd_identificador":40241,"cd_identificador_tema_equipamento":3,"nm_tema_equipamento":"CULTURA","cd_identificador_rede_equipamento":0,"nm_rede_equipamento":"SEM REDE","tx_rede_equipamento":"Sem descrição","cd_identificador_tipo_equipamento":5,"nm_tipo_equipamento":"Museu","tx_tipo_equipamento":"Museus","cd_identificador_classe_equipamento":3,"nm_classe_equipamento":"MUSEUS","tx_classe_equipamento":"MUSEUS","cd_identificador_esfera_administrativa_equipamento":1,"nm_esfera_administrativa_equipamento":"Municipal","tx_esfera_administrativa_equipamento":"Entidade mantenedora: PMSP","cd_equipamento":null,"nm_equipamento":"Museu da Cidade de São Paulo - Beco do Pinto","tx_endereco_equipamento":"Rua Roberto Simonsen, s/n","nm_bairro_equipamento":"","cd_cep_equipamento":"01017-020","tx_horario_funcionamento":null,"tx_numero_telefone":null,"cd_equipamento_base_origem":null}},{"type":"Feature","id":"equipamento_cultura_museus_v3.40242","geometry":{"type":"Point","coordinates":[333112.0002,7389690.3719]},"geometry_name":"ge_ponto","properties":{"cd_identificador":40242,"cd_identificador_tema_equipamento":3,"nm_tema_equipamento":"CULTURA","cd_identificador_rede_equipamento":0,"nm_rede_equipamento":"SEM REDE","tx_rede_equipamento":"Sem descrição","cd_identificador_tipo_equipamento":5,"nm_tipo_equipamento":"Museu","tx_tipo_equipamento":"Museus","cd_identificador_classe_equipamento":3,"nm_classe_equipamento":"MUSEUS","tx_classe_equipamento":"MUSEUS","cd_identificador_esfera_administrativa_equipamento":3,"nm_esfera_administrativa_equipamento":"Federal","tx_esfera_administrativa_equipamento":"Entidade mantenedora: União","cd_equipamento":null,"nm_equipamento":"Museu Lasar Segall","tx_endereco_equipamento":"Rua Berta, 111","nm_bairro_equipamento":"","cd_cep_equipamento":"04120-040","tx_horario_funcionamento":null,"tx_numero_telefone":"(11) 2159-0400 / (11) 2159-0425","cd_equipamento_base_origem":null}},{"type":"Feature","id":"equipamento_cultura_museus_v3.40243","geometry":{"type":"Point","coordinates":[332705.8142,7396321.1738]},"geometry_name":"ge_ponto","properties":{"cd_identificador":40243,"cd_identificador_tema_equipamento":3,"nm_tema_equipamento":"CULTURA","cd_identificador_rede_equipamento":0,"nm_rede_equipamento":"SEM REDE","tx_rede_equipamento":"Sem descrição","cd_identificador_tipo_equipamento":5,"nm_tipo_equipamento":"Museu","tx_tipo_equipamento":"Museus","cd_identificador_classe_equipamento":3,"nm_classe_equipamento":"MUSEUS","tx_classe_equipamento":"MUSEUS","cd_identificador_esfera_administrativa_equipamento":4,"nm_esfera_administrativa_equipamento":"Particular","tx_esfera_administrativa_equipamento":"Entidade mantenedora: particular","cd_equipamento":null,"nm_equipamento":"Fundação José e Paulina Nemirovsky","tx_endereco_equipamento":"Largo General Osório, s/n","nm_bairro_equipamento":"","cd_cep_equipamento":"01213-010","tx_horario_funcionamento":null,"tx_numero_telefone":"(11) 3255-4990","cd_equipamento_base_origem":null}},{"type":"Feature","id":"equipamento_cultura_museus_v3.40244","geometry":{"type":"Point","coordinates":[320649.3863,7404753.6009]},"geometry_name":"ge_ponto","properties":{"cd_identificador":40244,"cd_identificador_tema_equipamento":3,"nm_tema_equipamento":"CULTURA","cd_identificador_rede_equipamento":0,"nm_rede_equipamento":"SEM REDE","tx_rede_equipamento":"Sem descrição","cd_identificador_tipo_equipamento":5,"nm_tipo_equipamento":"Museu","tx_tipo_equipamento":"Museus","cd_identificador_classe_equipamento":3,"nm_classe_equipamento":"MUSEUS","tx_classe_equipamento":"MUSEUS","cd_identificador_esfera_administrativa_equipamento":2,"nm_esfera_administrativa_equipamento":"Estadual","tx_esfera_administrativa_equipamento":"Entidade mantenedora: governo do estado","cd_equipamento":null,"nm_equipamento":"Parque Estadual do Jaraguá","tx_endereco_equipamento":"Rua Antônio Cardoso Nogueira, 539","nm_bairro_equipamento":"","cd_cep_equipamento":"05184-000","tx_horario_funcionamento":null,"tx_numero_telefone":"(11) 3941-2162 3943 5222","cd_equipamento_base_origem":null}},{"type":"Feature","id":"equipamento_cultura_museus_v3.40245","geometry":{"type":"Point","coordinates":[331762.6098,7399478.9286]},"geometry_name":"ge_ponto","properties":{"cd_identificador":40245,"cd_identificador_tema_equipamento":3,"nm_tema_equipamento":"CULTURA","cd_identificador_rede_equipamento":0,"nm_rede_equipamento":"SEM REDE","tx_rede_equipamento":"Sem descrição","cd_identificador_tipo_equipamento":5,"nm_tipo_equipamento":"Museu","tx_tipo_equipamento":"Museus","cd_identificador_classe_equipamento":3,"nm_classe_equipamento":"MUSEUS","tx_classe_equipamento":"MUSEUS","cd_identificador_esfera_administrativa_equipamento":1,"nm_esfera_administrativa_equipamento":"Municipal","tx_esfera_administrativa_equipamento":"Entidade mantenedora: PMSP","cd_equipamento":null,"nm_equipamento":"Museu da Cidade de São Paulo - Sítio Morrinhos","tx_endereco_equipamento":"Rua Santo Anselmo, 102","nm_bairro_equipamento":"","cd_cep_equipamento":"02525-080","tx_horario_funcionamento":null,"tx_numero_telefone":"(11) 6236","cd_equipamento_base_origem":null}},{"type":"Feature","id":"equipamento_cultura_museus_v3.40246","geometry":{"type":"Point","coordinates":[333144.1441,7404321.6486]},"geometry_name":"ge_ponto","properties":{"cd_identificador":40246,"cd_identificador_tema_equipamento":3,"nm_tema_equipamento":"CULTURA","cd_identificador_rede_equipamento":0,"nm_rede_equipamento":"SEM REDE","tx_rede_equipamento":"Sem descrição","cd_identificador_tipo_equipamento":5,"nm_tipo_equipamento":"Museu","tx_tipo_equipamento":"Museus","cd_identificador_classe_equipamento":3,"nm_classe_equipamento":"MUSEUS","tx_classe_equipamento":"MUSEUS","cd_identificador_esfera_administrativa_equipamento":2,"nm_esfera_administrativa_equipamento":"Estadual","tx_esfera_administrativa_equipamento":"Entidade mantenedora: governo do estado","cd_equipamento":null,"nm_equipamento":"Parque Estadual Alberto Löfgren","tx_endereco_equipamento":"Rua do Horto, 931","nm_bairro_equipamento":"","cd_cep_equipamento":"02377-000","tx_horario_funcionamento":null,"tx_numero_telefone":"(11) 2232-3117 / (11) 2231-8555 2056","cd_equipamento_base_origem":null}},{"type":"Feature","id":"equipamento_cultura_museus_v3.40247","geometry":{"type":"Point","coordinates":[330504.8959,7395642.853]},"geometry_name":"ge_ponto","properties":{"cd_identificador":40247,"cd_identificador_tema_equipamento":3,"nm_tema_equipamento":"CULTURA","cd_identificador_rede_equipamento":0,"nm_rede_equipamento":"SEM REDE","tx_rede_equipamento":"Sem descrição","cd_identificador_tipo_equipamento":5,"nm_tipo_equipamento":"Museu","tx_tipo_equipamento":"Museus","cd_identificador_classe_equipamento":3,"nm_classe_equipamento":"MUSEUS","tx_classe_equipamento":"MUSEUS","cd_identificador_esfera_administrativa_equipamento":4,"nm_esfera_administrativa_equipamento":"Particular","tx_esfera_administrativa_equipamento":"Entidade mantenedora: particular","cd_equipamento":null,"nm_equipamento":"Museu Armando de Arruda Pereira","tx_endereco_equipamento":"Avenida Higienópolis - Edifício Rotary, 996","nm_bairro_equipamento":"","cd_cep_equipamento":"01238-910","tx_horario_funcionamento":null,"tx_numero_telefone":"(11) 3829-29593829-2938","cd_equipamento_base_origem":null}},{"type":"Feature","id":"equipamento_cultura_museus_v3.40248","geometry":{"type":"Point","coordinates":[327044.3479,7393315.8849]},"geometry_name":"ge_ponto","properties":{"cd_identificador":40248,"cd_identificador_tema_equipamento":3,"nm_tema_equipamento":"CULTURA","cd_identificador_rede_equipamento":0,"nm_rede_equipamento":"SEM REDE","tx_rede_equipamento":"Sem descrição","cd_identificador_tipo_equipamento":5,"nm_tipo_equipamento":"Museu","tx_tipo_equipamento":"Museus","cd_identificador_classe_equipamento":3,"nm_classe_equipamento":"MUSEUS","tx_classe_equipamento":"MUSEUS","cd_identificador_esfera_administrativa_equipamento":4,"nm_esfera_administrativa_equipamento":"Particular","tx_esfera_administrativa_equipamento":"Entidade mantenedora: particular","cd_equipamento":null,"nm_equipamento":"Instituto Tomie Ohtake","tx_endereco_equipamento":"Rua dos Coropé, 88","nm_bairro_equipamento":"","cd_cep_equipamento":"05426-010","tx_horario_funcionamento":null,"tx_numero_telefone":"(11) 2245-1900 / (11) 2245-1909 / (11) 99981-2715","cd_equipamento_base_origem":null}},{"type":"Feature","id":"equipamento_cultura_museus_v3.40249","geometry":{"type":"Point","coordinates":[333057.2181,7389475.2084]},"geometry_name":"ge_ponto","properties":{"cd_identificador":40249,"cd_identificador_tema_equipamento":3,"nm_tema_equipamento":"CULTURA","cd_identificador_rede_equipamento":0,"nm_rede_equipamento":"SEM REDE","tx_rede_equipamento":"Sem descrição","cd_identificador_tipo_equipamento":5,"nm_tipo_equipamento":"Museu","tx_tipo_equipamento":"Museus","cd_identificador_classe_equipamento":3,"nm_classe_equipamento":"MUSEUS","tx_classe_equipamento":"MUSEUS","cd_identificador_esfera_administrativa_equipamento":2,"nm_esfera_administrativa_equipamento":"Estadual","tx_esfera_administrativa_equipamento":"Entidade mantenedora: governo do estado","cd_equipamento":null,"nm_equipamento":"Centro de Memória do Corpo de Bombeiros da Polícia Militar do Estado de São Paulo","tx_endereco_equipamento":"Rua Domingos de Morais, 2329","nm_bairro_equipamento":"","cd_cep_equipamento":"04035-000","tx_horario_funcionamento":null,"tx_numero_telefone":"(11) 3396-2596 / (11) 99694-5594","cd_equipamento_base_origem":null}},{"type":"Feature","id":"equipamento_cultura_museus_v3.40250","geometry":{"type":"Point","coordinates":[344674.1479,7401010.9626]},"geometry_name":"ge_ponto","properties":{"cd_identificador":40250,"cd_identificador_tema_equipamento":3,"nm_tema_equipamento":"CULTURA","cd_identificador_rede_equipamento":0,"nm_rede_equipamento":"SEM REDE","tx_rede_equipamento":"Sem descrição","cd_identificador_tipo_equipamento":5,"nm_tipo_equipamento":"Museu","tx_tipo_equipamento":"Museus","cd_identificador_classe_equipamento":3,"nm_classe_equipamento":"MUSEUS","tx_classe_equipamento":"MUSEUS","cd_identificador_esfera_administrativa_equipamento":2,"nm_esfera_administrativa_equipamento":"Estadual","tx_esfera_administrativa_equipamento":"Entidade mantenedora: governo do estado","cd_equipamento":null,"nm_equipamento":"Museu do Rio Tietê","tx_endereco_equipamento":"Rua Guira Acangatara, 70","nm_bairro_equipamento":"","cd_cep_equipamento":"03719-000","tx_horario_funcionamento":null,"tx_numero_telefone":"(11) 2958-1477 - Ramais 230 e 218","cd_equipamento_base_origem":null}},{"type":"Feature","id":"equipamento_cultura_museus_v3.40251","geometry":{"type":"Point","coordinates":[335748.4978,7390747.4484]},"geometry_name":"ge_ponto","properties":{"cd_identificador":40251,"cd_identificador_tema_equipamento":3,"nm_tema_equipamento":"CULTURA","cd_identificador_rede_equipamento":0,"nm_rede_equipamento":"SEM REDE","tx_rede_equipamento":"Sem descrição","cd_identificador_tipo_equipamento":5,"nm_tipo_equipamento":"Museu","tx_tipo_equipamento":"Museus","cd_identificador_classe_equipamento":3,"nm_classe_equipamento":"MUSEUS","tx_classe_equipamento":"MUSEUS","cd_identificador_esfera_administrativa_equipamento":2,"nm_esfera_administrativa_equipamento":"Estadual","tx_esfera_administrativa_equipamento":"Entidade mantenedora: governo do estado","cd_equipamento":null,"nm_equipamento":"Museu Paulista da Universidade de São Paulo - Museu do Ipiranga","tx_endereco_equipamento":"Parque da Independência, s/n","nm_bairro_equipamento":"","cd_cep_equipamento":"04218-970","tx_horario_funcionamento":null,"tx_numero_telefone":"(11) 2065-8000 / (11) 2065-8053 / (11) 2065-8012","cd_equipamento_base_origem":null}},{"type":"Feature","id":"equipamento_cultura_museus_v3.40252","geometry":{"type":"Point","coordinates":[332206.638,7396749.4535]},"geometry_name":"ge_ponto","properties":{"cd_identificador":40252,"cd_identificador_tema_equipamento":3,"nm_tema_equipamento":"CULTURA","cd_identificador_rede_equipamento":0,"nm_rede_equipamento":"SEM REDE","tx_rede_equipamento":"Sem descrição","cd_identificador_tipo_equipamento":5,"nm_tipo_equipamento":"Museu","tx_tipo_equipamento":"Museus","cd_identificador_classe_equipamento":3,"nm_classe_equipamento":"MUSEUS","tx_classe_equipamento":"MUSEUS","cd_identificador_esfera_administrativa_equipamento":4,"nm_esfera_administrativa_equipamento":"Particular","tx_esfera_administrativa_equipamento":"Entidade mantenedora: particular","cd_equipamento":null,"nm_equipamento":"Museu da Energia de São Paulo","tx_endereco_equipamento":"Alameda Nothmann, 184","nm_bairro_equipamento":"","cd_cep_equipamento":"01218-000","tx_horario_funcionamento":null,"tx_numero_telefone":"(11) 3224-1489 / (11) 3333-5600 - Ramal 211 / Educativo Ramal 230","cd_equipamento_base_origem":null}},{"type":"Feature","id":"equipamento_cultura_museus_v3.40253","geometry":{"type":"Point","coordinates":[340321.6,7396593.4]},"geometry_name":"ge_ponto","properties":{"cd_identificador":40253,"cd_identificador_tema_equipamento":3,"nm_tema_equipamento":"CULTURA","cd_identificador_rede_equipamento":0,"nm_rede_equipamento":"SEM REDE","tx_rede_equipamento":"Sem descrição","cd_identificador_tipo_equipamento":5,"nm_tipo_equipamento":"Museu","tx_tipo_equipamento":"Museus","cd_identificador_classe_equipamento":3,"nm_classe_equipamento":"MUSEUS","tx_classe_equipamento":"MUSEUS","cd_identificador_esfera_administrativa_equipamento":4,"nm_esfera_administrativa_equipamento":"Particular","tx_esfera_administrativa_equipamento":"Entidade mantenedora: particular","cd_equipamento":null,"nm_equipamento":"Memorial Sport Club Corinthians Paulista","tx_endereco_equipamento":"Rua São Jorge, 777","nm_bairro_equipamento":"","cd_cep_equipamento":"03087-000","tx_horario_funcionamento":null,"tx_numero_telefone":"(11) 2095-3000 / (11) 3152-4099 / (11) 6195-3000 6195 3001","cd_equipamento_base_origem":null}},{"type":"Feature","id":"equipamento_cultura_museus_v3.40254","geometry":{"type":"Point","coordinates":[329608.3266,7393909.2206]},"geometry_name":"ge_ponto","properties":{"cd_identificador":40254,"cd_identificador_tema_equipamento":3,"nm_tema_equipamento":"CULTURA","cd_identificador_rede_equipamento":0,"nm_rede_equipamento":"SEM REDE","tx_rede_equipamento":"Sem descrição","cd_identificador_tipo_equipamento":5,"nm_tipo_equipamento":"Museu","tx_tipo_equipamento":"Museus","cd_identificador_classe_equipamento":3,"nm_classe_equipamento":"MUSEUS","tx_classe_equipamento":"MUSEUS","cd_identificador_esfera_administrativa_equipamento":2,"nm_esfera_administrativa_equipamento":"Estadual","tx_esfera_administrativa_equipamento":"Entidade mantenedora: governo do estado","cd_equipamento":null,"nm_equipamento":"Museu do Instituto Adolfo Lutz","tx_endereco_equipamento":"Avenida Doutor Arnaldo, 355","nm_bairro_equipamento":"","cd_cep_equipamento":"01246-902","tx_horario_funcionamento":null,"tx_numero_telefone":"(11) 3068-2854","cd_equipamento_base_origem":null}},{"type":"Feature","id":"equipamento_cultura_museus_v3.40255","geometry":{"type":"Point","coordinates":[333560.469,7396812.4262]},"geometry_name":"ge_ponto","properties":{"cd_identificador":40255,"cd_identificador_tema_equipamento":3,"nm_tema_equipamento":"CULTURA","cd_identificador_rede_equipamento":0,"nm_rede_equipamento":"SEM REDE","tx_rede_equipamento":"Sem descrição","cd_identificador_tipo_equipamento":5,"nm_tipo_equipamento":"Museu","tx_tipo_equipamento":"Museus","cd_identificador_classe_equipamento":3,"nm_classe_equipamento":"MUSEUS","tx_classe_equipamento":"MUSEUS","cd_identificador_esfera_administrativa_equipamento":2,"nm_esfera_administrativa_equipamento":"Estadual","tx_esfera_administrativa_equipamento":"Entidade mantenedora: governo do estado","cd_equipamento":null,"nm_equipamento":"Museu de Arte Sacra de São Paulo - MAS","tx_endereco_equipamento":"Avenida Tiradentes, 676","nm_bairro_equipamento":"","cd_cep_equipamento":"1120010","tx_horario_funcionamento":null,"tx_numero_telefone":"(11) 5627-5393 / 3814 3382","cd_equipamento_base_origem":null}},{"type":"Feature","id":"equipamento_cultura_museus_v3.40256","geometry":{"type":"Point","coordinates":[329783.2507,7397678.2827]},"geometry_name":"ge_ponto","properties":{"cd_identificador":40256,"cd_identificador_tema_equipamento":3,"nm_tema_equipamento":"CULTURA","cd_identificador_rede_equipamento":0,"nm_rede_equipamento":"SEM REDE","tx_rede_equipamento":"Sem descrição","cd_identificador_tipo_equipamento":5,"nm_tipo_equipamento":"Museu","tx_tipo_equipamento":"Museus","cd_identificador_classe_equipamento":3,"nm_classe_equipamento":"MUSEUS","tx_classe_equipamento":"MUSEUS","cd_identificador_esfera_administrativa_equipamento":4,"nm_esfera_administrativa_equipamento":"Particular","tx_esfera_administrativa_equipamento":"Entidade mantenedora: particular","cd_equipamento":null,"nm_equipamento":"Museu Paulo Machado de Carvalho - Museu do Futebol","tx_endereco_equipamento":"Rua Federação Paulista de Futebol, 55","nm_bairro_equipamento":"","cd_cep_equipamento":"01141-040","tx_horario_funcionamento":null,"tx_numero_telefone":"(11) 2189-7000 - Ramal 203","cd_equipamento_base_origem":null}},{"type":"Feature","id":"equipamento_cultura_museus_v3.40257","geometry":{"type":"Point","coordinates":[333121.9347,7393415.3849]},"geometry_name":"ge_ponto","properties":{"cd_identificador":40257,"cd_identificador_tema_equipamento":3,"nm_tema_equipamento":"CULTURA","cd_identificador_rede_equipamento":0,"nm_rede_equipamento":"SEM REDE","tx_rede_equipamento":"Sem descrição","cd_identificador_tipo_equipamento":5,"nm_tipo_equipamento":"Museu","tx_tipo_equipamento":"Museus","cd_identificador_classe_equipamento":3,"nm_classe_equipamento":"MUSEUS","tx_classe_equipamento":"MUSEUS","cd_identificador_esfera_administrativa_equipamento":4,"nm_esfera_administrativa_equipamento":"Particular","tx_esfera_administrativa_equipamento":"Entidade mantenedora: particular","cd_equipamento":null,"nm_equipamento":"Museu Histórico da Imigração Japonesa no Brasil","tx_endereco_equipamento":"Rua São Joaquim, 381","nm_bairro_equipamento":"","cd_cep_equipamento":"01508-900","tx_horario_funcionamento":null,"tx_numero_telefone":"(11) 3209-5465 / (11) 3208-1755","cd_equipamento_base_origem":null}},{"type":"Feature","id":"equipamento_cultura_museus_v3.40258","geometry":{"type":"Point","coordinates":[323665.3,7388550.9]},"geometry_name":"ge_ponto","properties":{"cd_identificador":40258,"cd_identificador_tema_equipamento":3,"nm_tema_equipamento":"CULTURA","cd_identificador_rede_equipamento":0,"nm_rede_equipamento":"SEM REDE","tx_rede_equipamento":"Sem descrição","cd_identificador_tipo_equipamento":5,"nm_tipo_equipamento":"Museu","tx_tipo_equipamento":"Museus","cd_identificador_classe_equipamento":3,"nm_classe_equipamento":"MUSEUS","tx_classe_equipamento":"MUSEUS","cd_identificador_esfera_administrativa_equipamento":4,"nm_esfera_administrativa_equipamento":"Particular","tx_esfera_administrativa_equipamento":"Entidade mantenedora: particular","cd_equipamento":null,"nm_equipamento":"Museu Abadia São Geraldo","tx_endereco_equipamento":"Rua Santo Américo, 357","nm_bairro_equipamento":"","cd_cep_equipamento":"05629-020","tx_horario_funcionamento":null,"tx_numero_telefone":"(11) 4084-1918 / (11) 4084-1888","cd_equipamento_base_origem":null}},{"type":"Feature","id":"equipamento_cultura_museus_v3.40259","geometry":{"type":"Point","coordinates":[326215.9567,7395627.5274]},"geometry_name":"ge_ponto","properties":{"cd_identificador":40259,"cd_identificador_tema_equipamento":3,"nm_tema_equipamento":"CULTURA","cd_identificador_rede_equipamento":0,"nm_rede_equipamento":"SEM REDE","tx_rede_equipamento":"Sem descrição","cd_identificador_tipo_equipamento":5,"nm_tipo_equipamento":"Museu","tx_tipo_equipamento":"Museus","cd_identificador_classe_equipamento":3,"nm_classe_equipamento":"MUSEUS","tx_classe_equipamento":"MUSEUS","cd_identificador_esfera_administrativa_equipamento":4,"nm_esfera_administrativa_equipamento":"Particular","tx_esfera_administrativa_equipamento":"Entidade mantenedora: particular","cd_equipamento":null,"nm_equipamento":"Centro de Referência Paulo Freire","tx_endereco_equipamento":"Rua Cerro Corá, 550","nm_bairro_equipamento":"","cd_cep_equipamento":"05061-100","tx_horario_funcionamento":null,"tx_numero_telefone":"(11) 3021-5536","cd_equipamento_base_origem":null}},{"type":"Feature","id":"equipamento_cultura_museus_v3.40260","geometry":{"type":"Point","coordinates":[330854.734,7384906.6631]},"geometry_name":"ge_ponto","properties":{"cd_identificador":40260,"cd_identificador_tema_equipamento":3,"nm_tema_equipamento":"CULTURA","cd_identificador_rede_equipamento":0,"nm_rede_equipamento":"SEM REDE","tx_rede_equipamento":"Sem descrição","cd_identificador_tipo_equipamento":5,"nm_tipo_equipamento":"Museu","tx_tipo_equipamento":"Museus","cd_identificador_classe_equipamento":3,"nm_classe_equipamento":"MUSEUS","tx_classe_equipamento":"MUSEUS","cd_identificador_esfera_administrativa_equipamento":4,"nm_esfera_administrativa_equipamento":"Particular","tx_esfera_administrativa_equipamento":"Entidade mantenedora: particular","cd_equipamento":null,"nm_equipamento":"Museu da Lâmpada","tx_endereco_equipamento":"Avenida João Pedro Cardoso, 574","nm_bairro_equipamento":"","cd_cep_equipamento":"04355-001","tx_horario_funcionamento":null,"tx_numero_telefone":"(11) 2898-9358 / (11) 2898-9358 2898 9333","cd_equipamento_base_origem":null}},{"type":"Feature","id":"equipamento_cultura_museus_v3.40261","geometry":{"type":"Point","coordinates":[332033.6,7394541.3]},"geometry_name":"ge_ponto","properties":{"cd_identificador":40261,"cd_identificador_tema_equipamento":3,"nm_tema_equipamento":"CULTURA","cd_identificador_rede_equipamento":0,"nm_rede_equipamento":"SEM REDE","tx_rede_equipamento":"Sem descrição","cd_identificador_tipo_equipamento":5,"nm_tipo_equipamento":"Museu","tx_tipo_equipamento":"Museus","cd_identificador_classe_equipamento":3,"nm_classe_equipamento":"MUSEUS","tx_classe_equipamento":"MUSEUS","cd_identificador_esfera_administrativa_equipamento":4,"nm_esfera_administrativa_equipamento":"Particular","tx_esfera_administrativa_equipamento":"Entidade mantenedora: particular","cd_equipamento":null,"nm_equipamento":"Museu Judaico de São Paulo (MUJ)","tx_endereco_equipamento":"Rua Martinho Prado, 128","nm_bairro_equipamento":"","cd_cep_equipamento":"01306-040","tx_horario_funcionamento":null,"tx_numero_telefone":"(11) 3258-1396 / (11) 3258-1396 - Ramal 315 Educação e Participação / (11) 2075-3203 CDM / (11) 3088","cd_equipamento_base_origem":null}},{"type":"Feature","id":"equipamento_cultura_museus_v3.40262","geometry":{"type":"Point","coordinates":[339904.1,7413634]},"geometry_name":"ge_ponto","properties":{"cd_identificador":40262,"cd_identificador_tema_equipamento":3,"nm_tema_equipamento":"CULTURA","cd_identificador_rede_equipamento":0,"nm_rede_equipamento":"SEM REDE","tx_rede_equipamento":"Sem descrição","cd_identificador_tipo_equipamento":5,"nm_tipo_equipamento":"Museu","tx_tipo_equipamento":"Museus","cd_identificador_classe_equipamento":3,"nm_classe_equipamento":"MUSEUS","tx_classe_equipamento":"MUSEUS","cd_identificador_esfera_administrativa_equipamento":2,"nm_esfera_administrativa_equipamento":"Estadual","tx_esfera_administrativa_equipamento":"Entidade mantenedora: governo do estado","cd_equipamento":null,"nm_equipamento":"Parque Estadual da Serra da Cantareira - Núcleo Engordador","tx_endereco_equipamento":"Avenida Coronel Sezefredo Fagundes, 19100","nm_bairro_equipamento":"","cd_cep_equipamento":"02368-000","tx_horario_funcionamento":null,"tx_numero_telefone":"(11) 2995-3254 / 2995 3254","cd_equipamento_base_origem":null}},{"type":"Feature","id":"equipamento_cultura_museus_v3.40263","geometry":{"type":"Point","coordinates":[325418.0499,7388621.9247]},"geometry_name":"ge_ponto","properties":{"cd_identificador":40263,"cd_identificador_tema_equipamento":3,"nm_tema_equipamento":"CULTURA","cd_identificador_rede_equipamento":0,"nm_rede_equipamento":"SEM REDE","tx_rede_equipamento":"Sem descrição","cd_identificador_tipo_equipamento":5,"nm_tipo_equipamento":"Museu","tx_tipo_equipamento":"Museus","cd_identificador_classe_equipamento":3,"nm_classe_equipamento":"MUSEUS","tx_classe_equipamento":"MUSEUS","cd_identificador_esfera_administrativa_equipamento":4,"nm_esfera_administrativa_equipamento":"Particular","tx_esfera_administrativa_equipamento":"Entidade mantenedora: particular","cd_equipamento":null,"nm_equipamento":"Fundação Maria Luisa e Oscar Americano","tx_endereco_equipamento":"Avenida Morumbi, 4077","nm_bairro_equipamento":"","cd_cep_equipamento":"05650-000","tx_horario_funcionamento":null,"tx_numero_telefone":"(11) 3742-0077 / (11) 3746-6941","cd_equipamento_base_origem":null}},{"type":"Feature","id":"equipamento_cultura_museus_v3.40264","geometry":{"type":"Point","coordinates":[332910.6438,7394625.0901]},"geometry_name":"ge_ponto","properties":{"cd_identificador":40264,"cd_identificador_tema_equipamento":3,"nm_tema_equipamento":"CULTURA","cd_identificador_rede_equipamento":0,"nm_rede_equipamento":"SEM REDE","tx_rede_equipamento":"Sem descrição","cd_identificador_tipo_equipamento":5,"nm_tipo_equipamento":"Museu","tx_tipo_equipamento":"Museus","cd_identificador_classe_equipamento":3,"nm_classe_equipamento":"MUSEUS","tx_classe_equipamento":"MUSEUS","cd_identificador_esfera_administrativa_equipamento":2,"nm_esfera_administrativa_equipamento":"Estadual","tx_esfera_administrativa_equipamento":"Entidade mantenedora: governo do estado","cd_equipamento":null,"nm_equipamento":"Museu da Faculdade de Direito - Universidade de São Paulo","tx_endereco_equipamento":"Faculdade de Direito - Largo São Francisco, 95","nm_bairro_equipamento":"","cd_cep_equipamento":"01005-010","tx_horario_funcionamento":null,"tx_numero_telefone":"(11) 3111-4037","cd_equipamento_base_origem":null}},{"type":"Feature","id":"equipamento_cultura_museus_v3.40265","geometry":{"type":"Point","coordinates":[349915.5804,7392539.856]},"geometry_name":"ge_ponto","properties":{"cd_identificador":40265,"cd_identificador_tema_equipamento":3,"nm_tema_equipamento":"CULTURA","cd_identificador_rede_equipamento":0,"nm_rede_equipamento":"SEM REDE","tx_rede_equipamento":"Sem descrição","cd_identificador_tipo_equipamento":5,"nm_tipo_equipamento":"Museu","tx_tipo_equipamento":"Museus","cd_identificador_classe_equipamento":3,"nm_classe_equipamento":"MUSEUS","tx_classe_equipamento":"MUSEUS","cd_identificador_esfera_administrativa_equipamento":1,"nm_esfera_administrativa_equipamento":"Municipal","tx_esfera_administrativa_equipamento":"Entidade mantenedora: PMSP","cd_equipamento":null,"nm_equipamento":"Museu do Meio Ambiente - Parque do Carmo","tx_endereco_equipamento":"Avenida Afonso De Sampaio E Sousa, 951","nm_bairro_equipamento":"","cd_cep_equipamento":"08270-001","tx_horario_funcionamento":null,"tx_numero_telefone":"(11) 2749-2272 / (11) 2748-7100","cd_equipamento_base_origem":null}},{"type":"Feature","id":"equipamento_cultura_museus_v3.40266","geometry":{"type":"Point","coordinates":[331869.4676,7393645.6582]},"geometry_name":"ge_ponto","properties":{"cd_identificador":40266,"cd_identificador_tema_equipamento":3,"nm_tema_equipamento":"CULTURA","cd_identificador_rede_equipamento":0,"nm_rede_equipamento":"SEM REDE","tx_rede_equipamento":"Sem descrição","cd_identificador_tipo_equipamento":5,"nm_tipo_equipamento":"Museu","tx_tipo_equipamento":"Museus","cd_identificador_classe_equipamento":3,"nm_classe_equipamento":"MUSEUS","tx_classe_equipamento":"MUSEUS","cd_identificador_esfera_administrativa_equipamento":4,"nm_esfera_administrativa_equipamento":"Particular","tx_esfera_administrativa_equipamento":"Entidade mantenedora: particular","cd_equipamento":null,"nm_equipamento":"Museu dos Óculos Gioconda Giannini","tx_endereco_equipamento":"Rua dos Ingleses, 108","nm_bairro_equipamento":"","cd_cep_equipamento":"01329-000","tx_horario_funcionamento":null,"tx_numero_telefone":"(11) 3149-4000 / 3253 2000","cd_equipamento_base_origem":null}},{"type":"Feature","id":"equipamento_cultura_museus_v3.40267","geometry":{"type":"Point","coordinates":[330163.8822,7397164.0312]},"geometry_name":"ge_ponto","properties":{"cd_identificador":40267,"cd_identificador_tema_equipamento":3,"nm_tema_equipamento":"CULTURA","cd_identificador_rede_equipamento":0,"nm_rede_equipamento":"SEM REDE","tx_rede_equipamento":"Sem descrição","cd_identificador_tipo_equipamento":5,"nm_tipo_equipamento":"Museu","tx_tipo_equipamento":"Museus","cd_identificador_classe_equipamento":3,"nm_classe_equipamento":"MUSEUS","tx_classe_equipamento":"MUSEUS","cd_identificador_esfera_administrativa_equipamento":2,"nm_esfera_administrativa_equipamento":"Estadual","tx_esfera_administrativa_equipamento":"Entidade mantenedora: governo do estado","cd_equipamento":null,"nm_equipamento":"Museu Memorial da Inclusão - Os Caminhos da Pessoa com Deficiência","tx_endereco_equipamento":"Avenida Auro Soares de Moura Andrade, 564","nm_bairro_equipamento":"","cd_cep_equipamento":"01156-001","tx_horario_funcionamento":null,"tx_numero_telefone":"(11) 5212-3700 / (11) 97738-5985 / (11) 5212-3727 / (11) 5212-3717 / (11) 5212-3700","cd_equipamento_base_origem":null}},{"type":"Feature","id":"equipamento_cultura_museus_v3.40268","geometry":{"type":"Point","coordinates":[324779.2117,7392499.1092]},"geometry_name":"ge_ponto","properties":{"cd_identificador":40268,"cd_identificador_tema_equipamento":3,"nm_tema_equipamento":"CULTURA","cd_identificador_rede_equipamento":0,"nm_rede_equipamento":"SEM REDE","tx_rede_equipamento":"Sem descrição","cd_identificador_tipo_equipamento":5,"nm_tipo_equipamento":"Museu","tx_tipo_equipamento":"Museus","cd_identificador_classe_equipamento":3,"nm_classe_equipamento":"MUSEUS","tx_classe_equipamento":"MUSEUS","cd_identificador_esfera_administrativa_equipamento":2,"nm_esfera_administrativa_equipamento":"Estadual","tx_esfera_administrativa_equipamento":"Entidade mantenedora: governo do estado","cd_equipamento":null,"nm_equipamento":"Museu Biológico - Instituto Butantan","tx_endereco_equipamento":"Avenida Vital Brasil, 1500","nm_bairro_equipamento":"","cd_cep_equipamento":"05503-900","tx_horario_funcionamento":null,"tx_numero_telefone":"(11) 2627-9452 / (11) 2627-9534 / (11) 2627-9852 2627 9536","cd_equipamento_base_origem":null}},{"type":"Feature","id":"equipamento_cultura_museus_v3.40269","geometry":{"type":"Point","coordinates":[332001.1,7396477]},"geometry_name":"ge_ponto","properties":{"cd_identificador":40269,"cd_identificador_tema_equipamento":3,"nm_tema_equipamento":"CULTURA","cd_identificador_rede_equipamento":0,"nm_rede_equipamento":"SEM REDE","tx_rede_equipamento":"Sem descrição","cd_identificador_tipo_equipamento":5,"nm_tipo_equipamento":"Museu","tx_tipo_equipamento":"Museus","cd_identificador_classe_equipamento":3,"nm_classe_equipamento":"MUSEUS","tx_classe_equipamento":"MUSEUS","cd_identificador_esfera_administrativa_equipamento":2,"nm_esfera_administrativa_equipamento":"Estadual","tx_esfera_administrativa_equipamento":"Entidade mantenedora: governo do estado","cd_equipamento":null,"nm_equipamento":"Museu das Favelas","tx_endereco_equipamento":"Rua Guaianases, 1024","nm_bairro_equipamento":"","cd_cep_equipamento":"01205-903","tx_horario_funcionamento":null,"tx_numero_telefone":"(11) 4240-3355","cd_equipamento_base_origem":null}},{"type":"Feature","id":"equipamento_cultura_museus_v3.40270","geometry":{"type":"Point","coordinates":[330700.9461,7390891.9065]},"geometry_name":"ge_ponto","properties":{"cd_identificador":40270,"cd_identificador_tema_equipamento":3,"nm_tema_equipamento":"CULTURA","cd_identificador_rede_equipamento":0,"nm_rede_equipamento":"SEM REDE","tx_rede_equipamento":"Sem descrição","cd_identificador_tipo_equipamento":5,"nm_tipo_equipamento":"Museu","tx_tipo_equipamento":"Museus","cd_identificador_classe_equipamento":3,"nm_classe_equipamento":"MUSEUS","tx_classe_equipamento":"MUSEUS","cd_identificador_esfera_administrativa_equipamento":2,"nm_esfera_administrativa_equipamento":"Estadual","tx_esfera_administrativa_equipamento":"Entidade mantenedora: governo do estado","cd_equipamento":null,"nm_equipamento":"Museu Afro Brasil Emanoel Araújo","tx_endereco_equipamento":"Avenida Pedro Álvares Cabral, s/n","nm_bairro_equipamento":"","cd_cep_equipamento":"04094-050","tx_horario_funcionamento":null,"tx_numero_telefone":"(11) 5579-8542 / (11) 3320-8900","cd_equipamento_base_origem":null}},{"type":"Feature","id":"equipamento_cultura_museus_v3.40271","geometry":{"type":"Point","coordinates":[330000.3185,7397074.2874]},"geometry_name":"ge_ponto","properties":{"cd_identificador":40271,"cd_identificador_tema_equipamento":3,"nm_tema_equipamento":"CULTURA","cd_identificador_rede_equipamento":0,"nm_rede_equipamento":"SEM REDE","tx_rede_equipamento":"Sem descrição","cd_identificador_tipo_equipamento":5,"nm_tipo_equipamento":"Museu","tx_tipo_equipamento":"Museus","cd_identificador_classe_equipamento":3,"nm_classe_equipamento":"MUSEUS","tx_classe_equipamento":"MUSEUS","cd_identificador_esfera_administrativa_equipamento":2,"nm_esfera_administrativa_equipamento":"Estadual","tx_esfera_administrativa_equipamento":"Entidade mantenedora: governo do estado","cd_equipamento":null,"nm_equipamento":"Memorial da América Latina","tx_endereco_equipamento":"Av. Mário de Andrade, 664","nm_bairro_equipamento":"","cd_cep_equipamento":"01156-001","tx_horario_funcionamento":null,"tx_numero_telefone":"(11) 3823-4600","cd_equipamento_base_origem":null}},{"type":"Feature","id":"equipamento_cultura_museus_v3.40272","geometry":{"type":"Point","coordinates":[330501.8028,7396758.5299]},"geometry_name":"ge_ponto","properties":{"cd_identificador":40272,"cd_identificador_tema_equipamento":3,"nm_tema_equipamento":"CULTURA","cd_identificador_rede_equipamento":0,"nm_rede_equipamento":"SEM REDE","tx_rede_equipamento":"Sem descrição","cd_identificador_tipo_equipamento":5,"nm_tipo_equipamento":"Museu","tx_tipo_equipamento":"Museus","cd_identificador_classe_equipamento":3,"nm_classe_equipamento":"MUSEUS","tx_classe_equipamento":"MUSEUS","cd_identificador_esfera_administrativa_equipamento":2,"nm_esfera_administrativa_equipamento":"Estadual","tx_esfera_administrativa_equipamento":"Entidade mantenedora: governo do estado","cd_equipamento":null,"nm_equipamento":"Casa Mário de Andrade","tx_endereco_equipamento":"Rua Lopes Chaves, 546","nm_bairro_equipamento":"","cd_cep_equipamento":"01154-010","tx_horario_funcionamento":null,"tx_numero_telefone":"(11) 3666-5803 / 3826 4085","cd_equipamento_base_origem":null}},{"type":"Feature","id":"equipamento_cultura_museus_v3.40273","geometry":{"type":"Point","coordinates":[332849.8,7396422.4]},"geometry_name":"ge_ponto","properties":{"cd_identificador":40273,"cd_identificador_tema_equipamento":3,"nm_tema_equipamento":"CULTURA","cd_identificador_rede_equipamento":0,"nm_rede_equipamento":"SEM REDE","tx_rede_equipamento":"Sem descrição","cd_identificador_tipo_equipamento":5,"nm_tipo_equipamento":"Museu","tx_tipo_equipamento":"Museus","cd_identificador_classe_equipamento":3,"nm_classe_equipamento":"MUSEUS","tx_classe_equipamento":"MUSEUS","cd_identificador_esfera_administrativa_equipamento":2,"nm_esfera_administrativa_equipamento":"Estadual","tx_esfera_administrativa_equipamento":"Entidade mantenedora: governo do estado","cd_equipamento":null,"nm_equipamento":"Pinacoteca de São Paulo (Pinacoteca da Luz)","tx_endereco_equipamento":"Praça da Luz, 2","nm_bairro_equipamento":"","cd_cep_equipamento":"01120-010","tx_horario_funcionamento":null,"tx_numero_telefone":"(11) 3324-1000 / (11) 3335-5886 / (11) 99305-7595","cd_equipamento_base_origem":null}},{"type":"Feature","id":"equipamento_cultura_museus_v3.40274","geometry":{"type":"Point","coordinates":[325284.232,7388902.6056]},"geometry_name":"ge_ponto","properties":{"cd_identificador":40274,"cd_identificador_tema_equipamento":3,"nm_tema_equipamento":"CULTURA","cd_identificador_rede_equipamento":0,"nm_rede_equipamento":"SEM REDE","tx_rede_equipamento":"Sem descrição","cd_identificador_tipo_equipamento":5,"nm_tipo_equipamento":"Museu","tx_tipo_equipamento":"Museus","cd_identificador_classe_equipamento":3,"nm_classe_equipamento":"MUSEUS","tx_classe_equipamento":"MUSEUS","cd_identificador_esfera_administrativa_equipamento":2,"nm_esfera_administrativa_equipamento":"Estadual","tx_esfera_administrativa_equipamento":"Entidade mantenedora: governo do estado","cd_equipamento":null,"nm_equipamento":"Acervo Artístico-Cultural dos Palácios do Governo do Estado de São Paulo - Palácio dos Bandeirantes","tx_endereco_equipamento":"Avenida Morumbi, 4500","nm_bairro_equipamento":"","cd_cep_equipamento":"05650-905","tx_horario_funcionamento":null,"tx_numero_telefone":"(11) 2193-8282 / (11) 2193-8623","cd_equipamento_base_origem":null}},{"type":"Feature","id":"equipamento_cultura_museus_v3.40275","geometry":{"type":"Point","coordinates":[352400.663,7401135.7022]},"geometry_name":"ge_ponto","properties":{"cd_identificador":40275,"cd_identificador_tema_equipamento":3,"nm_tema_equipamento":"CULTURA","cd_identificador_rede_equipamento":0,"nm_rede_equipamento":"SEM REDE","tx_rede_equipamento":"Sem descrição","cd_identificador_tipo_equipamento":5,"nm_tipo_equipamento":"Museu","tx_tipo_equipamento":"Museus","cd_identificador_classe_equipamento":3,"nm_classe_equipamento":"MUSEUS","tx_classe_equipamento":"MUSEUS","cd_identificador_esfera_administrativa_equipamento":4,"nm_esfera_administrativa_equipamento":"Particular","tx_esfera_administrativa_equipamento":"Entidade mantenedora: particular","cd_equipamento":null,"nm_equipamento":"Museu Diocesano Dom Fernando Legal","tx_endereco_equipamento":"Praça Padre Aleixo Monteiro Mafra, 11","nm_bairro_equipamento":"","cd_cep_equipamento":"08011-020","tx_horario_funcionamento":null,"tx_numero_telefone":"(11) 2032-3921 / (11) 97556-1802","cd_equipamento_base_origem":null}},{"type":"Feature","id":"equipamento_cultura_museus_v3.40276","geometry":{"type":"Point","coordinates":[332086.3189,7392289.5537]},"geometry_name":"ge_ponto","properties":{"cd_identificador":40276,"cd_identificador_tema_equipamento":3,"nm_tema_equipamento":"CULTURA","cd_identificador_rede_equipamento":0,"nm_rede_equipamento":"SEM REDE","tx_rede_equipamento":"Sem descrição","cd_identificador_tipo_equipamento":5,"nm_tipo_equipamento":"Museu","tx_tipo_equipamento":"Museus","cd_identificador_classe_equipamento":3,"nm_classe_equipamento":"MUSEUS","tx_classe_equipamento":"MUSEUS","cd_identificador_esfera_administrativa_equipamento":2,"nm_esfera_administrativa_equipamento":"Estadual","tx_esfera_administrativa_equipamento":"Entidade mantenedora: governo do estado","cd_equipamento":null,"nm_equipamento":"Casa das Rosas","tx_endereco_equipamento":"Avenida Paulista, 37","nm_bairro_equipamento":"","cd_cep_equipamento":"01311-902","tx_horario_funcionamento":null,"tx_numero_telefone":"(11) 3285-6986 / (11) 3288-9447 / (11) 97657-5674","cd_equipamento_base_origem":null}},{"type":"Feature","id":"equipamento_cultura_museus_v3.40277","geometry":{"type":"Point","coordinates":[332061.1356,7392475.3559]},"geometry_name":"ge_ponto","properties":{"cd_identificador":40277,"cd_identificador_tema_equipamento":3,"nm_tema_equipamento":"CULTURA","cd_identificador_rede_equipamento":0,"nm_rede_equipamento":"SEM REDE","tx_rede_equipamento":"Sem descrição","cd_identificador_tipo_equipamento":5,"nm_tipo_equipamento":"Museu","tx_tipo_equipamento":"Museus","cd_identificador_classe_equipamento":3,"nm_classe_equipamento":"MUSEUS","tx_classe_equipamento":"MUSEUS","cd_identificador_esfera_administrativa_equipamento":4,"nm_esfera_administrativa_equipamento":"Particular","tx_esfera_administrativa_equipamento":"Entidade mantenedora: particular","cd_equipamento":null,"nm_equipamento":"Acervo Histórico Irmã Beata Heinrich","tx_endereco_equipamento":"Avenida Paulista, 200","nm_bairro_equipamento":"","cd_cep_equipamento":"01310-000","tx_horario_funcionamento":null,"tx_numero_telefone":"(11) 3016-4231","cd_equipamento_base_origem":null}},{"type":"Feature","id":"equipamento_cultura_museus_v3.40278","geometry":{"type":"Point","coordinates":[330510.3629,7390799.3083]},"geometry_name":"ge_ponto","properties":{"cd_identificador":40278,"cd_identificador_tema_equipamento":3,"nm_tema_equipamento":"CULTURA","cd_identificador_rede_equipamento":0,"nm_rede_equipamento":"SEM REDE","tx_rede_equipamento":"Sem descrição","cd_identificador_tipo_equipamento":5,"nm_tipo_equipamento":"Museu","tx_tipo_equipamento":"Museus","cd_identificador_classe_equipamento":3,"nm_classe_equipamento":"MUSEUS","tx_classe_equipamento":"MUSEUS","cd_identificador_esfera_administrativa_equipamento":1,"nm_esfera_administrativa_equipamento":"Municipal","tx_esfera_administrativa_equipamento":"Entidade mantenedora: PMSP","cd_equipamento":null,"nm_equipamento":"Planetário Aristóteles Orsini","tx_endereco_equipamento":"Avenida Pedro Álvares Cabral, s/n","nm_bairro_equipamento":"","cd_cep_equipamento":"04094-000","tx_horario_funcionamento":null,"tx_numero_telefone":"(11) 5575-5425 / 5575 5425","cd_equipamento_base_origem":null}},{"type":"Feature","id":"equipamento_cultura_museus_v3.40279","geometry":{"type":"Point","coordinates":[332314.3528,7395219.4507]},"geometry_name":"ge_ponto","properties":{"cd_identificador":40279,"cd_identificador_tema_equipamento":3,"nm_tema_equipamento":"CULTURA","cd_identificador_rede_equipamento":0,"nm_rede_equipamento":"SEM REDE","tx_rede_equipamento":"Sem descrição","cd_identificador_tipo_equipamento":5,"nm_tipo_equipamento":"Museu","tx_tipo_equipamento":"Museus","cd_identificador_classe_equipamento":3,"nm_classe_equipamento":"MUSEUS","tx_classe_equipamento":"MUSEUS","cd_identificador_esfera_administrativa_equipamento":2,"nm_esfera_administrativa_equipamento":"Estadual","tx_esfera_administrativa_equipamento":"Entidade mantenedora: governo do estado","cd_equipamento":null,"nm_equipamento":"Museu da Diversidade - Centro de Cultura, Memória e Estudos da Diversidade Sexual","tx_endereco_equipamento":"Rua do Arouche, 24","nm_bairro_equipamento":"","cd_cep_equipamento":"1043010","tx_horario_funcionamento":null,"tx_numero_telefone":"(11) 3339-8078 / (11) 3882-8080","cd_equipamento_base_origem":null}},{"type":"Feature","id":"equipamento_cultura_museus_v3.40280","geometry":{"type":"Point","coordinates":[331562.0926,7395430.3022]},"geometry_name":"ge_ponto","properties":{"cd_identificador":40280,"cd_identificador_tema_equipamento":3,"nm_tema_equipamento":"CULTURA","cd_identificador_rede_equipamento":0,"nm_rede_equipamento":"SEM REDE","tx_rede_equipamento":"Sem descrição","cd_identificador_tipo_equipamento":5,"nm_tipo_equipamento":"Museu","tx_tipo_equipamento":"Museus","cd_identificador_classe_equipamento":3,"nm_classe_equipamento":"MUSEUS","tx_classe_equipamento":"MUSEUS","cd_identificador_esfera_administrativa_equipamento":4,"nm_esfera_administrativa_equipamento":"Particular","tx_esfera_administrativa_equipamento":"Entidade mantenedora: particular","cd_equipamento":null,"nm_equipamento":"Museu da Santa Casa de São Paulo","tx_endereco_equipamento":"Rua Doutor Cesário Mota Júnior, 112","nm_bairro_equipamento":"","cd_cep_equipamento":"01221-900","tx_horario_funcionamento":null,"tx_numero_telefone":"(11) 2176-7025 / (11) 2176-7000 - Ramal 5008","cd_equipamento_base_origem":null}},{"type":"Feature","id":"equipamento_cultura_museus_v3.40281","geometry":{"type":"Point","coordinates":[331592.4789,7397314.7643]},"geometry_name":"ge_ponto","properties":{"cd_identificador":40281,"cd_identificador_tema_equipamento":3,"nm_tema_equipamento":"CULTURA","cd_identificador_rede_equipamento":0,"nm_rede_equipamento":"SEM REDE","tx_rede_equipamento":"Sem descrição","cd_identificador_tipo_equipamento":5,"nm_tipo_equipamento":"Museu","tx_tipo_equipamento":"Museus","cd_identificador_classe_equipamento":3,"nm_classe_equipamento":"MUSEUS","tx_classe_equipamento":"MUSEUS","cd_identificador_esfera_administrativa_equipamento":4,"nm_esfera_administrativa_equipamento":"Particular","tx_esfera_administrativa_equipamento":"Entidade mantenedora: particular","cd_equipamento":null,"nm_equipamento":"Museu do Computador & Futuro da Tecnologia","tx_endereco_equipamento":"Avenida Rudge, 315","nm_bairro_equipamento":"","cd_cep_equipamento":"01133-000","tx_horario_funcionamento":null,"tx_numero_telefone":"(11) 4666-7545 / (11) 98428-1501","cd_equipamento_base_origem":null}},{"type":"Feature","id":"equipamento_cultura_museus_v3.40282","geometry":{"type":"Point","coordinates":[322449.9091,7392368.4771]},"geometry_name":"ge_ponto","properties":{"cd_identificador":40282,"cd_identificador_tema_equipamento":3,"nm_tema_equipamento":"CULTURA","cd_identificador_rede_equipamento":0,"nm_rede_equipamento":"SEM REDE","tx_rede_equipamento":"Sem descrição","cd_identificador_tipo_equipamento":5,"nm_tipo_equipamento":"Museu","tx_tipo_equipamento":"Museus","cd_identificador_classe_equipamento":3,"nm_classe_equipamento":"MUSEUS","tx_classe_equipamento":"MUSEUS","cd_identificador_esfera_administrativa_equipamento":2,"nm_esfera_administrativa_equipamento":"Estadual","tx_esfera_administrativa_equipamento":"Entidade mantenedora: governo do estado","cd_equipamento":null,"nm_equipamento":"Museu de Anatomia Veterinária Professor Doutor Plínio Pinto e Silva - Faculdade de Medicina Veterinária e Zootecnia da USP","tx_endereco_equipamento":"Avenida Professor Doutor Orlando Marques de Paiva, 87","nm_bairro_equipamento":"","cd_cep_equipamento":"05508-270","tx_horario_funcionamento":null,"tx_numero_telefone":"(11) 3091-1309 / (11) 3091-7757","cd_equipamento_base_origem":null}},{"type":"Feature","id":"equipamento_cultura_museus_v3.40283","geometry":{"type":"Point","coordinates":[325371.2961,7387559.2815]},"geometry_name":"ge_ponto","properties":{"cd_identificador":40283,"cd_identificador_tema_equipamento":3,"nm_tema_equipamento":"CULTURA","cd_identificador_rede_equipamento":0,"nm_rede_equipamento":"SEM REDE","tx_rede_equipamento":"Sem descrição","cd_identificador_tipo_equipamento":5,"nm_tipo_equipamento":"Museu","tx_tipo_equipamento":"Museus","cd_identificador_classe_equipamento":3,"nm_classe_equipamento":"MUSEUS","tx_classe_equipamento":"MUSEUS","cd_identificador_esfera_administrativa_equipamento":4,"nm_esfera_administrativa_equipamento":"Particular","tx_esfera_administrativa_equipamento":"Entidade mantenedora: particular","cd_equipamento":null,"nm_equipamento":"Instituto Lina Bo. e P. M. Bardi","tx_endereco_equipamento":"General Almerio de Moura, 200","nm_bairro_equipamento":"","cd_cep_equipamento":"05690-080","tx_horario_funcionamento":null,"tx_numero_telefone":"(11) 3743-3875 / (11) 3744-9902 / (11) 3744-9830","cd_equipamento_base_origem":null}},{"type":"Feature","id":"equipamento_cultura_museus_v3.40284","geometry":{"type":"Point","coordinates":[330034.3357,7394867.55]},"geometry_name":"ge_ponto","properties":{"cd_identificador":40284,"cd_identificador_tema_equipamento":3,"nm_tema_equipamento":"CULTURA","cd_identificador_rede_equipamento":0,"nm_rede_equipamento":"SEM REDE","tx_rede_equipamento":"Sem descrição","cd_identificador_tipo_equipamento":5,"nm_tipo_equipamento":"Museu","tx_tipo_equipamento":"Museus","cd_identificador_classe_equipamento":3,"nm_classe_equipamento":"MUSEUS","tx_classe_equipamento":"MUSEUS","cd_identificador_esfera_administrativa_equipamento":2,"nm_esfera_administrativa_equipamento":"Estadual","tx_esfera_administrativa_equipamento":"Entidade mantenedora: governo do estado","cd_equipamento":null,"nm_equipamento":"Museu do Futebol","tx_endereco_equipamento":"Praça Charles Miller, s/n","nm_bairro_equipamento":"","cd_cep_equipamento":"01234-010","tx_horario_funcionamento":null,"tx_numero_telefone":"(11) 3664-3848 / (11) 3664-3890 / (11) 3664-3852","cd_equipamento_base_origem":null}},{"type":"Feature","id":"equipamento_cultura_museus_v3.40285","geometry":{"type":"Point","coordinates":[334723.6,7397397.3]},"geometry_name":"ge_ponto","properties":{"cd_identificador":40285,"cd_identificador_tema_equipamento":3,"nm_tema_equipamento":"CULTURA","cd_identificador_rede_equipamento":0,"nm_rede_equipamento":"SEM REDE","tx_rede_equipamento":"Sem descrição","cd_identificador_tipo_equipamento":5,"nm_tipo_equipamento":"Museu","tx_tipo_equipamento":"Museus","cd_identificador_classe_equipamento":3,"nm_classe_equipamento":"MUSEUS","tx_classe_equipamento":"MUSEUS","cd_identificador_esfera_administrativa_equipamento":4,"nm_esfera_administrativa_equipamento":"Particular","tx_esfera_administrativa_equipamento":"Entidade mantenedora: particular","cd_equipamento":null,"nm_equipamento":"Museu Histórico da Portuguesa - Associação Portuguesa de Desportos","tx_endereco_equipamento":"Rua Comendador Nestor Pereira, 33","nm_bairro_equipamento":"","cd_cep_equipamento":"03034-070","tx_horario_funcionamento":null,"tx_numero_telefone":"(11) 2125-9400","cd_equipamento_base_origem":null}},{"type":"Feature","id":"equipamento_cultura_museus_v3.40286","geometry":{"type":"Point","coordinates":[333424.4007,7397603.6028]},"geometry_name":"ge_ponto","properties":{"cd_identificador":40286,"cd_identificador_tema_equipamento":3,"nm_tema_equipamento":"CULTURA","cd_identificador_rede_equipamento":0,"nm_rede_equipamento":"SEM REDE","tx_rede_equipamento":"Sem descrição","cd_identificador_tipo_equipamento":5,"nm_tipo_equipamento":"Museu","tx_tipo_equipamento":"Museus","cd_identificador_classe_equipamento":3,"nm_classe_equipamento":"MUSEUS","tx_classe_equipamento":"MUSEUS","cd_identificador_esfera_administrativa_equipamento":4,"nm_esfera_administrativa_equipamento":"Particular","tx_esfera_administrativa_equipamento":"Entidade mantenedora: particular","cd_equipamento":null,"nm_equipamento":"Museu do Saneamento (São Paulo)","tx_endereco_equipamento":"Avenida do Estado, s/n","nm_bairro_equipamento":"","cd_cep_equipamento":"01218-000","tx_horario_funcionamento":null,"tx_numero_telefone":"(11) 3333-5600 - Ramal 208 Fundação Patrimônio Histórico Energia e Saneamento)","cd_equipamento_base_origem":null}},{"type":"Feature","id":"equipamento_cultura_museus_v3.40287","geometry":{"type":"Point","coordinates":[329388.6984,7395869.3646]},"geometry_name":"ge_ponto","properties":{"cd_identificador":40287,"cd_identificador_tema_equipamento":3,"nm_tema_equipamento":"CULTURA","cd_identificador_rede_equipamento":0,"nm_rede_equipamento":"SEM REDE","tx_rede_equipamento":"Sem descrição","cd_identificador_tipo_equipamento":5,"nm_tipo_equipamento":"Museu","tx_tipo_equipamento":"Museus","cd_identificador_classe_equipamento":3,"nm_classe_equipamento":"MUSEUS","tx_classe_equipamento":"MUSEUS","cd_identificador_esfera_administrativa_equipamento":4,"nm_esfera_administrativa_equipamento":"Particular","tx_esfera_administrativa_equipamento":"Entidade mantenedora: particular","cd_equipamento":null,"nm_equipamento":"Museu da Cultura - Pontifícia Universidade Católica de São Paulo","tx_endereco_equipamento":"Rua Monte Alegre, 984","nm_bairro_equipamento":"","cd_cep_equipamento":"05014-901","tx_horario_funcionamento":null,"tx_numero_telefone":"(11) 3670-8559","cd_equipamento_base_origem":null}},{"type":"Feature","id":"equipamento_cultura_museus_v3.40288","geometry":{"type":"Point","coordinates":[332765.7618,7396310.3395]},"geometry_name":"ge_ponto","properties":{"cd_identificador":40288,"cd_identificador_tema_equipamento":3,"nm_tema_equipamento":"CULTURA","cd_identificador_rede_equipamento":0,"nm_rede_equipamento":"SEM REDE","tx_rede_equipamento":"Sem descrição","cd_identificador_tipo_equipamento":5,"nm_tipo_equipamento":"Museu","tx_tipo_equipamento":"Museus","cd_identificador_classe_equipamento":3,"nm_classe_equipamento":"MUSEUS","tx_classe_equipamento":"MUSEUS","cd_identificador_esfera_administrativa_equipamento":2,"nm_esfera_administrativa_equipamento":"Estadual","tx_esfera_administrativa_equipamento":"Entidade mantenedora: governo do estado","cd_equipamento":null,"nm_equipamento":"Estação Pinacoteca","tx_endereco_equipamento":"Largo General Osório, 66","nm_bairro_equipamento":"","cd_cep_equipamento":"01213-010","tx_horario_funcionamento":null,"tx_numero_telefone":"(11) 3324-1000 / (11) 3335-5886 / (11) 99305-7595","cd_equipamento_base_origem":null}},{"type":"Feature","id":"equipamento_cultura_museus_v3.40289","geometry":{"type":"Point","coordinates":[324779.2117,7392499.1092]},"geometry_name":"ge_ponto","properties":{"cd_identificador":40289,"cd_identificador_tema_equipamento":3,"nm_tema_equipamento":"CULTURA","cd_identificador_rede_equipamento":0,"nm_rede_equipamento":"SEM REDE","tx_rede_equipamento":"Sem descrição","cd_identificador_tipo_equipamento":5,"nm_tipo_equipamento":"Museu","tx_tipo_equipamento":"Museus","cd_identificador_classe_equipamento":3,"nm_classe_equipamento":"MUSEUS","tx_classe_equipamento":"MUSEUS","cd_identificador_esfera_administrativa_equipamento":2,"nm_esfera_administrativa_equipamento":"Estadual","tx_esfera_administrativa_equipamento":"Entidade mantenedora: governo do estado","cd_equipamento":null,"nm_equipamento":"Museu Histórico - Instituto Butantan","tx_endereco_equipamento":"Avenida Vital Brasil, 1500","nm_bairro_equipamento":"","cd_cep_equipamento":"05503-900","tx_horario_funcionamento":null,"tx_numero_telefone":"(11) 2627-9525 / (11) 2627-9810","cd_equipamento_base_origem":null}},{"type":"Feature","id":"equipamento_cultura_museus_v3.40290","geometry":{"type":"Point","coordinates":[325506.9425,7393308.5872]},"geometry_name":"ge_ponto","properties":{"cd_identificador":40290,"cd_identificador_tema_equipamento":3,"nm_tema_equipamento":"CULTURA","cd_identificador_rede_equipamento":0,"nm_rede_equipamento":"SEM REDE","tx_rede_equipamento":"Sem descrição","cd_identificador_tipo_equipamento":5,"nm_tipo_equipamento":"Museu","tx_tipo_equipamento":"Museus","cd_identificador_classe_equipamento":3,"nm_classe_equipamento":"MUSEUS","tx_classe_equipamento":"MUSEUS","cd_identificador_esfera_administrativa_equipamento":1,"nm_esfera_administrativa_equipamento":"Municipal","tx_esfera_administrativa_equipamento":"Entidade mantenedora: PMSP","cd_equipamento":null,"nm_equipamento":"Museu da Cidade de São Paulo - Casa do Butantã","tx_endereco_equipamento":"Praça Monteiro Lobato, s/n","nm_bairro_equipamento":"","cd_cep_equipamento":"05506-030","tx_horario_funcionamento":null,"tx_numero_telefone":"(11) 3031-0920 / (11) 3241-4238","cd_equipamento_base_origem":null}},{"type":"Feature","id":"equipamento_cultura_museus_v3.40291","geometry":{"type":"Point","coordinates":[334472.5771,7384833.0161]},"geometry_name":"ge_ponto","properties":{"cd_identificador":40291,"cd_identificador_tema_equipamento":3,"nm_tema_equipamento":"CULTURA","cd_identificador_rede_equipamento":0,"nm_rede_equipamento":"SEM REDE","tx_rede_equipamento":"Sem descrição","cd_identificador_tipo_equipamento":5,"nm_tipo_equipamento":"Museu","tx_tipo_equipamento":"Museus","cd_identificador_classe_equipamento":3,"nm_classe_equipamento":"MUSEUS","tx_classe_equipamento":"MUSEUS","cd_identificador_esfera_administrativa_equipamento":2,"nm_esfera_administrativa_equipamento":"Estadual","tx_esfera_administrativa_equipamento":"Entidade mantenedora: governo do estado","cd_equipamento":null,"nm_equipamento":"Jardim Botânico de São Paulo","tx_endereco_equipamento":"Avenida Miguel Stéfano, 3031","nm_bairro_equipamento":"","cd_cep_equipamento":"04045-972","tx_horario_funcionamento":null,"tx_numero_telefone":"(11) 5067-6000 / (11) 5067-6219","cd_equipamento_base_origem":null}},{"type":"Feature","id":"equipamento_cultura_museus_v3.40292","geometry":{"type":"Point","coordinates":[321947.8375,7396795.7713]},"geometry_name":"ge_ponto","properties":{"cd_identificador":40292,"cd_identificador_tema_equipamento":3,"nm_tema_equipamento":"CULTURA","cd_identificador_rede_equipamento":0,"nm_rede_equipamento":"SEM REDE","tx_rede_equipamento":"Sem descrição","cd_identificador_tipo_equipamento":5,"nm_tipo_equipamento":"Museu","tx_tipo_equipamento":"Museus","cd_identificador_classe_equipamento":3,"nm_classe_equipamento":"MUSEUS","tx_classe_equipamento":"MUSEUS","cd_identificador_esfera_administrativa_equipamento":4,"nm_esfera_administrativa_equipamento":"Particular","tx_esfera_administrativa_equipamento":"Entidade mantenedora: particular","cd_equipamento":null,"nm_equipamento":"Museu do Relógio Professor Dimas de Melo Pimenta","tx_endereco_equipamento":"Av. Mofarrej, 840","nm_bairro_equipamento":"","cd_cep_equipamento":"05311-000","tx_horario_funcionamento":null,"tx_numero_telefone":"(11) 3646-4000","cd_equipamento_base_origem":null}},{"type":"Feature","id":"equipamento_cultura_museus_v3.40293","geometry":{"type":"Point","coordinates":[335610.8392,7390106.5356]},"geometry_name":"ge_ponto","properties":{"cd_identificador":40293,"cd_identificador_tema_equipamento":3,"nm_tema_equipamento":"CULTURA","cd_identificador_rede_equipamento":0,"nm_rede_equipamento":"SEM REDE","tx_rede_equipamento":"Sem descrição","cd_identificador_tipo_equipamento":5,"nm_tipo_equipamento":"Museu","tx_tipo_equipamento":"Museus","cd_identificador_classe_equipamento":3,"nm_classe_equipamento":"MUSEUS","tx_classe_equipamento":"MUSEUS","cd_identificador_esfera_administrativa_equipamento":4,"nm_esfera_administrativa_equipamento":"Particular","tx_esfera_administrativa_equipamento":"Entidade mantenedora: particular","cd_equipamento":null,"nm_equipamento":"Museu Vicente de Azevedo","tx_endereco_equipamento":"Rua Dom Luís Lasagna, 300","nm_bairro_equipamento":"","cd_cep_equipamento":"04266-030","tx_horario_funcionamento":null,"tx_numero_telefone":"(11) 2215-6900 / (11) 97261-4383 / (11) 4652-6560","cd_equipamento_base_origem":null}},{"type":"Feature","id":"equipamento_cultura_museus_v3.40294","geometry":{"type":"Point","coordinates":[334105.8542,7397438.3734]},"geometry_name":"ge_ponto","properties":{"cd_identificador":40294,"cd_identificador_tema_equipamento":3,"nm_tema_equipamento":"CULTURA","cd_identificador_rede_equipamento":0,"nm_rede_equipamento":"SEM REDE","tx_rede_equipamento":"Sem descrição","cd_identificador_tipo_equipamento":5,"nm_tipo_equipamento":"Museu","tx_tipo_equipamento":"Museus","cd_identificador_classe_equipamento":3,"nm_classe_equipamento":"MUSEUS","tx_classe_equipamento":"MUSEUS","cd_identificador_esfera_administrativa_equipamento":1,"nm_esfera_administrativa_equipamento":"Municipal","tx_esfera_administrativa_equipamento":"Entidade mantenedora: PMSP","cd_equipamento":null,"nm_equipamento":"Museu dos Transportes Públicos Gaetano Ferolla","tx_endereco_equipamento":"Avenida Cruzeiro do Sul, 780","nm_bairro_equipamento":"","cd_cep_equipamento":"03033-020","tx_horario_funcionamento":null,"tx_numero_telefone":"(11) 3315-8884 / (11) 3227-5860","cd_equipamento_base_origem":null}},{"type":"Feature","id":"equipamento_cultura_museus_v3.40295","geometry":{"type":"Point","coordinates":[328931.0587,7392084.7081]},"geometry_name":"ge_ponto","properties":{"cd_identificador":40295,"cd_identificador_tema_equipamento":3,"nm_tema_equipamento":"CULTURA","cd_identificador_rede_equipamento":0,"nm_rede_equipamento":"SEM REDE","tx_rede_equipamento":"Sem descrição","cd_identificador_tipo_equipamento":5,"nm_tipo_equipamento":"Museu","tx_tipo_equipamento":"Museus","cd_identificador_classe_equipamento":3,"nm_classe_equipamento":"MUSEUS","tx_classe_equipamento":"MUSEUS","cd_identificador_esfera_administrativa_equipamento":2,"nm_esfera_administrativa_equipamento":"Estadual","tx_esfera_administrativa_equipamento":"Entidade mantenedora: governo do estado","cd_equipamento":null,"nm_equipamento":"Paço das Artes Francisco Matarazzo Sobrinho","tx_endereco_equipamento":"Avenida Europa, 158","nm_bairro_equipamento":"","cd_cep_equipamento":"01449-000","tx_horario_funcionamento":null,"tx_numero_telefone":"(11) 3814-4832","cd_equipamento_base_origem":null}},{"type":"Feature","id":"equipamento_cultura_museus_v3.40296","geometry":{"type":"Point","coordinates":[332045.6908,7397958.7987]},"geometry_name":"ge_ponto","properties":{"cd_identificador":40296,"cd_identificador_tema_equipamento":3,"nm_tema_equipamento":"CULTURA","cd_identificador_rede_equipamento":0,"nm_rede_equipamento":"SEM REDE","tx_rede_equipamento":"Sem descrição","cd_identificador_tipo_equipamento":5,"nm_tipo_equipamento":"Museu","tx_tipo_equipamento":"Museus","cd_identificador_classe_equipamento":3,"nm_classe_equipamento":"MUSEUS","tx_classe_equipamento":"MUSEUS","cd_identificador_esfera_administrativa_equipamento":4,"nm_esfera_administrativa_equipamento":"Particular","tx_esfera_administrativa_equipamento":"Entidade mantenedora: particular","cd_equipamento":null,"nm_equipamento":"Acervo Gaviões da Fiel - Tia Geni","tx_endereco_equipamento":"R. Cristina Tomás, 183","nm_bairro_equipamento":"","cd_cep_equipamento":"01129-020","tx_horario_funcionamento":null,"tx_numero_telefone":"(11) 94011-2408 / (11) 96461-9772 / (11) 95830-4383","cd_equipamento_base_origem":null}},{"type":"Feature","id":"equipamento_cultura_museus_v3.40297","geometry":{"type":"Point","coordinates":[332289.8483,7397272.1068]},"geometry_name":"ge_ponto","properties":{"cd_identificador":40297,"cd_identificador_tema_equipamento":3,"nm_tema_equipamento":"CULTURA","cd_identificador_rede_equipamento":0,"nm_rede_equipamento":"SEM REDE","tx_rede_equipamento":"Sem descrição","cd_identificador_tipo_equipamento":5,"nm_tipo_equipamento":"Museu","tx_tipo_equipamento":"Museus","cd_identificador_classe_equipamento":3,"nm_classe_equipamento":"MUSEUS","tx_classe_equipamento":"MUSEUS","cd_identificador_esfera_administrativa_equipamento":2,"nm_esfera_administrativa_equipamento":"Estadual","tx_esfera_administrativa_equipamento":"Entidade mantenedora: governo do estado","cd_equipamento":null,"nm_equipamento":"Instituto Butantan - Museu de Saúde Pública Emílio Ribas","tx_endereco_equipamento":"Rua Tenente Pena, 100","nm_bairro_equipamento":"","cd_cep_equipamento":"01127-020","tx_horario_funcionamento":null,"tx_numero_telefone":"(11) 2627-3880 / (11) 93448-5845","cd_equipamento_base_origem":null}},{"type":"Feature","id":"equipamento_cultura_museus_v3.40298","geometry":{"type":"Point","coordinates":[325215.6,7393076.5]},"geometry_name":"ge_ponto","properties":{"cd_identificador":40298,"cd_identificador_tema_equipamento":3,"nm_tema_equipamento":"CULTURA","cd_identificador_rede_equipamento":0,"nm_rede_equipamento":"SEM REDE","tx_rede_equipamento":"Sem descrição","cd_identificador_tipo_equipamento":5,"nm_tipo_equipamento":"Museu","tx_tipo_equipamento":"Museus","cd_identificador_classe_equipamento":3,"nm_classe_equipamento":"MUSEUS","tx_classe_equipamento":"MUSEUS","cd_identificador_esfera_administrativa_equipamento":2,"nm_esfera_administrativa_equipamento":"Estadual","tx_esfera_administrativa_equipamento":"Entidade mantenedora: governo do estado","cd_equipamento":null,"nm_equipamento":"Coleção de Artes Visuais/Instituto de Estudos Brasileiros da Universidade de São Paulo","tx_endereco_equipamento":"Avenida Professor Mello Moraes, 140","nm_bairro_equipamento":"","cd_cep_equipamento":"05508-900","tx_horario_funcionamento":null,"tx_numero_telefone":"(11) 3091-3247","cd_equipamento_base_origem":null}},{"type":"Feature","id":"equipamento_cultura_museus_v3.40299","geometry":{"type":"Point","coordinates":[328416.5122,7395499.5396]},"geometry_name":"ge_ponto","properties":{"cd_identificador":40299,"cd_identificador_tema_equipamento":3,"nm_tema_equipamento":"CULTURA","cd_identificador_rede_equipamento":0,"nm_rede_equipamento":"SEM REDE","tx_rede_equipamento":"Sem descrição","cd_identificador_tipo_equipamento":5,"nm_tipo_equipamento":"Museu","tx_tipo_equipamento":"Museus","cd_identificador_classe_equipamento":3,"nm_classe_equipamento":"MUSEUS","tx_classe_equipamento":"MUSEUS","cd_identificador_esfera_administrativa_equipamento":4,"nm_esfera_administrativa_equipamento":"Particular","tx_esfera_administrativa_equipamento":"Entidade mantenedora: particular","cd_equipamento":null,"nm_equipamento":"Museu do Rádio, da Televisão e Novas Mídias","tx_endereco_equipamento":"Rua Vargem do Cedro, 140","nm_bairro_equipamento":"","cd_cep_equipamento":"01252-050","tx_horario_funcionamento":null,"tx_numero_telefone":"(11) 3872-7743 / 3872 7743","cd_equipamento_base_origem":null}},{"type":"Feature","id":"equipamento_cultura_museus_v3.40300","geometry":{"type":"Point","coordinates":[330997.3949,7393361.0799]},"geometry_name":"ge_ponto","properties":{"cd_identificador":40300,"cd_identificador_tema_equipamento":3,"nm_tema_equipamento":"CULTURA","cd_identificador_rede_equipamento":0,"nm_rede_equipamento":"SEM REDE","tx_rede_equipamento":"Sem descrição","cd_identificador_tipo_equipamento":5,"nm_tipo_equipamento":"Museu","tx_tipo_equipamento":"Museus","cd_identificador_classe_equipamento":3,"nm_classe_equipamento":"MUSEUS","tx_classe_equipamento":"MUSEUS","cd_identificador_esfera_administrativa_equipamento":4,"nm_esfera_administrativa_equipamento":"Particular","tx_esfera_administrativa_equipamento":"Entidade mantenedora: particular","cd_equipamento":null,"nm_equipamento":"MASP - Museu de Arte de São Paulo Assis Chateaubriand","tx_endereco_equipamento":"Avenida Paulista, 1578","nm_bairro_equipamento":"","cd_cep_equipamento":"01310-200","tx_horario_funcionamento":null,"tx_numero_telefone":"(11) 3149-5959 / (11) 3149-5892","cd_equipamento_base_origem":null}},{"type":"Feature","id":"equipamento_cultura_museus_v3.40301","geometry":{"type":"Point","coordinates":[333334.4525,7394727.4892]},"geometry_name":"ge_ponto","properties":{"cd_identificador":40301,"cd_identificador_tema_equipamento":3,"nm_tema_equipamento":"CULTURA","cd_identificador_rede_equipamento":0,"nm_rede_equipamento":"SEM REDE","tx_rede_equipamento":"Sem descrição","cd_identificador_tipo_equipamento":5,"nm_tipo_equipamento":"Museu","tx_tipo_equipamento":"Museus","cd_identificador_classe_equipamento":3,"nm_classe_equipamento":"MUSEUS","tx_classe_equipamento":"MUSEUS","cd_identificador_esfera_administrativa_equipamento":3,"nm_esfera_administrativa_equipamento":"Federal","tx_esfera_administrativa_equipamento":"Entidade mantenedora: União","cd_equipamento":null,"nm_equipamento":"Museu da Caixa Econômica Federal","tx_endereco_equipamento":"Praça da Sé, 111","nm_bairro_equipamento":"","cd_cep_equipamento":"01001-001","tx_horario_funcionamento":null,"tx_numero_telefone":"(11) 3321-4400 3321 4402","cd_equipamento_base_origem":null}},{"type":"Feature","id":"equipamento_cultura_museus_v3.40302","geometry":{"type":"Point","coordinates":[335015.7279,7399392.1837]},"geometry_name":"ge_ponto","properties":{"cd_identificador":40302,"cd_identificador_tema_equipamento":3,"nm_tema_equipamento":"CULTURA","cd_identificador_rede_equipamento":0,"nm_rede_equipamento":"SEM REDE","tx_rede_equipamento":"Sem descrição","cd_identificador_tipo_equipamento":5,"nm_tipo_equipamento":"Museu","tx_tipo_equipamento":"Museus","cd_identificador_classe_equipamento":3,"nm_classe_equipamento":"MUSEUS","tx_classe_equipamento":"MUSEUS","cd_identificador_esfera_administrativa_equipamento":2,"nm_esfera_administrativa_equipamento":"Estadual","tx_esfera_administrativa_equipamento":"Entidade mantenedora: governo do estado","cd_equipamento":null,"nm_equipamento":"Museu Penitenciário Paulista","tx_endereco_equipamento":"Avenida Zaki Narchi, 1207","nm_bairro_equipamento":"","cd_cep_equipamento":"02029-001","tx_horario_funcionamento":null,"tx_numero_telefone":"(11) 2221-0275 / 2221 0275","cd_equipamento_base_origem":null}},{"type":"Feature","id":"equipamento_cultura_museus_v3.40303","geometry":{"type":"Point","coordinates":[324060.3617,7392902.1715]},"geometry_name":"ge_ponto","properties":{"cd_identificador":40303,"cd_identificador_tema_equipamento":3,"nm_tema_equipamento":"CULTURA","cd_identificador_rede_equipamento":0,"nm_rede_equipamento":"SEM REDE","tx_rede_equipamento":"Sem descrição","cd_identificador_tipo_equipamento":5,"nm_tipo_equipamento":"Museu","tx_tipo_equipamento":"Museus","cd_identificador_classe_equipamento":3,"nm_classe_equipamento":"MUSEUS","tx_classe_equipamento":"MUSEUS","cd_identificador_esfera_administrativa_equipamento":2,"nm_esfera_administrativa_equipamento":"Estadual","tx_esfera_administrativa_equipamento":"Entidade mantenedora: governo do estado","cd_equipamento":null,"nm_equipamento":"Museu da Farmácia - Universidade de São Paulo","tx_endereco_equipamento":"Avenida Professor Lineu Prestes, 580","nm_bairro_equipamento":"","cd_cep_equipamento":"05508-900","tx_horario_funcionamento":null,"tx_numero_telefone":"(11) 3091-3677","cd_equipamento_base_origem":null}},{"type":"Feature","id":"equipamento_cultura_museus_v3.40304","geometry":{"type":"Point","coordinates":[333078.4898,7396308.9201]},"geometry_name":"ge_ponto","properties":{"cd_identificador":40304,"cd_identificador_tema_equipamento":3,"nm_tema_equipamento":"CULTURA","cd_identificador_rede_equipamento":0,"nm_rede_equipamento":"SEM REDE","tx_rede_equipamento":"Sem descrição","cd_identificador_tipo_equipamento":5,"nm_tipo_equipamento":"Museu","tx_tipo_equipamento":"Museus","cd_identificador_classe_equipamento":3,"nm_classe_equipamento":"MUSEUS","tx_classe_equipamento":"MUSEUS","cd_identificador_esfera_administrativa_equipamento":2,"nm_esfera_administrativa_equipamento":"Estadual","tx_esfera_administrativa_equipamento":"Entidade mantenedora: governo do estado","cd_equipamento":null,"nm_equipamento":"Museu da Língua Portuguesa","tx_endereco_equipamento":"Praça da Luz, s/n","nm_bairro_equipamento":"","cd_cep_equipamento":"01120-010","tx_horario_funcionamento":null,"tx_numero_telefone":"(11) 3664-3859 / (11) 4470-1515","cd_equipamento_base_origem":null}},{"type":"Feature","id":"equipamento_cultura_museus_v3.40305","geometry":{"type":"Point","coordinates":[328101.6737,7391273.1319]},"geometry_name":"ge_ponto","properties":{"cd_identificador":40305,"cd_identificador_tema_equipamento":3,"nm_tema_equipamento":"CULTURA","cd_identificador_rede_equipamento":0,"nm_rede_equipamento":"SEM REDE","tx_rede_equipamento":"Sem descrição","cd_identificador_tipo_equipamento":5,"nm_tipo_equipamento":"Museu","tx_tipo_equipamento":"Museus","cd_identificador_classe_equipamento":3,"nm_classe_equipamento":"MUSEUS","tx_classe_equipamento":"MUSEUS","cd_identificador_esfera_administrativa_equipamento":2,"nm_esfera_administrativa_equipamento":"Estadual","tx_esfera_administrativa_equipamento":"Entidade mantenedora: governo do estado","cd_equipamento":null,"nm_equipamento":"Museu da Casa Brasileira - MCB","tx_endereco_equipamento":"Brigadeiro Faria Lima, 2705","nm_bairro_equipamento":"","cd_cep_equipamento":"01451-000","tx_horario_funcionamento":null,"tx_numero_telefone":"(11) 3032-3727 / (11) 3026-3900 3026 3913","cd_equipamento_base_origem":null}},{"type":"Feature","id":"equipamento_cultura_museus_v3.40306","geometry":{"type":"Point","coordinates":[329610,7396566.1]},"geometry_name":"ge_ponto","properties":{"cd_identificador":40306,"cd_identificador_tema_equipamento":3,"nm_tema_equipamento":"CULTURA","cd_identificador_rede_equipamento":0,"nm_rede_equipamento":"SEM REDE","tx_rede_equipamento":"Sem descrição","cd_identificador_tipo_equipamento":5,"nm_tipo_equipamento":"Museu","tx_tipo_equipamento":"Museus","cd_identificador_classe_equipamento":3,"nm_classe_equipamento":"MUSEUS","tx_classe_equipamento":"MUSEUS","cd_identificador_esfera_administrativa_equipamento":2,"nm_esfera_administrativa_equipamento":"Estadual","tx_esfera_administrativa_equipamento":"Entidade mantenedora: governo do estado","cd_equipamento":null,"nm_equipamento":"Museu Geológico Valdemar Lefèvre","tx_endereco_equipamento":"Rua Ministro de Godoy, 310","nm_bairro_equipamento":"","cd_cep_equipamento":"05015-000","tx_horario_funcionamento":null,"tx_numero_telefone":"(11) 3872-6358 3673 6797","cd_equipamento_base_origem":null}},{"type":"Feature","id":"equipamento_cultura_museus_v3.40307","geometry":{"type":"Point","coordinates":[334472.5771,7384833.0161]},"geometry_name":"ge_ponto","properties":{"cd_identificador":40307,"cd_identificador_tema_equipamento":3,"nm_tema_equipamento":"CULTURA","cd_identificador_rede_equipamento":0,"nm_rede_equipamento":"SEM REDE","tx_rede_equipamento":"Sem descrição","cd_identificador_tipo_equipamento":5,"nm_tipo_equipamento":"Museu","tx_tipo_equipamento":"Museus","cd_identificador_classe_equipamento":3,"nm_classe_equipamento":"MUSEUS","tx_classe_equipamento":"MUSEUS","cd_identificador_esfera_administrativa_equipamento":4,"nm_esfera_administrativa_equipamento":"Particular","tx_esfera_administrativa_equipamento":"Entidade mantenedora: particular","cd_equipamento":null,"nm_equipamento":"Museu Botânico Doutor João Barbosa Rodrigues","tx_endereco_equipamento":"Avenida Miguel Stéfano, 3031","nm_bairro_equipamento":"","cd_cep_equipamento":"04301-905","tx_horario_funcionamento":null,"tx_numero_telefone":"(11) 5067-6000","cd_equipamento_base_origem":null}},{"type":"Feature","id":"equipamento_cultura_museus_v3.40308","geometry":{"type":"Point","coordinates":[333565.8,7395356.3]},"geometry_name":"ge_ponto","properties":{"cd_identificador":40308,"cd_identificador_tema_equipamento":3,"nm_tema_equipamento":"CULTURA","cd_identificador_rede_equipamento":0,"nm_rede_equipamento":"SEM REDE","tx_rede_equipamento":"Sem descrição","cd_identificador_tipo_equipamento":5,"nm_tipo_equipamento":"Museu","tx_tipo_equipamento":"Museus","cd_identificador_classe_equipamento":3,"nm_classe_equipamento":"MUSEUS","tx_classe_equipamento":"MUSEUS","cd_identificador_esfera_administrativa_equipamento":4,"nm_esfera_administrativa_equipamento":"Particular","tx_esfera_administrativa_equipamento":"Entidade mantenedora: particular","cd_equipamento":null,"nm_equipamento":"Centro Cultural do Liceu de Artes e Ofícios de São Paulo","tx_endereco_equipamento":"Rua da Cantareira, 1351","nm_bairro_equipamento":"","cd_cep_equipamento":"01103-201","tx_horario_funcionamento":null,"tx_numero_telefone":"(11) 2155-3308 / (11) 2155-3300 / 2155 3308","cd_equipamento_base_origem":null}},{"type":"Feature","id":"equipamento_cultura_museus_v3.40309","geometry":{"type":"Point","coordinates":[324958.7149,7374437.2081]},"geometry_name":"ge_ponto","properties":{"cd_identificador":40309,"cd_identificador_tema_equipamento":3,"nm_tema_equipamento":"CULTURA","cd_identificador_rede_equipamento":0,"nm_rede_equipamento":"SEM REDE","tx_rede_equipamento":"Sem descrição","cd_identificador_tipo_equipamento":5,"nm_tipo_equipamento":"Museu","tx_tipo_equipamento":"Museus","cd_identificador_classe_equipamento":3,"nm_classe_equipamento":"MUSEUS","tx_classe_equipamento":"MUSEUS","cd_identificador_esfera_administrativa_equipamento":4,"nm_esfera_administrativa_equipamento":"Particular","tx_esfera_administrativa_equipamento":"Entidade mantenedora: particular","cd_equipamento":null,"nm_equipamento":"Museu da Gastronomia Brasileira","tx_endereco_equipamento":"Rua Bernardo de Claraval, 77","nm_bairro_equipamento":"","cd_cep_equipamento":"04832-000","tx_horario_funcionamento":null,"tx_numero_telefone":"(11) 5973-8490","cd_equipamento_base_origem":null}},{"type":"Feature","id":"equipamento_cultura_museus_v3.40310","geometry":{"type":"Point","coordinates":[328987.3977,7391990.0477]},"geometry_name":"ge_ponto","properties":{"cd_identificador":40310,"cd_identificador_tema_equipamento":3,"nm_tema_equipamento":"CULTURA","cd_identificador_rede_equipamento":0,"nm_rede_equipamento":"SEM REDE","tx_rede_equipamento":"Sem descrição","cd_identificador_tipo_equipamento":5,"nm_tipo_equipamento":"Museu","tx_tipo_equipamento":"Museus","cd_identificador_classe_equipamento":3,"nm_classe_equipamento":"MUSEUS","tx_classe_equipamento":"MUSEUS","cd_identificador_esfera_administrativa_equipamento":4,"nm_esfera_administrativa_equipamento":"Particular","tx_esfera_administrativa_equipamento":"Entidade mantenedora: particular","cd_equipamento":null,"nm_equipamento":"Fundação Cultural Ema Gordon Klabin","tx_endereco_equipamento":"Rua Portugal, 43","nm_bairro_equipamento":"","cd_cep_equipamento":"01446-020","tx_horario_funcionamento":null,"tx_numero_telefone":"(11) 3897-3232 / (11) 3897-3231","cd_equipamento_base_origem":null}},{"type":"Feature","id":"equipamento_cultura_museus_v3.40311","geometry":{"type":"Point","coordinates":[333150.4275,7394923.947]},"geometry_name":"ge_ponto","properties":{"cd_identificador":40311,"cd_identificador_tema_equipamento":3,"nm_tema_equipamento":"CULTURA","cd_identificador_rede_equipamento":0,"nm_rede_equipamento":"SEM REDE","tx_rede_equipamento":"Sem descrição","cd_identificador_tipo_equipamento":5,"nm_tipo_equipamento":"Museu","tx_tipo_equipamento":"Museus","cd_identificador_classe_equipamento":3,"nm_classe_equipamento":"MUSEUS","tx_classe_equipamento":"MUSEUS","cd_identificador_esfera_administrativa_equipamento":4,"nm_esfera_administrativa_equipamento":"Particular","tx_esfera_administrativa_equipamento":"Entidade mantenedora: particular","cd_equipamento":null,"nm_equipamento":"Centro Cultural Banco do Brasil São Paulo","tx_endereco_equipamento":"Rua Álvares Penteado, 112","nm_bairro_equipamento":"","cd_cep_equipamento":"01012-000","tx_horario_funcionamento":null,"tx_numero_telefone":"(11) 4298-1270 / (11) 4298-1270","cd_equipamento_base_origem":null}},{"type":"Feature","id":"equipamento_cultura_museus_v3.40312","geometry":{"type":"Point","coordinates":[329268.2661,7396772.6797]},"geometry_name":"ge_ponto","properties":{"cd_identificador":40312,"cd_identificador_tema_equipamento":3,"nm_tema_equipamento":"CULTURA","cd_identificador_rede_equipamento":0,"nm_rede_equipamento":"SEM REDE","tx_rede_equipamento":"Sem descrição","cd_identificador_tipo_equipamento":5,"nm_tipo_equipamento":"Museu","tx_tipo_equipamento":"Museus","cd_identificador_classe_equipamento":3,"nm_classe_equipamento":"MUSEUS","tx_classe_equipamento":"MUSEUS","cd_identificador_esfera_administrativa_equipamento":2,"nm_esfera_administrativa_equipamento":"Estadual","tx_esfera_administrativa_equipamento":"Entidade mantenedora: governo do estado","cd_equipamento":null,"nm_equipamento":"Museu das Culturas Indígenas","tx_endereco_equipamento":"Rua Dona Germaine Burchard, 451","nm_bairro_equipamento":"","cd_cep_equipamento":"05002-060","tx_horario_funcionamento":null,"tx_numero_telefone":"(11) 3873-1541","cd_equipamento_base_origem":null}},{"type":"Feature","id":"equipamento_cultura_museus_v3.40313","geometry":{"type":"Point","coordinates":[335670.6735,7390511.416]},"geometry_name":"ge_ponto","properties":{"cd_identificador":40313,"cd_identificador_tema_equipamento":3,"nm_tema_equipamento":"CULTURA","cd_identificador_rede_equipamento":0,"nm_rede_equipamento":"SEM REDE","tx_rede_equipamento":"Sem descrição","cd_identificador_tipo_equipamento":5,"nm_tipo_equipamento":"Museu","tx_tipo_equipamento":"Museus","cd_identificador_classe_equipamento":3,"nm_classe_equipamento":"MUSEUS","tx_classe_equipamento":"MUSEUS","cd_identificador_esfera_administrativa_equipamento":2,"nm_esfera_administrativa_equipamento":"Estadual","tx_esfera_administrativa_equipamento":"Entidade mantenedora: governo do estado","cd_equipamento":null,"nm_equipamento":"Museu de Zoologia da Universidade de São Paulo - MZUSP","tx_endereco_equipamento":"Avenida Nazaré, 481","nm_bairro_equipamento":"","cd_cep_equipamento":"04263-000","tx_horario_funcionamento":null,"tx_numero_telefone":"(11) 2065-8100","cd_equipamento_base_origem":null}},{"type":"Feature","id":"equipamento_cultura_museus_v3.40314","geometry":{"type":"Point","coordinates":[333382.9086,7394206.1327]},"geometry_name":"ge_ponto","properties":{"cd_identificador":40314,"cd_identificador_tema_equipamento":3,"nm_tema_equipamento":"CULTURA","cd_identificador_rede_equipamento":0,"nm_rede_equipamento":"SEM REDE","tx_rede_equipamento":"Sem descrição","cd_identificador_tipo_equipamento":5,"nm_tipo_equipamento":"Museu","tx_tipo_equipamento":"Museus","cd_identificador_classe_equipamento":3,"nm_classe_equipamento":"MUSEUS","tx_classe_equipamento":"MUSEUS","cd_identificador_esfera_administrativa_equipamento":2,"nm_esfera_administrativa_equipamento":"Estadual","tx_esfera_administrativa_equipamento":"Entidade mantenedora: governo do estado","cd_equipamento":null,"nm_equipamento":"Museu do Tribunal de Justiça de São Paulo","tx_endereco_equipamento":"Rua Conde de Sarzedas, 100","nm_bairro_equipamento":"","cd_cep_equipamento":"01512-000","tx_horario_funcionamento":null,"tx_numero_telefone":"(11) 3295-5819","cd_equipamento_base_origem":null}},{"type":"Feature","id":"equipamento_cultura_museus_v3.40315","geometry":{"type":"Point","coordinates":[333892.7985,7395280.847]},"geometry_name":"ge_ponto","properties":{"cd_identificador":40315,"cd_identificador_tema_equipamento":3,"nm_tema_equipamento":"CULTURA","cd_identificador_rede_equipamento":0,"nm_rede_equipamento":"SEM REDE","tx_rede_equipamento":"Sem descrição","cd_identificador_tipo_equipamento":5,"nm_tipo_equipamento":"Museu","tx_tipo_equipamento":"Museus","cd_identificador_classe_equipamento":3,"nm_classe_equipamento":"MUSEUS","tx_classe_equipamento":"MUSEUS","cd_identificador_esfera_administrativa_equipamento":2,"nm_esfera_administrativa_equipamento":"Estadual","tx_esfera_administrativa_equipamento":"Entidade mantenedora: governo do estado","cd_equipamento":null,"nm_equipamento":"Museu Catavento","tx_endereco_equipamento":"Parque Dom Pedro II - Avenida Mercúrio, s/n","nm_bairro_equipamento":"","cd_cep_equipamento":"03003-060","tx_horario_funcionamento":null,"tx_numero_telefone":"(11) 3315-0051 / (11) 3246-4033 / (11) 96036-8013 / 9639 1393","cd_equipamento_base_origem":null}},{"type":"Feature","id":"equipamento_cultura_museus_v3.40316","geometry":{"type":"Point","coordinates":[332227.8893,7396572.6514]},"geometry_name":"ge_ponto","properties":{"cd_identificador":40316,"cd_identificador_tema_equipamento":3,"nm_tema_equipamento":"CULTURA","cd_identificador_rede_equipamento":0,"nm_rede_equipamento":"SEM REDE","tx_rede_equipamento":"Sem descrição","cd_identificador_tipo_equipamento":5,"nm_tipo_equipamento":"Museu","tx_tipo_equipamento":"Museus","cd_identificador_classe_equipamento":3,"nm_classe_equipamento":"MUSEUS","tx_classe_equipamento":"MUSEUS","cd_identificador_esfera_administrativa_equipamento":4,"nm_esfera_administrativa_equipamento":"Particular","tx_esfera_administrativa_equipamento":"Entidade mantenedora: particular","cd_equipamento":null,"nm_equipamento":"Museu da Obra Salesiana no Brasil","tx_endereco_equipamento":"Largo Coração de Jesus, 154","nm_bairro_equipamento":"","cd_cep_equipamento":"01215-020","tx_horario_funcionamento":null,"tx_numero_telefone":"(11) 3337-2916","cd_equipamento_base_origem":null}},{"type":"Feature","id":"equipamento_cultura_museus_v3.40317","geometry":{"type":"Point","coordinates":[332645.4472,7390288.2359]},"geometry_name":"ge_ponto","properties":{"cd_identificador":40317,"cd_identificador_tema_equipamento":3,"nm_tema_equipamento":"CULTURA","cd_identificador_rede_equipamento":0,"nm_rede_equipamento":"SEM REDE","tx_rede_equipamento":"Sem descrição","cd_identificador_tipo_equipamento":5,"nm_tipo_equipamento":"Museu","tx_tipo_equipamento":"Museus","cd_identificador_classe_equipamento":3,"nm_classe_equipamento":"MUSEUS","tx_classe_equipamento":"MUSEUS","cd_identificador_esfera_administrativa_equipamento":4,"nm_esfera_administrativa_equipamento":"Particular","tx_esfera_administrativa_equipamento":"Entidade mantenedora: particular","cd_equipamento":null,"nm_equipamento":"Museu Belas Artes de São Paulo - MUBA","tx_endereco_equipamento":"Rua Doutor Álvaro Alvim, 76","nm_bairro_equipamento":"","cd_cep_equipamento":"04018-010","tx_horario_funcionamento":null,"tx_numero_telefone":"(11) 5576-5773 / (11) 5576-7300","cd_equipamento_base_origem":null}},{"type":"Feature","id":"equipamento_cultura_museus_v3.40318","geometry":{"type":"Point","coordinates":[323872.3128,7393799.2956]},"geometry_name":"ge_ponto","properties":{"cd_identificador":40318,"cd_identificador_tema_equipamento":3,"nm_tema_equipamento":"CULTURA","cd_identificador_rede_equipamento":0,"nm_rede_equipamento":"SEM REDE","tx_rede_equipamento":"Sem descrição","cd_identificador_tipo_equipamento":5,"nm_tipo_equipamento":"Museu","tx_tipo_equipamento":"Museus","cd_identificador_classe_equipamento":3,"nm_classe_equipamento":"MUSEUS","tx_classe_equipamento":"MUSEUS","cd_identificador_esfera_administrativa_equipamento":2,"nm_esfera_administrativa_equipamento":"Estadual","tx_esfera_administrativa_equipamento":"Entidade mantenedora: governo do estado","cd_equipamento":null,"nm_equipamento":"Museu de Ciências da Universidade de São Paulo","tx_endereco_equipamento":"Avenida Professor Luciano Gualberto - Travessa J, 374","nm_bairro_equipamento":"","cd_cep_equipamento":"05508-900","tx_horario_funcionamento":null,"tx_numero_telefone":"(11) 3091-3252 / (11) 3091-2051 / (11) 3091-3430","cd_equipamento_base_origem":null}},{"type":"Feature","id":"equipamento_cultura_museus_v3.40319","geometry":{"type":"Point","coordinates":[324779.2117,7392499.1092]},"geometry_name":"ge_ponto","properties":{"cd_identificador":40319,"cd_identificador_tema_equipamento":3,"nm_tema_equipamento":"CULTURA","cd_identificador_rede_equipamento":0,"nm_rede_equipamento":"SEM REDE","tx_rede_equipamento":"Sem descrição","cd_identificador_tipo_equipamento":5,"nm_tipo_equipamento":"Museu","tx_tipo_equipamento":"Museus","cd_identificador_classe_equipamento":3,"nm_classe_equipamento":"MUSEUS","tx_classe_equipamento":"MUSEUS","cd_identificador_esfera_administrativa_equipamento":2,"nm_esfera_administrativa_equipamento":"Estadual","tx_esfera_administrativa_equipamento":"Entidade mantenedora: governo do estado","cd_equipamento":null,"nm_equipamento":"Museu de Microbiologia - Instituto Butantan","tx_endereco_equipamento":"Avenida Vital Brasil, 1500","nm_bairro_equipamento":"","cd_cep_equipamento":"05503-900","tx_horario_funcionamento":null,"tx_numero_telefone":"(11) 2627-9541 / (11) 2627-9540","cd_equipamento_base_origem":null}},{"type":"Feature","id":"equipamento_cultura_museus_v3.40320","geometry":{"type":"Point","coordinates":[335435.7467,7394647.3314]},"geometry_name":"ge_ponto","properties":{"cd_identificador":40320,"cd_identificador_tema_equipamento":3,"nm_tema_equipamento":"CULTURA","cd_identificador_rede_equipamento":0,"nm_rede_equipamento":"SEM REDE","tx_rede_equipamento":"Sem descrição","cd_identificador_tipo_equipamento":5,"nm_tipo_equipamento":"Museu","tx_tipo_equipamento":"Museus","cd_identificador_classe_equipamento":3,"nm_classe_equipamento":"MUSEUS","tx_classe_equipamento":"MUSEUS","cd_identificador_esfera_administrativa_equipamento":2,"nm_esfera_administrativa_equipamento":"Estadual","tx_esfera_administrativa_equipamento":"Entidade mantenedora: governo do estado","cd_equipamento":null,"nm_equipamento":"Museu da Imigração","tx_endereco_equipamento":"Rua Visconde de Parnaíba, 1.3160000000000001","nm_bairro_equipamento":"","cd_cep_equipamento":"3164300","tx_horario_funcionamento":null,"tx_numero_telefone":"(11) 2692-1866","cd_equipamento_base_origem":null}},{"type":"Feature","id":"equipamento_cultura_museus_v3.40321","geometry":{"type":"Point","coordinates":[329430.0935,7393862.2023]},"geometry_name":"ge_ponto","properties":{"cd_identificador":40321,"cd_identificador_tema_equipamento":3,"nm_tema_equipamento":"CULTURA","cd_identificador_rede_equipamento":0,"nm_rede_equipamento":"SEM REDE","tx_rede_equipamento":"Sem descrição","cd_identificador_tipo_equipamento":5,"nm_tipo_equipamento":"Museu","tx_tipo_equipamento":"Museus","cd_identificador_classe_equipamento":3,"nm_classe_equipamento":"MUSEUS","tx_classe_equipamento":"MUSEUS","cd_identificador_esfera_administrativa_equipamento":2,"nm_esfera_administrativa_equipamento":"Estadual","tx_esfera_administrativa_equipamento":"Entidade mantenedora: governo do estado","cd_equipamento":null,"nm_equipamento":"Centro Histórico Cultural da Enfermagem Ibero Americana","tx_endereco_equipamento":"Avenida Doutor Enéas de Carvalho Aguiar, 419","nm_bairro_equipamento":"","cd_cep_equipamento":"05400-970","tx_horario_funcionamento":null,"tx_numero_telefone":"(11) 3061-7542 / (11) 3061-7424 / 3061 7542","cd_equipamento_base_origem":null}},{"type":"Feature","id":"equipamento_cultura_museus_v3.40322","geometry":{"type":"Point","coordinates":[333155.8894,7395031.1755]},"geometry_name":"ge_ponto","properties":{"cd_identificador":40322,"cd_identificador_tema_equipamento":3,"nm_tema_equipamento":"CULTURA","cd_identificador_rede_equipamento":0,"nm_rede_equipamento":"SEM REDE","tx_rede_equipamento":"Sem descrição","cd_identificador_tipo_equipamento":5,"nm_tipo_equipamento":"Museu","tx_tipo_equipamento":"Museus","cd_identificador_classe_equipamento":3,"nm_classe_equipamento":"MUSEUS","tx_classe_equipamento":"MUSEUS","cd_identificador_esfera_administrativa_equipamento":4,"nm_esfera_administrativa_equipamento":"Particular","tx_esfera_administrativa_equipamento":"Entidade mantenedora: particular","cd_equipamento":null,"nm_equipamento":"MUB3 - Museu da Bolsa do Brasil","tx_endereco_equipamento":"Rua XV de novembro, 275","nm_bairro_equipamento":"","cd_cep_equipamento":"01013-906","tx_horario_funcionamento":null,"tx_numero_telefone":"(11) 2565-7644 / (11) 2565-6976 / (11) 93808-3167","cd_equipamento_base_origem":null}},{"type":"Feature","id":"equipamento_cultura_museus_v3.40323","geometry":{"type":"Point","coordinates":[329970.4128,7393983.9409]},"geometry_name":"ge_ponto","properties":{"cd_identificador":40323,"cd_identificador_tema_equipamento":3,"nm_tema_equipamento":"CULTURA","cd_identificador_rede_equipamento":0,"nm_rede_equipamento":"SEM REDE","tx_rede_equipamento":"Sem descrição","cd_identificador_tipo_equipamento":5,"nm_tipo_equipamento":"Museu","tx_tipo_equipamento":"Museus","cd_identificador_classe_equipamento":3,"nm_classe_equipamento":"MUSEUS","tx_classe_equipamento":"MUSEUS","cd_identificador_esfera_administrativa_equipamento":4,"nm_esfera_administrativa_equipamento":"Particular","tx_esfera_administrativa_equipamento":"Entidade mantenedora: particular","cd_equipamento":null,"nm_equipamento":"Instituto de Arte Contemporânea","tx_endereco_equipamento":"Avenida Doutor Arnaldo, 120/126","nm_bairro_equipamento":"","cd_cep_equipamento":"01246-000","tx_horario_funcionamento":null,"tx_numero_telefone":"(11) 3129-4898 / (11) 98956-1618","cd_equipamento_base_origem":null}},{"type":"Feature","id":"equipamento_cultura_museus_v3.40324","geometry":{"type":"Point","coordinates":[323314.2165,7396493.1463]},"geometry_name":"ge_ponto","properties":{"cd_identificador":40324,"cd_identificador_tema_equipamento":3,"nm_tema_equipamento":"CULTURA","cd_identificador_rede_equipamento":0,"nm_rede_equipamento":"SEM REDE","tx_rede_equipamento":"Sem descrição","cd_identificador_tipo_equipamento":5,"nm_tipo_equipamento":"Museu","tx_tipo_equipamento":"Museus","cd_identificador_classe_equipamento":3,"nm_classe_equipamento":"MUSEUS","tx_classe_equipamento":"MUSEUS","cd_identificador_esfera_administrativa_equipamento":4,"nm_esfera_administrativa_equipamento":"Particular","tx_esfera_administrativa_equipamento":"Entidade mantenedora: particular","cd_equipamento":null,"nm_equipamento":"Associação Cultural Videobrasil","tx_endereco_equipamento":"Avenida Imperatriz Leopoldina, 1150","nm_bairro_equipamento":"","cd_cep_equipamento":"05305-002","tx_horario_funcionamento":null,"tx_numero_telefone":"(11) 3645-0516","cd_equipamento_base_origem":null}},{"type":"Feature","id":"equipamento_cultura_museus_v3.40325","geometry":{"type":"Point","coordinates":[332361.3576,7389314.6636]},"geometry_name":"ge_ponto","properties":{"cd_identificador":40325,"cd_identificador_tema_equipamento":3,"nm_tema_equipamento":"CULTURA","cd_identificador_rede_equipamento":0,"nm_rede_equipamento":"SEM REDE","tx_rede_equipamento":"Sem descrição","cd_identificador_tipo_equipamento":5,"nm_tipo_equipamento":"Museu","tx_tipo_equipamento":"Museus","cd_identificador_classe_equipamento":3,"nm_classe_equipamento":"MUSEUS","tx_classe_equipamento":"MUSEUS","cd_identificador_esfera_administrativa_equipamento":3,"nm_esfera_administrativa_equipamento":"Federal","tx_esfera_administrativa_equipamento":"Entidade mantenedora: União","cd_equipamento":null,"nm_equipamento":"Museu de Anatomia Prof. Renato Locchi - Universidade Federal de São Paulo","tx_endereco_equipamento":"Rua Botucatu, 740","nm_bairro_equipamento":"","cd_cep_equipamento":"04023-900","tx_horario_funcionamento":null,"tx_numero_telefone":"(11) 5576-4848 / (11) 95656-1979","cd_equipamento_base_origem":null}},{"type":"Feature","id":"equipamento_cultura_museus_v3.40326","geometry":{"type":"Point","coordinates":[331825.2495,7390681.5209]},"geometry_name":"ge_ponto","properties":{"cd_identificador":40326,"cd_identificador_tema_equipamento":3,"nm_tema_equipamento":"CULTURA","cd_identificador_rede_equipamento":0,"nm_rede_equipamento":"SEM REDE","tx_rede_equipamento":"Sem descrição","cd_identificador_tipo_equipamento":5,"nm_tipo_equipamento":"Museu","tx_tipo_equipamento":"Museus","cd_identificador_classe_equipamento":3,"nm_classe_equipamento":"MUSEUS","tx_classe_equipamento":"MUSEUS","cd_identificador_esfera_administrativa_equipamento":2,"nm_esfera_administrativa_equipamento":"Estadual","tx_esfera_administrativa_equipamento":"Entidade mantenedora: governo do estado","cd_equipamento":null,"nm_equipamento":"Museu do Instituto Biológico","tx_endereco_equipamento":"Rua Amâncio de Carvalho, 546","nm_bairro_equipamento":"","cd_cep_equipamento":"04012-080","tx_horario_funcionamento":null,"tx_numero_telefone":"(11) 2613-9500 / 2613 9400","cd_equipamento_base_origem":null}},{"type":"Feature","id":"equipamento_cultura_museus_v3.40327","geometry":{"type":"Point","coordinates":[331198.8218,7397774.8966]},"geometry_name":"ge_ponto","properties":{"cd_identificador":40327,"cd_identificador_tema_equipamento":3,"nm_tema_equipamento":"CULTURA","cd_identificador_rede_equipamento":0,"nm_rede_equipamento":"SEM REDE","tx_rede_equipamento":"Sem descrição","cd_identificador_tipo_equipamento":5,"nm_tipo_equipamento":"Museu","tx_tipo_equipamento":"Museus","cd_identificador_classe_equipamento":3,"nm_classe_equipamento":"MUSEUS","tx_classe_equipamento":"MUSEUS","cd_identificador_esfera_administrativa_equipamento":4,"nm_esfera_administrativa_equipamento":"Particular","tx_esfera_administrativa_equipamento":"Entidade mantenedora: particular","cd_equipamento":null,"nm_equipamento":"Museu das Artes Gráficas","tx_endereco_equipamento":"Rua Anhangüera, 697","nm_bairro_equipamento":"","cd_cep_equipamento":"01135-000","tx_horario_funcionamento":null,"tx_numero_telefone":"(11) 98205-9817 / 8205 9817","cd_equipamento_base_origem":null}},{"type":"Feature","id":"equipamento_cultura_museus_v3.40328","geometry":{"type":"Point","coordinates":[324851.6774,7400850.5841]},"geometry_name":"ge_ponto","properties":{"cd_identificador":40328,"cd_identificador_tema_equipamento":3,"nm_tema_equipamento":"CULTURA","cd_identificador_rede_equipamento":0,"nm_rede_equipamento":"SEM REDE","tx_rede_equipamento":"Sem descrição","cd_identificador_tipo_equipamento":5,"nm_tipo_equipamento":"Museu","tx_tipo_equipamento":"Museus","cd_identificador_classe_equipamento":3,"nm_classe_equipamento":"MUSEUS","tx_classe_equipamento":"MUSEUS","cd_identificador_esfera_administrativa_equipamento":4,"nm_esfera_administrativa_equipamento":"Particular","tx_esfera_administrativa_equipamento":"Entidade mantenedora: particular","cd_equipamento":null,"nm_equipamento":"Museu Leasowe Castle House","tx_endereco_equipamento":"Avenida Paula Ferreira, 2159","nm_bairro_equipamento":"","cd_cep_equipamento":"02915-100","tx_horario_funcionamento":null,"tx_numero_telefone":"(11) 99184-9136","cd_equipamento_base_origem":null}},{"type":"Feature","id":"equipamento_cultura_museus_v3.40329","geometry":{"type":"Point","coordinates":[322143.8055,7392371.0253]},"geometry_name":"ge_ponto","properties":{"cd_identificador":40329,"cd_identificador_tema_equipamento":3,"nm_tema_equipamento":"CULTURA","cd_identificador_rede_equipamento":0,"nm_rede_equipamento":"SEM REDE","tx_rede_equipamento":"Sem descrição","cd_identificador_tipo_equipamento":5,"nm_tipo_equipamento":"Museu","tx_tipo_equipamento":"Museus","cd_identificador_classe_equipamento":3,"nm_classe_equipamento":"MUSEUS","tx_classe_equipamento":"MUSEUS","cd_identificador_esfera_administrativa_equipamento":4,"nm_esfera_administrativa_equipamento":"Particular","tx_esfera_administrativa_equipamento":"Entidade mantenedora: particular","cd_equipamento":null,"nm_equipamento":"Museu Drogasil","tx_endereco_equipamento":"Avenida Corifeu de Azevedo Marques, 3097","nm_bairro_equipamento":"","cd_cep_equipamento":"05339-900","tx_horario_funcionamento":null,"tx_numero_telefone":"(11) 3769-5601","cd_equipamento_base_origem":null}},{"type":"Feature","id":"equipamento_cultura_museus_v3.40330","geometry":{"type":"Point","coordinates":[329331.0019,7394103.0691]},"geometry_name":"ge_ponto","properties":{"cd_identificador":40330,"cd_identificador_tema_equipamento":3,"nm_tema_equipamento":"CULTURA","cd_identificador_rede_equipamento":0,"nm_rede_equipamento":"SEM REDE","tx_rede_equipamento":"Sem descrição","cd_identificador_tipo_equipamento":5,"nm_tipo_equipamento":"Museu","tx_tipo_equipamento":"Museus","cd_identificador_classe_equipamento":3,"nm_classe_equipamento":"MUSEUS","tx_classe_equipamento":"MUSEUS","cd_identificador_esfera_administrativa_equipamento":2,"nm_esfera_administrativa_equipamento":"Estadual","tx_esfera_administrativa_equipamento":"Entidade mantenedora: governo do estado","cd_equipamento":null,"nm_equipamento":"Museu Técnico Científico do Instituto Oscar Freire (Universidade de São Paulo) (fechado temporariamente)","tx_endereco_equipamento":"Rua Teodoro Sampaio, 115","nm_bairro_equipamento":"","cd_cep_equipamento":"05405-000","tx_horario_funcionamento":null,"tx_numero_telefone":"(11) 3061-8419","cd_equipamento_base_origem":null}},{"type":"Feature","id":"equipamento_cultura_museus_v3.40331","geometry":{"type":"Point","coordinates":[330711.6786,7395257.0157]},"geometry_name":"ge_ponto","properties":{"cd_identificador":40331,"cd_identificador_tema_equipamento":3,"nm_tema_equipamento":"CULTURA","cd_identificador_rede_equipamento":0,"nm_rede_equipamento":"SEM REDE","tx_rede_equipamento":"Sem descrição","cd_identificador_tipo_equipamento":5,"nm_tipo_equipamento":"Museu","tx_tipo_equipamento":"Museus","cd_identificador_classe_equipamento":3,"nm_classe_equipamento":"MUSEUS","tx_classe_equipamento":"MUSEUS","cd_identificador_esfera_administrativa_equipamento":4,"nm_esfera_administrativa_equipamento":"Particular","tx_esfera_administrativa_equipamento":"Entidade mantenedora: particular","cd_equipamento":null,"nm_equipamento":"Instituto Moreira Salles - Centro Cultural","tx_endereco_equipamento":"Rua Piauí, 844","nm_bairro_equipamento":"","cd_cep_equipamento":"01310-915","tx_horario_funcionamento":null,"tx_numero_telefone":"(11) 3825-2560","cd_equipamento_base_origem":null}},{"type":"Feature","id":"equipamento_cultura_museus_v3.40332","geometry":{"type":"Point","coordinates":[332692.032,7395362.1323]},"geometry_name":"ge_ponto","properties":{"cd_identificador":40332,"cd_identificador_tema_equipamento":3,"nm_tema_equipamento":"CULTURA","cd_identificador_rede_equipamento":0,"nm_rede_equipamento":"SEM REDE","tx_rede_equipamento":"Sem descrição","cd_identificador_tipo_equipamento":5,"nm_tipo_equipamento":"Museu","tx_tipo_equipamento":"Museus","cd_identificador_classe_equipamento":3,"nm_classe_equipamento":"MUSEUS","tx_classe_equipamento":"MUSEUS","cd_identificador_esfera_administrativa_equipamento":1,"nm_esfera_administrativa_equipamento":"Municipal","tx_esfera_administrativa_equipamento":"Entidade mantenedora: PMSP","cd_equipamento":null,"nm_equipamento":"Centro de Memória do Circo","tx_endereco_equipamento":"Avenida São João, 473","nm_bairro_equipamento":"","cd_cep_equipamento":"01035-000","tx_horario_funcionamento":null,"tx_numero_telefone":"(11) 2899-7379 2899 7377","cd_equipamento_base_origem":null}},{"type":"Feature","id":"equipamento_cultura_museus_v3.40333","geometry":{"type":"Point","coordinates":[333904.8804,7398521.5156]},"geometry_name":"ge_ponto","properties":{"cd_identificador":40333,"cd_identificador_tema_equipamento":3,"nm_tema_equipamento":"CULTURA","cd_identificador_rede_equipamento":0,"nm_rede_equipamento":"SEM REDE","tx_rede_equipamento":"Sem descrição","cd_identificador_tipo_equipamento":5,"nm_tipo_equipamento":"Museu","tx_tipo_equipamento":"Museus","cd_identificador_classe_equipamento":3,"nm_classe_equipamento":"MUSEUS","tx_classe_equipamento":"MUSEUS","cd_identificador_esfera_administrativa_equipamento":4,"nm_esfera_administrativa_equipamento":"Particular","tx_esfera_administrativa_equipamento":"Entidade mantenedora: particular","cd_equipamento":null,"nm_equipamento":"Instituto Museu e Biblioteca de Odontologia de São Paulo","tx_endereco_equipamento":"Rua Voluntários da Pátria, 547","nm_bairro_equipamento":"","cd_cep_equipamento":"02011-000","tx_horario_funcionamento":null,"tx_numero_telefone":"(11) 2223-2355","cd_equipamento_base_origem":null}},{"type":"Feature","id":"equipamento_cultura_museus_v3.40334","geometry":{"type":"Point","coordinates":[324386.3256,7389019.1929]},"geometry_name":"ge_ponto","properties":{"cd_identificador":40334,"cd_identificador_tema_equipamento":3,"nm_tema_equipamento":"CULTURA","cd_identificador_rede_equipamento":0,"nm_rede_equipamento":"SEM REDE","tx_rede_equipamento":"Sem descrição","cd_identificador_tipo_equipamento":5,"nm_tipo_equipamento":"Museu","tx_tipo_equipamento":"Museus","cd_identificador_classe_equipamento":3,"nm_classe_equipamento":"MUSEUS","tx_classe_equipamento":"MUSEUS","cd_identificador_esfera_administrativa_equipamento":4,"nm_esfera_administrativa_equipamento":"Particular","tx_esfera_administrativa_equipamento":"Entidade mantenedora: particular","cd_equipamento":null,"nm_equipamento":"Memorial do São Paulo Futebol Clube","tx_endereco_equipamento":"Avenida Giovanni Gronchi, s/n","nm_bairro_equipamento":"","cd_cep_equipamento":"05653-070","tx_horario_funcionamento":null,"tx_numero_telefone":"(11) 3749-8000 / (11) 3749-8020","cd_equipamento_base_origem":null}},{"type":"Feature","id":"equipamento_cultura_museus_v3.40335","geometry":{"type":"Point","coordinates":[333349.5965,7394890.2091]},"geometry_name":"ge_ponto","properties":{"cd_identificador":40335,"cd_identificador_tema_equipamento":3,"nm_tema_equipamento":"CULTURA","cd_identificador_rede_equipamento":0,"nm_rede_equipamento":"SEM REDE","tx_rede_equipamento":"Sem descrição","cd_identificador_tipo_equipamento":5,"nm_tipo_equipamento":"Museu","tx_tipo_equipamento":"Museus","cd_identificador_classe_equipamento":3,"nm_classe_equipamento":"MUSEUS","tx_classe_equipamento":"MUSEUS","cd_identificador_esfera_administrativa_equipamento":4,"nm_esfera_administrativa_equipamento":"Particular","tx_esfera_administrativa_equipamento":"Entidade mantenedora: particular","cd_equipamento":null,"nm_equipamento":"Museu Anchieta","tx_endereco_equipamento":"Praça Patteo do Collegio, 2","nm_bairro_equipamento":"","cd_cep_equipamento":"01016-040","tx_horario_funcionamento":null,"tx_numero_telefone":"(11) 3105-6899","cd_equipamento_base_origem":null}},{"type":"Feature","id":"equipamento_cultura_museus_v3.40336","geometry":{"type":"Point","coordinates":[323365.1449,7392786.5776]},"geometry_name":"ge_ponto","properties":{"cd_identificador":40336,"cd_identificador_tema_equipamento":3,"nm_tema_equipamento":"CULTURA","cd_identificador_rede_equipamento":0,"nm_rede_equipamento":"SEM REDE","tx_rede_equipamento":"Sem descrição","cd_identificador_tipo_equipamento":5,"nm_tipo_equipamento":"Museu","tx_tipo_equipamento":"Museus","cd_identificador_classe_equipamento":3,"nm_classe_equipamento":"MUSEUS","tx_classe_equipamento":"MUSEUS","cd_identificador_esfera_administrativa_equipamento":2,"nm_esfera_administrativa_equipamento":"Estadual","tx_esfera_administrativa_equipamento":"Entidade mantenedora: governo do estado","cd_equipamento":null,"nm_equipamento":"Herbário do Departamento de Botânica (Universidade de São Paulo)","tx_endereco_equipamento":"Rua do Matão, 277","nm_bairro_equipamento":"","cd_cep_equipamento":"05508-090","tx_horario_funcionamento":null,"tx_numero_telefone":"(11) 3091-7545","cd_equipamento_base_origem":null}},{"type":"Feature","id":"equipamento_cultura_museus_v3.40337","geometry":{"type":"Point","coordinates":[328931.0587,7392084.7081]},"geometry_name":"ge_ponto","properties":{"cd_identificador":40337,"cd_identificador_tema_equipamento":3,"nm_tema_equipamento":"CULTURA","cd_identificador_rede_equipamento":0,"nm_rede_equipamento":"SEM REDE","tx_rede_equipamento":"Sem descrição","cd_identificador_tipo_equipamento":5,"nm_tipo_equipamento":"Museu","tx_tipo_equipamento":"Museus","cd_identificador_classe_equipamento":3,"nm_classe_equipamento":"MUSEUS","tx_classe_equipamento":"MUSEUS","cd_identificador_esfera_administrativa_equipamento":2,"nm_esfera_administrativa_equipamento":"Estadual","tx_esfera_administrativa_equipamento":"Entidade mantenedora: governo do estado","cd_equipamento":null,"nm_equipamento":"Museu da Imagem e do Som - MIS - SP","tx_endereco_equipamento":"Avenida Europa, 158","nm_bairro_equipamento":"","cd_cep_equipamento":"1449000","tx_horario_funcionamento":null,"tx_numero_telefone":"(11) 2117-4777","cd_equipamento_base_origem":null}},{"type":"Feature","id":"equipamento_cultura_museus_v3.40338","geometry":{"type":"Point","coordinates":[322451.9448,7392828.4654]},"geometry_name":"ge_ponto","properties":{"cd_identificador":40338,"cd_identificador_tema_equipamento":3,"nm_tema_equipamento":"CULTURA","cd_identificador_rede_equipamento":0,"nm_rede_equipamento":"SEM REDE","tx_rede_equipamento":"Sem descrição","cd_identificador_tipo_equipamento":5,"nm_tipo_equipamento":"Museu","tx_tipo_equipamento":"Museus","cd_identificador_classe_equipamento":3,"nm_classe_equipamento":"MUSEUS","tx_classe_equipamento":"MUSEUS","cd_identificador_esfera_administrativa_equipamento":2,"nm_esfera_administrativa_equipamento":"Estadual","tx_esfera_administrativa_equipamento":"Entidade mantenedora: governo do estado","cd_equipamento":null,"nm_equipamento":"Museu de Anatomia Humana Professor Alfonso Bovero - Universidade de São Paulo","tx_endereco_equipamento":"Avenida Professor Lineu Prestes, 2415","nm_bairro_equipamento":"","cd_cep_equipamento":"05508-900","tx_horario_funcionamento":null,"tx_numero_telefone":"(11) 3091-7360","cd_equipamento_base_origem":null}},{"type":"Feature","id":"equipamento_cultura_museus_v3.40339","geometry":{"type":"Point","coordinates":[325183.5019,7392765.1352]},"geometry_name":"ge_ponto","properties":{"cd_identificador":40339,"cd_identificador_tema_equipamento":3,"nm_tema_equipamento":"CULTURA","cd_identificador_rede_equipamento":0,"nm_rede_equipamento":"SEM REDE","tx_rede_equipamento":"Sem descrição","cd_identificador_tipo_equipamento":5,"nm_tipo_equipamento":"Museu","tx_tipo_equipamento":"Museus","cd_identificador_classe_equipamento":3,"nm_classe_equipamento":"MUSEUS","tx_classe_equipamento":"MUSEUS","cd_identificador_esfera_administrativa_equipamento":2,"nm_esfera_administrativa_equipamento":"Estadual","tx_esfera_administrativa_equipamento":"Entidade mantenedora: governo do estado","cd_equipamento":null,"nm_equipamento":"Museu da Polícia Civil do Estado de São Paulo","tx_endereco_equipamento":"Praça Professor Reynaldo Porchat, 219","nm_bairro_equipamento":"","cd_cep_equipamento":"05507-040","tx_horario_funcionamento":null,"tx_numero_telefone":"(11) 3468-3360 / (11) 3468-3300","cd_equipamento_base_origem":null}},{"type":"Feature","id":"equipamento_cultura_museus_v3.40340","geometry":{"type":"Point","coordinates":[323661.4383,7393233.5425]},"geometry_name":"ge_ponto","properties":{"cd_identificador":40340,"cd_identificador_tema_equipamento":3,"nm_tema_equipamento":"CULTURA","cd_identificador_rede_equipamento":0,"nm_rede_equipamento":"SEM REDE","tx_rede_equipamento":"Sem descrição","cd_identificador_tipo_equipamento":5,"nm_tipo_equipamento":"Museu","tx_tipo_equipamento":"Museus","cd_identificador_classe_equipamento":3,"nm_classe_equipamento":"MUSEUS","tx_classe_equipamento":"MUSEUS","cd_identificador_esfera_administrativa_equipamento":2,"nm_esfera_administrativa_equipamento":"Estadual","tx_esfera_administrativa_equipamento":"Entidade mantenedora: governo do estado","cd_equipamento":null,"nm_equipamento":"Museu de Geociências da Universidade de São Paulo","tx_endereco_equipamento":"Rua do Lago, 562","nm_bairro_equipamento":"","cd_cep_equipamento":"05508-080","tx_horario_funcionamento":null,"tx_numero_telefone":"(11) 3091-3952 / (11) 3091-4670","cd_equipamento_base_origem":null}},{"type":"Feature","id":"equipamento_cultura_museus_v3.40341","geometry":{"type":"Point","coordinates":[330658.4798,7392776.9478]},"geometry_name":"ge_ponto","properties":{"cd_identificador":40341,"cd_identificador_tema_equipamento":3,"nm_tema_equipamento":"CULTURA","cd_identificador_rede_equipamento":0,"nm_rede_equipamento":"SEM REDE","tx_rede_equipamento":"Sem descrição","cd_identificador_tipo_equipamento":5,"nm_tipo_equipamento":"Museu","tx_tipo_equipamento":"Museus","cd_identificador_classe_equipamento":3,"nm_classe_equipamento":"MUSEUS","tx_classe_equipamento":"MUSEUS","cd_identificador_esfera_administrativa_equipamento":4,"nm_esfera_administrativa_equipamento":"Particular","tx_esfera_administrativa_equipamento":"Entidade mantenedora: particular","cd_equipamento":null,"nm_equipamento":"Museu Xingu","tx_endereco_equipamento":"Rua José Maria Lisboa, 838","nm_bairro_equipamento":"","cd_cep_equipamento":"01423-001","tx_horario_funcionamento":null,"tx_numero_telefone":"(11) 5522-4440 / (11) 4899-3511 / (11) 99975-2418 / (11) 5522-4440","cd_equipamento_base_origem":null}},{"type":"Feature","id":"equipamento_cultura_museus_v3.40342","geometry":{"type":"Point","coordinates":[321460.6035,7377782.5362]},"geometry_name":"ge_ponto","properties":{"cd_identificador":40342,"cd_identificador_tema_equipamento":3,"nm_tema_equipamento":"CULTURA","cd_identificador_rede_equipamento":0,"nm_rede_equipamento":"SEM REDE","tx_rede_equipamento":"Sem descrição","cd_identificador_tipo_equipamento":5,"nm_tipo_equipamento":"Museu","tx_tipo_equipamento":"Museus","cd_identificador_classe_equipamento":3,"nm_classe_equipamento":"MUSEUS","tx_classe_equipamento":"MUSEUS","cd_identificador_esfera_administrativa_equipamento":2,"nm_esfera_administrativa_equipamento":"Estadual","tx_esfera_administrativa_equipamento":"Entidade mantenedora: governo do estado","cd_equipamento":null,"nm_equipamento":"Parque Ecológico Guarapiranga","tx_endereco_equipamento":"Estrada da Riviera, 3286","nm_bairro_equipamento":"","cd_cep_equipamento":"04916-000","tx_horario_funcionamento":null,"tx_numero_telefone":"(11) 5517-6707 / 5517 6707","cd_equipamento_base_origem":null}},{"type":"Feature","id":"equipamento_cultura_museus_v3.40343","geometry":{"type":"Point","coordinates":[333144.1441,7404321.6486]},"geometry_name":"ge_ponto","properties":{"cd_identificador":40343,"cd_identificador_tema_equipamento":3,"nm_tema_equipamento":"CULTURA","cd_identificador_rede_equipamento":0,"nm_rede_equipamento":"SEM REDE","tx_rede_equipamento":"Sem descrição","cd_identificador_tipo_equipamento":5,"nm_tipo_equipamento":"Museu","tx_tipo_equipamento":"Museus","cd_identificador_classe_equipamento":3,"nm_classe_equipamento":"MUSEUS","tx_classe_equipamento":"MUSEUS","cd_identificador_esfera_administrativa_equipamento":2,"nm_esfera_administrativa_equipamento":"Estadual","tx_esfera_administrativa_equipamento":"Entidade mantenedora: governo do estado","cd_equipamento":null,"nm_equipamento":"Acervo Artístico-Cultural dos Palácios do Governo do Estado de São Paulo - Palácio do Horto","tx_endereco_equipamento":"Rua do Horto, 931","nm_bairro_equipamento":"","cd_cep_equipamento":"02377-000","tx_horario_funcionamento":null,"tx_numero_telefone":"(11) 2193-8282","cd_equipamento_base_origem":null}},{"type":"Feature","id":"equipamento_cultura_museus_v3.40344","geometry":{"type":"Point","coordinates":[334896.9026,7384506.2369]},"geometry_name":"ge_ponto","properties":{"cd_identificador":40344,"cd_identificador_tema_equipamento":3,"nm_tema_equipamento":"CULTURA","cd_identificador_rede_equipamento":0,"nm_rede_equipamento":"SEM REDE","tx_rede_equipamento":"Sem descrição","cd_identificador_tipo_equipamento":5,"nm_tipo_equipamento":"Museu","tx_tipo_equipamento":"Museus","cd_identificador_classe_equipamento":3,"nm_classe_equipamento":"MUSEUS","tx_classe_equipamento":"MUSEUS","cd_identificador_esfera_administrativa_equipamento":2,"nm_esfera_administrativa_equipamento":"Estadual","tx_esfera_administrativa_equipamento":"Entidade mantenedora: governo do estado","cd_equipamento":null,"nm_equipamento":"Parque Estadual Fontes do Ipiranga","tx_endereco_equipamento":"Avenida Miguel Estefno, 3687","nm_bairro_equipamento":"","cd_cep_equipamento":"04301-012","tx_horario_funcionamento":null,"tx_numero_telefone":"(11) 5067-6220 / (11) 5067-6000 5067 6220/ 6219/6221","cd_equipamento_base_origem":null}},{"type":"Feature","id":"equipamento_cultura_museus_v3.40345","geometry":{"type":"Point","coordinates":[330528.7,7391651.3]},"geometry_name":"ge_ponto","properties":{"cd_identificador":40345,"cd_identificador_tema_equipamento":3,"nm_tema_equipamento":"CULTURA","cd_identificador_rede_equipamento":0,"nm_rede_equipamento":"SEM REDE","tx_rede_equipamento":"Sem descrição","cd_identificador_tipo_equipamento":5,"nm_tipo_equipamento":"Museu","tx_tipo_equipamento":"Museus","cd_identificador_classe_equipamento":3,"nm_classe_equipamento":"MUSEUS","tx_classe_equipamento":"MUSEUS","cd_identificador_esfera_administrativa_equipamento":4,"nm_esfera_administrativa_equipamento":"Particular","tx_esfera_administrativa_equipamento":"Entidade mantenedora: particular","cd_equipamento":null,"nm_equipamento":"Centro Pró-Memória - Club Athlético Paulistano","tx_endereco_equipamento":"Rua Honduras, 1400","nm_bairro_equipamento":"","cd_cep_equipamento":"01428-900","tx_horario_funcionamento":null,"tx_numero_telefone":"(11) 3065-2000 / (11) 3065-2057 / (11) 3065-2050","cd_equipamento_base_origem":null}},{"type":"Feature","id":"equipamento_cultura_museus_v3.40346","geometry":{"type":"Point","coordinates":[332765.7618,7396310.3395]},"geometry_name":"ge_ponto","properties":{"cd_identificador":40346,"cd_identificador_tema_equipamento":3,"nm_tema_equipamento":"CULTURA","cd_identificador_rede_equipamento":0,"nm_rede_equipamento":"SEM REDE","tx_rede_equipamento":"Sem descrição","cd_identificador_tipo_equipamento":5,"nm_tipo_equipamento":"Museu","tx_tipo_equipamento":"Museus","cd_identificador_classe_equipamento":3,"nm_classe_equipamento":"MUSEUS","tx_classe_equipamento":"MUSEUS","cd_identificador_esfera_administrativa_equipamento":2,"nm_esfera_administrativa_equipamento":"Estadual","tx_esfera_administrativa_equipamento":"Entidade mantenedora: governo do estado","cd_equipamento":null,"nm_equipamento":"Memorial da Resistência de São Paulo","tx_endereco_equipamento":"Largo General Osório, 66","nm_bairro_equipamento":"","cd_cep_equipamento":"01213-010","tx_horario_funcionamento":null,"tx_numero_telefone":"(11) 3335-5910 / (11) 3335-4996 / (11) 98287-0282","cd_equipamento_base_origem":null}},{"type":"Feature","id":"equipamento_cultura_museus_v3.40347","geometry":{"type":"Point","coordinates":[333714.0735,7396645.4774]},"geometry_name":"ge_ponto","properties":{"cd_identificador":40347,"cd_identificador_tema_equipamento":3,"nm_tema_equipamento":"CULTURA","cd_identificador_rede_equipamento":0,"nm_rede_equipamento":"SEM REDE","tx_rede_equipamento":"Sem descrição","cd_identificador_tipo_equipamento":5,"nm_tipo_equipamento":"Museu","tx_tipo_equipamento":"Museus","cd_identificador_classe_equipamento":3,"nm_classe_equipamento":"MUSEUS","tx_classe_equipamento":"MUSEUS","cd_identificador_esfera_administrativa_equipamento":2,"nm_esfera_administrativa_equipamento":"Estadual","tx_esfera_administrativa_equipamento":"Entidade mantenedora: governo do estado","cd_equipamento":null,"nm_equipamento":"Museu de Polícia Militar do Estado de São Paulo (fechado temporariamente)","tx_endereco_equipamento":"Rua Dr Jorge Miranda, 308","nm_bairro_equipamento":"","cd_cep_equipamento":"01106-000","tx_horario_funcionamento":null,"tx_numero_telefone":"(11) 3727-3793 / (11) 9732-53638","cd_equipamento_base_origem":null}},{"type":"Feature","id":"equipamento_cultura_museus_v3.40348","geometry":{"type":"Point","coordinates":[323013.1995,7393386.6689]},"geometry_name":"ge_ponto","properties":{"cd_identificador":40348,"cd_identificador_tema_equipamento":3,"nm_tema_equipamento":"CULTURA","cd_identificador_rede_equipamento":0,"nm_rede_equipamento":"SEM REDE","tx_rede_equipamento":"Sem descrição","cd_identificador_tipo_equipamento":5,"nm_tipo_equipamento":"Museu","tx_tipo_equipamento":"Museus","cd_identificador_classe_equipamento":3,"nm_classe_equipamento":"MUSEUS","tx_classe_equipamento":"MUSEUS","cd_identificador_esfera_administrativa_equipamento":2,"nm_esfera_administrativa_equipamento":"Estadual","tx_esfera_administrativa_equipamento":"Entidade mantenedora: governo do estado","cd_equipamento":null,"nm_equipamento":"Laboratório de Demonstrações Físicas - Instituto de Física da Universidade de São Paulo","tx_endereco_equipamento":"Rua do Matão, s/n","nm_bairro_equipamento":"","cd_cep_equipamento":"05508-090","tx_horario_funcionamento":null,"tx_numero_telefone":"(11) 3091-6977 / (11) 3091-6853 3091 6642","cd_equipamento_base_origem":null}},{"type":"Feature","id":"equipamento_cultura_museus_v3.40349","geometry":{"type":"Point","coordinates":[329145.4753,7394942.7437]},"geometry_name":"ge_ponto","properties":{"cd_identificador":40349,"cd_identificador_tema_equipamento":3,"nm_tema_equipamento":"CULTURA","cd_identificador_rede_equipamento":0,"nm_rede_equipamento":"SEM REDE","tx_rede_equipamento":"Sem descrição","cd_identificador_tipo_equipamento":5,"nm_tipo_equipamento":"Museu","tx_tipo_equipamento":"Museus","cd_identificador_classe_equipamento":3,"nm_classe_equipamento":"MUSEUS","tx_classe_equipamento":"MUSEUS","cd_identificador_esfera_administrativa_equipamento":2,"nm_esfera_administrativa_equipamento":"Estadual","tx_esfera_administrativa_equipamento":"Entidade mantenedora: governo do estado","cd_equipamento":null,"nm_equipamento":"Casa Guilherme de Almeida","tx_endereco_equipamento":"Rua Macapá, 187","nm_bairro_equipamento":"","cd_cep_equipamento":"01251-080","tx_horario_funcionamento":null,"tx_numero_telefone":"(11) 3673-1883 / (11) 3672-1391 / (11) 97657-5674","cd_equipamento_base_origem":null}},{"type":"Feature","id":"equipamento_cultura_museus_v3.40350","geometry":{"type":"Point","coordinates":[352373.2624,7401340.526]},"geometry_name":"ge_ponto","properties":{"cd_identificador":40350,"cd_identificador_tema_equipamento":3,"nm_tema_equipamento":"CULTURA","cd_identificador_rede_equipamento":0,"nm_rede_equipamento":"SEM REDE","tx_rede_equipamento":"Sem descrição","cd_identificador_tipo_equipamento":5,"nm_tipo_equipamento":"Museu","tx_tipo_equipamento":"Museus","cd_identificador_classe_equipamento":3,"nm_classe_equipamento":"MUSEUS","tx_classe_equipamento":"MUSEUS","cd_identificador_esfera_administrativa_equipamento":4,"nm_esfera_administrativa_equipamento":"Particular","tx_esfera_administrativa_equipamento":"Entidade mantenedora: particular","cd_equipamento":null,"nm_equipamento":"Museu Capela de São Miguel Arcanjo","tx_endereco_equipamento":"Praça Padre Aleixo Monteiro Mafra, 10","nm_bairro_equipamento":"","cd_cep_equipamento":"08011-010","tx_horario_funcionamento":null,"tx_numero_telefone":"(11) 2032-4160 / (11) 2032-3921","cd_equipamento_base_origem":null}},{"type":"Feature","id":"equipamento_cultura_museus_v3.40351","geometry":{"type":"Point","coordinates":[332181.166,7389686.685]},"geometry_name":"ge_ponto","properties":{"cd_identificador":40351,"cd_identificador_tema_equipamento":3,"nm_tema_equipamento":"CULTURA","cd_identificador_rede_equipamento":0,"nm_rede_equipamento":"SEM REDE","tx_rede_equipamento":"Sem descrição","cd_identificador_tipo_equipamento":5,"nm_tipo_equipamento":"Museu","tx_tipo_equipamento":"Museus","cd_identificador_classe_equipamento":3,"nm_classe_equipamento":"MUSEUS","tx_classe_equipamento":"MUSEUS","cd_identificador_esfera_administrativa_equipamento":1,"nm_esfera_administrativa_equipamento":"Municipal","tx_esfera_administrativa_equipamento":"Entidade mantenedora: PMSP","cd_equipamento":null,"nm_equipamento":"Memorial da Educação Municipal- MEM","tx_endereco_equipamento":"Rua Estado de Israel, 509","nm_bairro_equipamento":"","cd_cep_equipamento":"04022-002","tx_horario_funcionamento":null,"tx_numero_telefone":"(11) 5080-7300","cd_equipamento_base_origem":null}},{"type":"Feature","id":"equipamento_cultura_museus_v3.40352","geometry":{"type":"Point","coordinates":[332526.8708,7395335.5546]},"geometry_name":"ge_ponto","properties":{"cd_identificador":40352,"cd_identificador_tema_equipamento":3,"nm_tema_equipamento":"CULTURA","cd_identificador_rede_equipamento":0,"nm_rede_equipamento":"SEM REDE","tx_rede_equipamento":"Sem descrição","cd_identificador_tipo_equipamento":5,"nm_tipo_equipamento":"Museu","tx_tipo_equipamento":"Museus","cd_identificador_classe_equipamento":3,"nm_classe_equipamento":"MUSEUS","tx_classe_equipamento":"MUSEUS","cd_identificador_esfera_administrativa_equipamento":4,"nm_esfera_administrativa_equipamento":"Particular","tx_esfera_administrativa_equipamento":"Entidade mantenedora: particular","cd_equipamento":null,"nm_equipamento":"Museu Tattoo Brasil (fechado temporariamente)","tx_endereco_equipamento":"Rua 24 de maio, 225","nm_bairro_equipamento":"","cd_cep_equipamento":"01041-001","tx_horario_funcionamento":null,"tx_numero_telefone":"(11) 3222-8049","cd_equipamento_base_origem":null}},{"type":"Feature","id":"equipamento_cultura_museus_v3.40353","geometry":{"type":"Point","coordinates":[327082.4908,7393440.086]},"geometry_name":"ge_ponto","properties":{"cd_identificador":40353,"cd_identificador_tema_equipamento":3,"nm_tema_equipamento":"CULTURA","cd_identificador_rede_equipamento":0,"nm_rede_equipamento":"SEM REDE","tx_rede_equipamento":"Sem descrição","cd_identificador_tipo_equipamento":5,"nm_tipo_equipamento":"Museu","tx_tipo_equipamento":"Museus","cd_identificador_classe_equipamento":3,"nm_classe_equipamento":"MUSEUS","tx_classe_equipamento":"MUSEUS","cd_identificador_esfera_administrativa_equipamento":4,"nm_esfera_administrativa_equipamento":"Particular","tx_esfera_administrativa_equipamento":"Entidade mantenedora: particular","cd_equipamento":null,"nm_equipamento":"A Casa - Museu do Objeto Brasileiro","tx_endereco_equipamento":"Avenida Pedroso de Morais, 1234","nm_bairro_equipamento":"","cd_cep_equipamento":"05420-001","tx_horario_funcionamento":null,"tx_numero_telefone":"(11) 3814-9711","cd_equipamento_base_origem":null}},{"type":"Feature","id":"equipamento_cultura_museus_v3.40354","geometry":{"type":"Point","coordinates":[327003.4601,7398757.556]},"geometry_name":"ge_ponto","properties":{"cd_identificador":40354,"cd_identificador_tema_equipamento":3,"nm_tema_equipamento":"CULTURA","cd_identificador_rede_equipamento":0,"nm_rede_equipamento":"SEM REDE","tx_rede_equipamento":"Sem descrição","cd_identificador_tipo_equipamento":5,"nm_tipo_equipamento":"Museu","tx_tipo_equipamento":"Museus","cd_identificador_classe_equipamento":3,"nm_classe_equipamento":"MUSEUS","tx_classe_equipamento":"MUSEUS","cd_identificador_esfera_administrativa_equipamento":4,"nm_esfera_administrativa_equipamento":"Particular","tx_esfera_administrativa_equipamento":"Entidade mantenedora: particular","cd_equipamento":null,"nm_equipamento":"Fundação Padre Anchieta","tx_endereco_equipamento":"Rua Cenno Sbrighi, 378","nm_bairro_equipamento":"","cd_cep_equipamento":"05036-900","tx_horario_funcionamento":null,"tx_numero_telefone":"(11) 2182-3810 2182 3811","cd_equipamento_base_origem":null}},{"type":"Feature","id":"equipamento_cultura_museus_v3.40355","geometry":{"type":"Point","coordinates":[344803.7409,7400895.0265]},"geometry_name":"ge_ponto","properties":{"cd_identificador":40355,"cd_identificador_tema_equipamento":3,"nm_tema_equipamento":"CULTURA","cd_identificador_rede_equipamento":0,"nm_rede_equipamento":"SEM REDE","tx_rede_equipamento":"Sem descrição","cd_identificador_tipo_equipamento":5,"nm_tipo_equipamento":"Museu","tx_tipo_equipamento":"Museus","cd_identificador_classe_equipamento":3,"nm_classe_equipamento":"MUSEUS","tx_classe_equipamento":"MUSEUS","cd_identificador_esfera_administrativa_equipamento":2,"nm_esfera_administrativa_equipamento":"Estadual","tx_esfera_administrativa_equipamento":"Entidade mantenedora: governo do estado","cd_equipamento":null,"nm_equipamento":"Parque Ecológico do Tietê","tx_endereco_equipamento":"Rua Guira Acangatara, 70","nm_bairro_equipamento":"","cd_cep_equipamento":"03719-000","tx_horario_funcionamento":null,"tx_numero_telefone":"(11) 2958-1477 / 2958 1477","cd_equipamento_base_origem":null}},{"type":"Feature","id":"equipamento_cultura_museus_v3.40356","geometry":{"type":"Point","coordinates":[328661.1,7390129.7]},"geometry_name":"ge_ponto","properties":{"cd_identificador":40356,"cd_identificador_tema_equipamento":3,"nm_tema_equipamento":"CULTURA","cd_identificador_rede_equipamento":0,"nm_rede_equipamento":"SEM REDE","tx_rede_equipamento":"Sem descrição","cd_identificador_tipo_equipamento":5,"nm_tipo_equipamento":"Museu","tx_tipo_equipamento":"Museus","cd_identificador_classe_equipamento":3,"nm_classe_equipamento":"MUSEUS","tx_classe_equipamento":"MUSEUS","cd_identificador_esfera_administrativa_equipamento":4,"nm_esfera_administrativa_equipamento":"Particular","tx_esfera_administrativa_equipamento":"Entidade mantenedora: particular","cd_equipamento":null,"nm_equipamento":"Centro de História Unilever","tx_endereco_equipamento":"Avenida Presidente Juscelino Kubitschek, 1039","nm_bairro_equipamento":"","cd_cep_equipamento":"04543-000","tx_horario_funcionamento":null,"tx_numero_telefone":"(11) 3568-8200 3568 8201","cd_equipamento_base_origem":null}},{"type":"Feature","id":"equipamento_cultura_museus_v3.40357","geometry":{"type":"Point","coordinates":[332780.8914,7394335.3646]},"geometry_name":"ge_ponto","properties":{"cd_identificador":40357,"cd_identificador_tema_equipamento":3,"nm_tema_equipamento":"CULTURA","cd_identificador_rede_equipamento":0,"nm_rede_equipamento":"SEM REDE","tx_rede_equipamento":"Sem descrição","cd_identificador_tipo_equipamento":5,"nm_tipo_equipamento":"Museu","tx_tipo_equipamento":"Museus","cd_identificador_classe_equipamento":3,"nm_classe_equipamento":"MUSEUS","tx_classe_equipamento":"MUSEUS","cd_identificador_esfera_administrativa_equipamento":4,"nm_esfera_administrativa_equipamento":"Particular","tx_esfera_administrativa_equipamento":"Entidade mantenedora: particular","cd_equipamento":null,"nm_equipamento":"Museu de História da Medicina da Associação Paulista de Medicina","tx_endereco_equipamento":"Avenida Brigadeiro Luiz Antônio, 278","nm_bairro_equipamento":"","cd_cep_equipamento":"01318-901","tx_horario_funcionamento":null,"tx_numero_telefone":"(11) 3188-4303","cd_equipamento_base_origem":null}},{"type":"Feature","id":"equipamento_cultura_museus_v3.40358","geometry":{"type":"Point","coordinates":[323467.0352,7383649.817]},"geometry_name":"ge_ponto","properties":{"cd_identificador":40358,"cd_identificador_tema_equipamento":3,"nm_tema_equipamento":"CULTURA","cd_identificador_rede_equipamento":0,"nm_rede_equipamento":"SEM REDE","tx_rede_equipamento":"Sem descrição","cd_identificador_tipo_equipamento":5,"nm_tipo_equipamento":"Museu","tx_tipo_equipamento":"Museus","cd_identificador_classe_equipamento":3,"nm_classe_equipamento":"MUSEUS","tx_classe_equipamento":"MUSEUS","cd_identificador_esfera_administrativa_equipamento":4,"nm_esfera_administrativa_equipamento":"Particular","tx_esfera_administrativa_equipamento":"Entidade mantenedora: particular","cd_equipamento":null,"nm_equipamento":"Centro de Memória Bunge","tx_endereco_equipamento":"Centro Empresarial de São Paulo - Avenida Maria Coelho Aguiar, 215","nm_bairro_equipamento":"","cd_cep_equipamento":"05804-900","tx_horario_funcionamento":null,"tx_numero_telefone":"(11) 3741-6718","cd_equipamento_base_origem":null}},{"type":"Feature","id":"equipamento_cultura_museus_v3.40359","geometry":{"type":"Point","coordinates":[332019.1239,7392369.3759]},"geometry_name":"ge_ponto","properties":{"cd_identificador":40359,"cd_identificador_tema_equipamento":3,"nm_tema_equipamento":"CULTURA","cd_identificador_rede_equipamento":0,"nm_rede_equipamento":"SEM REDE","tx_rede_equipamento":"Sem descrição","cd_identificador_tipo_equipamento":5,"nm_tipo_equipamento":"Museu","tx_tipo_equipamento":"Museus","cd_identificador_classe_equipamento":3,"nm_classe_equipamento":"MUSEUS","tx_classe_equipamento":"MUSEUS","cd_identificador_esfera_administrativa_equipamento":4,"nm_esfera_administrativa_equipamento":"Particular","tx_esfera_administrativa_equipamento":"Entidade mantenedora: particular","cd_equipamento":null,"nm_equipamento":"Itaú Numismática","tx_endereco_equipamento":"Avenida Paulista, 149","nm_bairro_equipamento":"","cd_cep_equipamento":"01311-000","tx_horario_funcionamento":null,"tx_numero_telefone":"(11) 2168-1876 / (11) 2168-1777","cd_equipamento_base_origem":null}},{"type":"Feature","id":"equipamento_cultura_museus_v3.40360","geometry":{"type":"Point","coordinates":[325415.5313,7397494.0686]},"geometry_name":"ge_ponto","properties":{"cd_identificador":40360,"cd_identificador_tema_equipamento":3,"nm_tema_equipamento":"CULTURA","cd_identificador_rede_equipamento":0,"nm_rede_equipamento":"SEM REDE","tx_rede_equipamento":"Sem descrição","cd_identificador_tipo_equipamento":5,"nm_tipo_equipamento":"Museu","tx_tipo_equipamento":"Museus","cd_identificador_classe_equipamento":3,"nm_classe_equipamento":"MUSEUS","tx_classe_equipamento":"MUSEUS","cd_identificador_esfera_administrativa_equipamento":4,"nm_esfera_administrativa_equipamento":"Particular","tx_esfera_administrativa_equipamento":"Entidade mantenedora: particular","cd_equipamento":null,"nm_equipamento":"Museu Espírita de São Paulo","tx_endereco_equipamento":"Rua Guaricanga, 357","nm_bairro_equipamento":"","cd_cep_equipamento":"05075-030","tx_horario_funcionamento":null,"tx_numero_telefone":"(11) 3834-6221 / 3834 6221","cd_equipamento_base_origem":null}},{"type":"Feature","id":"equipamento_cultura_museus_v3.40361","geometry":{"type":"Point","coordinates":[330321.228,7395158.9449]},"geometry_name":"ge_ponto","properties":{"cd_identificador":40361,"cd_identificador_tema_equipamento":3,"nm_tema_equipamento":"CULTURA","cd_identificador_rede_equipamento":0,"nm_rede_equipamento":"SEM REDE","tx_rede_equipamento":"Sem descrição","cd_identificador_tipo_equipamento":5,"nm_tipo_equipamento":"Museu","tx_tipo_equipamento":"Museus","cd_identificador_classe_equipamento":3,"nm_classe_equipamento":"MUSEUS","tx_classe_equipamento":"MUSEUS","cd_identificador_esfera_administrativa_equipamento":4,"nm_esfera_administrativa_equipamento":"Particular","tx_esfera_administrativa_equipamento":"Entidade mantenedora: particular","cd_equipamento":null,"nm_equipamento":"Museu de Arte Brasileira - Fundação Armando Álvares Penteado","tx_endereco_equipamento":"Rua Alagoas, 903","nm_bairro_equipamento":"","cd_cep_equipamento":"01242-902","tx_horario_funcionamento":null,"tx_numero_telefone":"(11) 3662-7198","cd_equipamento_base_origem":null}},{"type":"Feature","id":"equipamento_cultura_museus_v3.40362","geometry":{"type":"Point","coordinates":[332473.6292,7389592.8943]},"geometry_name":"ge_ponto","properties":{"cd_identificador":40362,"cd_identificador_tema_equipamento":3,"nm_tema_equipamento":"CULTURA","cd_identificador_rede_equipamento":0,"nm_rede_equipamento":"SEM REDE","tx_rede_equipamento":"Sem descrição","cd_identificador_tipo_equipamento":5,"nm_tipo_equipamento":"Museu","tx_tipo_equipamento":"Museus","cd_identificador_classe_equipamento":3,"nm_classe_equipamento":"MUSEUS","tx_classe_equipamento":"MUSEUS","cd_identificador_esfera_administrativa_equipamento":4,"nm_esfera_administrativa_equipamento":"Particular","tx_esfera_administrativa_equipamento":"Entidade mantenedora: particular","cd_equipamento":null,"nm_equipamento":"Centro de Memória Dorina Nowill","tx_endereco_equipamento":"Rua Doutor Diogo de Faria, 558","nm_bairro_equipamento":"","cd_cep_equipamento":"04037-001","tx_horario_funcionamento":null,"tx_numero_telefone":"(11) 5087-0955 / (11) 5087-0982","cd_equipamento_base_origem":null}},{"type":"Feature","id":"equipamento_cultura_museus_v3.40363","geometry":{"type":"Point","coordinates":[331057.4398,7390464.7883]},"geometry_name":"ge_ponto","properties":{"cd_identificador":40363,"cd_identificador_tema_equipamento":3,"nm_tema_equipamento":"CULTURA","cd_identificador_rede_equipamento":0,"nm_rede_equipamento":"SEM REDE","tx_rede_equipamento":"Sem descrição","cd_identificador_tipo_equipamento":5,"nm_tipo_equipamento":"Museu","tx_tipo_equipamento":"Museus","cd_identificador_classe_equipamento":3,"nm_classe_equipamento":"MUSEUS","tx_classe_equipamento":"MUSEUS","cd_identificador_esfera_administrativa_equipamento":4,"nm_esfera_administrativa_equipamento":"Particular","tx_esfera_administrativa_equipamento":"Entidade mantenedora: particular","cd_equipamento":null,"nm_equipamento":"Museu de Arte Moderna de São Paulo - MAM","tx_endereco_equipamento":"Avenida Pedro Álvares Cabral, s/n","nm_bairro_equipamento":"","cd_cep_equipamento":"04094-000","tx_horario_funcionamento":null,"tx_numero_telefone":"(11) 5085-1301 / (11) 5085-1388","cd_equipamento_base_origem":null}},{"type":"Feature","id":"equipamento_cultura_museus_v3.40364","geometry":{"type":"Point","coordinates":[324779.2117,7392499.1092]},"geometry_name":"ge_ponto","properties":{"cd_identificador":40364,"cd_identificador_tema_equipamento":3,"nm_tema_equipamento":"CULTURA","cd_identificador_rede_equipamento":0,"nm_rede_equipamento":"SEM REDE","tx_rede_equipamento":"Sem descrição","cd_identificador_tipo_equipamento":5,"nm_tipo_equipamento":"Museu","tx_tipo_equipamento":"Museus","cd_identificador_classe_equipamento":3,"nm_classe_equipamento":"MUSEUS","tx_classe_equipamento":"MUSEUS","cd_identificador_esfera_administrativa_equipamento":2,"nm_esfera_administrativa_equipamento":"Estadual","tx_esfera_administrativa_equipamento":"Entidade mantenedora: governo do estado","cd_equipamento":null,"nm_equipamento":"Museu da Vacina","tx_endereco_equipamento":"Avenida Vital Brasil, 1500","nm_bairro_equipamento":"","cd_cep_equipamento":"05503-900","tx_horario_funcionamento":null,"tx_numero_telefone":"(11) 2627-4844","cd_equipamento_base_origem":null}},{"type":"Feature","id":"equipamento_cultura_museus_v3.40365","geometry":{"type":"Point","coordinates":[327738.2314,7389785.8825]},"geometry_name":"ge_ponto","properties":{"cd_identificador":40365,"cd_identificador_tema_equipamento":3,"nm_tema_equipamento":"CULTURA","cd_identificador_rede_equipamento":0,"nm_rede_equipamento":"SEM REDE","tx_rede_equipamento":"Sem descrição","cd_identificador_tipo_equipamento":5,"nm_tipo_equipamento":"Museu","tx_tipo_equipamento":"Museus","cd_identificador_classe_equipamento":3,"nm_classe_equipamento":"MUSEUS","tx_classe_equipamento":"MUSEUS","cd_identificador_esfera_administrativa_equipamento":4,"nm_esfera_administrativa_equipamento":"Particular","tx_esfera_administrativa_equipamento":"Entidade mantenedora: particular","cd_equipamento":null,"nm_equipamento":"Museu da Sociedade Brasileira de Cirurgia Plástica Ivo Pitanguy","tx_endereco_equipamento":"Rua Funchal, 129","nm_bairro_equipamento":"","cd_cep_equipamento":"04551-060","tx_horario_funcionamento":null,"tx_numero_telefone":"(11) 3044-0000 / (11) 96852-0217","cd_equipamento_base_origem":null}},{"type":"Feature","id":"equipamento_cultura_museus_v3.40366","geometry":{"type":"Point","coordinates":[322211.6,7393403.4]},"geometry_name":"ge_ponto","properties":{"cd_identificador":40366,"cd_identificador_tema_equipamento":3,"nm_tema_equipamento":"CULTURA","cd_identificador_rede_equipamento":0,"nm_rede_equipamento":"SEM REDE","tx_rede_equipamento":"Sem descrição","cd_identificador_tipo_equipamento":5,"nm_tipo_equipamento":"Museu","tx_tipo_equipamento":"Museus","cd_identificador_classe_equipamento":3,"nm_classe_equipamento":"MUSEUS","tx_classe_equipamento":"MUSEUS","cd_identificador_esfera_administrativa_equipamento":2,"nm_esfera_administrativa_equipamento":"Estadual","tx_esfera_administrativa_equipamento":"Entidade mantenedora: governo do estado","cd_equipamento":null,"nm_equipamento":"Museu de Arqueologia e Etnologia da Universidade de São Paulo - MAE","tx_endereco_equipamento":"Avenida Professor Almeida Prado, 1466","nm_bairro_equipamento":"","cd_cep_equipamento":"05508-070","tx_horario_funcionamento":null,"tx_numero_telefone":"(11) 3091-4223 / (11) 3091-8651 / (11) 3091-2897","cd_equipamento_base_origem":null}},{"type":"Feature","id":"equipamento_cultura_museus_v3.40367","geometry":{"type":"Point","coordinates":[332882.3324,7405211.804]},"geometry_name":"ge_ponto","properties":{"cd_identificador":40367,"cd_identificador_tema_equipamento":3,"nm_tema_equipamento":"CULTURA","cd_identificador_rede_equipamento":0,"nm_rede_equipamento":"SEM REDE","tx_rede_equipamento":"Sem descrição","cd_identificador_tipo_equipamento":5,"nm_tipo_equipamento":"Museu","tx_tipo_equipamento":"Museus","cd_identificador_classe_equipamento":3,"nm_classe_equipamento":"MUSEUS","tx_classe_equipamento":"MUSEUS","cd_identificador_esfera_administrativa_equipamento":2,"nm_esfera_administrativa_equipamento":"Estadual","tx_esfera_administrativa_equipamento":"Entidade mantenedora: governo do estado","cd_equipamento":null,"nm_equipamento":"Parque Estadual da Serra da Cantareira - Núcleo Pedra Grande","tx_endereco_equipamento":"Rua do Horto, 1799","nm_bairro_equipamento":"","cd_cep_equipamento":"02377-000","tx_horario_funcionamento":null,"tx_numero_telefone":"(11) 2203-0115 / (11) 2203-3266 / (11) 2995-3234","cd_equipamento_base_origem":null}},{"type":"Feature","id":"equipamento_cultura_museus_v3.40368","geometry":{"type":"Point","coordinates":[327673.1419,7391416.662]},"geometry_name":"ge_ponto","properties":{"cd_identificador":40368,"cd_identificador_tema_equipamento":3,"nm_tema_equipamento":"CULTURA","cd_identificador_rede_equipamento":0,"nm_rede_equipamento":"SEM REDE","tx_rede_equipamento":"Sem descrição","cd_identificador_tipo_equipamento":5,"nm_tipo_equipamento":"Museu","tx_tipo_equipamento":"Museus","cd_identificador_classe_equipamento":3,"nm_classe_equipamento":"MUSEUS","tx_classe_equipamento":"MUSEUS","cd_identificador_esfera_administrativa_equipamento":4,"nm_esfera_administrativa_equipamento":"Particular","tx_esfera_administrativa_equipamento":"Entidade mantenedora: particular","cd_equipamento":null,"nm_equipamento":"Centro Pró-Memória Hans Nobiling do Esporte Club Pinheiros","tx_endereco_equipamento":"Rua Angelina Maffei Vita, 493","nm_bairro_equipamento":"","cd_cep_equipamento":"01455-902","tx_horario_funcionamento":null,"tx_numero_telefone":"(11) 3598-9715 / 3598 9715/ (11) 3598-9716 / (11) 3598-9513","cd_equipamento_base_origem":null}},{"type":"Feature","id":"equipamento_cultura_museus_v3.40369","geometry":{"type":"Point","coordinates":[329239.4034,7394148.882]},"geometry_name":"ge_ponto","properties":{"cd_identificador":40369,"cd_identificador_tema_equipamento":3,"nm_tema_equipamento":"CULTURA","cd_identificador_rede_equipamento":0,"nm_rede_equipamento":"SEM REDE","tx_rede_equipamento":"Sem descrição","cd_identificador_tipo_equipamento":5,"nm_tipo_equipamento":"Museu","tx_tipo_equipamento":"Museus","cd_identificador_classe_equipamento":3,"nm_classe_equipamento":"MUSEUS","tx_classe_equipamento":"MUSEUS","cd_identificador_esfera_administrativa_equipamento":2,"nm_esfera_administrativa_equipamento":"Estadual","tx_esfera_administrativa_equipamento":"Entidade mantenedora: governo do estado","cd_equipamento":null,"nm_equipamento":"Coleção Entomológica de Referência","tx_endereco_equipamento":"Avenida Doutor Arnaldo, 715","nm_bairro_equipamento":"","cd_cep_equipamento":"01246-904","tx_horario_funcionamento":null,"tx_numero_telefone":"(11) 3061-7876 / (11) 3061-7731 / (11) 3061-7951","cd_equipamento_base_origem":null}},{"type":"Feature","id":"equipamento_cultura_museus_v3.40370","geometry":{"type":"Point","coordinates":[324986.1635,7389019.535]},"geometry_name":"ge_ponto","properties":{"cd_identificador":40370,"cd_identificador_tema_equipamento":3,"nm_tema_equipamento":"CULTURA","cd_identificador_rede_equipamento":0,"nm_rede_equipamento":"SEM REDE","tx_rede_equipamento":"Sem descrição","cd_identificador_tipo_equipamento":5,"nm_tipo_equipamento":"Museu","tx_tipo_equipamento":"Museus","cd_identificador_classe_equipamento":3,"nm_classe_equipamento":"MUSEUS","tx_classe_equipamento":"MUSEUS","cd_identificador_esfera_administrativa_equipamento":4,"nm_esfera_administrativa_equipamento":"Particular","tx_esfera_administrativa_equipamento":"Entidade mantenedora: particular","cd_equipamento":null,"nm_equipamento":"Centro Histórico do Hospital Albert Einstein","tx_endereco_equipamento":"Avenida Albert Einstein, 627-701","nm_bairro_equipamento":"","cd_cep_equipamento":"05651-901","tx_horario_funcionamento":null,"tx_numero_telefone":"(11) 3747-1233 - Ramal 72283","cd_equipamento_base_origem":null}},{"type":"Feature","id":"equipamento_cultura_museus_v3.40371","geometry":{"type":"Point","coordinates":[332361.3576,7389314.6636]},"geometry_name":"ge_ponto","properties":{"cd_identificador":40371,"cd_identificador_tema_equipamento":3,"nm_tema_equipamento":"CULTURA","cd_identificador_rede_equipamento":0,"nm_rede_equipamento":"SEM REDE","tx_rede_equipamento":"Sem descrição","cd_identificador_tipo_equipamento":5,"nm_tipo_equipamento":"Museu","tx_tipo_equipamento":"Museus","cd_identificador_classe_equipamento":3,"nm_classe_equipamento":"MUSEUS","tx_classe_equipamento":"MUSEUS","cd_identificador_esfera_administrativa_equipamento":3,"nm_esfera_administrativa_equipamento":"Federal","tx_esfera_administrativa_equipamento":"Entidade mantenedora: União","cd_equipamento":null,"nm_equipamento":"Sala Professor Roberto Baruzzi","tx_endereco_equipamento":"Rua Botucatu, 740","nm_bairro_equipamento":"","cd_cep_equipamento":"04023-900","tx_horario_funcionamento":null,"tx_numero_telefone":"(11) 5576-4258 / 5576 4258","cd_equipamento_base_origem":null}},{"type":"Feature","id":"equipamento_cultura_museus_v3.40372","geometry":{"type":"Point","coordinates":[332788.4008,7395214.2754]},"geometry_name":"ge_ponto","properties":{"cd_identificador":40372,"cd_identificador_tema_equipamento":3,"nm_tema_equipamento":"CULTURA","cd_identificador_rede_equipamento":0,"nm_rede_equipamento":"SEM REDE","tx_rede_equipamento":"Sem descrição","cd_identificador_tipo_equipamento":5,"nm_tipo_equipamento":"Museu","tx_tipo_equipamento":"Museus","cd_identificador_classe_equipamento":3,"nm_classe_equipamento":"MUSEUS","tx_classe_equipamento":"MUSEUS","cd_identificador_esfera_administrativa_equipamento":4,"nm_esfera_administrativa_equipamento":"Particular","tx_esfera_administrativa_equipamento":"Entidade mantenedora: particular","cd_equipamento":null,"nm_equipamento":"Centro de Memória Votorantim","tx_endereco_equipamento":"Praça Ramos de Azevedo, 254","nm_bairro_equipamento":"","cd_cep_equipamento":"01037-912","tx_horario_funcionamento":null,"tx_numero_telefone":"(11) 2159-3297","cd_equipamento_base_origem":null}},{"type":"Feature","id":"equipamento_cultura_museus_v3.40373","geometry":{"type":"Point","coordinates":[343794.0829,7389595.0947]},"geometry_name":"ge_ponto","properties":{"cd_identificador":40373,"cd_identificador_tema_equipamento":3,"nm_tema_equipamento":"CULTURA","cd_identificador_rede_equipamento":0,"nm_rede_equipamento":"SEM REDE","tx_rede_equipamento":"Sem descrição","cd_identificador_tipo_equipamento":5,"nm_tipo_equipamento":"Museu","tx_tipo_equipamento":"Museus","cd_identificador_classe_equipamento":3,"nm_classe_equipamento":"MUSEUS","tx_classe_equipamento":"MUSEUS","cd_identificador_esfera_administrativa_equipamento":4,"nm_esfera_administrativa_equipamento":"Particular","tx_esfera_administrativa_equipamento":"Entidade mantenedora: particular","cd_equipamento":null,"nm_equipamento":"Museu de Arte Mágica, Ilusionismo, Prestidigitação e Ventriloquia João Peixoto dos Santos","tx_endereco_equipamento":"Rua Valdomiro Moreno Rodrigues, 136","nm_bairro_equipamento":"","cd_cep_equipamento":"03286-050","tx_horario_funcionamento":null,"tx_numero_telefone":"(11) 9974-6300 / (11) 99746-3000 / (11) 2068-7000","cd_equipamento_base_origem":null}},{"type":"Feature","id":"equipamento_cultura_museus_v3.40374","geometry":{"type":"Point","coordinates":[333991.2992,7398482.051]},"geometry_name":"ge_ponto","properties":{"cd_identificador":40374,"cd_identificador_tema_equipamento":3,"nm_tema_equipamento":"CULTURA","cd_identificador_rede_equipamento":0,"nm_rede_equipamento":"SEM REDE","tx_rede_equipamento":"Sem descrição","cd_identificador_tipo_equipamento":5,"nm_tipo_equipamento":"Museu","tx_tipo_equipamento":"Museus","cd_identificador_classe_equipamento":3,"nm_classe_equipamento":"MUSEUS","tx_classe_equipamento":"MUSEUS","cd_identificador_esfera_administrativa_equipamento":2,"nm_esfera_administrativa_equipamento":"Estadual","tx_esfera_administrativa_equipamento":"Entidade mantenedora: governo do estado","cd_equipamento":null,"nm_equipamento":"Centro de Estudos e Memória do Teatro Paulista","tx_endereco_equipamento":"Rua Voluntários da Pátria, 596","nm_bairro_equipamento":"","cd_cep_equipamento":"02011-000","tx_horario_funcionamento":null,"tx_numero_telefone":"(11) 6251-2744 / (11) 6221-4785 2868 4500","cd_equipamento_base_origem":null}},{"type":"Feature","id":"equipamento_cultura_museus_v3.40375","geometry":{"type":"Point","coordinates":[329074.8556,7396438.519]},"geometry_name":"ge_ponto","properties":{"cd_identificador":40375,"cd_identificador_tema_equipamento":3,"nm_tema_equipamento":"CULTURA","cd_identificador_rede_equipamento":0,"nm_rede_equipamento":"SEM REDE","tx_rede_equipamento":"Sem descrição","cd_identificador_tipo_equipamento":5,"nm_tipo_equipamento":"Museu","tx_tipo_equipamento":"Museus","cd_identificador_classe_equipamento":3,"nm_classe_equipamento":"MUSEUS","tx_classe_equipamento":"MUSEUS","cd_identificador_esfera_administrativa_equipamento":4,"nm_esfera_administrativa_equipamento":"Particular","tx_esfera_administrativa_equipamento":"Entidade mantenedora: particular","cd_equipamento":null,"nm_equipamento":"Museu Contemporâneo das Invenções","tx_endereco_equipamento":"Rua Doutor Homem de Melo, 1109","nm_bairro_equipamento":"","cd_cep_equipamento":"05007-002","tx_horario_funcionamento":null,"tx_numero_telefone":"(11) 3873-3211 / (11) 9194-8127","cd_equipamento_base_origem":null}},{"type":"Feature","id":"equipamento_cultura_museus_v3.40376","geometry":{"type":"Point","coordinates":[329482.7259,7394018.3111]},"geometry_name":"ge_ponto","properties":{"cd_identificador":40376,"cd_identificador_tema_equipamento":3,"nm_tema_equipamento":"CULTURA","cd_identificador_rede_equipamento":0,"nm_rede_equipamento":"SEM REDE","tx_rede_equipamento":"Sem descrição","cd_identificador_tipo_equipamento":5,"nm_tipo_equipamento":"Museu","tx_tipo_equipamento":"Museus","cd_identificador_classe_equipamento":3,"nm_classe_equipamento":"MUSEUS","tx_classe_equipamento":"MUSEUS","cd_identificador_esfera_administrativa_equipamento":2,"nm_esfera_administrativa_equipamento":"Estadual","tx_esfera_administrativa_equipamento":"Entidade mantenedora: governo do estado","cd_equipamento":null,"nm_equipamento":"Museu Histórico Professor Carlos da Silva Lacaz - Faculdade de Medicina da Universidade de São Paulo","tx_endereco_equipamento":"Avenida Doutor Arnaldo, 455","nm_bairro_equipamento":"","cd_cep_equipamento":"01246-903","tx_horario_funcionamento":null,"tx_numero_telefone":"(11) 3061-7249","cd_equipamento_base_origem":null}},{"type":"Feature","id":"equipamento_cultura_museus_v3.40377","geometry":{"type":"Point","coordinates":[327802.4394,7393801.2257]},"geometry_name":"ge_ponto","properties":{"cd_identificador":40377,"cd_identificador_tema_equipamento":3,"nm_tema_equipamento":"CULTURA","cd_identificador_rede_equipamento":0,"nm_rede_equipamento":"SEM REDE","tx_rede_equipamento":"Sem descrição","cd_identificador_tipo_equipamento":5,"nm_tipo_equipamento":"Museu","tx_tipo_equipamento":"Museus","cd_identificador_classe_equipamento":3,"nm_classe_equipamento":"MUSEUS","tx_classe_equipamento":"MUSEUS","cd_identificador_esfera_administrativa_equipamento":4,"nm_esfera_administrativa_equipamento":"Particular","tx_esfera_administrativa_equipamento":"Entidade mantenedora: particular","cd_equipamento":null,"nm_equipamento":"Museu da Mineração","tx_endereco_equipamento":"Rua Harmonia, 101","nm_bairro_equipamento":"","cd_cep_equipamento":"05435-000","tx_horario_funcionamento":null,"tx_numero_telefone":"(11) 3815-9511 / 3815 9511","cd_equipamento_base_origem":null}},{"type":"Feature","id":"equipamento_cultura_museus_v3.40378","geometry":{"type":"Point","coordinates":[325004.2203,7392990.0284]},"geometry_name":"ge_ponto","properties":{"cd_identificador":40378,"cd_identificador_tema_equipamento":3,"nm_tema_equipamento":"CULTURA","cd_identificador_rede_equipamento":0,"nm_rede_equipamento":"SEM REDE","tx_rede_equipamento":"Sem descrição","cd_identificador_tipo_equipamento":5,"nm_tipo_equipamento":"Museu","tx_tipo_equipamento":"Museus","cd_identificador_classe_equipamento":3,"nm_classe_equipamento":"MUSEUS","tx_classe_equipamento":"MUSEUS","cd_identificador_esfera_administrativa_equipamento":2,"nm_esfera_administrativa_equipamento":"Estadual","tx_esfera_administrativa_equipamento":"Entidade mantenedora: governo do estado","cd_equipamento":null,"nm_equipamento":"Museu da Educação e do Brinquedo - Universidade de São Paulo","tx_endereco_equipamento":"Avenida da Universidade, 308","nm_bairro_equipamento":"","cd_cep_equipamento":"05508-040","tx_horario_funcionamento":null,"tx_numero_telefone":"(11) 3091-2352 / (11) 3091-3351","cd_equipamento_base_origem":null}},{"type":"Feature","id":"equipamento_cultura_museus_v3.40379","geometry":{"type":"Point","coordinates":[323228.457,7393302.0013]},"geometry_name":"ge_ponto","properties":{"cd_identificador":40379,"cd_identificador_tema_equipamento":3,"nm_tema_equipamento":"CULTURA","cd_identificador_rede_equipamento":0,"nm_rede_equipamento":"SEM REDE","tx_rede_equipamento":"Sem descrição","cd_identificador_tipo_equipamento":5,"nm_tipo_equipamento":"Museu","tx_tipo_equipamento":"Museus","cd_identificador_classe_equipamento":3,"nm_classe_equipamento":"MUSEUS","tx_classe_equipamento":"MUSEUS","cd_identificador_esfera_administrativa_equipamento":2,"nm_esfera_administrativa_equipamento":"Estadual","tx_esfera_administrativa_equipamento":"Entidade mantenedora: governo do estado","cd_equipamento":null,"nm_equipamento":"Museu Oceanográfico do Instituto Oceanográfico da Universidade de São Paulo (fechado temporariamente)","tx_endereco_equipamento":"Praça do Oceanográfico, 191","nm_bairro_equipamento":"","cd_cep_equipamento":"05508-120","tx_horario_funcionamento":null,"tx_numero_telefone":"(11) 3091-6587 / (11) 3091-7149","cd_equipamento_base_origem":null}},{"type":"Feature","id":"equipamento_cultura_museus_v3.40380","geometry":{"type":"Point","coordinates":[330709.6675,7393095.8327]},"geometry_name":"ge_ponto","properties":{"cd_identificador":40380,"cd_identificador_tema_equipamento":3,"nm_tema_equipamento":"CULTURA","cd_identificador_rede_equipamento":0,"nm_rede_equipamento":"SEM REDE","tx_rede_equipamento":"Sem descrição","cd_identificador_tipo_equipamento":5,"nm_tipo_equipamento":"Museu","tx_tipo_equipamento":"Museus","cd_identificador_classe_equipamento":3,"nm_classe_equipamento":"MUSEUS","tx_classe_equipamento":"MUSEUS","cd_identificador_esfera_administrativa_equipamento":4,"nm_esfera_administrativa_equipamento":"Particular","tx_esfera_administrativa_equipamento":"Entidade mantenedora: particular","cd_equipamento":null,"nm_equipamento":"Museu de História Natural do Colégio Dante Alighieri","tx_endereco_equipamento":"Alameda Jaú, 1061","nm_bairro_equipamento":"","cd_cep_equipamento":"01420-003","tx_horario_funcionamento":null,"tx_numero_telefone":"(11) 3179-4400\r\n","cd_equipamento_base_origem":null}},{"type":"Feature","id":"equipamento_cultura_museus_v3.40381","geometry":{"type":"Point","coordinates":[333144.1441,7404321.6486]},"geometry_name":"ge_ponto","properties":{"cd_identificador":40381,"cd_identificador_tema_equipamento":3,"nm_tema_equipamento":"CULTURA","cd_identificador_rede_equipamento":0,"nm_rede_equipamento":"SEM REDE","tx_rede_equipamento":"Sem descrição","cd_identificador_tipo_equipamento":5,"nm_tipo_equipamento":"Museu","tx_tipo_equipamento":"Museus","cd_identificador_classe_equipamento":3,"nm_classe_equipamento":"MUSEUS","tx_classe_equipamento":"MUSEUS","cd_identificador_esfera_administrativa_equipamento":2,"nm_esfera_administrativa_equipamento":"Estadual","tx_esfera_administrativa_equipamento":"Entidade mantenedora: governo do estado","cd_equipamento":null,"nm_equipamento":"Museu Florestal Octávio Vecchi","tx_endereco_equipamento":"Rua do Horto, 931","nm_bairro_equipamento":"","cd_cep_equipamento":"02377-000","tx_horario_funcionamento":null,"tx_numero_telefone":"(11) 2231-8555 - Ramais 2053 e 2063 / (11) 2231-8049","cd_equipamento_base_origem":null}},{"type":"Feature","id":"equipamento_cultura_museus_v3.40382","geometry":{"type":"Point","coordinates":[332122.1945,7389176.9635]},"geometry_name":"ge_ponto","properties":{"cd_identificador":40382,"cd_identificador_tema_equipamento":3,"nm_tema_equipamento":"CULTURA","cd_identificador_rede_equipamento":0,"nm_rede_equipamento":"SEM REDE","tx_rede_equipamento":"Sem descrição","cd_identificador_tipo_equipamento":5,"nm_tipo_equipamento":"Museu","tx_tipo_equipamento":"Museus","cd_identificador_classe_equipamento":3,"nm_classe_equipamento":"MUSEUS","tx_classe_equipamento":"MUSEUS","cd_identificador_esfera_administrativa_equipamento":3,"nm_esfera_administrativa_equipamento":"Federal","tx_esfera_administrativa_equipamento":"Entidade mantenedora: União","cd_equipamento":null,"nm_equipamento":"Museu Histórico Prof. Dr. Wladimir da Prússia Gomez Ferraz","tx_endereco_equipamento":"Rua Loefgren, 2032","nm_bairro_equipamento":"","cd_cep_equipamento":"04040-003","tx_horario_funcionamento":null,"tx_numero_telefone":"(11) 5576-2728 / 5576 4258","cd_equipamento_base_origem":null}},{"type":"Feature","id":"equipamento_cultura_museus_v3.40383","geometry":{"type":"Point","coordinates":[333159.039,7393463.1814]},"geometry_name":"ge_ponto","properties":{"cd_identificador":40383,"cd_identificador_tema_equipamento":3,"nm_tema_equipamento":"CULTURA","cd_identificador_rede_equipamento":0,"nm_rede_equipamento":"SEM REDE","tx_rede_equipamento":"Sem descrição","cd_identificador_tipo_equipamento":5,"nm_tipo_equipamento":"Museu","tx_tipo_equipamento":"Museus","cd_identificador_classe_equipamento":3,"nm_classe_equipamento":"MUSEUS","tx_classe_equipamento":"MUSEUS","cd_identificador_esfera_administrativa_equipamento":4,"nm_esfera_administrativa_equipamento":"Particular","tx_esfera_administrativa_equipamento":"Entidade mantenedora: particular","cd_equipamento":null,"nm_equipamento":"Museu Maçônico José Bonifácio (fechado temporariamente)","tx_endereco_equipamento":"Rua São Joaquim, 457","nm_bairro_equipamento":"","cd_cep_equipamento":"01508-001","tx_horario_funcionamento":null,"tx_numero_telefone":"(11) 3106-1411 / (11) 3346-7088 - Ramal 150","cd_equipamento_base_origem":null}},{"type":"Feature","id":"equipamento_cultura_museus_v3.40384","geometry":{"type":"Point","coordinates":[331546.7436,7390301.6032]},"geometry_name":"ge_ponto","properties":{"cd_identificador":40384,"cd_identificador_tema_equipamento":3,"nm_tema_equipamento":"CULTURA","cd_identificador_rede_equipamento":0,"nm_rede_equipamento":"SEM REDE","tx_rede_equipamento":"Sem descrição","cd_identificador_tipo_equipamento":5,"nm_tipo_equipamento":"Museu","tx_tipo_equipamento":"Museus","cd_identificador_classe_equipamento":3,"nm_classe_equipamento":"MUSEUS","tx_classe_equipamento":"MUSEUS","cd_identificador_esfera_administrativa_equipamento":2,"nm_esfera_administrativa_equipamento":"Estadual","tx_esfera_administrativa_equipamento":"Entidade mantenedora: governo do estado","cd_equipamento":null,"nm_equipamento":"Museu de Arte Contemporânea da Universidade de São Paulo - MAC USP","tx_endereco_equipamento":"Avenida Pedro Álvares Cabral, 1301","nm_bairro_equipamento":"","cd_cep_equipamento":"04094-050","tx_horario_funcionamento":null,"tx_numero_telefone":"(11) 2648-0254 / 5573 9932","cd_equipamento_base_origem":null}},{"type":"Feature","id":"equipamento_cultura_museus_v3.40385","geometry":{"type":"Point","coordinates":[328884.4922,7392024.3872]},"geometry_name":"ge_ponto","properties":{"cd_identificador":40385,"cd_identificador_tema_equipamento":3,"nm_tema_equipamento":"CULTURA","cd_identificador_rede_equipamento":0,"nm_rede_equipamento":"SEM REDE","tx_rede_equipamento":"Sem descrição","cd_identificador_tipo_equipamento":5,"nm_tipo_equipamento":"Museu","tx_tipo_equipamento":"Museus","cd_identificador_classe_equipamento":3,"nm_classe_equipamento":"MUSEUS","tx_classe_equipamento":"MUSEUS","cd_identificador_esfera_administrativa_equipamento":1,"nm_esfera_administrativa_equipamento":"Municipal","tx_esfera_administrativa_equipamento":"Entidade mantenedora: PMSP","cd_equipamento":null,"nm_equipamento":"Museu Brasileiro da Escultura e da Ecologia - MuBE","tx_endereco_equipamento":"Rua Alemanha, 221","nm_bairro_equipamento":"","cd_cep_equipamento":"01448-010","tx_horario_funcionamento":null,"tx_numero_telefone":"(11) 2594-2601","cd_equipamento_base_origem":null}},{"type":"Feature","id":"equipamento_cultura_museus_v3.40386","geometry":{"type":"Point","coordinates":[332729.5608,7396878.8183]},"geometry_name":"ge_ponto","properties":{"cd_identificador":40386,"cd_identificador_tema_equipamento":3,"nm_tema_equipamento":"CULTURA","cd_identificador_rede_equipamento":0,"nm_rede_equipamento":"SEM REDE","tx_rede_equipamento":"Sem descrição","cd_identificador_tipo_equipamento":5,"nm_tipo_equipamento":"Museu","tx_tipo_equipamento":"Museus","cd_identificador_classe_equipamento":3,"nm_classe_equipamento":"MUSEUS","tx_classe_equipamento":"MUSEUS","cd_identificador_esfera_administrativa_equipamento":4,"nm_esfera_administrativa_equipamento":"Particular","tx_esfera_administrativa_equipamento":"Entidade mantenedora: particular","cd_equipamento":null,"nm_equipamento":"Memorial da Imigração Judaica no Brasil","tx_endereco_equipamento":"Rua da Graça, 160","nm_bairro_equipamento":"","cd_cep_equipamento":"01125-000","tx_horario_funcionamento":null,"tx_numero_telefone":"(11) 3331-4507 / (11) 2667-1867 / (11) 3338-2194","cd_equipamento_base_origem":null}},{"type":"Feature","id":"equipamento_cultura_museus_v3.40387","geometry":{"type":"Point","coordinates":[331865.2394,7393632.9611]},"geometry_name":"ge_ponto","properties":{"cd_identificador":40387,"cd_identificador_tema_equipamento":3,"nm_tema_equipamento":"CULTURA","cd_identificador_rede_equipamento":0,"nm_rede_equipamento":"SEM REDE","tx_rede_equipamento":"Sem descrição","cd_identificador_tipo_equipamento":5,"nm_tipo_equipamento":"Museu","tx_tipo_equipamento":"Museus","cd_identificador_classe_equipamento":3,"nm_classe_equipamento":"MUSEUS","tx_classe_equipamento":"MUSEUS","cd_identificador_esfera_administrativa_equipamento":4,"nm_esfera_administrativa_equipamento":"Particular","tx_esfera_administrativa_equipamento":"Entidade mantenedora: particular","cd_equipamento":null,"nm_equipamento":"Museu Memória do Bixiga","tx_endereco_equipamento":"Rua dos Ingleses, 118","nm_bairro_equipamento":"","cd_cep_equipamento":"01329-010","tx_horario_funcionamento":null,"tx_numero_telefone":"(11) 9728-8195","cd_equipamento_base_origem":null}},{"type":"Feature","id":"equipamento_cultura_museus_v3.40388","geometry":{"type":"Point","coordinates":[332602.3012,7392281.018]},"geometry_name":"ge_ponto","properties":{"cd_identificador":40388,"cd_identificador_tema_equipamento":3,"nm_tema_equipamento":"CULTURA","cd_identificador_rede_equipamento":0,"nm_rede_equipamento":"SEM REDE","tx_rede_equipamento":"Sem descrição","cd_identificador_tipo_equipamento":5,"nm_tipo_equipamento":"Museu","tx_tipo_equipamento":"Museus","cd_identificador_classe_equipamento":3,"nm_classe_equipamento":"MUSEUS","tx_classe_equipamento":"MUSEUS","cd_identificador_esfera_administrativa_equipamento":1,"nm_esfera_administrativa_equipamento":"Municipal","tx_esfera_administrativa_equipamento":"Entidade mantenedora: PMSP","cd_equipamento":null,"nm_equipamento":"Acervos do Centro Cultural São Paulo","tx_endereco_equipamento":"Rua Vergueiro, 1000","nm_bairro_equipamento":"","cd_cep_equipamento":null,"tx_horario_funcionamento":null,"tx_numero_telefone":"(11) 3397-4001 / (11) 3397-4002","cd_equipamento_base_origem":null}},{"type":"Feature","id":"equipamento_cultura_museus_v3.40389","geometry":{"type":"Point","coordinates":[331762.6098,7399478.9286]},"geometry_name":"ge_ponto","properties":{"cd_identificador":40389,"cd_identificador_tema_equipamento":3,"nm_tema_equipamento":"CULTURA","cd_identificador_rede_equipamento":0,"nm_rede_equipamento":"SEM REDE","tx_rede_equipamento":"Sem descrição","cd_identificador_tipo_equipamento":5,"nm_tipo_equipamento":"Museu","tx_tipo_equipamento":"Museus","cd_identificador_classe_equipamento":3,"nm_classe_equipamento":"MUSEUS","tx_classe_equipamento":"MUSEUS","cd_identificador_esfera_administrativa_equipamento":1,"nm_esfera_administrativa_equipamento":"Municipal","tx_esfera_administrativa_equipamento":"Entidade mantenedora: PMSP","cd_equipamento":null,"nm_equipamento":"Sítio Morrinhos - Centro de Arqueologia (fechado temporariamente)","tx_endereco_equipamento":"Rua Santo Anselmo, 102","nm_bairro_equipamento":"","cd_cep_equipamento":null,"tx_horario_funcionamento":null,"tx_numero_telefone":"(11) 2236-6121 / (11) 2208-7717","cd_equipamento_base_origem":null}},{"type":"Feature","id":"equipamento_cultura_museus_v3.40390","geometry":{"type":"Point","coordinates":[350516,7401577.9]},"geometry_name":"ge_ponto","properties":{"cd_identificador":40390,"cd_identificador_tema_equipamento":3,"nm_tema_equipamento":"CULTURA","cd_identificador_rede_equipamento":0,"nm_rede_equipamento":"SEM REDE","tx_rede_equipamento":"Sem descrição","cd_identificador_tipo_equipamento":5,"nm_tipo_equipamento":"Museu","tx_tipo_equipamento":"Museus","cd_identificador_classe_equipamento":3,"nm_classe_equipamento":"MUSEUS","tx_classe_equipamento":"MUSEUS","cd_identificador_esfera_administrativa_equipamento":1,"nm_esfera_administrativa_equipamento":"Municipal","tx_esfera_administrativa_equipamento":"Entidade mantenedora: PMSP","cd_equipamento":null,"nm_equipamento":"Sítio Mirim (fechado temporariamente)","tx_endereco_equipamento":"Estrada Assis Ribeiro, 10573","nm_bairro_equipamento":"","cd_cep_equipamento":null,"tx_horario_funcionamento":null,"tx_numero_telefone":null,"cd_equipamento_base_origem":null}},{"type":"Feature","id":"equipamento_cultura_museus_v3.40391","geometry":{"type":"Point","coordinates":[333220.3927,7396882.1316]},"geometry_name":"ge_ponto","properties":{"cd_identificador":40391,"cd_identificador_tema_equipamento":3,"nm_tema_equipamento":"CULTURA","cd_identificador_rede_equipamento":0,"nm_rede_equipamento":"SEM REDE","tx_rede_equipamento":"Sem descrição","cd_identificador_tipo_equipamento":5,"nm_tipo_equipamento":"Museu","tx_tipo_equipamento":"Museus","cd_identificador_classe_equipamento":3,"nm_classe_equipamento":"MUSEUS","tx_classe_equipamento":"MUSEUS","cd_identificador_esfera_administrativa_equipamento":1,"nm_esfera_administrativa_equipamento":"Municipal","tx_esfera_administrativa_equipamento":"Entidade mantenedora: PMSP","cd_equipamento":null,"nm_equipamento":"Arquivo Histórico Municipal - Edifício Ramos de Azevedo","tx_endereco_equipamento":"Praça Coronel Fernando Prestes, 152","nm_bairro_equipamento":"","cd_cep_equipamento":null,"tx_horario_funcionamento":null,"tx_numero_telefone":"(11) 3396-6000","cd_equipamento_base_origem":null}},{"type":"Feature","id":"equipamento_cultura_museus_v3.40392","geometry":{"type":"Point","coordinates":[333220.3927,7396882.1316]},"geometry_name":"ge_ponto","properties":{"cd_identificador":40392,"cd_identificador_tema_equipamento":3,"nm_tema_equipamento":"CULTURA","cd_identificador_rede_equipamento":0,"nm_rede_equipamento":"SEM REDE","tx_rede_equipamento":"Sem descrição","cd_identificador_tipo_equipamento":5,"nm_tipo_equipamento":"Museu","tx_tipo_equipamento":"Museus","cd_identificador_classe_equipamento":3,"nm_classe_equipamento":"MUSEUS","tx_classe_equipamento":"MUSEUS","cd_identificador_esfera_administrativa_equipamento":1,"nm_esfera_administrativa_equipamento":"Municipal","tx_esfera_administrativa_equipamento":"Entidade mantenedora: PMSP","cd_equipamento":null,"nm_equipamento":"Arquivo Histórico Municipal - Edifício Anexo","tx_endereco_equipamento":"Praça Coronel Fernando Prestes, 152","nm_bairro_equipamento":"","cd_cep_equipamento":null,"tx_horario_funcionamento":null,"tx_numero_telefone":"(11) 3396-6000","cd_equipamento_base_origem":null}},{"type":"Feature","id":"equipamento_cultura_museus_v3.40393","geometry":{"type":"Point","coordinates":[333220.3927,7396882.1316]},"geometry_name":"ge_ponto","properties":{"cd_identificador":40393,"cd_identificador_tema_equipamento":3,"nm_tema_equipamento":"CULTURA","cd_identificador_rede_equipamento":0,"nm_rede_equipamento":"SEM REDE","tx_rede_equipamento":"Sem descrição","cd_identificador_tipo_equipamento":5,"nm_tipo_equipamento":"Museu","tx_tipo_equipamento":"Museus","cd_identificador_classe_equipamento":3,"nm_classe_equipamento":"MUSEUS","tx_classe_equipamento":"MUSEUS","cd_identificador_esfera_administrativa_equipamento":1,"nm_esfera_administrativa_equipamento":"Municipal","tx_esfera_administrativa_equipamento":"Entidade mantenedora: PMSP","cd_equipamento":null,"nm_equipamento":"Arquivo Histórico Municipal - Torre da Memória","tx_endereco_equipamento":"Praça Coronel Fernando Prestes, 152","nm_bairro_equipamento":"","cd_cep_equipamento":null,"tx_horario_funcionamento":null,"tx_numero_telefone":"(11) 3396-6000","cd_equipamento_base_origem":null}},{"type":"Feature","id":"equipamento_cultura_museus_v3.40394","geometry":{"type":"Point","coordinates":[325506.0204,7393309.8972]},"geometry_name":"ge_ponto","properties":{"cd_identificador":40394,"cd_identificador_tema_equipamento":3,"nm_tema_equipamento":"CULTURA","cd_identificador_rede_equipamento":0,"nm_rede_equipamento":"SEM REDE","tx_rede_equipamento":"Sem descrição","cd_identificador_tipo_equipamento":5,"nm_tipo_equipamento":"Museu","tx_tipo_equipamento":"Museus","cd_identificador_classe_equipamento":3,"nm_classe_equipamento":"MUSEUS","tx_classe_equipamento":"MUSEUS","cd_identificador_esfera_administrativa_equipamento":1,"nm_esfera_administrativa_equipamento":"Municipal","tx_esfera_administrativa_equipamento":"Entidade mantenedora: PMSP","cd_equipamento":null,"nm_equipamento":"Casa do Bandeirante","tx_endereco_equipamento":"Pça. Monteiro Lobato, s/n","nm_bairro_equipamento":"","cd_cep_equipamento":null,"tx_horario_funcionamento":null,"tx_numero_telefone":"(11) 3031-0920","cd_equipamento_base_origem":null}}],"totalFeatures":167,"numberMatched":167,"numberReturned":167,"timeStamp":"2026-05-17T01:43:20.393Z","crs":{"type":"name","properties":{"name":"urn:ogc:def:crs:EPSG::31983"}}}