{"type":"FeatureCollection","features":[{"type":"Feature","id":"equipamento_policia_militar_v2.150208","geometry":{"type":"Point","coordinates":[332702.5824,7392949.0043]},"geometry_name":"ge_ponto","properties":{"cd_identificador":150208,"cd_identificador_tema_equipamento":7,"nm_tema_equipamento":"SEGURANCA","cd_identificador_rede_equipamento":0,"nm_rede_equipamento":"SEM REDE","tx_rede_equipamento":"Sem descrição","cd_identificador_tipo_equipamento":0,"nm_tipo_equipamento":"SEM TIPO","tx_tipo_equipamento":"SEM TIPO","cd_identificador_classe_equipamento":5,"nm_classe_equipamento":"POLICIA MILITAR","tx_classe_equipamento":"POLICIA MILITAR","cd_identificador_esfera_administrativa_equipamento":0,"nm_esfera_administrativa_equipamento":"SEM ESFERA","tx_esfera_administrativa_equipamento":"Sem descrição","cd_equipamento":null,"nm_equipamento":"CPA/M-1","tx_endereco_equipamento":"R VERGUEIRO, 363","nm_bairro_equipamento":"LIBERDADE","cd_cep_equipamento":"04102000","tx_horario_funcionamento":null,"tx_numero_telefone":null,"cd_equipamento_base_origem":null}},{"type":"Feature","id":"equipamento_policia_militar_v2.150209","geometry":{"type":"Point","coordinates":[330759.0366,7394942.8737]},"geometry_name":"ge_ponto","properties":{"cd_identificador":150209,"cd_identificador_tema_equipamento":7,"nm_tema_equipamento":"SEGURANCA","cd_identificador_rede_equipamento":0,"nm_rede_equipamento":"SEM REDE","tx_rede_equipamento":"Sem descrição","cd_identificador_tipo_equipamento":0,"nm_tipo_equipamento":"SEM TIPO","tx_tipo_equipamento":"SEM TIPO","cd_identificador_classe_equipamento":5,"nm_classe_equipamento":"POLICIA MILITAR","tx_classe_equipamento":"POLICIA MILITAR","cd_identificador_esfera_administrativa_equipamento":0,"nm_esfera_administrativa_equipamento":"SEM ESFERA","tx_esfera_administrativa_equipamento":"Sem descrição","cd_equipamento":null,"nm_equipamento":"07 BPM/M","tx_endereco_equipamento":"AV ANGÉLICA, 1647","nm_bairro_equipamento":"HIGIENOPOLIS","cd_cep_equipamento":"01228100","tx_horario_funcionamento":null,"tx_numero_telefone":null,"cd_equipamento_base_origem":null}},{"type":"Feature","id":"equipamento_policia_militar_v2.150210","geometry":{"type":"Point","coordinates":[331844.6877,7394821.7307]},"geometry_name":"ge_ponto","properties":{"cd_identificador":150210,"cd_identificador_tema_equipamento":7,"nm_tema_equipamento":"SEGURANCA","cd_identificador_rede_equipamento":0,"nm_rede_equipamento":"SEM REDE","tx_rede_equipamento":"Sem descrição","cd_identificador_tipo_equipamento":0,"nm_tipo_equipamento":"SEM TIPO","tx_tipo_equipamento":"SEM TIPO","cd_identificador_classe_equipamento":5,"nm_classe_equipamento":"POLICIA MILITAR","tx_classe_equipamento":"POLICIA MILITAR","cd_identificador_esfera_administrativa_equipamento":0,"nm_esfera_administrativa_equipamento":"SEM ESFERA","tx_esfera_administrativa_equipamento":"Sem descrição","cd_equipamento":null,"nm_equipamento":"1 Cia do 7º BPM/M","tx_endereco_equipamento":"R JOÃO GUIMARÃES ROSA, 218","nm_bairro_equipamento":"CONSOLACAO","cd_cep_equipamento":"01303030","tx_horario_funcionamento":null,"tx_numero_telefone":null,"cd_equipamento_base_origem":null}},{"type":"Feature","id":"equipamento_policia_militar_v2.150211","geometry":{"type":"Point","coordinates":[332606.2187,7395311.8381]},"geometry_name":"ge_ponto","properties":{"cd_identificador":150211,"cd_identificador_tema_equipamento":7,"nm_tema_equipamento":"SEGURANCA","cd_identificador_rede_equipamento":0,"nm_rede_equipamento":"SEM REDE","tx_rede_equipamento":"Sem descrição","cd_identificador_tipo_equipamento":0,"nm_tipo_equipamento":"SEM TIPO","tx_tipo_equipamento":"SEM TIPO","cd_identificador_classe_equipamento":5,"nm_classe_equipamento":"POLICIA MILITAR","tx_classe_equipamento":"POLICIA MILITAR","cd_identificador_esfera_administrativa_equipamento":0,"nm_esfera_administrativa_equipamento":"SEM ESFERA","tx_esfera_administrativa_equipamento":"Sem descrição","cd_equipamento":null,"nm_equipamento":"2 Cia do 7º BPM/M","tx_endereco_equipamento":"R 24 DE MAIO, 126","nm_bairro_equipamento":"CENTRO HISTÓRICO DE SAO PAULO","cd_cep_equipamento":"01980030","tx_horario_funcionamento":null,"tx_numero_telefone":null,"cd_equipamento_base_origem":null}},{"type":"Feature","id":"equipamento_policia_militar_v2.150212","geometry":{"type":"Point","coordinates":[332725.7106,7392979.8589]},"geometry_name":"ge_ponto","properties":{"cd_identificador":150212,"cd_identificador_tema_equipamento":7,"nm_tema_equipamento":"SEGURANCA","cd_identificador_rede_equipamento":0,"nm_rede_equipamento":"SEM REDE","tx_rede_equipamento":"Sem descrição","cd_identificador_tipo_equipamento":0,"nm_tipo_equipamento":"SEM TIPO","tx_tipo_equipamento":"SEM TIPO","cd_identificador_classe_equipamento":5,"nm_classe_equipamento":"POLICIA MILITAR","tx_classe_equipamento":"POLICIA MILITAR","cd_identificador_esfera_administrativa_equipamento":0,"nm_esfera_administrativa_equipamento":"SEM ESFERA","tx_esfera_administrativa_equipamento":"Sem descrição","cd_equipamento":null,"nm_equipamento":"3 Cia do 7º BPM/M","tx_endereco_equipamento":"R PROF ANTÔNIO PRUDENTE, 48","nm_bairro_equipamento":"LIBERDADE","cd_cep_equipamento":"01509010","tx_horario_funcionamento":null,"tx_numero_telefone":null,"cd_equipamento_base_origem":null}},{"type":"Feature","id":"equipamento_policia_militar_v2.150213","geometry":{"type":"Point","coordinates":[333280.9822,7394908.2704]},"geometry_name":"ge_ponto","properties":{"cd_identificador":150213,"cd_identificador_tema_equipamento":7,"nm_tema_equipamento":"SEGURANCA","cd_identificador_rede_equipamento":0,"nm_rede_equipamento":"SEM REDE","tx_rede_equipamento":"Sem descrição","cd_identificador_tipo_equipamento":0,"nm_tipo_equipamento":"SEM TIPO","tx_tipo_equipamento":"SEM TIPO","cd_identificador_classe_equipamento":5,"nm_classe_equipamento":"POLICIA MILITAR","tx_classe_equipamento":"POLICIA MILITAR","cd_identificador_esfera_administrativa_equipamento":0,"nm_esfera_administrativa_equipamento":"SEM ESFERA","tx_esfera_administrativa_equipamento":"Sem descrição","cd_equipamento":null,"nm_equipamento":"4 Cia do 7º BPM/M","tx_endereco_equipamento":"R GENERAL CARNEIRO, 100","nm_bairro_equipamento":"CENTRO HISTÓRICO DE SAO PAULO","cd_cep_equipamento":"01015000","tx_horario_funcionamento":null,"tx_numero_telefone":null,"cd_equipamento_base_origem":null}},{"type":"Feature","id":"equipamento_policia_militar_v2.150214","geometry":{"type":"Point","coordinates":[332725.7106,7392979.8589]},"geometry_name":"ge_ponto","properties":{"cd_identificador":150214,"cd_identificador_tema_equipamento":7,"nm_tema_equipamento":"SEGURANCA","cd_identificador_rede_equipamento":0,"nm_rede_equipamento":"SEM REDE","tx_rede_equipamento":"Sem descrição","cd_identificador_tipo_equipamento":0,"nm_tipo_equipamento":"SEM TIPO","tx_tipo_equipamento":"SEM TIPO","cd_identificador_classe_equipamento":5,"nm_classe_equipamento":"POLICIA MILITAR","tx_classe_equipamento":"POLICIA MILITAR","cd_identificador_esfera_administrativa_equipamento":0,"nm_esfera_administrativa_equipamento":"SEM ESFERA","tx_esfera_administrativa_equipamento":"Sem descrição","cd_equipamento":null,"nm_equipamento":"11 BPM/M","tx_endereco_equipamento":"R PROFESSOR ANTONIO PRUDENTE, 48","nm_bairro_equipamento":"LIBERDADE","cd_cep_equipamento":"04102000","tx_horario_funcionamento":null,"tx_numero_telefone":null,"cd_equipamento_base_origem":null}},{"type":"Feature","id":"equipamento_policia_militar_v2.150215","geometry":{"type":"Point","coordinates":[332422.9511,7394212.7424]},"geometry_name":"ge_ponto","properties":{"cd_identificador":150215,"cd_identificador_tema_equipamento":7,"nm_tema_equipamento":"SEGURANCA","cd_identificador_rede_equipamento":0,"nm_rede_equipamento":"SEM REDE","tx_rede_equipamento":"Sem descrição","cd_identificador_tipo_equipamento":0,"nm_tipo_equipamento":"SEM TIPO","tx_tipo_equipamento":"SEM TIPO","cd_identificador_classe_equipamento":5,"nm_classe_equipamento":"POLICIA MILITAR","tx_classe_equipamento":"POLICIA MILITAR","cd_identificador_esfera_administrativa_equipamento":0,"nm_esfera_administrativa_equipamento":"SEM ESFERA","tx_esfera_administrativa_equipamento":"Sem descrição","cd_equipamento":null,"nm_equipamento":"1 Cia do 11º BPM/M","tx_endereco_equipamento":"R ABOLIÇÃO, 349","nm_bairro_equipamento":"BELA VISTA","cd_cep_equipamento":"04102000","tx_horario_funcionamento":null,"tx_numero_telefone":null,"cd_equipamento_base_origem":null}},{"type":"Feature","id":"equipamento_policia_militar_v2.150216","geometry":{"type":"Point","coordinates":[334171.5387,7393667.1539]},"geometry_name":"ge_ponto","properties":{"cd_identificador":150216,"cd_identificador_tema_equipamento":7,"nm_tema_equipamento":"SEGURANCA","cd_identificador_rede_equipamento":0,"nm_rede_equipamento":"SEM REDE","tx_rede_equipamento":"Sem descrição","cd_identificador_tipo_equipamento":0,"nm_tipo_equipamento":"SEM TIPO","tx_tipo_equipamento":"SEM TIPO","cd_identificador_classe_equipamento":5,"nm_classe_equipamento":"POLICIA MILITAR","tx_classe_equipamento":"POLICIA MILITAR","cd_identificador_esfera_administrativa_equipamento":0,"nm_esfera_administrativa_equipamento":"SEM ESFERA","tx_esfera_administrativa_equipamento":"Sem descrição","cd_equipamento":null,"nm_equipamento":"2 Cia do 11º BPM/M","tx_endereco_equipamento":"R OTTO DE ALENCAR, 230","nm_bairro_equipamento":"CAMBUCI","cd_cep_equipamento":"01517000","tx_horario_funcionamento":null,"tx_numero_telefone":null,"cd_equipamento_base_origem":null}},{"type":"Feature","id":"equipamento_policia_militar_v2.150217","geometry":{"type":"Point","coordinates":[330214.8686,7392086.9902]},"geometry_name":"ge_ponto","properties":{"cd_identificador":150217,"cd_identificador_tema_equipamento":7,"nm_tema_equipamento":"SEGURANCA","cd_identificador_rede_equipamento":0,"nm_rede_equipamento":"SEM REDE","tx_rede_equipamento":"Sem descrição","cd_identificador_tipo_equipamento":0,"nm_tipo_equipamento":"SEM TIPO","tx_tipo_equipamento":"SEM TIPO","cd_identificador_classe_equipamento":5,"nm_classe_equipamento":"POLICIA MILITAR","tx_classe_equipamento":"POLICIA MILITAR","cd_identificador_esfera_administrativa_equipamento":0,"nm_esfera_administrativa_equipamento":"SEM ESFERA","tx_esfera_administrativa_equipamento":"Sem descrição","cd_equipamento":null,"nm_equipamento":"3 Cia do 11º BPM/M","tx_endereco_equipamento":"AV MAESTRO ELIAS LOBO, 127","nm_bairro_equipamento":"JD PAULISTA","cd_cep_equipamento":"04041000","tx_horario_funcionamento":null,"tx_numero_telefone":null,"cd_equipamento_base_origem":null}},{"type":"Feature","id":"equipamento_policia_militar_v2.150218","geometry":{"type":"Point","coordinates":[337318.2265,7394874.1314]},"geometry_name":"ge_ponto","properties":{"cd_identificador":150218,"cd_identificador_tema_equipamento":7,"nm_tema_equipamento":"SEGURANCA","cd_identificador_rede_equipamento":0,"nm_rede_equipamento":"SEM REDE","tx_rede_equipamento":"Sem descrição","cd_identificador_tipo_equipamento":0,"nm_tipo_equipamento":"SEM TIPO","tx_tipo_equipamento":"SEM TIPO","cd_identificador_classe_equipamento":5,"nm_classe_equipamento":"POLICIA MILITAR","tx_classe_equipamento":"POLICIA MILITAR","cd_identificador_esfera_administrativa_equipamento":0,"nm_esfera_administrativa_equipamento":"SEM ESFERA","tx_esfera_administrativa_equipamento":"Sem descrição","cd_equipamento":null,"nm_equipamento":"4 Cia do 11º BPM/M","tx_endereco_equipamento":"R SAPUCAIA, 206","nm_bairro_equipamento":"BELENZINHO","cd_cep_equipamento":"03170050","tx_horario_funcionamento":null,"tx_numero_telefone":null,"cd_equipamento_base_origem":null}},{"type":"Feature","id":"equipamento_policia_militar_v2.150219","geometry":{"type":"Point","coordinates":[332030.6915,7396511.0039]},"geometry_name":"ge_ponto","properties":{"cd_identificador":150219,"cd_identificador_tema_equipamento":7,"nm_tema_equipamento":"SEGURANCA","cd_identificador_rede_equipamento":0,"nm_rede_equipamento":"SEM REDE","tx_rede_equipamento":"Sem descrição","cd_identificador_tipo_equipamento":0,"nm_tipo_equipamento":"SEM TIPO","tx_tipo_equipamento":"SEM TIPO","cd_identificador_classe_equipamento":5,"nm_classe_equipamento":"POLICIA MILITAR","tx_classe_equipamento":"POLICIA MILITAR","cd_identificador_esfera_administrativa_equipamento":0,"nm_esfera_administrativa_equipamento":"SEM ESFERA","tx_esfera_administrativa_equipamento":"Sem descrição","cd_equipamento":null,"nm_equipamento":"13 BPM/M","tx_endereco_equipamento":"AV RIO BRANCO, 1289","nm_bairro_equipamento":"CAMPOS ELÍSEOS","cd_cep_equipamento":"01205001","tx_horario_funcionamento":null,"tx_numero_telefone":null,"cd_equipamento_base_origem":null}},{"type":"Feature","id":"equipamento_policia_militar_v2.150220","geometry":{"type":"Point","coordinates":[332030.6915,7396511.0039]},"geometry_name":"ge_ponto","properties":{"cd_identificador":150220,"cd_identificador_tema_equipamento":7,"nm_tema_equipamento":"SEGURANCA","cd_identificador_rede_equipamento":0,"nm_rede_equipamento":"SEM REDE","tx_rede_equipamento":"Sem descrição","cd_identificador_tipo_equipamento":0,"nm_tipo_equipamento":"SEM TIPO","tx_tipo_equipamento":"SEM TIPO","cd_identificador_classe_equipamento":5,"nm_classe_equipamento":"POLICIA MILITAR","tx_classe_equipamento":"POLICIA MILITAR","cd_identificador_esfera_administrativa_equipamento":0,"nm_esfera_administrativa_equipamento":"SEM ESFERA","tx_esfera_administrativa_equipamento":"Sem descrição","cd_equipamento":null,"nm_equipamento":"1 Cia do 13º BPM/M","tx_endereco_equipamento":"AV RIO BRANCO, 1289","nm_bairro_equipamento":"CAMPOS ELÍSEOS","cd_cep_equipamento":"01205001","tx_horario_funcionamento":null,"tx_numero_telefone":null,"cd_equipamento_base_origem":null}},{"type":"Feature","id":"equipamento_policia_militar_v2.150221","geometry":{"type":"Point","coordinates":[330745.1754,7396448.3465]},"geometry_name":"ge_ponto","properties":{"cd_identificador":150221,"cd_identificador_tema_equipamento":7,"nm_tema_equipamento":"SEGURANCA","cd_identificador_rede_equipamento":0,"nm_rede_equipamento":"SEM REDE","tx_rede_equipamento":"Sem descrição","cd_identificador_tipo_equipamento":0,"nm_tipo_equipamento":"SEM TIPO","tx_tipo_equipamento":"SEM TIPO","cd_identificador_classe_equipamento":5,"nm_classe_equipamento":"POLICIA MILITAR","tx_classe_equipamento":"POLICIA MILITAR","cd_identificador_esfera_administrativa_equipamento":0,"nm_esfera_administrativa_equipamento":"SEM ESFERA","tx_esfera_administrativa_equipamento":"Sem descrição","cd_equipamento":null,"nm_equipamento":"2 Cia do 13º BPM/M","tx_endereco_equipamento":"R DR. GABRIEL DOS SANTO, 81","nm_bairro_equipamento":"SANTA CECILIA","cd_cep_equipamento":"01231011","tx_horario_funcionamento":null,"tx_numero_telefone":null,"cd_equipamento_base_origem":null}},{"type":"Feature","id":"equipamento_policia_militar_v2.150222","geometry":{"type":"Point","coordinates":[335424.6467,7396934.8853]},"geometry_name":"ge_ponto","properties":{"cd_identificador":150222,"cd_identificador_tema_equipamento":7,"nm_tema_equipamento":"SEGURANCA","cd_identificador_rede_equipamento":0,"nm_rede_equipamento":"SEM REDE","tx_rede_equipamento":"Sem descrição","cd_identificador_tipo_equipamento":0,"nm_tipo_equipamento":"SEM TIPO","tx_tipo_equipamento":"SEM TIPO","cd_identificador_classe_equipamento":5,"nm_classe_equipamento":"POLICIA MILITAR","tx_classe_equipamento":"POLICIA MILITAR","cd_identificador_esfera_administrativa_equipamento":0,"nm_esfera_administrativa_equipamento":"SEM ESFERA","tx_esfera_administrativa_equipamento":"Sem descrição","cd_equipamento":null,"nm_equipamento":"3 Cia do 13º BPM/M","tx_endereco_equipamento":"R CORONEL EMÍDIO PIEDADE, 425","nm_bairro_equipamento":"BRAS","cd_cep_equipamento":"03018010","tx_horario_funcionamento":null,"tx_numero_telefone":null,"cd_equipamento_base_origem":null}},{"type":"Feature","id":"equipamento_policia_militar_v2.150223","geometry":{"type":"Point","coordinates":[336347.4027,7394726.142]},"geometry_name":"ge_ponto","properties":{"cd_identificador":150223,"cd_identificador_tema_equipamento":7,"nm_tema_equipamento":"SEGURANCA","cd_identificador_rede_equipamento":0,"nm_rede_equipamento":"SEM REDE","tx_rede_equipamento":"Sem descrição","cd_identificador_tipo_equipamento":0,"nm_tipo_equipamento":"SEM TIPO","tx_tipo_equipamento":"SEM TIPO","cd_identificador_classe_equipamento":5,"nm_classe_equipamento":"POLICIA MILITAR","tx_classe_equipamento":"POLICIA MILITAR","cd_identificador_esfera_administrativa_equipamento":0,"nm_esfera_administrativa_equipamento":"SEM ESFERA","tx_esfera_administrativa_equipamento":"Sem descrição","cd_equipamento":null,"nm_equipamento":"7 BAEP","tx_endereco_equipamento":"R JOÃO CAETANO, 403","nm_bairro_equipamento":"MOOCA","cd_cep_equipamento":"03162050","tx_horario_funcionamento":null,"tx_numero_telefone":null,"cd_equipamento_base_origem":null}},{"type":"Feature","id":"equipamento_policia_militar_v2.150224","geometry":{"type":"Point","coordinates":[330403.3156,7386087.8739]},"geometry_name":"ge_ponto","properties":{"cd_identificador":150224,"cd_identificador_tema_equipamento":7,"nm_tema_equipamento":"SEGURANCA","cd_identificador_rede_equipamento":0,"nm_rede_equipamento":"SEM REDE","tx_rede_equipamento":"Sem descrição","cd_identificador_tipo_equipamento":0,"nm_tipo_equipamento":"SEM TIPO","tx_tipo_equipamento":"SEM TIPO","cd_identificador_classe_equipamento":5,"nm_classe_equipamento":"POLICIA MILITAR","tx_classe_equipamento":"POLICIA MILITAR","cd_identificador_esfera_administrativa_equipamento":0,"nm_esfera_administrativa_equipamento":"SEM ESFERA","tx_esfera_administrativa_equipamento":"Sem descrição","cd_equipamento":null,"nm_equipamento":"CPA/M-2","tx_endereco_equipamento":"R RAFAEL IÓRIO, 190","nm_bairro_equipamento":"CAMPO BELO","cd_cep_equipamento":" 04615050","tx_horario_funcionamento":null,"tx_numero_telefone":null,"cd_equipamento_base_origem":null}},{"type":"Feature","id":"equipamento_policia_militar_v2.150225","geometry":{"type":"Point","coordinates":[333091.361,7385553.1634]},"geometry_name":"ge_ponto","properties":{"cd_identificador":150225,"cd_identificador_tema_equipamento":7,"nm_tema_equipamento":"SEGURANCA","cd_identificador_rede_equipamento":0,"nm_rede_equipamento":"SEM REDE","tx_rede_equipamento":"Sem descrição","cd_identificador_tipo_equipamento":0,"nm_tipo_equipamento":"SEM TIPO","tx_tipo_equipamento":"SEM TIPO","cd_identificador_classe_equipamento":5,"nm_classe_equipamento":"POLICIA MILITAR","tx_classe_equipamento":"POLICIA MILITAR","cd_identificador_esfera_administrativa_equipamento":0,"nm_esfera_administrativa_equipamento":"SEM ESFERA","tx_esfera_administrativa_equipamento":"Sem descrição","cd_equipamento":null,"nm_equipamento":"03 BPM/M","tx_endereco_equipamento":"AV DO CAFÉ, 753","nm_bairro_equipamento":"VILA GUARANI (ZONA SUL)","cd_cep_equipamento":"04311000","tx_horario_funcionamento":null,"tx_numero_telefone":null,"cd_equipamento_base_origem":null}},{"type":"Feature","id":"equipamento_policia_militar_v2.150226","geometry":{"type":"Point","coordinates":[332340.1294,7384724.0062]},"geometry_name":"ge_ponto","properties":{"cd_identificador":150226,"cd_identificador_tema_equipamento":7,"nm_tema_equipamento":"SEGURANCA","cd_identificador_rede_equipamento":0,"nm_rede_equipamento":"SEM REDE","tx_rede_equipamento":"Sem descrição","cd_identificador_tipo_equipamento":0,"nm_tipo_equipamento":"SEM TIPO","tx_tipo_equipamento":"SEM TIPO","cd_identificador_classe_equipamento":5,"nm_classe_equipamento":"POLICIA MILITAR","tx_classe_equipamento":"POLICIA MILITAR","cd_identificador_esfera_administrativa_equipamento":0,"nm_esfera_administrativa_equipamento":"SEM ESFERA","tx_esfera_administrativa_equipamento":"Sem descrição","cd_equipamento":null,"nm_equipamento":"1 Cia do 03º BPM/M","tx_endereco_equipamento":"AV GEN VALDOMIRO DE LIMA, 286","nm_bairro_equipamento":"PARQUE JABAQUARA","cd_cep_equipamento":"04344070","tx_horario_funcionamento":null,"tx_numero_telefone":null,"cd_equipamento_base_origem":null}},{"type":"Feature","id":"equipamento_policia_militar_v2.150227","geometry":{"type":"Point","coordinates":[333380.5285,7384458.4684]},"geometry_name":"ge_ponto","properties":{"cd_identificador":150227,"cd_identificador_tema_equipamento":7,"nm_tema_equipamento":"SEGURANCA","cd_identificador_rede_equipamento":0,"nm_rede_equipamento":"SEM REDE","tx_rede_equipamento":"Sem descrição","cd_identificador_tipo_equipamento":0,"nm_tipo_equipamento":"SEM TIPO","tx_tipo_equipamento":"SEM TIPO","cd_identificador_classe_equipamento":5,"nm_classe_equipamento":"POLICIA MILITAR","tx_classe_equipamento":"POLICIA MILITAR","cd_identificador_esfera_administrativa_equipamento":0,"nm_esfera_administrativa_equipamento":"SEM ESFERA","tx_esfera_administrativa_equipamento":"Sem descrição","cd_equipamento":null,"nm_equipamento":"2 Cia do 03º BPM/M","tx_endereco_equipamento":"AV LINO DE ALMEIDA PIRES, 358","nm_bairro_equipamento":"VILA GUARANI (ZONA SUL)","cd_cep_equipamento":" 04317180","tx_horario_funcionamento":null,"tx_numero_telefone":null,"cd_equipamento_base_origem":null}},{"type":"Feature","id":"equipamento_policia_militar_v2.150228","geometry":{"type":"Point","coordinates":[332934.5416,7388918.9379]},"geometry_name":"ge_ponto","properties":{"cd_identificador":150228,"cd_identificador_tema_equipamento":7,"nm_tema_equipamento":"SEGURANCA","cd_identificador_rede_equipamento":0,"nm_rede_equipamento":"SEM REDE","tx_rede_equipamento":"Sem descrição","cd_identificador_tipo_equipamento":0,"nm_tipo_equipamento":"SEM TIPO","tx_tipo_equipamento":"SEM TIPO","cd_identificador_classe_equipamento":5,"nm_classe_equipamento":"POLICIA MILITAR","tx_classe_equipamento":"POLICIA MILITAR","cd_identificador_esfera_administrativa_equipamento":0,"nm_esfera_administrativa_equipamento":"SEM ESFERA","tx_esfera_administrativa_equipamento":"Sem descrição","cd_equipamento":null,"nm_equipamento":"3 Cia do 03º BPM/M","tx_endereco_equipamento":"AV ONZE DE JUNHO, 87","nm_bairro_equipamento":"SAÚDE","cd_cep_equipamento":"04041050","tx_horario_funcionamento":null,"tx_numero_telefone":null,"cd_equipamento_base_origem":null}},{"type":"Feature","id":"equipamento_policia_militar_v2.150229","geometry":{"type":"Point","coordinates":[330429.0564,7386129.5626]},"geometry_name":"ge_ponto","properties":{"cd_identificador":150229,"cd_identificador_tema_equipamento":7,"nm_tema_equipamento":"SEGURANCA","cd_identificador_rede_equipamento":0,"nm_rede_equipamento":"SEM REDE","tx_rede_equipamento":"Sem descrição","cd_identificador_tipo_equipamento":0,"nm_tipo_equipamento":"SEM TIPO","tx_tipo_equipamento":"SEM TIPO","cd_identificador_classe_equipamento":5,"nm_classe_equipamento":"POLICIA MILITAR","tx_classe_equipamento":"POLICIA MILITAR","cd_identificador_esfera_administrativa_equipamento":0,"nm_esfera_administrativa_equipamento":"SEM ESFERA","tx_esfera_administrativa_equipamento":"Sem descrição","cd_equipamento":null,"nm_equipamento":"12 BPM/M","tx_endereco_equipamento":"R RAFAEL IÓRIO, 160","nm_bairro_equipamento":"CAMPO BELO","cd_cep_equipamento":"04615050","tx_horario_funcionamento":null,"tx_numero_telefone":null,"cd_equipamento_base_origem":null}},{"type":"Feature","id":"equipamento_policia_militar_v2.150230","geometry":{"type":"Point","coordinates":[329475.964,7386335.8824]},"geometry_name":"ge_ponto","properties":{"cd_identificador":150230,"cd_identificador_tema_equipamento":7,"nm_tema_equipamento":"SEGURANCA","cd_identificador_rede_equipamento":0,"nm_rede_equipamento":"SEM REDE","tx_rede_equipamento":"Sem descrição","cd_identificador_tipo_equipamento":0,"nm_tipo_equipamento":"SEM TIPO","tx_tipo_equipamento":"SEM TIPO","cd_identificador_classe_equipamento":5,"nm_classe_equipamento":"POLICIA MILITAR","tx_classe_equipamento":"POLICIA MILITAR","cd_identificador_esfera_administrativa_equipamento":0,"nm_esfera_administrativa_equipamento":"SEM ESFERA","tx_esfera_administrativa_equipamento":"Sem descrição","cd_equipamento":null,"nm_equipamento":"1 Cia do 12º BPM/M","tx_endereco_equipamento":"R REPÚBLICA DO IRAQUE, 1119","nm_bairro_equipamento":"CAMPO BELO","cd_cep_equipamento":" 04611001","tx_horario_funcionamento":null,"tx_numero_telefone":null,"cd_equipamento_base_origem":null}},{"type":"Feature","id":"equipamento_policia_militar_v2.150231","geometry":{"type":"Point","coordinates":[332116.572,7389836.7084]},"geometry_name":"ge_ponto","properties":{"cd_identificador":150231,"cd_identificador_tema_equipamento":7,"nm_tema_equipamento":"SEGURANCA","cd_identificador_rede_equipamento":0,"nm_rede_equipamento":"SEM REDE","tx_rede_equipamento":"Sem descrição","cd_identificador_tipo_equipamento":0,"nm_tipo_equipamento":"SEM TIPO","tx_tipo_equipamento":"SEM TIPO","cd_identificador_classe_equipamento":5,"nm_classe_equipamento":"POLICIA MILITAR","tx_classe_equipamento":"POLICIA MILITAR","cd_identificador_esfera_administrativa_equipamento":0,"nm_esfera_administrativa_equipamento":"SEM ESFERA","tx_esfera_administrativa_equipamento":"Sem descrição","cd_equipamento":null,"nm_equipamento":"2 Cia do 12º BPM/M","tx_endereco_equipamento":"R SENA MADUREIRA, 980","nm_bairro_equipamento":"VILA CLAMENTINO","cd_cep_equipamento":"04021050","tx_horario_funcionamento":null,"tx_numero_telefone":null,"cd_equipamento_base_origem":null}},{"type":"Feature","id":"equipamento_policia_militar_v2.150232","geometry":{"type":"Point","coordinates":[330060.8127,7389611.0672]},"geometry_name":"ge_ponto","properties":{"cd_identificador":150232,"cd_identificador_tema_equipamento":7,"nm_tema_equipamento":"SEGURANCA","cd_identificador_rede_equipamento":0,"nm_rede_equipamento":"SEM REDE","tx_rede_equipamento":"Sem descrição","cd_identificador_tipo_equipamento":0,"nm_tipo_equipamento":"SEM TIPO","tx_tipo_equipamento":"SEM TIPO","cd_identificador_classe_equipamento":5,"nm_classe_equipamento":"POLICIA MILITAR","tx_classe_equipamento":"POLICIA MILITAR","cd_identificador_esfera_administrativa_equipamento":0,"nm_esfera_administrativa_equipamento":"SEM ESFERA","tx_esfera_administrativa_equipamento":"Sem descrição","cd_equipamento":null,"nm_equipamento":"3 Cia do 12º BPM/M","tx_endereco_equipamento":"AV QUARTO CENTENÁRIO, 1450","nm_bairro_equipamento":"JARDIM LUZITANIA","cd_cep_equipamento":"04030000","tx_horario_funcionamento":null,"tx_numero_telefone":null,"cd_equipamento_base_origem":null}},{"type":"Feature","id":"equipamento_policia_militar_v2.150233","geometry":{"type":"Point","coordinates":[335560.4861,7389670.0514]},"geometry_name":"ge_ponto","properties":{"cd_identificador":150233,"cd_identificador_tema_equipamento":7,"nm_tema_equipamento":"SEGURANCA","cd_identificador_rede_equipamento":0,"nm_rede_equipamento":"SEM REDE","tx_rede_equipamento":"Sem descrição","cd_identificador_tipo_equipamento":0,"nm_tipo_equipamento":"SEM TIPO","tx_tipo_equipamento":"SEM TIPO","cd_identificador_classe_equipamento":5,"nm_classe_equipamento":"POLICIA MILITAR","tx_classe_equipamento":"POLICIA MILITAR","cd_identificador_esfera_administrativa_equipamento":0,"nm_esfera_administrativa_equipamento":"SEM ESFERA","tx_esfera_administrativa_equipamento":"Sem descrição","cd_equipamento":null,"nm_equipamento":"46 BPM/M","tx_endereco_equipamento":"R ARCIPRESTE ANDRADE, 250","nm_bairro_equipamento":"IPIRANGA","cd_cep_equipamento":" 04268020","tx_horario_funcionamento":null,"tx_numero_telefone":null,"cd_equipamento_base_origem":null}},{"type":"Feature","id":"equipamento_policia_militar_v2.150234","geometry":{"type":"Point","coordinates":[336578.4743,7387175.323]},"geometry_name":"ge_ponto","properties":{"cd_identificador":150234,"cd_identificador_tema_equipamento":7,"nm_tema_equipamento":"SEGURANCA","cd_identificador_rede_equipamento":0,"nm_rede_equipamento":"SEM REDE","tx_rede_equipamento":"Sem descrição","cd_identificador_tipo_equipamento":0,"nm_tipo_equipamento":"SEM TIPO","tx_tipo_equipamento":"SEM TIPO","cd_identificador_classe_equipamento":5,"nm_classe_equipamento":"POLICIA MILITAR","tx_classe_equipamento":"POLICIA MILITAR","cd_identificador_esfera_administrativa_equipamento":0,"nm_esfera_administrativa_equipamento":"SEM ESFERA","tx_esfera_administrativa_equipamento":"Sem descrição","cd_equipamento":null,"nm_equipamento":"1 Cia do 46º BPM/M","tx_endereco_equipamento":"ROD ANCHIETA, 1838","nm_bairro_equipamento":"VILA MOINHO VELHO","cd_cep_equipamento":"04246002","tx_horario_funcionamento":null,"tx_numero_telefone":null,"cd_equipamento_base_origem":null}},{"type":"Feature","id":"equipamento_policia_militar_v2.150235","geometry":{"type":"Point","coordinates":[335846.7381,7390139.0949]},"geometry_name":"ge_ponto","properties":{"cd_identificador":150235,"cd_identificador_tema_equipamento":7,"nm_tema_equipamento":"SEGURANCA","cd_identificador_rede_equipamento":0,"nm_rede_equipamento":"SEM REDE","tx_rede_equipamento":"Sem descrição","cd_identificador_tipo_equipamento":0,"nm_tipo_equipamento":"SEM TIPO","tx_tipo_equipamento":"SEM TIPO","cd_identificador_classe_equipamento":5,"nm_classe_equipamento":"POLICIA MILITAR","tx_classe_equipamento":"POLICIA MILITAR","cd_identificador_esfera_administrativa_equipamento":0,"nm_esfera_administrativa_equipamento":"SEM ESFERA","tx_esfera_administrativa_equipamento":"Sem descrição","cd_equipamento":null,"nm_equipamento":"2 Cia do 46º BPM/M","tx_endereco_equipamento":"R DOM LUÍS LASANHA, 534","nm_bairro_equipamento":"IPIRANGA","cd_cep_equipamento":"04266030","tx_horario_funcionamento":null,"tx_numero_telefone":null,"cd_equipamento_base_origem":null}},{"type":"Feature","id":"equipamento_policia_militar_v2.150236","geometry":{"type":"Point","coordinates":[336582.539,7386605.8377]},"geometry_name":"ge_ponto","properties":{"cd_identificador":150236,"cd_identificador_tema_equipamento":7,"nm_tema_equipamento":"SEGURANCA","cd_identificador_rede_equipamento":0,"nm_rede_equipamento":"SEM REDE","tx_rede_equipamento":"Sem descrição","cd_identificador_tipo_equipamento":0,"nm_tipo_equipamento":"SEM TIPO","tx_tipo_equipamento":"SEM TIPO","cd_identificador_classe_equipamento":5,"nm_classe_equipamento":"POLICIA MILITAR","tx_classe_equipamento":"POLICIA MILITAR","cd_identificador_esfera_administrativa_equipamento":0,"nm_esfera_administrativa_equipamento":"SEM ESFERA","tx_esfera_administrativa_equipamento":"Sem descrição","cd_equipamento":null,"nm_equipamento":"3 Cia do 46º BPM/M","tx_endereco_equipamento":"AV PADRE ARLINDO VIEIRA, 50","nm_bairro_equipamento":"VILA VERMELHA","cd_cep_equipamento":"04166003","tx_horario_funcionamento":null,"tx_numero_telefone":null,"cd_equipamento_base_origem":null}},{"type":"Feature","id":"equipamento_policia_militar_v2.150237","geometry":{"type":"Point","coordinates":[337202.5122,7384516.6503]},"geometry_name":"ge_ponto","properties":{"cd_identificador":150237,"cd_identificador_tema_equipamento":7,"nm_tema_equipamento":"SEGURANCA","cd_identificador_rede_equipamento":0,"nm_rede_equipamento":"SEM REDE","tx_rede_equipamento":"Sem descrição","cd_identificador_tipo_equipamento":0,"nm_tipo_equipamento":"SEM TIPO","tx_tipo_equipamento":"SEM TIPO","cd_identificador_classe_equipamento":5,"nm_classe_equipamento":"POLICIA MILITAR","tx_classe_equipamento":"POLICIA MILITAR","cd_identificador_esfera_administrativa_equipamento":0,"nm_esfera_administrativa_equipamento":"SEM ESFERA","tx_esfera_administrativa_equipamento":"Sem descrição","cd_equipamento":null,"nm_equipamento":"4 Cia do 46º BPM/M","tx_endereco_equipamento":"R FRANCISCO BAUTISTA, 471","nm_bairro_equipamento":"JARDIM SANTA EMILIA","cd_cep_equipamento":"04183070","tx_horario_funcionamento":null,"tx_numero_telefone":null,"cd_equipamento_base_origem":null}},{"type":"Feature","id":"equipamento_policia_militar_v2.150238","geometry":{"type":"Point","coordinates":[335560.4861,7389670.0514]},"geometry_name":"ge_ponto","properties":{"cd_identificador":150238,"cd_identificador_tema_equipamento":7,"nm_tema_equipamento":"SEGURANCA","cd_identificador_rede_equipamento":0,"nm_rede_equipamento":"SEM REDE","tx_rede_equipamento":"Sem descrição","cd_identificador_tipo_equipamento":0,"nm_tipo_equipamento":"SEM TIPO","tx_tipo_equipamento":"SEM TIPO","cd_identificador_classe_equipamento":5,"nm_classe_equipamento":"POLICIA MILITAR","tx_classe_equipamento":"POLICIA MILITAR","cd_identificador_esfera_administrativa_equipamento":0,"nm_esfera_administrativa_equipamento":"SEM ESFERA","tx_esfera_administrativa_equipamento":"Sem descrição","cd_equipamento":null,"nm_equipamento":"Cia Tática do 46º BPM/M","tx_endereco_equipamento":"R ARCIPRESTE ANDRADE, 250","nm_bairro_equipamento":"IPIRANGA","cd_cep_equipamento":"04268020","tx_horario_funcionamento":null,"tx_numero_telefone":null,"cd_equipamento_base_origem":null}},{"type":"Feature","id":"equipamento_policia_militar_v2.150239","geometry":{"type":"Point","coordinates":[334858.2024,7399902.9471]},"geometry_name":"ge_ponto","properties":{"cd_identificador":150239,"cd_identificador_tema_equipamento":7,"nm_tema_equipamento":"SEGURANCA","cd_identificador_rede_equipamento":0,"nm_rede_equipamento":"SEM REDE","tx_rede_equipamento":"Sem descrição","cd_identificador_tipo_equipamento":0,"nm_tipo_equipamento":"SEM TIPO","tx_tipo_equipamento":"SEM TIPO","cd_identificador_classe_equipamento":5,"nm_classe_equipamento":"POLICIA MILITAR","tx_classe_equipamento":"POLICIA MILITAR","cd_identificador_esfera_administrativa_equipamento":0,"nm_esfera_administrativa_equipamento":"SEM ESFERA","tx_esfera_administrativa_equipamento":"Sem descrição","cd_equipamento":null,"nm_equipamento":"CPA/M-3","tx_endereco_equipamento":"AV GEN ATALIBA LEONEL, 1270","nm_bairro_equipamento":"SANTANA","cd_cep_equipamento":" 02088900","tx_horario_funcionamento":null,"tx_numero_telefone":null,"cd_equipamento_base_origem":null}},{"type":"Feature","id":"equipamento_policia_militar_v2.150240","geometry":{"type":"Point","coordinates":[337070.7346,7401619.2198]},"geometry_name":"ge_ponto","properties":{"cd_identificador":150240,"cd_identificador_tema_equipamento":7,"nm_tema_equipamento":"SEGURANCA","cd_identificador_rede_equipamento":0,"nm_rede_equipamento":"SEM REDE","tx_rede_equipamento":"Sem descrição","cd_identificador_tipo_equipamento":0,"nm_tipo_equipamento":"SEM TIPO","tx_tipo_equipamento":"SEM TIPO","cd_identificador_classe_equipamento":5,"nm_classe_equipamento":"POLICIA MILITAR","tx_classe_equipamento":"POLICIA MILITAR","cd_identificador_esfera_administrativa_equipamento":0,"nm_esfera_administrativa_equipamento":"SEM ESFERA","tx_esfera_administrativa_equipamento":"Sem descrição","cd_equipamento":null,"nm_equipamento":"05 BPM/M","tx_endereco_equipamento":"R SÃO MARCELO, 399","nm_bairro_equipamento":"VILA PEDROSA","cd_cep_equipamento":"02250050","tx_horario_funcionamento":null,"tx_numero_telefone":null,"cd_equipamento_base_origem":null}},{"type":"Feature","id":"equipamento_policia_militar_v2.150241","geometry":{"type":"Point","coordinates":[339884.0867,7399534.3334]},"geometry_name":"ge_ponto","properties":{"cd_identificador":150241,"cd_identificador_tema_equipamento":7,"nm_tema_equipamento":"SEGURANCA","cd_identificador_rede_equipamento":0,"nm_rede_equipamento":"SEM REDE","tx_rede_equipamento":"Sem descrição","cd_identificador_tipo_equipamento":0,"nm_tipo_equipamento":"SEM TIPO","tx_tipo_equipamento":"SEM TIPO","cd_identificador_classe_equipamento":5,"nm_classe_equipamento":"POLICIA MILITAR","tx_classe_equipamento":"POLICIA MILITAR","cd_identificador_esfera_administrativa_equipamento":0,"nm_esfera_administrativa_equipamento":"SEM ESFERA","tx_esfera_administrativa_equipamento":"Sem descrição","cd_equipamento":null,"nm_equipamento":"1 Cia do 05º BPM/M","tx_endereco_equipamento":"R SOLDADO JOSÉ SERAFIM, 135","nm_bairro_equipamento":"PARQUE NOVO MUNDO","cd_cep_equipamento":"02189070","tx_horario_funcionamento":null,"tx_numero_telefone":null,"cd_equipamento_base_origem":null}},{"type":"Feature","id":"equipamento_policia_militar_v2.150242","geometry":{"type":"Point","coordinates":[338202.2268,7398260.848]},"geometry_name":"ge_ponto","properties":{"cd_identificador":150242,"cd_identificador_tema_equipamento":7,"nm_tema_equipamento":"SEGURANCA","cd_identificador_rede_equipamento":0,"nm_rede_equipamento":"SEM REDE","tx_rede_equipamento":"Sem descrição","cd_identificador_tipo_equipamento":0,"nm_tipo_equipamento":"SEM TIPO","tx_tipo_equipamento":"SEM TIPO","cd_identificador_classe_equipamento":5,"nm_classe_equipamento":"POLICIA MILITAR","tx_classe_equipamento":"POLICIA MILITAR","cd_identificador_esfera_administrativa_equipamento":0,"nm_esfera_administrativa_equipamento":"SEM ESFERA","tx_esfera_administrativa_equipamento":"Sem descrição","cd_equipamento":null,"nm_equipamento":"2 Cia do 05º BPM/M","tx_endereco_equipamento":"R AMAMBAI, 1181","nm_bairro_equipamento":"VILA MARIA","cd_cep_equipamento":"02115000","tx_horario_funcionamento":null,"tx_numero_telefone":null,"cd_equipamento_base_origem":null}},{"type":"Feature","id":"equipamento_policia_militar_v2.150243","geometry":{"type":"Point","coordinates":[337639.9239,7402086.3334]},"geometry_name":"ge_ponto","properties":{"cd_identificador":150243,"cd_identificador_tema_equipamento":7,"nm_tema_equipamento":"SEGURANCA","cd_identificador_rede_equipamento":0,"nm_rede_equipamento":"SEM REDE","tx_rede_equipamento":"Sem descrição","cd_identificador_tipo_equipamento":0,"nm_tipo_equipamento":"SEM TIPO","tx_tipo_equipamento":"SEM TIPO","cd_identificador_classe_equipamento":5,"nm_classe_equipamento":"POLICIA MILITAR","tx_classe_equipamento":"POLICIA MILITAR","cd_identificador_esfera_administrativa_equipamento":0,"nm_esfera_administrativa_equipamento":"SEM ESFERA","tx_esfera_administrativa_equipamento":"Sem descrição","cd_equipamento":null,"nm_equipamento":"3 Cia do 05º BPM/M","tx_endereco_equipamento":"R DA ESPERANÇA, 797","nm_bairro_equipamento":"VILA MEDEIROS","cd_cep_equipamento":"02208000","tx_horario_funcionamento":null,"tx_numero_telefone":null,"cd_equipamento_base_origem":null}},{"type":"Feature","id":"equipamento_policia_militar_v2.150244","geometry":{"type":"Point","coordinates":[337070.7346,7401619.2198]},"geometry_name":"ge_ponto","properties":{"cd_identificador":150244,"cd_identificador_tema_equipamento":7,"nm_tema_equipamento":"SEGURANCA","cd_identificador_rede_equipamento":0,"nm_rede_equipamento":"SEM REDE","tx_rede_equipamento":"Sem descrição","cd_identificador_tipo_equipamento":0,"nm_tipo_equipamento":"SEM TIPO","tx_tipo_equipamento":"SEM TIPO","cd_identificador_classe_equipamento":5,"nm_classe_equipamento":"POLICIA MILITAR","tx_classe_equipamento":"POLICIA MILITAR","cd_identificador_esfera_administrativa_equipamento":0,"nm_esfera_administrativa_equipamento":"SEM ESFERA","tx_esfera_administrativa_equipamento":"Sem descrição","cd_equipamento":null,"nm_equipamento":"Cia Táticado 05º BPM/M","tx_endereco_equipamento":"R SÃO MARCELO, 399","nm_bairro_equipamento":"VILA PEDROSA","cd_cep_equipamento":"02250050","tx_horario_funcionamento":null,"tx_numero_telefone":null,"cd_equipamento_base_origem":null}},{"type":"Feature","id":"equipamento_policia_militar_v2.150245","geometry":{"type":"Point","coordinates":[334824.0378,7401678.4661]},"geometry_name":"ge_ponto","properties":{"cd_identificador":150245,"cd_identificador_tema_equipamento":7,"nm_tema_equipamento":"SEGURANCA","cd_identificador_rede_equipamento":0,"nm_rede_equipamento":"SEM REDE","tx_rede_equipamento":"Sem descrição","cd_identificador_tipo_equipamento":0,"nm_tipo_equipamento":"SEM TIPO","tx_tipo_equipamento":"SEM TIPO","cd_identificador_classe_equipamento":5,"nm_classe_equipamento":"POLICIA MILITAR","tx_classe_equipamento":"POLICIA MILITAR","cd_identificador_esfera_administrativa_equipamento":0,"nm_esfera_administrativa_equipamento":"SEM ESFERA","tx_esfera_administrativa_equipamento":"Sem descrição","cd_equipamento":null,"nm_equipamento":"09º BPM/M","tx_endereco_equipamento":"AV NOVA CANTAREIRA, 842","nm_bairro_equipamento":"JD SAOPAULO","cd_cep_equipamento":"02331000","tx_horario_funcionamento":null,"tx_numero_telefone":null,"cd_equipamento_base_origem":null}},{"type":"Feature","id":"equipamento_policia_militar_v2.150246","geometry":{"type":"Point","coordinates":[331608.5139,7400108.8209]},"geometry_name":"ge_ponto","properties":{"cd_identificador":150246,"cd_identificador_tema_equipamento":7,"nm_tema_equipamento":"SEGURANCA","cd_identificador_rede_equipamento":0,"nm_rede_equipamento":"SEM REDE","tx_rede_equipamento":"Sem descrição","cd_identificador_tipo_equipamento":0,"nm_tipo_equipamento":"SEM TIPO","tx_tipo_equipamento":"SEM TIPO","cd_identificador_classe_equipamento":5,"nm_classe_equipamento":"POLICIA MILITAR","tx_classe_equipamento":"POLICIA MILITAR","cd_identificador_esfera_administrativa_equipamento":0,"nm_esfera_administrativa_equipamento":"SEM ESFERA","tx_esfera_administrativa_equipamento":"Sem descrição","cd_equipamento":null,"nm_equipamento":"1 Cia do 09º BPM/M","tx_endereco_equipamento":"AV CASA VERDE, 677","nm_bairro_equipamento":"CASA VERDE","cd_cep_equipamento":"02519000","tx_horario_funcionamento":null,"tx_numero_telefone":null,"cd_equipamento_base_origem":null}},{"type":"Feature","id":"equipamento_policia_militar_v2.150247","geometry":{"type":"Point","coordinates":[328662.9838,7400787.1922]},"geometry_name":"ge_ponto","properties":{"cd_identificador":150247,"cd_identificador_tema_equipamento":7,"nm_tema_equipamento":"SEGURANCA","cd_identificador_rede_equipamento":0,"nm_rede_equipamento":"SEM REDE","tx_rede_equipamento":"Sem descrição","cd_identificador_tipo_equipamento":0,"nm_tipo_equipamento":"SEM TIPO","tx_tipo_equipamento":"SEM TIPO","cd_identificador_classe_equipamento":5,"nm_classe_equipamento":"POLICIA MILITAR","tx_classe_equipamento":"POLICIA MILITAR","cd_identificador_esfera_administrativa_equipamento":0,"nm_esfera_administrativa_equipamento":"SEM ESFERA","tx_esfera_administrativa_equipamento":"Sem descrição","cd_equipamento":null,"nm_equipamento":"2 Cia do 09º BPM/M","tx_endereco_equipamento":"AV GASPAR VAZ DA CUNHA, 113","nm_bairro_equipamento":"VILA SANTA MARIA","cd_cep_equipamento":"02559010","tx_horario_funcionamento":null,"tx_numero_telefone":null,"cd_equipamento_base_origem":null}},{"type":"Feature","id":"equipamento_policia_militar_v2.150248","geometry":{"type":"Point","coordinates":[332457.7643,7403841.0917]},"geometry_name":"ge_ponto","properties":{"cd_identificador":150248,"cd_identificador_tema_equipamento":7,"nm_tema_equipamento":"SEGURANCA","cd_identificador_rede_equipamento":0,"nm_rede_equipamento":"SEM REDE","tx_rede_equipamento":"Sem descrição","cd_identificador_tipo_equipamento":0,"nm_tipo_equipamento":"SEM TIPO","tx_tipo_equipamento":"SEM TIPO","cd_identificador_classe_equipamento":5,"nm_classe_equipamento":"POLICIA MILITAR","tx_classe_equipamento":"POLICIA MILITAR","cd_identificador_esfera_administrativa_equipamento":0,"nm_esfera_administrativa_equipamento":"SEM ESFERA","tx_esfera_administrativa_equipamento":"Sem descrição","cd_equipamento":null,"nm_equipamento":"3 Cia do 09º BPM/M","tx_endereco_equipamento":"AV PARADA PINTO, 3132","nm_bairro_equipamento":"VILA NOVA CACHOEIRINHA","cd_cep_equipamento":"02611003","tx_horario_funcionamento":null,"tx_numero_telefone":null,"cd_equipamento_base_origem":null}},{"type":"Feature","id":"equipamento_policia_militar_v2.150249","geometry":{"type":"Point","coordinates":[328495.8284,7404390.7104]},"geometry_name":"ge_ponto","properties":{"cd_identificador":150249,"cd_identificador_tema_equipamento":7,"nm_tema_equipamento":"SEGURANCA","cd_identificador_rede_equipamento":0,"nm_rede_equipamento":"SEM REDE","tx_rede_equipamento":"Sem descrição","cd_identificador_tipo_equipamento":0,"nm_tipo_equipamento":"SEM TIPO","tx_tipo_equipamento":"SEM TIPO","cd_identificador_classe_equipamento":5,"nm_classe_equipamento":"POLICIA MILITAR","tx_classe_equipamento":"POLICIA MILITAR","cd_identificador_esfera_administrativa_equipamento":0,"nm_esfera_administrativa_equipamento":"SEM ESFERA","tx_esfera_administrativa_equipamento":"Sem descrição","cd_equipamento":null,"nm_equipamento":"4 Cia do 09º BPM/M","tx_endereco_equipamento":"R SÃO GONÇALO DO ABAETE, 571","nm_bairro_equipamento":"BRASILANDIA","cd_cep_equipamento":"02870000","tx_horario_funcionamento":null,"tx_numero_telefone":null,"cd_equipamento_base_origem":null}},{"type":"Feature","id":"equipamento_policia_militar_v2.150250","geometry":{"type":"Point","coordinates":[332005.152,7404741.7643]},"geometry_name":"ge_ponto","properties":{"cd_identificador":150250,"cd_identificador_tema_equipamento":7,"nm_tema_equipamento":"SEGURANCA","cd_identificador_rede_equipamento":0,"nm_rede_equipamento":"SEM REDE","tx_rede_equipamento":"Sem descrição","cd_identificador_tipo_equipamento":0,"nm_tipo_equipamento":"SEM TIPO","tx_tipo_equipamento":"SEM TIPO","cd_identificador_classe_equipamento":5,"nm_classe_equipamento":"POLICIA MILITAR","tx_classe_equipamento":"POLICIA MILITAR","cd_identificador_esfera_administrativa_equipamento":0,"nm_esfera_administrativa_equipamento":"SEM ESFERA","tx_esfera_administrativa_equipamento":"Sem descrição","cd_equipamento":null,"nm_equipamento":"Cia Tática do 09º BPM/M","tx_endereco_equipamento":"R PEDRA BONITA, 10","nm_bairro_equipamento":"MANDAQUI","cd_cep_equipamento":"02635000","tx_horario_funcionamento":null,"tx_numero_telefone":null,"cd_equipamento_base_origem":null}},{"type":"Feature","id":"equipamento_policia_militar_v2.150251","geometry":{"type":"Point","coordinates":[325875.2235,7399459.1247]},"geometry_name":"ge_ponto","properties":{"cd_identificador":150251,"cd_identificador_tema_equipamento":7,"nm_tema_equipamento":"SEGURANCA","cd_identificador_rede_equipamento":0,"nm_rede_equipamento":"SEM REDE","tx_rede_equipamento":"Sem descrição","cd_identificador_tipo_equipamento":0,"nm_tipo_equipamento":"SEM TIPO","tx_tipo_equipamento":"SEM TIPO","cd_identificador_classe_equipamento":5,"nm_classe_equipamento":"POLICIA MILITAR","tx_classe_equipamento":"POLICIA MILITAR","cd_identificador_esfera_administrativa_equipamento":0,"nm_esfera_administrativa_equipamento":"SEM ESFERA","tx_esfera_administrativa_equipamento":"Sem descrição","cd_equipamento":null,"nm_equipamento":"18 BPM/M","tx_endereco_equipamento":"AV GEN EDGAR FACÓ, 88","nm_bairro_equipamento":"VILA ARCADIA","cd_cep_equipamento":" 02924200","tx_horario_funcionamento":null,"tx_numero_telefone":null,"cd_equipamento_base_origem":null}},{"type":"Feature","id":"equipamento_policia_militar_v2.150252","geometry":{"type":"Point","coordinates":[326649.064,7400718.3696]},"geometry_name":"ge_ponto","properties":{"cd_identificador":150252,"cd_identificador_tema_equipamento":7,"nm_tema_equipamento":"SEGURANCA","cd_identificador_rede_equipamento":0,"nm_rede_equipamento":"SEM REDE","tx_rede_equipamento":"Sem descrição","cd_identificador_tipo_equipamento":0,"nm_tipo_equipamento":"SEM TIPO","tx_tipo_equipamento":"SEM TIPO","cd_identificador_classe_equipamento":5,"nm_classe_equipamento":"POLICIA MILITAR","tx_classe_equipamento":"POLICIA MILITAR","cd_identificador_esfera_administrativa_equipamento":0,"nm_esfera_administrativa_equipamento":"SEM ESFERA","tx_esfera_administrativa_equipamento":"Sem descrição","cd_equipamento":null,"nm_equipamento":"1 Cia do 18º BPM/M","tx_endereco_equipamento":"AV ITABERABA, 777","nm_bairro_equipamento":"NOSSA SRA DO O","cd_cep_equipamento":" 02734000","tx_horario_funcionamento":null,"tx_numero_telefone":null,"cd_equipamento_base_origem":null}},{"type":"Feature","id":"equipamento_policia_militar_v2.150253","geometry":{"type":"Point","coordinates":[322730.9639,7405839.8473]},"geometry_name":"ge_ponto","properties":{"cd_identificador":150253,"cd_identificador_tema_equipamento":7,"nm_tema_equipamento":"SEGURANCA","cd_identificador_rede_equipamento":0,"nm_rede_equipamento":"SEM REDE","tx_rede_equipamento":"Sem descrição","cd_identificador_tipo_equipamento":0,"nm_tipo_equipamento":"SEM TIPO","tx_tipo_equipamento":"SEM TIPO","cd_identificador_classe_equipamento":5,"nm_classe_equipamento":"POLICIA MILITAR","tx_classe_equipamento":"POLICIA MILITAR","cd_identificador_esfera_administrativa_equipamento":0,"nm_esfera_administrativa_equipamento":"SEM ESFERA","tx_esfera_administrativa_equipamento":"Sem descrição","cd_equipamento":null,"nm_equipamento":"2 Cia do 18º BPM/M","tx_endereco_equipamento":"R FRIEDRICH VON VOITH, 120","nm_bairro_equipamento":"JARAGUA","cd_cep_equipamento":"02995970","tx_horario_funcionamento":null,"tx_numero_telefone":null,"cd_equipamento_base_origem":null}},{"type":"Feature","id":"equipamento_policia_militar_v2.150254","geometry":{"type":"Point","coordinates":[327414.2704,7403531.6163]},"geometry_name":"ge_ponto","properties":{"cd_identificador":150254,"cd_identificador_tema_equipamento":7,"nm_tema_equipamento":"SEGURANCA","cd_identificador_rede_equipamento":0,"nm_rede_equipamento":"SEM REDE","tx_rede_equipamento":"Sem descrição","cd_identificador_tipo_equipamento":0,"nm_tipo_equipamento":"SEM TIPO","tx_tipo_equipamento":"SEM TIPO","cd_identificador_classe_equipamento":5,"nm_classe_equipamento":"POLICIA MILITAR","tx_classe_equipamento":"POLICIA MILITAR","cd_identificador_esfera_administrativa_equipamento":0,"nm_esfera_administrativa_equipamento":"SEM ESFERA","tx_esfera_administrativa_equipamento":"Sem descrição","cd_equipamento":null,"nm_equipamento":"3 Cia do 18º BPM/M","tx_endereco_equipamento":"R JOAQUIM FERREIRA DA ROCHA, 403","nm_bairro_equipamento":"BRASILANDIAILA","cd_cep_equipamento":"02845000","tx_horario_funcionamento":null,"tx_numero_telefone":null,"cd_equipamento_base_origem":null}},{"type":"Feature","id":"equipamento_policia_militar_v2.150255","geometry":{"type":"Point","coordinates":[325875.2235,7399459.1247]},"geometry_name":"ge_ponto","properties":{"cd_identificador":150255,"cd_identificador_tema_equipamento":7,"nm_tema_equipamento":"SEGURANCA","cd_identificador_rede_equipamento":0,"nm_rede_equipamento":"SEM REDE","tx_rede_equipamento":"Sem descrição","cd_identificador_tipo_equipamento":0,"nm_tipo_equipamento":"SEM TIPO","tx_tipo_equipamento":"SEM TIPO","cd_identificador_classe_equipamento":5,"nm_classe_equipamento":"POLICIA MILITAR","tx_classe_equipamento":"POLICIA MILITAR","cd_identificador_esfera_administrativa_equipamento":0,"nm_esfera_administrativa_equipamento":"SEM ESFERA","tx_esfera_administrativa_equipamento":"Sem descrição","cd_equipamento":null,"nm_equipamento":"Cia Tatica  do 18º BPM/M","tx_endereco_equipamento":"AV GAL EDGAR FACÓ, 88","nm_bairro_equipamento":"FREGUESIA DO Ó","cd_cep_equipamento":"02924200","tx_horario_funcionamento":null,"tx_numero_telefone":null,"cd_equipamento_base_origem":null}},{"type":"Feature","id":"equipamento_policia_militar_v2.150256","geometry":{"type":"Point","coordinates":[334531.0965,7401840.8058]},"geometry_name":"ge_ponto","properties":{"cd_identificador":150256,"cd_identificador_tema_equipamento":7,"nm_tema_equipamento":"SEGURANCA","cd_identificador_rede_equipamento":0,"nm_rede_equipamento":"SEM REDE","tx_rede_equipamento":"Sem descrição","cd_identificador_tipo_equipamento":0,"nm_tipo_equipamento":"SEM TIPO","tx_tipo_equipamento":"SEM TIPO","cd_identificador_classe_equipamento":5,"nm_classe_equipamento":"POLICIA MILITAR","tx_classe_equipamento":"POLICIA MILITAR","cd_identificador_esfera_administrativa_equipamento":0,"nm_esfera_administrativa_equipamento":"SEM ESFERA","tx_esfera_administrativa_equipamento":"Sem descrição","cd_equipamento":null,"nm_equipamento":"43 BPM/M","tx_endereco_equipamento":"R CAP ALBERTO MENDES JÚNIOR, 72","nm_bairro_equipamento":"SANTANA","cd_cep_equipamento":"02335010","tx_horario_funcionamento":null,"tx_numero_telefone":null,"cd_equipamento_base_origem":null}},{"type":"Feature","id":"equipamento_policia_militar_v2.150257","geometry":{"type":"Point","coordinates":[338344.7837,7404703.2324]},"geometry_name":"ge_ponto","properties":{"cd_identificador":150257,"cd_identificador_tema_equipamento":7,"nm_tema_equipamento":"SEGURANCA","cd_identificador_rede_equipamento":0,"nm_rede_equipamento":"SEM REDE","tx_rede_equipamento":"Sem descrição","cd_identificador_tipo_equipamento":0,"nm_tipo_equipamento":"SEM TIPO","tx_tipo_equipamento":"SEM TIPO","cd_identificador_classe_equipamento":5,"nm_classe_equipamento":"POLICIA MILITAR","tx_classe_equipamento":"POLICIA MILITAR","cd_identificador_esfera_administrativa_equipamento":0,"nm_esfera_administrativa_equipamento":"SEM ESFERA","tx_esfera_administrativa_equipamento":"Sem descrição","cd_equipamento":null,"nm_equipamento":"1 Cia do 43º BPM/M","tx_endereco_equipamento":"R MICHEL OUCHANA, 94","nm_bairro_equipamento":"GUAPIRA","cd_cep_equipamento":"02276140","tx_horario_funcionamento":null,"tx_numero_telefone":null,"cd_equipamento_base_origem":null}},{"type":"Feature","id":"equipamento_policia_militar_v2.150258","geometry":{"type":"Point","coordinates":[334481.1124,7402602.8848]},"geometry_name":"ge_ponto","properties":{"cd_identificador":150258,"cd_identificador_tema_equipamento":7,"nm_tema_equipamento":"SEGURANCA","cd_identificador_rede_equipamento":0,"nm_rede_equipamento":"SEM REDE","tx_rede_equipamento":"Sem descrição","cd_identificador_tipo_equipamento":0,"nm_tipo_equipamento":"SEM TIPO","tx_tipo_equipamento":"SEM TIPO","cd_identificador_classe_equipamento":5,"nm_classe_equipamento":"POLICIA MILITAR","tx_classe_equipamento":"POLICIA MILITAR","cd_identificador_esfera_administrativa_equipamento":0,"nm_esfera_administrativa_equipamento":"SEM ESFERA","tx_esfera_administrativa_equipamento":"Sem descrição","cd_equipamento":null,"nm_equipamento":"2 Cia do 43º BPM/M","tx_endereco_equipamento":"R SÃO ZEFERINO, 34","nm_bairro_equipamento":"JARDIM FRANCA","cd_cep_equipamento":"02338070","tx_horario_funcionamento":null,"tx_numero_telefone":null,"cd_equipamento_base_origem":null}},{"type":"Feature","id":"equipamento_policia_militar_v2.150259","geometry":{"type":"Point","coordinates":[334531.0965,7401840.8058]},"geometry_name":"ge_ponto","properties":{"cd_identificador":150259,"cd_identificador_tema_equipamento":7,"nm_tema_equipamento":"SEGURANCA","cd_identificador_rede_equipamento":0,"nm_rede_equipamento":"SEM REDE","tx_rede_equipamento":"Sem descrição","cd_identificador_tipo_equipamento":0,"nm_tipo_equipamento":"SEM TIPO","tx_tipo_equipamento":"SEM TIPO","cd_identificador_classe_equipamento":5,"nm_classe_equipamento":"POLICIA MILITAR","tx_classe_equipamento":"POLICIA MILITAR","cd_identificador_esfera_administrativa_equipamento":0,"nm_esfera_administrativa_equipamento":"SEM ESFERA","tx_esfera_administrativa_equipamento":"Sem descrição","cd_equipamento":null,"nm_equipamento":"Cia Tatica do 43º BPM/M","tx_endereco_equipamento":"R CAP ALBERTO MENDES JÚNIOR, 72","nm_bairro_equipamento":"SANTANA","cd_cep_equipamento":"02335010","tx_horario_funcionamento":null,"tx_numero_telefone":null,"cd_equipamento_base_origem":null}},{"type":"Feature","id":"equipamento_policia_militar_v2.150260","geometry":{"type":"Point","coordinates":[344896.2882,7397761.2722]},"geometry_name":"ge_ponto","properties":{"cd_identificador":150260,"cd_identificador_tema_equipamento":7,"nm_tema_equipamento":"SEGURANCA","cd_identificador_rede_equipamento":0,"nm_rede_equipamento":"SEM REDE","tx_rede_equipamento":"Sem descrição","cd_identificador_tipo_equipamento":0,"nm_tipo_equipamento":"SEM TIPO","tx_tipo_equipamento":"SEM TIPO","cd_identificador_classe_equipamento":5,"nm_classe_equipamento":"POLICIA MILITAR","tx_classe_equipamento":"POLICIA MILITAR","cd_identificador_esfera_administrativa_equipamento":0,"nm_esfera_administrativa_equipamento":"SEM ESFERA","tx_esfera_administrativa_equipamento":"Sem descrição","cd_equipamento":null,"nm_equipamento":"CPA/M-4","tx_endereco_equipamento":"AV AMADOR BUENO DA VEIGA, 2774","nm_bairro_equipamento":"VILA ESPERANÇA","cd_cep_equipamento":"03636000","tx_horario_funcionamento":null,"tx_numero_telefone":null,"cd_equipamento_base_origem":null}},{"type":"Feature","id":"equipamento_policia_militar_v2.150261","geometry":{"type":"Point","coordinates":[344896.2882,7397761.2722]},"geometry_name":"ge_ponto","properties":{"cd_identificador":150261,"cd_identificador_tema_equipamento":7,"nm_tema_equipamento":"SEGURANCA","cd_identificador_rede_equipamento":0,"nm_rede_equipamento":"SEM REDE","tx_rede_equipamento":"Sem descrição","cd_identificador_tipo_equipamento":0,"nm_tipo_equipamento":"SEM TIPO","tx_tipo_equipamento":"SEM TIPO","cd_identificador_classe_equipamento":5,"nm_classe_equipamento":"POLICIA MILITAR","tx_classe_equipamento":"POLICIA MILITAR","cd_identificador_esfera_administrativa_equipamento":0,"nm_esfera_administrativa_equipamento":"SEM ESFERA","tx_esfera_administrativa_equipamento":"Sem descrição","cd_equipamento":null,"nm_equipamento":"02º BPM/M","tx_endereco_equipamento":"AV AMADOR BUENO DA VEIGA, 2774","nm_bairro_equipamento":"VILA ESPERANÇA","cd_cep_equipamento":"03636000","tx_horario_funcionamento":null,"tx_numero_telefone":null,"cd_equipamento_base_origem":null}},{"type":"Feature","id":"equipamento_policia_militar_v2.150262","geometry":{"type":"Point","coordinates":[346868.1543,7397612.9161]},"geometry_name":"ge_ponto","properties":{"cd_identificador":150262,"cd_identificador_tema_equipamento":7,"nm_tema_equipamento":"SEGURANCA","cd_identificador_rede_equipamento":0,"nm_rede_equipamento":"SEM REDE","tx_rede_equipamento":"Sem descrição","cd_identificador_tipo_equipamento":0,"nm_tipo_equipamento":"SEM TIPO","tx_tipo_equipamento":"SEM TIPO","cd_identificador_classe_equipamento":5,"nm_classe_equipamento":"POLICIA MILITAR","tx_classe_equipamento":"POLICIA MILITAR","cd_identificador_esfera_administrativa_equipamento":0,"nm_esfera_administrativa_equipamento":"SEM ESFERA","tx_esfera_administrativa_equipamento":"Sem descrição","cd_equipamento":null,"nm_equipamento":"1 Cia do 02º BPM/M","tx_endereco_equipamento":"R RUA NHATUMANI, 647","nm_bairro_equipamento":"VILA RE","cd_cep_equipamento":"03663000","tx_horario_funcionamento":null,"tx_numero_telefone":null,"cd_equipamento_base_origem":null}},{"type":"Feature","id":"equipamento_policia_militar_v2.150263","geometry":{"type":"Point","coordinates":[350851.0529,7400670.5779]},"geometry_name":"ge_ponto","properties":{"cd_identificador":150263,"cd_identificador_tema_equipamento":7,"nm_tema_equipamento":"SEGURANCA","cd_identificador_rede_equipamento":0,"nm_rede_equipamento":"SEM REDE","tx_rede_equipamento":"Sem descrição","cd_identificador_tipo_equipamento":0,"nm_tipo_equipamento":"SEM TIPO","tx_tipo_equipamento":"SEM TIPO","cd_identificador_classe_equipamento":5,"nm_classe_equipamento":"POLICIA MILITAR","tx_classe_equipamento":"POLICIA MILITAR","cd_identificador_esfera_administrativa_equipamento":0,"nm_esfera_administrativa_equipamento":"SEM ESFERA","tx_esfera_administrativa_equipamento":"Sem descrição","cd_equipamento":null,"nm_equipamento":"2 Cia do 02º BPM/M","tx_endereco_equipamento":"R LÍBERO ANCONA LOPEZ, 77","nm_bairro_equipamento":"PARQUE CRUZEIRO DO SUL","cd_cep_equipamento":"08070280","tx_horario_funcionamento":null,"tx_numero_telefone":null,"cd_equipamento_base_origem":null}},{"type":"Feature","id":"equipamento_policia_militar_v2.150264","geometry":{"type":"Point","coordinates":[347030.1234,7399274.1225]},"geometry_name":"ge_ponto","properties":{"cd_identificador":150264,"cd_identificador_tema_equipamento":7,"nm_tema_equipamento":"SEGURANCA","cd_identificador_rede_equipamento":0,"nm_rede_equipamento":"SEM REDE","tx_rede_equipamento":"Sem descrição","cd_identificador_tipo_equipamento":0,"nm_tipo_equipamento":"SEM TIPO","tx_tipo_equipamento":"SEM TIPO","cd_identificador_classe_equipamento":5,"nm_classe_equipamento":"POLICIA MILITAR","tx_classe_equipamento":"POLICIA MILITAR","cd_identificador_esfera_administrativa_equipamento":0,"nm_esfera_administrativa_equipamento":"SEM ESFERA","tx_esfera_administrativa_equipamento":"Sem descrição","cd_equipamento":null,"nm_equipamento":"3 Cia do 02º BPM/M","tx_endereco_equipamento":"R RUA ROSA MENDES, 302","nm_bairro_equipamento":"PONTE ROSA","cd_cep_equipamento":"03757090","tx_horario_funcionamento":null,"tx_numero_telefone":null,"cd_equipamento_base_origem":null}},{"type":"Feature","id":"equipamento_policia_militar_v2.150265","geometry":{"type":"Point","coordinates":[348835.9173,7399798.4645]},"geometry_name":"ge_ponto","properties":{"cd_identificador":150265,"cd_identificador_tema_equipamento":7,"nm_tema_equipamento":"SEGURANCA","cd_identificador_rede_equipamento":0,"nm_rede_equipamento":"SEM REDE","tx_rede_equipamento":"Sem descrição","cd_identificador_tipo_equipamento":0,"nm_tipo_equipamento":"SEM TIPO","tx_tipo_equipamento":"SEM TIPO","cd_identificador_classe_equipamento":5,"nm_classe_equipamento":"POLICIA MILITAR","tx_classe_equipamento":"POLICIA MILITAR","cd_identificador_esfera_administrativa_equipamento":0,"nm_esfera_administrativa_equipamento":"SEM ESFERA","tx_esfera_administrativa_equipamento":"Sem descrição","cd_equipamento":null,"nm_equipamento":"4 Cia do 02º BPM/M","tx_endereco_equipamento":"R RUA CERRO DE MATEUS SIMÕES, 197","nm_bairro_equipamento":"ERMELINO MATARAZZO","cd_cep_equipamento":"03805010","tx_horario_funcionamento":null,"tx_numero_telefone":null,"cd_equipamento_base_origem":null}},{"type":"Feature","id":"equipamento_policia_militar_v2.150266","geometry":{"type":"Point","coordinates":[353218.1101,7401922.7872]},"geometry_name":"ge_ponto","properties":{"cd_identificador":150266,"cd_identificador_tema_equipamento":7,"nm_tema_equipamento":"SEGURANCA","cd_identificador_rede_equipamento":0,"nm_rede_equipamento":"SEM REDE","tx_rede_equipamento":"Sem descrição","cd_identificador_tipo_equipamento":0,"nm_tipo_equipamento":"SEM TIPO","tx_tipo_equipamento":"SEM TIPO","cd_identificador_classe_equipamento":5,"nm_classe_equipamento":"POLICIA MILITAR","tx_classe_equipamento":"POLICIA MILITAR","cd_identificador_esfera_administrativa_equipamento":0,"nm_esfera_administrativa_equipamento":"SEM ESFERA","tx_esfera_administrativa_equipamento":"Sem descrição","cd_equipamento":null,"nm_equipamento":"Cia Tatica do 02º BPM/M","tx_endereco_equipamento":"AV DR JOSE ARTUR NOVA, 913","nm_bairro_equipamento":"JD HELENA","cd_cep_equipamento":"08090901","tx_horario_funcionamento":null,"tx_numero_telefone":null,"cd_equipamento_base_origem":null}},{"type":"Feature","id":"equipamento_policia_militar_v2.150267","geometry":{"type":"Point","coordinates":[350060.4563,7398486.6546]},"geometry_name":"ge_ponto","properties":{"cd_identificador":150267,"cd_identificador_tema_equipamento":7,"nm_tema_equipamento":"SEGURANCA","cd_identificador_rede_equipamento":0,"nm_rede_equipamento":"SEM REDE","tx_rede_equipamento":"Sem descrição","cd_identificador_tipo_equipamento":0,"nm_tipo_equipamento":"SEM TIPO","tx_tipo_equipamento":"SEM TIPO","cd_identificador_classe_equipamento":5,"nm_classe_equipamento":"POLICIA MILITAR","tx_classe_equipamento":"POLICIA MILITAR","cd_identificador_esfera_administrativa_equipamento":0,"nm_esfera_administrativa_equipamento":"SEM ESFERA","tx_esfera_administrativa_equipamento":"Sem descrição","cd_equipamento":null,"nm_equipamento":"29º BPM/M","tx_endereco_equipamento":"AV AV IMPERADOR, 3705","nm_bairro_equipamento":"SÃO MIGUEL PAULISTA","cd_cep_equipamento":"08051000","tx_horario_funcionamento":null,"tx_numero_telefone":null,"cd_equipamento_base_origem":null}},{"type":"Feature","id":"equipamento_policia_militar_v2.150268","geometry":{"type":"Point","coordinates":[357388.2825,7399925.4765]},"geometry_name":"ge_ponto","properties":{"cd_identificador":150268,"cd_identificador_tema_equipamento":7,"nm_tema_equipamento":"SEGURANCA","cd_identificador_rede_equipamento":0,"nm_rede_equipamento":"SEM REDE","tx_rede_equipamento":"Sem descrição","cd_identificador_tipo_equipamento":0,"nm_tipo_equipamento":"SEM TIPO","tx_tipo_equipamento":"SEM TIPO","cd_identificador_classe_equipamento":5,"nm_classe_equipamento":"POLICIA MILITAR","tx_classe_equipamento":"POLICIA MILITAR","cd_identificador_esfera_administrativa_equipamento":0,"nm_esfera_administrativa_equipamento":"SEM ESFERA","tx_esfera_administrativa_equipamento":"Sem descrição","cd_equipamento":null,"nm_equipamento":"1 Cia do 29º BPM/M","tx_endereco_equipamento":"R TIBÚRCIO DE SOUSA, 860","nm_bairro_equipamento":"ITAIM PAULISTA","cd_cep_equipamento":"08140000","tx_horario_funcionamento":null,"tx_numero_telefone":null,"cd_equipamento_base_origem":null}},{"type":"Feature","id":"equipamento_policia_militar_v2.150269","geometry":{"type":"Point","coordinates":[352812.9269,7400743.7257]},"geometry_name":"ge_ponto","properties":{"cd_identificador":150269,"cd_identificador_tema_equipamento":7,"nm_tema_equipamento":"SEGURANCA","cd_identificador_rede_equipamento":0,"nm_rede_equipamento":"SEM REDE","tx_rede_equipamento":"Sem descrição","cd_identificador_tipo_equipamento":0,"nm_tipo_equipamento":"SEM TIPO","tx_tipo_equipamento":"SEM TIPO","cd_identificador_classe_equipamento":5,"nm_classe_equipamento":"POLICIA MILITAR","tx_classe_equipamento":"POLICIA MILITAR","cd_identificador_esfera_administrativa_equipamento":0,"nm_esfera_administrativa_equipamento":"SEM ESFERA","tx_esfera_administrativa_equipamento":"Sem descrição","cd_equipamento":null,"nm_equipamento":"2 Cia do 29º BPM/M","tx_endereco_equipamento":"AV NORDESTINA, 415","nm_bairro_equipamento":"VILA AMERICANA","cd_cep_equipamento":"08431585","tx_horario_funcionamento":null,"tx_numero_telefone":null,"cd_equipamento_base_origem":null}},{"type":"Feature","id":"equipamento_policia_militar_v2.150270","geometry":{"type":"Point","coordinates":[356740.9842,7401136.0242]},"geometry_name":"ge_ponto","properties":{"cd_identificador":150270,"cd_identificador_tema_equipamento":7,"nm_tema_equipamento":"SEGURANCA","cd_identificador_rede_equipamento":0,"nm_rede_equipamento":"SEM REDE","tx_rede_equipamento":"Sem descrição","cd_identificador_tipo_equipamento":0,"nm_tipo_equipamento":"SEM TIPO","tx_tipo_equipamento":"SEM TIPO","cd_identificador_classe_equipamento":5,"nm_classe_equipamento":"POLICIA MILITAR","tx_classe_equipamento":"POLICIA MILITAR","cd_identificador_esfera_administrativa_equipamento":0,"nm_esfera_administrativa_equipamento":"SEM ESFERA","tx_esfera_administrativa_equipamento":"Sem descrição","cd_equipamento":null,"nm_equipamento":"3 Cia do 29º BPM/M","tx_endereco_equipamento":"R CORDÃO DE SÃO FRANCISCO, 875","nm_bairro_equipamento":"VILA AIMORE","cd_cep_equipamento":"08190000","tx_horario_funcionamento":null,"tx_numero_telefone":null,"cd_equipamento_base_origem":null}},{"type":"Feature","id":"equipamento_policia_militar_v2.150271","geometry":{"type":"Point","coordinates":[353230.4956,7401994.7491]},"geometry_name":"ge_ponto","properties":{"cd_identificador":150271,"cd_identificador_tema_equipamento":7,"nm_tema_equipamento":"SEGURANCA","cd_identificador_rede_equipamento":0,"nm_rede_equipamento":"SEM REDE","tx_rede_equipamento":"Sem descrição","cd_identificador_tipo_equipamento":0,"nm_tipo_equipamento":"SEM TIPO","tx_tipo_equipamento":"SEM TIPO","cd_identificador_classe_equipamento":5,"nm_classe_equipamento":"POLICIA MILITAR","tx_classe_equipamento":"POLICIA MILITAR","cd_identificador_esfera_administrativa_equipamento":0,"nm_esfera_administrativa_equipamento":"SEM ESFERA","tx_esfera_administrativa_equipamento":"Sem descrição","cd_equipamento":null,"nm_equipamento":"Cia Tática do 29º BPM/M","tx_endereco_equipamento":"AV DR. JOSE ARTUR NOVA, 917","nm_bairro_equipamento":"SÃO MIGUEL PAULISTA","cd_cep_equipamento":"08090000","tx_horario_funcionamento":null,"tx_numero_telefone":null,"cd_equipamento_base_origem":null}},{"type":"Feature","id":"equipamento_policia_militar_v2.150272","geometry":{"type":"Point","coordinates":[349273.8671,7398326.9671]},"geometry_name":"ge_ponto","properties":{"cd_identificador":150272,"cd_identificador_tema_equipamento":7,"nm_tema_equipamento":"SEGURANCA","cd_identificador_rede_equipamento":0,"nm_rede_equipamento":"SEM REDE","tx_rede_equipamento":"Sem descrição","cd_identificador_tipo_equipamento":0,"nm_tipo_equipamento":"SEM TIPO","tx_tipo_equipamento":"SEM TIPO","cd_identificador_classe_equipamento":5,"nm_classe_equipamento":"POLICIA MILITAR","tx_classe_equipamento":"POLICIA MILITAR","cd_identificador_esfera_administrativa_equipamento":0,"nm_esfera_administrativa_equipamento":"SEM ESFERA","tx_esfera_administrativa_equipamento":"Sem descrição","cd_equipamento":null,"nm_equipamento":"39º BPM/M","tx_endereco_equipamento":"AV ÁGUIA DE HAIA, 3311","nm_bairro_equipamento":"CIDADE ANTÔNIO ESTÊVÃO DE CARVALHO","cd_cep_equipamento":"03694000","tx_horario_funcionamento":null,"tx_numero_telefone":null,"cd_equipamento_base_origem":null}},{"type":"Feature","id":"equipamento_policia_militar_v2.150273","geometry":{"type":"Point","coordinates":[351603.5568,7396477.5578]},"geometry_name":"ge_ponto","properties":{"cd_identificador":150273,"cd_identificador_tema_equipamento":7,"nm_tema_equipamento":"SEGURANCA","cd_identificador_rede_equipamento":0,"nm_rede_equipamento":"SEM REDE","tx_rede_equipamento":"Sem descrição","cd_identificador_tipo_equipamento":0,"nm_tipo_equipamento":"SEM TIPO","tx_tipo_equipamento":"SEM TIPO","cd_identificador_classe_equipamento":5,"nm_classe_equipamento":"POLICIA MILITAR","tx_classe_equipamento":"POLICIA MILITAR","cd_identificador_esfera_administrativa_equipamento":0,"nm_esfera_administrativa_equipamento":"SEM ESFERA","tx_esfera_administrativa_equipamento":"Sem descrição","cd_equipamento":null,"nm_equipamento":"1 Cia do 39º BPM/M","tx_endereco_equipamento":"AV DAVID DOMINGUES FERREIRA, 2","nm_bairro_equipamento":"ITAQUERA","cd_cep_equipamento":"08210440","tx_horario_funcionamento":null,"tx_numero_telefone":null,"cd_equipamento_base_origem":null}},{"type":"Feature","id":"equipamento_policia_militar_v2.150274","geometry":{"type":"Point","coordinates":[348623.2584,7394817.2466]},"geometry_name":"ge_ponto","properties":{"cd_identificador":150274,"cd_identificador_tema_equipamento":7,"nm_tema_equipamento":"SEGURANCA","cd_identificador_rede_equipamento":0,"nm_rede_equipamento":"SEM REDE","tx_rede_equipamento":"Sem descrição","cd_identificador_tipo_equipamento":0,"nm_tipo_equipamento":"SEM TIPO","tx_tipo_equipamento":"SEM TIPO","cd_identificador_classe_equipamento":5,"nm_classe_equipamento":"POLICIA MILITAR","tx_classe_equipamento":"POLICIA MILITAR","cd_identificador_esfera_administrativa_equipamento":0,"nm_esfera_administrativa_equipamento":"SEM ESFERA","tx_esfera_administrativa_equipamento":"Sem descrição","cd_equipamento":null,"nm_equipamento":"2 Cia do 39º BPM/M","tx_endereco_equipamento":"AV WALDEMAR TIETZ, 1160","nm_bairro_equipamento":"ARTUR ALVIM","cd_cep_equipamento":"03589000","tx_horario_funcionamento":null,"tx_numero_telefone":null,"cd_equipamento_base_origem":null}},{"type":"Feature","id":"equipamento_policia_militar_v2.150275","geometry":{"type":"Point","coordinates":[349273.8671,7398326.9671]},"geometry_name":"ge_ponto","properties":{"cd_identificador":150275,"cd_identificador_tema_equipamento":7,"nm_tema_equipamento":"SEGURANCA","cd_identificador_rede_equipamento":0,"nm_rede_equipamento":"SEM REDE","tx_rede_equipamento":"Sem descrição","cd_identificador_tipo_equipamento":0,"nm_tipo_equipamento":"SEM TIPO","tx_tipo_equipamento":"SEM TIPO","cd_identificador_classe_equipamento":5,"nm_classe_equipamento":"POLICIA MILITAR","tx_classe_equipamento":"POLICIA MILITAR","cd_identificador_esfera_administrativa_equipamento":0,"nm_esfera_administrativa_equipamento":"SEM ESFERA","tx_esfera_administrativa_equipamento":"Sem descrição","cd_equipamento":null,"nm_equipamento":"3 Cia do 39º BPM/M","tx_endereco_equipamento":"AV ÁGUIA DE HAIA, 3311","nm_bairro_equipamento":"CIDADE ANTÔNIO ESTÊVÃO DE CARVALHO","cd_cep_equipamento":"03694000","tx_horario_funcionamento":null,"tx_numero_telefone":null,"cd_equipamento_base_origem":null}},{"type":"Feature","id":"equipamento_policia_militar_v2.150276","geometry":{"type":"Point","coordinates":[353230.4956,7401994.7491]},"geometry_name":"ge_ponto","properties":{"cd_identificador":150276,"cd_identificador_tema_equipamento":7,"nm_tema_equipamento":"SEGURANCA","cd_identificador_rede_equipamento":0,"nm_rede_equipamento":"SEM REDE","tx_rede_equipamento":"Sem descrição","cd_identificador_tipo_equipamento":0,"nm_tipo_equipamento":"SEM TIPO","tx_tipo_equipamento":"SEM TIPO","cd_identificador_classe_equipamento":5,"nm_classe_equipamento":"POLICIA MILITAR","tx_classe_equipamento":"POLICIA MILITAR","cd_identificador_esfera_administrativa_equipamento":0,"nm_esfera_administrativa_equipamento":"SEM ESFERA","tx_esfera_administrativa_equipamento":"Sem descrição","cd_equipamento":null,"nm_equipamento":"Cia Tatica  do 39º BPM/M","tx_endereco_equipamento":"AV DOUTOR JOSE ARTUR NOVA, 917","nm_bairro_equipamento":"JD HELENA","cd_cep_equipamento":"08090000","tx_horario_funcionamento":null,"tx_numero_telefone":null,"cd_equipamento_base_origem":null}},{"type":"Feature","id":"equipamento_policia_militar_v2.150277","geometry":{"type":"Point","coordinates":[353404.19,7395387.3853]},"geometry_name":"ge_ponto","properties":{"cd_identificador":150277,"cd_identificador_tema_equipamento":7,"nm_tema_equipamento":"SEGURANCA","cd_identificador_rede_equipamento":0,"nm_rede_equipamento":"SEM REDE","tx_rede_equipamento":"Sem descrição","cd_identificador_tipo_equipamento":0,"nm_tipo_equipamento":"SEM TIPO","tx_tipo_equipamento":"SEM TIPO","cd_identificador_classe_equipamento":5,"nm_classe_equipamento":"POLICIA MILITAR","tx_classe_equipamento":"POLICIA MILITAR","cd_identificador_esfera_administrativa_equipamento":0,"nm_esfera_administrativa_equipamento":"SEM ESFERA","tx_esfera_administrativa_equipamento":"Sem descrição","cd_equipamento":null,"nm_equipamento":"48º BPM/M","tx_endereco_equipamento":"R VICENTE AVELAR, 100","nm_bairro_equipamento":"CONJ RES JOSÉ BONIFÁCIO","cd_cep_equipamento":"08253190","tx_horario_funcionamento":null,"tx_numero_telefone":null,"cd_equipamento_base_origem":null}},{"type":"Feature","id":"equipamento_policia_militar_v2.150278","geometry":{"type":"Point","coordinates":[355658.9866,7397902.1119]},"geometry_name":"ge_ponto","properties":{"cd_identificador":150278,"cd_identificador_tema_equipamento":7,"nm_tema_equipamento":"SEGURANCA","cd_identificador_rede_equipamento":0,"nm_rede_equipamento":"SEM REDE","tx_rede_equipamento":"Sem descrição","cd_identificador_tipo_equipamento":0,"nm_tipo_equipamento":"SEM TIPO","tx_tipo_equipamento":"SEM TIPO","cd_identificador_classe_equipamento":5,"nm_classe_equipamento":"POLICIA MILITAR","tx_classe_equipamento":"POLICIA MILITAR","cd_identificador_esfera_administrativa_equipamento":0,"nm_esfera_administrativa_equipamento":"SEM ESFERA","tx_esfera_administrativa_equipamento":"Sem descrição","cd_equipamento":null,"nm_equipamento":"1 Cia do 48º BPM/M","tx_endereco_equipamento":"R PAULINO PACHECO DE MELLO, 3","nm_bairro_equipamento":"JARDIM ROBRU","cd_cep_equipamento":"08150320","tx_horario_funcionamento":null,"tx_numero_telefone":null,"cd_equipamento_base_origem":null}},{"type":"Feature","id":"equipamento_policia_militar_v2.150279","geometry":{"type":"Point","coordinates":[354178.5156,7397868.0292]},"geometry_name":"ge_ponto","properties":{"cd_identificador":150279,"cd_identificador_tema_equipamento":7,"nm_tema_equipamento":"SEGURANCA","cd_identificador_rede_equipamento":0,"nm_rede_equipamento":"SEM REDE","tx_rede_equipamento":"Sem descrição","cd_identificador_tipo_equipamento":0,"nm_tipo_equipamento":"SEM TIPO","tx_tipo_equipamento":"SEM TIPO","cd_identificador_classe_equipamento":5,"nm_classe_equipamento":"POLICIA MILITAR","tx_classe_equipamento":"POLICIA MILITAR","cd_identificador_esfera_administrativa_equipamento":0,"nm_esfera_administrativa_equipamento":"SEM ESFERA","tx_esfera_administrativa_equipamento":"Sem descrição","cd_equipamento":null,"nm_equipamento":"2 Cia do 48º BPM/M","tx_endereco_equipamento":"R CARLO MANNELLI, 200","nm_bairro_equipamento":"JARDIM GIANETTI","cd_cep_equipamento":"08430210","tx_horario_funcionamento":null,"tx_numero_telefone":null,"cd_equipamento_base_origem":null}},{"type":"Feature","id":"equipamento_policia_militar_v2.150280","geometry":{"type":"Point","coordinates":[352638.5827,7396969.7177]},"geometry_name":"ge_ponto","properties":{"cd_identificador":150280,"cd_identificador_tema_equipamento":7,"nm_tema_equipamento":"SEGURANCA","cd_identificador_rede_equipamento":0,"nm_rede_equipamento":"SEM REDE","tx_rede_equipamento":"Sem descrição","cd_identificador_tipo_equipamento":0,"nm_tipo_equipamento":"SEM TIPO","tx_tipo_equipamento":"SEM TIPO","cd_identificador_classe_equipamento":5,"nm_classe_equipamento":"POLICIA MILITAR","tx_classe_equipamento":"POLICIA MILITAR","cd_identificador_esfera_administrativa_equipamento":0,"nm_esfera_administrativa_equipamento":"SEM ESFERA","tx_esfera_administrativa_equipamento":"Sem descrição","cd_equipamento":null,"nm_equipamento":"3 Cia do 48º BPM/M","tx_endereco_equipamento":"Estr ITAQUERA GUAIANAZES, 80","nm_bairro_equipamento":"JOSE BONIFÁCIO","cd_cep_equipamento":"08420000","tx_horario_funcionamento":null,"tx_numero_telefone":null,"cd_equipamento_base_origem":null}},{"type":"Feature","id":"equipamento_policia_militar_v2.150281","geometry":{"type":"Point","coordinates":[353404.19,7395387.3853]},"geometry_name":"ge_ponto","properties":{"cd_identificador":150281,"cd_identificador_tema_equipamento":7,"nm_tema_equipamento":"SEGURANCA","cd_identificador_rede_equipamento":0,"nm_rede_equipamento":"SEM REDE","tx_rede_equipamento":"Sem descrição","cd_identificador_tipo_equipamento":0,"nm_tipo_equipamento":"SEM TIPO","tx_tipo_equipamento":"SEM TIPO","cd_identificador_classe_equipamento":5,"nm_classe_equipamento":"POLICIA MILITAR","tx_classe_equipamento":"POLICIA MILITAR","cd_identificador_esfera_administrativa_equipamento":0,"nm_esfera_administrativa_equipamento":"SEM ESFERA","tx_esfera_administrativa_equipamento":"Sem descrição","cd_equipamento":null,"nm_equipamento":"Cia Tatica do 48º BPM/M","tx_endereco_equipamento":"R VICENTE AVELAR, 100","nm_bairro_equipamento":"JOSE BONIFÁCIO","cd_cep_equipamento":" 08253190","tx_horario_funcionamento":null,"tx_numero_telefone":null,"cd_equipamento_base_origem":null}},{"type":"Feature","id":"equipamento_policia_militar_v2.150282","geometry":{"type":"Point","coordinates":[353227.8774,7401926.6391]},"geometry_name":"ge_ponto","properties":{"cd_identificador":150282,"cd_identificador_tema_equipamento":7,"nm_tema_equipamento":"SEGURANCA","cd_identificador_rede_equipamento":0,"nm_rede_equipamento":"SEM REDE","tx_rede_equipamento":"Sem descrição","cd_identificador_tipo_equipamento":0,"nm_tipo_equipamento":"SEM TIPO","tx_tipo_equipamento":"SEM TIPO","cd_identificador_classe_equipamento":5,"nm_classe_equipamento":"POLICIA MILITAR","tx_classe_equipamento":"POLICIA MILITAR","cd_identificador_esfera_administrativa_equipamento":0,"nm_esfera_administrativa_equipamento":"SEM ESFERA","tx_esfera_administrativa_equipamento":"Sem descrição","cd_equipamento":null,"nm_equipamento":"4° BAEP","tx_endereco_equipamento":"AV DOUTOR JOSÉ ARTUR NOVA, 917","nm_bairro_equipamento":"PARQUE PAULISTANO","cd_cep_equipamento":"08090000","tx_horario_funcionamento":null,"tx_numero_telefone":null,"cd_equipamento_base_origem":null}},{"type":"Feature","id":"equipamento_policia_militar_v2.150283","geometry":{"type":"Point","coordinates":[321750.0429,7393149.5213]},"geometry_name":"ge_ponto","properties":{"cd_identificador":150283,"cd_identificador_tema_equipamento":7,"nm_tema_equipamento":"SEGURANCA","cd_identificador_rede_equipamento":0,"nm_rede_equipamento":"SEM REDE","tx_rede_equipamento":"Sem descrição","cd_identificador_tipo_equipamento":0,"nm_tipo_equipamento":"SEM TIPO","tx_tipo_equipamento":"SEM TIPO","cd_identificador_classe_equipamento":5,"nm_classe_equipamento":"POLICIA MILITAR","tx_classe_equipamento":"POLICIA MILITAR","cd_identificador_esfera_administrativa_equipamento":0,"nm_esfera_administrativa_equipamento":"SEM ESFERA","tx_esfera_administrativa_equipamento":"Sem descrição","cd_equipamento":null,"nm_equipamento":"CPA/M-5","tx_endereco_equipamento":"AV CORIFEU DE AZEVEDO MARQUES, 4082","nm_bairro_equipamento":"RIO PEQUENO","cd_cep_equipamento":"05340902","tx_horario_funcionamento":null,"tx_numero_telefone":null,"cd_equipamento_base_origem":null}},{"type":"Feature","id":"equipamento_policia_militar_v2.150284","geometry":{"type":"Point","coordinates":[323133.2817,7397409.9295]},"geometry_name":"ge_ponto","properties":{"cd_identificador":150284,"cd_identificador_tema_equipamento":7,"nm_tema_equipamento":"SEGURANCA","cd_identificador_rede_equipamento":0,"nm_rede_equipamento":"SEM REDE","tx_rede_equipamento":"Sem descrição","cd_identificador_tipo_equipamento":0,"nm_tipo_equipamento":"SEM TIPO","tx_tipo_equipamento":"SEM TIPO","cd_identificador_classe_equipamento":5,"nm_classe_equipamento":"POLICIA MILITAR","tx_classe_equipamento":"POLICIA MILITAR","cd_identificador_esfera_administrativa_equipamento":0,"nm_esfera_administrativa_equipamento":"SEM ESFERA","tx_esfera_administrativa_equipamento":"Sem descrição","cd_equipamento":null,"nm_equipamento":"04º BPM/M","tx_endereco_equipamento":"R RUA PASSO DA PÁTRIA, 1601","nm_bairro_equipamento":"VILA LEOPOLDINA","cd_cep_equipamento":"05085901","tx_horario_funcionamento":null,"tx_numero_telefone":null,"cd_equipamento_base_origem":null}},{"type":"Feature","id":"equipamento_policia_militar_v2.150285","geometry":{"type":"Point","coordinates":[326923.143,7396793.4022]},"geometry_name":"ge_ponto","properties":{"cd_identificador":150285,"cd_identificador_tema_equipamento":7,"nm_tema_equipamento":"SEGURANCA","cd_identificador_rede_equipamento":0,"nm_rede_equipamento":"SEM REDE","tx_rede_equipamento":"Sem descrição","cd_identificador_tipo_equipamento":0,"nm_tipo_equipamento":"SEM TIPO","tx_tipo_equipamento":"SEM TIPO","cd_identificador_classe_equipamento":5,"nm_classe_equipamento":"POLICIA MILITAR","tx_classe_equipamento":"POLICIA MILITAR","cd_identificador_esfera_administrativa_equipamento":0,"nm_esfera_administrativa_equipamento":"SEM ESFERA","tx_esfera_administrativa_equipamento":"Sem descrição","cd_equipamento":null,"nm_equipamento":"1 Cia do 04º BPM/M","tx_endereco_equipamento":"R RUA VESPASIANO, 807","nm_bairro_equipamento":"LAPA","cd_cep_equipamento":"05044050","tx_horario_funcionamento":null,"tx_numero_telefone":null,"cd_equipamento_base_origem":null}},{"type":"Feature","id":"equipamento_policia_militar_v2.150286","geometry":{"type":"Point","coordinates":[323099.8783,7397556.8786]},"geometry_name":"ge_ponto","properties":{"cd_identificador":150286,"cd_identificador_tema_equipamento":7,"nm_tema_equipamento":"SEGURANCA","cd_identificador_rede_equipamento":0,"nm_rede_equipamento":"SEM REDE","tx_rede_equipamento":"Sem descrição","cd_identificador_tipo_equipamento":0,"nm_tipo_equipamento":"SEM TIPO","tx_tipo_equipamento":"SEM TIPO","cd_identificador_classe_equipamento":5,"nm_classe_equipamento":"POLICIA MILITAR","tx_classe_equipamento":"POLICIA MILITAR","cd_identificador_esfera_administrativa_equipamento":0,"nm_esfera_administrativa_equipamento":"SEM ESFERA","tx_esfera_administrativa_equipamento":"Sem descrição","cd_equipamento":null,"nm_equipamento":"2  Cia do 04º BPM/M","tx_endereco_equipamento":"R PASSO DA PÁTRIA, 2101","nm_bairro_equipamento":"VILA LEOPOLDINA","cd_cep_equipamento":"05085901","tx_horario_funcionamento":null,"tx_numero_telefone":null,"cd_equipamento_base_origem":null}},{"type":"Feature","id":"equipamento_policia_militar_v2.150287","geometry":{"type":"Point","coordinates":[330003.7116,7396024.2304]},"geometry_name":"ge_ponto","properties":{"cd_identificador":150287,"cd_identificador_tema_equipamento":7,"nm_tema_equipamento":"SEGURANCA","cd_identificador_rede_equipamento":0,"nm_rede_equipamento":"SEM REDE","tx_rede_equipamento":"Sem descrição","cd_identificador_tipo_equipamento":0,"nm_tipo_equipamento":"SEM TIPO","tx_tipo_equipamento":"SEM TIPO","cd_identificador_classe_equipamento":5,"nm_classe_equipamento":"POLICIA MILITAR","tx_classe_equipamento":"POLICIA MILITAR","cd_identificador_esfera_administrativa_equipamento":0,"nm_esfera_administrativa_equipamento":"SEM ESFERA","tx_esfera_administrativa_equipamento":"Sem descrição","cd_equipamento":null,"nm_equipamento":"3 Cia do 04º BPM/M","tx_endereco_equipamento":"R ITAPICURU, 80","nm_bairro_equipamento":"PERDIZES","cd_cep_equipamento":"05006000","tx_horario_funcionamento":null,"tx_numero_telefone":null,"cd_equipamento_base_origem":null}},{"type":"Feature","id":"equipamento_policia_militar_v2.150288","geometry":{"type":"Point","coordinates":[323099.8783,7397556.8786]},"geometry_name":"ge_ponto","properties":{"cd_identificador":150288,"cd_identificador_tema_equipamento":7,"nm_tema_equipamento":"SEGURANCA","cd_identificador_rede_equipamento":0,"nm_rede_equipamento":"SEM REDE","tx_rede_equipamento":"Sem descrição","cd_identificador_tipo_equipamento":0,"nm_tipo_equipamento":"SEM TIPO","tx_tipo_equipamento":"SEM TIPO","cd_identificador_classe_equipamento":5,"nm_classe_equipamento":"POLICIA MILITAR","tx_classe_equipamento":"POLICIA MILITAR","cd_identificador_esfera_administrativa_equipamento":0,"nm_esfera_administrativa_equipamento":"SEM ESFERA","tx_esfera_administrativa_equipamento":"Sem descrição","cd_equipamento":null,"nm_equipamento":"Cia Tatica  do 04º BPM/M","tx_endereco_equipamento":"R PASSO DA PÁTRIA, 2101","nm_bairro_equipamento":"VILA LEOPOLDINA","cd_cep_equipamento":"05085901","tx_horario_funcionamento":null,"tx_numero_telefone":null,"cd_equipamento_base_origem":null}},{"type":"Feature","id":"equipamento_policia_militar_v2.150289","geometry":{"type":"Point","coordinates":[321731.2714,7393186.8288]},"geometry_name":"ge_ponto","properties":{"cd_identificador":150289,"cd_identificador_tema_equipamento":7,"nm_tema_equipamento":"SEGURANCA","cd_identificador_rede_equipamento":0,"nm_rede_equipamento":"SEM REDE","tx_rede_equipamento":"Sem descrição","cd_identificador_tipo_equipamento":0,"nm_tipo_equipamento":"SEM TIPO","tx_tipo_equipamento":"SEM TIPO","cd_identificador_classe_equipamento":5,"nm_classe_equipamento":"POLICIA MILITAR","tx_classe_equipamento":"POLICIA MILITAR","cd_identificador_esfera_administrativa_equipamento":0,"nm_esfera_administrativa_equipamento":"SEM ESFERA","tx_esfera_administrativa_equipamento":"Sem descrição","cd_equipamento":null,"nm_equipamento":"16º BPM/M","tx_endereco_equipamento":"AV CORIFEU DE AZEVEDO MARQUES, 4082","nm_bairro_equipamento":"VILA LAGEADO","cd_cep_equipamento":"05340002","tx_horario_funcionamento":null,"tx_numero_telefone":null,"cd_equipamento_base_origem":null}},{"type":"Feature","id":"equipamento_policia_militar_v2.150290","geometry":{"type":"Point","coordinates":[323683.9407,7385400.2374]},"geometry_name":"ge_ponto","properties":{"cd_identificador":150290,"cd_identificador_tema_equipamento":7,"nm_tema_equipamento":"SEGURANCA","cd_identificador_rede_equipamento":0,"nm_rede_equipamento":"SEM REDE","tx_rede_equipamento":"Sem descrição","cd_identificador_tipo_equipamento":0,"nm_tipo_equipamento":"SEM TIPO","tx_tipo_equipamento":"SEM TIPO","cd_identificador_classe_equipamento":5,"nm_classe_equipamento":"POLICIA MILITAR","tx_classe_equipamento":"POLICIA MILITAR","cd_identificador_esfera_administrativa_equipamento":0,"nm_esfera_administrativa_equipamento":"SEM ESFERA","tx_esfera_administrativa_equipamento":"Sem descrição","cd_equipamento":null,"nm_equipamento":"1 Cia do 16º BPM/M","tx_endereco_equipamento":"AV ANTÔNIO DA COSTA BARBOSA, 100","nm_bairro_equipamento":"VILA ANDRADE","cd_cep_equipamento":"05717220","tx_horario_funcionamento":null,"tx_numero_telefone":null,"cd_equipamento_base_origem":null}},{"type":"Feature","id":"equipamento_policia_militar_v2.150291","geometry":{"type":"Point","coordinates":[323829.4205,7390282.2091]},"geometry_name":"ge_ponto","properties":{"cd_identificador":150291,"cd_identificador_tema_equipamento":7,"nm_tema_equipamento":"SEGURANCA","cd_identificador_rede_equipamento":0,"nm_rede_equipamento":"SEM REDE","tx_rede_equipamento":"Sem descrição","cd_identificador_tipo_equipamento":0,"nm_tipo_equipamento":"SEM TIPO","tx_tipo_equipamento":"SEM TIPO","cd_identificador_classe_equipamento":5,"nm_classe_equipamento":"POLICIA MILITAR","tx_classe_equipamento":"POLICIA MILITAR","cd_identificador_esfera_administrativa_equipamento":0,"nm_esfera_administrativa_equipamento":"SEM ESFERA","tx_esfera_administrativa_equipamento":"Sem descrição","cd_equipamento":null,"nm_equipamento":"2 Cia do 16º BPM/M","tx_endereco_equipamento":"AV PROF FRANCISCO MORATO, 2971","nm_bairro_equipamento":"BUTANTÃ","cd_cep_equipamento":"05521400","tx_horario_funcionamento":null,"tx_numero_telefone":null,"cd_equipamento_base_origem":null}},{"type":"Feature","id":"equipamento_policia_militar_v2.150292","geometry":{"type":"Point","coordinates":[319384.4093,7385258.0197]},"geometry_name":"ge_ponto","properties":{"cd_identificador":150292,"cd_identificador_tema_equipamento":7,"nm_tema_equipamento":"SEGURANCA","cd_identificador_rede_equipamento":0,"nm_rede_equipamento":"SEM REDE","tx_rede_equipamento":"Sem descrição","cd_identificador_tipo_equipamento":0,"nm_tipo_equipamento":"SEM TIPO","tx_tipo_equipamento":"SEM TIPO","cd_identificador_classe_equipamento":5,"nm_classe_equipamento":"POLICIA MILITAR","tx_classe_equipamento":"POLICIA MILITAR","cd_identificador_esfera_administrativa_equipamento":0,"nm_esfera_administrativa_equipamento":"SEM ESFERA","tx_esfera_administrativa_equipamento":"Sem descrição","cd_equipamento":null,"nm_equipamento":"3  Cia do 16º BPM/M","tx_endereco_equipamento":"R JACARATINGA, 201","nm_bairro_equipamento":"VILA PIRAJUSSARA","cd_cep_equipamento":"05786120","tx_horario_funcionamento":null,"tx_numero_telefone":null,"cd_equipamento_base_origem":null}},{"type":"Feature","id":"equipamento_policia_militar_v2.150293","geometry":{"type":"Point","coordinates":[316210.8297,7389677.7235]},"geometry_name":"ge_ponto","properties":{"cd_identificador":150293,"cd_identificador_tema_equipamento":7,"nm_tema_equipamento":"SEGURANCA","cd_identificador_rede_equipamento":0,"nm_rede_equipamento":"SEM REDE","tx_rede_equipamento":"Sem descrição","cd_identificador_tipo_equipamento":0,"nm_tipo_equipamento":"SEM TIPO","tx_tipo_equipamento":"SEM TIPO","cd_identificador_classe_equipamento":5,"nm_classe_equipamento":"POLICIA MILITAR","tx_classe_equipamento":"POLICIA MILITAR","cd_identificador_esfera_administrativa_equipamento":0,"nm_esfera_administrativa_equipamento":"SEM ESFERA","tx_esfera_administrativa_equipamento":"Sem descrição","cd_equipamento":null,"nm_equipamento":"4  Cia do 16º BPM/M","tx_endereco_equipamento":"AV VILA OLÍMPICA MARIO COVAS (RODOVIA RAPOSO TAVARES KM 195), S/N","nm_bairro_equipamento":"RAPOSO TAVARES","cd_cep_equipamento":"37854292","tx_horario_funcionamento":null,"tx_numero_telefone":null,"cd_equipamento_base_origem":null}},{"type":"Feature","id":"equipamento_policia_militar_v2.150294","geometry":{"type":"Point","coordinates":[321731.2714,7393186.8288]},"geometry_name":"ge_ponto","properties":{"cd_identificador":150294,"cd_identificador_tema_equipamento":7,"nm_tema_equipamento":"SEGURANCA","cd_identificador_rede_equipamento":0,"nm_rede_equipamento":"SEM REDE","tx_rede_equipamento":"Sem descrição","cd_identificador_tipo_equipamento":0,"nm_tipo_equipamento":"SEM TIPO","tx_tipo_equipamento":"SEM TIPO","cd_identificador_classe_equipamento":5,"nm_classe_equipamento":"POLICIA MILITAR","tx_classe_equipamento":"POLICIA MILITAR","cd_identificador_esfera_administrativa_equipamento":0,"nm_esfera_administrativa_equipamento":"SEM ESFERA","tx_esfera_administrativa_equipamento":"Sem descrição","cd_equipamento":null,"nm_equipamento":"Cia Tatica do 16º BPM/M","tx_endereco_equipamento":"CORIFEU DE AZEVEDO MARQUES, 4082","nm_bairro_equipamento":"VILA LAGEADO","cd_cep_equipamento":"05340002","tx_horario_funcionamento":null,"tx_numero_telefone":null,"cd_equipamento_base_origem":null}},{"type":"Feature","id":"equipamento_policia_militar_v2.150295","geometry":{"type":"Point","coordinates":[326609.84,7394754.4517]},"geometry_name":"ge_ponto","properties":{"cd_identificador":150295,"cd_identificador_tema_equipamento":7,"nm_tema_equipamento":"SEGURANCA","cd_identificador_rede_equipamento":0,"nm_rede_equipamento":"SEM REDE","tx_rede_equipamento":"Sem descrição","cd_identificador_tipo_equipamento":0,"nm_tipo_equipamento":"SEM TIPO","tx_tipo_equipamento":"SEM TIPO","cd_identificador_classe_equipamento":5,"nm_classe_equipamento":"POLICIA MILITAR","tx_classe_equipamento":"POLICIA MILITAR","cd_identificador_esfera_administrativa_equipamento":0,"nm_esfera_administrativa_equipamento":"SEM ESFERA","tx_esfera_administrativa_equipamento":"Sem descrição","cd_equipamento":null,"nm_equipamento":"23º BPM/M","tx_endereco_equipamento":"R GOMES DE MEDEIROS, 140","nm_bairro_equipamento":"ALTO DE PINHEIROS","cd_cep_equipamento":"05447030","tx_horario_funcionamento":null,"tx_numero_telefone":null,"cd_equipamento_base_origem":null}},{"type":"Feature","id":"equipamento_policia_militar_v2.150296","geometry":{"type":"Point","coordinates":[324079.289,7395159.6053]},"geometry_name":"ge_ponto","properties":{"cd_identificador":150296,"cd_identificador_tema_equipamento":7,"nm_tema_equipamento":"SEGURANCA","cd_identificador_rede_equipamento":0,"nm_rede_equipamento":"SEM REDE","tx_rede_equipamento":"Sem descrição","cd_identificador_tipo_equipamento":0,"nm_tipo_equipamento":"SEM TIPO","tx_tipo_equipamento":"SEM TIPO","cd_identificador_classe_equipamento":5,"nm_classe_equipamento":"POLICIA MILITAR","tx_classe_equipamento":"POLICIA MILITAR","cd_identificador_esfera_administrativa_equipamento":0,"nm_esfera_administrativa_equipamento":"SEM ESFERA","tx_esfera_administrativa_equipamento":"Sem descrição","cd_equipamento":null,"nm_equipamento":"1 Cia do 23º BPM/M -","tx_endereco_equipamento":"AV PROF FONSECA RODRIGUES, 1665","nm_bairro_equipamento":"ALTO DE PINHEIROS","cd_cep_equipamento":"05461010","tx_horario_funcionamento":null,"tx_numero_telefone":null,"cd_equipamento_base_origem":null}},{"type":"Feature","id":"equipamento_policia_militar_v2.150297","geometry":{"type":"Point","coordinates":[329094.0908,7391059.4759]},"geometry_name":"ge_ponto","properties":{"cd_identificador":150297,"cd_identificador_tema_equipamento":7,"nm_tema_equipamento":"SEGURANCA","cd_identificador_rede_equipamento":0,"nm_rede_equipamento":"SEM REDE","tx_rede_equipamento":"Sem descrição","cd_identificador_tipo_equipamento":0,"nm_tipo_equipamento":"SEM TIPO","tx_tipo_equipamento":"SEM TIPO","cd_identificador_classe_equipamento":5,"nm_classe_equipamento":"POLICIA MILITAR","tx_classe_equipamento":"POLICIA MILITAR","cd_identificador_esfera_administrativa_equipamento":0,"nm_esfera_administrativa_equipamento":"SEM ESFERA","tx_esfera_administrativa_equipamento":"Sem descrição","cd_equipamento":null,"nm_equipamento":"2 Cia do 23º BPM/M -","tx_endereco_equipamento":"R JESUÍNO ARRUDA, 464","nm_bairro_equipamento":"ITAIM BIBI","cd_cep_equipamento":"04532080","tx_horario_funcionamento":null,"tx_numero_telefone":null,"cd_equipamento_base_origem":null}},{"type":"Feature","id":"equipamento_policia_militar_v2.150298","geometry":{"type":"Point","coordinates":[324210.6501,7392102.5388]},"geometry_name":"ge_ponto","properties":{"cd_identificador":150298,"cd_identificador_tema_equipamento":7,"nm_tema_equipamento":"SEGURANCA","cd_identificador_rede_equipamento":0,"nm_rede_equipamento":"SEM REDE","tx_rede_equipamento":"Sem descrição","cd_identificador_tipo_equipamento":0,"nm_tipo_equipamento":"SEM TIPO","tx_tipo_equipamento":"SEM TIPO","cd_identificador_classe_equipamento":5,"nm_classe_equipamento":"POLICIA MILITAR","tx_classe_equipamento":"POLICIA MILITAR","cd_identificador_esfera_administrativa_equipamento":0,"nm_esfera_administrativa_equipamento":"SEM ESFERA","tx_esfera_administrativa_equipamento":"Sem descrição","cd_equipamento":null,"nm_equipamento":"3 Cia do 23º BPM/M -","tx_endereco_equipamento":"R RUA BARROSO NETO, 30","nm_bairro_equipamento":"BUTANTA","cd_cep_equipamento":"05585010","tx_horario_funcionamento":null,"tx_numero_telefone":null,"cd_equipamento_base_origem":null}},{"type":"Feature","id":"equipamento_policia_militar_v2.150299","geometry":{"type":"Point","coordinates":[320654.8973,7395768.6928]},"geometry_name":"ge_ponto","properties":{"cd_identificador":150299,"cd_identificador_tema_equipamento":7,"nm_tema_equipamento":"SEGURANCA","cd_identificador_rede_equipamento":0,"nm_rede_equipamento":"SEM REDE","tx_rede_equipamento":"Sem descrição","cd_identificador_tipo_equipamento":0,"nm_tipo_equipamento":"SEM TIPO","tx_tipo_equipamento":"SEM TIPO","cd_identificador_classe_equipamento":5,"nm_classe_equipamento":"POLICIA MILITAR","tx_classe_equipamento":"POLICIA MILITAR","cd_identificador_esfera_administrativa_equipamento":0,"nm_esfera_administrativa_equipamento":"SEM ESFERA","tx_esfera_administrativa_equipamento":"Sem descrição","cd_equipamento":null,"nm_equipamento":"4 Cia do 23º BPM/M -","tx_endereco_equipamento":"R CONO MATTEO, 17","nm_bairro_equipamento":"JAGUARÉ","cd_cep_equipamento":"05324130","tx_horario_funcionamento":null,"tx_numero_telefone":null,"cd_equipamento_base_origem":null}},{"type":"Feature","id":"equipamento_policia_militar_v2.150300","geometry":{"type":"Point","coordinates":[326609.84,7394754.4517]},"geometry_name":"ge_ponto","properties":{"cd_identificador":150300,"cd_identificador_tema_equipamento":7,"nm_tema_equipamento":"SEGURANCA","cd_identificador_rede_equipamento":0,"nm_rede_equipamento":"SEM REDE","tx_rede_equipamento":"Sem descrição","cd_identificador_tipo_equipamento":0,"nm_tipo_equipamento":"SEM TIPO","tx_tipo_equipamento":"SEM TIPO","cd_identificador_classe_equipamento":5,"nm_classe_equipamento":"POLICIA MILITAR","tx_classe_equipamento":"POLICIA MILITAR","cd_identificador_esfera_administrativa_equipamento":0,"nm_esfera_administrativa_equipamento":"SEM ESFERA","tx_esfera_administrativa_equipamento":"Sem descrição","cd_equipamento":null,"nm_equipamento":"Cia Tatica  do 23º BPM/M -","tx_endereco_equipamento":"R GOMES DE MEDEIROS, 140","nm_bairro_equipamento":"ALTO DE PINHEIROS","cd_cep_equipamento":"05447030","tx_horario_funcionamento":null,"tx_numero_telefone":null,"cd_equipamento_base_origem":null}},{"type":"Feature","id":"equipamento_policia_militar_v2.150301","geometry":{"type":"Point","coordinates":[322715.2049,7403134.7217]},"geometry_name":"ge_ponto","properties":{"cd_identificador":150301,"cd_identificador_tema_equipamento":7,"nm_tema_equipamento":"SEGURANCA","cd_identificador_rede_equipamento":0,"nm_rede_equipamento":"SEM REDE","tx_rede_equipamento":"Sem descrição","cd_identificador_tipo_equipamento":0,"nm_tipo_equipamento":"SEM TIPO","tx_tipo_equipamento":"SEM TIPO","cd_identificador_classe_equipamento":5,"nm_classe_equipamento":"POLICIA MILITAR","tx_classe_equipamento":"POLICIA MILITAR","cd_identificador_esfera_administrativa_equipamento":0,"nm_esfera_administrativa_equipamento":"SEM ESFERA","tx_esfera_administrativa_equipamento":"Sem descrição","cd_equipamento":null,"nm_equipamento":"49ºBPM/M","tx_endereco_equipamento":"AV DOUTOR FELIPE PINEL, 2101","nm_bairro_equipamento":"JARAGUA","cd_cep_equipamento":"05181660","tx_horario_funcionamento":null,"tx_numero_telefone":null,"cd_equipamento_base_origem":null}},{"type":"Feature","id":"equipamento_policia_militar_v2.150302","geometry":{"type":"Point","coordinates":[322355.0097,7410631.8502]},"geometry_name":"ge_ponto","properties":{"cd_identificador":150302,"cd_identificador_tema_equipamento":7,"nm_tema_equipamento":"SEGURANCA","cd_identificador_rede_equipamento":0,"nm_rede_equipamento":"SEM REDE","tx_rede_equipamento":"Sem descrição","cd_identificador_tipo_equipamento":0,"nm_tipo_equipamento":"SEM TIPO","tx_tipo_equipamento":"SEM TIPO","cd_identificador_classe_equipamento":5,"nm_classe_equipamento":"POLICIA MILITAR","tx_classe_equipamento":"POLICIA MILITAR","cd_identificador_esfera_administrativa_equipamento":0,"nm_esfera_administrativa_equipamento":"SEM ESFERA","tx_esfera_administrativa_equipamento":"Sem descrição","cd_equipamento":null,"nm_equipamento":"1 Cia do 49º BPM/M -","tx_endereco_equipamento":"R JULIO DE OLIVEIRA, 8","nm_bairro_equipamento":"PERUS","cd_cep_equipamento":"05201070","tx_horario_funcionamento":null,"tx_numero_telefone":null,"cd_equipamento_base_origem":null}},{"type":"Feature","id":"equipamento_policia_militar_v2.150303","geometry":{"type":"Point","coordinates":[324306.647,7399759.8268]},"geometry_name":"ge_ponto","properties":{"cd_identificador":150303,"cd_identificador_tema_equipamento":7,"nm_tema_equipamento":"SEGURANCA","cd_identificador_rede_equipamento":0,"nm_rede_equipamento":"SEM REDE","tx_rede_equipamento":"Sem descrição","cd_identificador_tipo_equipamento":0,"nm_tipo_equipamento":"SEM TIPO","tx_tipo_equipamento":"SEM TIPO","cd_identificador_classe_equipamento":5,"nm_classe_equipamento":"POLICIA MILITAR","tx_classe_equipamento":"POLICIA MILITAR","cd_identificador_esfera_administrativa_equipamento":0,"nm_esfera_administrativa_equipamento":"SEM ESFERA","tx_esfera_administrativa_equipamento":"Sem descrição","cd_equipamento":null,"nm_equipamento":"2 Cia do 49º BPM/M -","tx_endereco_equipamento":"AV RAIMUNDO PEREIRA MAGALHÃES, 2340","nm_bairro_equipamento":"JARDIM IRIS","cd_cep_equipamento":"02989095","tx_horario_funcionamento":null,"tx_numero_telefone":null,"cd_equipamento_base_origem":null}},{"type":"Feature","id":"equipamento_policia_militar_v2.150304","geometry":{"type":"Point","coordinates":[321736.5113,7400342.5239]},"geometry_name":"ge_ponto","properties":{"cd_identificador":150304,"cd_identificador_tema_equipamento":7,"nm_tema_equipamento":"SEGURANCA","cd_identificador_rede_equipamento":0,"nm_rede_equipamento":"SEM REDE","tx_rede_equipamento":"Sem descrição","cd_identificador_tipo_equipamento":0,"nm_tipo_equipamento":"SEM TIPO","tx_tipo_equipamento":"SEM TIPO","cd_identificador_classe_equipamento":5,"nm_classe_equipamento":"POLICIA MILITAR","tx_classe_equipamento":"POLICIA MILITAR","cd_identificador_esfera_administrativa_equipamento":0,"nm_esfera_administrativa_equipamento":"SEM ESFERA","tx_esfera_administrativa_equipamento":"Sem descrição","cd_equipamento":null,"nm_equipamento":"3 Cia do 49º BPM/M -","tx_endereco_equipamento":"R JOAQUIM OLIVEIRA FREITAS, 1170","nm_bairro_equipamento":"SÃO DOMINGOS","cd_cep_equipamento":"05133004","tx_horario_funcionamento":null,"tx_numero_telefone":null,"cd_equipamento_base_origem":null}},{"type":"Feature","id":"equipamento_policia_militar_v2.150305","geometry":{"type":"Point","coordinates":[322715.2049,7403134.7217]},"geometry_name":"ge_ponto","properties":{"cd_identificador":150305,"cd_identificador_tema_equipamento":7,"nm_tema_equipamento":"SEGURANCA","cd_identificador_rede_equipamento":0,"nm_rede_equipamento":"SEM REDE","tx_rede_equipamento":"Sem descrição","cd_identificador_tipo_equipamento":0,"nm_tipo_equipamento":"SEM TIPO","tx_tipo_equipamento":"SEM TIPO","cd_identificador_classe_equipamento":5,"nm_classe_equipamento":"POLICIA MILITAR","tx_classe_equipamento":"POLICIA MILITAR","cd_identificador_esfera_administrativa_equipamento":0,"nm_esfera_administrativa_equipamento":"SEM ESFERA","tx_esfera_administrativa_equipamento":"Sem descrição","cd_equipamento":null,"nm_equipamento":"Cia Tatica do 49º BPM/M -","tx_endereco_equipamento":"AV DOUTOR FELIPE PINEL, 2101","nm_bairro_equipamento":"JARAGUA","cd_cep_equipamento":"05181660","tx_horario_funcionamento":null,"tx_numero_telefone":null,"cd_equipamento_base_origem":null}},{"type":"Feature","id":"equipamento_policia_militar_v2.150306","geometry":{"type":"Point","coordinates":[348221.5261,7387900.734]},"geometry_name":"ge_ponto","properties":{"cd_identificador":150306,"cd_identificador_tema_equipamento":7,"nm_tema_equipamento":"SEGURANCA","cd_identificador_rede_equipamento":0,"nm_rede_equipamento":"SEM REDE","tx_rede_equipamento":"Sem descrição","cd_identificador_tipo_equipamento":0,"nm_tipo_equipamento":"SEM TIPO","tx_tipo_equipamento":"SEM TIPO","cd_identificador_classe_equipamento":5,"nm_classe_equipamento":"POLICIA MILITAR","tx_classe_equipamento":"POLICIA MILITAR","cd_identificador_esfera_administrativa_equipamento":0,"nm_esfera_administrativa_equipamento":"SEM ESFERA","tx_esfera_administrativa_equipamento":"Sem descrição","cd_equipamento":null,"nm_equipamento":"CPA/M-9","tx_endereco_equipamento":"AV SAPOPEMBA, 12370","nm_bairro_equipamento":"JD ADUTORA","cd_cep_equipamento":"13571385","tx_horario_funcionamento":null,"tx_numero_telefone":null,"cd_equipamento_base_origem":null}},{"type":"Feature","id":"equipamento_policia_militar_v2.150307","geometry":{"type":"Point","coordinates":[344777.4338,7388987.18]},"geometry_name":"ge_ponto","properties":{"cd_identificador":150307,"cd_identificador_tema_equipamento":7,"nm_tema_equipamento":"SEGURANCA","cd_identificador_rede_equipamento":0,"nm_rede_equipamento":"SEM REDE","tx_rede_equipamento":"Sem descrição","cd_identificador_tipo_equipamento":0,"nm_tipo_equipamento":"SEM TIPO","tx_tipo_equipamento":"SEM TIPO","cd_identificador_classe_equipamento":5,"nm_classe_equipamento":"POLICIA MILITAR","tx_classe_equipamento":"POLICIA MILITAR","cd_identificador_esfera_administrativa_equipamento":0,"nm_esfera_administrativa_equipamento":"SEM ESFERA","tx_esfera_administrativa_equipamento":"Sem descrição","cd_equipamento":null,"nm_equipamento":"19º BPM/M","tx_endereco_equipamento":"AV PROF LUIZ IGNÁCIO ANHAIA MELO, 8301","nm_bairro_equipamento":"VILA TOLSTOI","cd_cep_equipamento":"03295100","tx_horario_funcionamento":null,"tx_numero_telefone":null,"cd_equipamento_base_origem":null}},{"type":"Feature","id":"equipamento_policia_militar_v2.150308","geometry":{"type":"Point","coordinates":[345144.054,7391523.7268]},"geometry_name":"ge_ponto","properties":{"cd_identificador":150308,"cd_identificador_tema_equipamento":7,"nm_tema_equipamento":"SEGURANCA","cd_identificador_rede_equipamento":0,"nm_rede_equipamento":"SEM REDE","tx_rede_equipamento":"Sem descrição","cd_identificador_tipo_equipamento":0,"nm_tipo_equipamento":"SEM TIPO","tx_tipo_equipamento":"SEM TIPO","cd_identificador_classe_equipamento":5,"nm_classe_equipamento":"POLICIA MILITAR","tx_classe_equipamento":"POLICIA MILITAR","cd_identificador_esfera_administrativa_equipamento":0,"nm_esfera_administrativa_equipamento":"SEM ESFERA","tx_esfera_administrativa_equipamento":"Sem descrição","cd_equipamento":null,"nm_equipamento":"1 Cia do 19º BPM/M -","tx_endereco_equipamento":"AV AVENIDA INCONFIDÊNCIA MINEIRA, 688","nm_bairro_equipamento":"ARICANDUVA","cd_cep_equipamento":"03476010","tx_horario_funcionamento":null,"tx_numero_telefone":null,"cd_equipamento_base_origem":null}},{"type":"Feature","id":"equipamento_policia_militar_v2.150309","geometry":{"type":"Point","coordinates":[347204.9906,7394170.5929]},"geometry_name":"ge_ponto","properties":{"cd_identificador":150309,"cd_identificador_tema_equipamento":7,"nm_tema_equipamento":"SEGURANCA","cd_identificador_rede_equipamento":0,"nm_rede_equipamento":"SEM REDE","tx_rede_equipamento":"Sem descrição","cd_identificador_tipo_equipamento":0,"nm_tipo_equipamento":"SEM TIPO","tx_tipo_equipamento":"SEM TIPO","cd_identificador_classe_equipamento":5,"nm_classe_equipamento":"POLICIA MILITAR","tx_classe_equipamento":"POLICIA MILITAR","cd_identificador_esfera_administrativa_equipamento":0,"nm_esfera_administrativa_equipamento":"SEM ESFERA","tx_esfera_administrativa_equipamento":"Sem descrição","cd_equipamento":null,"nm_equipamento":"2 Cia do 19º BPM/M -","tx_endereco_equipamento":"R MANUEL PINHEIRO DE ALBUQUERQUE, 28","nm_bairro_equipamento":"CIDADE LIDER","cd_cep_equipamento":"03582080","tx_horario_funcionamento":null,"tx_numero_telefone":null,"cd_equipamento_base_origem":null}},{"type":"Feature","id":"equipamento_policia_militar_v2.150310","geometry":{"type":"Point","coordinates":[343372.2462,7389241.6201]},"geometry_name":"ge_ponto","properties":{"cd_identificador":150310,"cd_identificador_tema_equipamento":7,"nm_tema_equipamento":"SEGURANCA","cd_identificador_rede_equipamento":0,"nm_rede_equipamento":"SEM REDE","tx_rede_equipamento":"Sem descrição","cd_identificador_tipo_equipamento":0,"nm_tipo_equipamento":"SEM TIPO","tx_tipo_equipamento":"SEM TIPO","cd_identificador_classe_equipamento":5,"nm_classe_equipamento":"POLICIA MILITAR","tx_classe_equipamento":"POLICIA MILITAR","cd_identificador_esfera_administrativa_equipamento":0,"nm_esfera_administrativa_equipamento":"SEM ESFERA","tx_esfera_administrativa_equipamento":"Sem descrição","cd_equipamento":null,"nm_equipamento":"3 Cia do 19º BPM/M -","tx_endereco_equipamento":"R FLORENCIO SANCHES, 185","nm_bairro_equipamento":"JD GUAIRACA","cd_cep_equipamento":"03266120","tx_horario_funcionamento":null,"tx_numero_telefone":null,"cd_equipamento_base_origem":null}},{"type":"Feature","id":"equipamento_policia_militar_v2.150311","geometry":{"type":"Point","coordinates":[343500.7815,7391467.6913]},"geometry_name":"ge_ponto","properties":{"cd_identificador":150311,"cd_identificador_tema_equipamento":7,"nm_tema_equipamento":"SEGURANCA","cd_identificador_rede_equipamento":0,"nm_rede_equipamento":"SEM REDE","tx_rede_equipamento":"Sem descrição","cd_identificador_tipo_equipamento":0,"nm_tipo_equipamento":"SEM TIPO","tx_tipo_equipamento":"SEM TIPO","cd_identificador_classe_equipamento":5,"nm_classe_equipamento":"POLICIA MILITAR","tx_classe_equipamento":"POLICIA MILITAR","cd_identificador_esfera_administrativa_equipamento":0,"nm_esfera_administrativa_equipamento":"SEM ESFERA","tx_esfera_administrativa_equipamento":"Sem descrição","cd_equipamento":null,"nm_equipamento":"Cia Tatica  do 19º BPM/M -","tx_endereco_equipamento":"AV ANTONIO BUONO, 419","nm_bairro_equipamento":"VILA GUARANI","cd_cep_equipamento":"03379030","tx_horario_funcionamento":null,"tx_numero_telefone":null,"cd_equipamento_base_origem":null}},{"type":"Feature","id":"equipamento_policia_militar_v2.150312","geometry":{"type":"Point","coordinates":[349971.7589,7392843.4636]},"geometry_name":"ge_ponto","properties":{"cd_identificador":150312,"cd_identificador_tema_equipamento":7,"nm_tema_equipamento":"SEGURANCA","cd_identificador_rede_equipamento":0,"nm_rede_equipamento":"SEM REDE","tx_rede_equipamento":"Sem descrição","cd_identificador_tipo_equipamento":0,"nm_tipo_equipamento":"SEM TIPO","tx_tipo_equipamento":"SEM TIPO","cd_identificador_classe_equipamento":5,"nm_classe_equipamento":"POLICIA MILITAR","tx_classe_equipamento":"POLICIA MILITAR","cd_identificador_esfera_administrativa_equipamento":0,"nm_esfera_administrativa_equipamento":"SEM ESFERA","tx_esfera_administrativa_equipamento":"Sem descrição","cd_equipamento":null,"nm_equipamento":"28ºBPM/M","tx_endereco_equipamento":"R VENANCIO LISBOA, 310","nm_bairro_equipamento":"PARQUE DO CARMOS","cd_cep_equipamento":"08280590","tx_horario_funcionamento":null,"tx_numero_telefone":null,"cd_equipamento_base_origem":null}},{"type":"Feature","id":"equipamento_policia_militar_v2.150313","geometry":{"type":"Point","coordinates":[355181.1021,7395682.0828]},"geometry_name":"ge_ponto","properties":{"cd_identificador":150313,"cd_identificador_tema_equipamento":7,"nm_tema_equipamento":"SEGURANCA","cd_identificador_rede_equipamento":0,"nm_rede_equipamento":"SEM REDE","tx_rede_equipamento":"Sem descrição","cd_identificador_tipo_equipamento":0,"nm_tipo_equipamento":"SEM TIPO","tx_tipo_equipamento":"SEM TIPO","cd_identificador_classe_equipamento":5,"nm_classe_equipamento":"POLICIA MILITAR","tx_classe_equipamento":"POLICIA MILITAR","cd_identificador_esfera_administrativa_equipamento":0,"nm_esfera_administrativa_equipamento":"SEM ESFERA","tx_esfera_administrativa_equipamento":"Sem descrição","cd_equipamento":null,"nm_equipamento":"1 Cia do 28º BPM/M -","tx_endereco_equipamento":"R SALVADOR GIANETTI, 386","nm_bairro_equipamento":"GUAIANASES","cd_cep_equipamento":"08410000","tx_horario_funcionamento":null,"tx_numero_telefone":null,"cd_equipamento_base_origem":null}},{"type":"Feature","id":"equipamento_policia_militar_v2.150314","geometry":{"type":"Point","coordinates":[351226.5911,7397591.4528]},"geometry_name":"ge_ponto","properties":{"cd_identificador":150314,"cd_identificador_tema_equipamento":7,"nm_tema_equipamento":"SEGURANCA","cd_identificador_rede_equipamento":0,"nm_rede_equipamento":"SEM REDE","tx_rede_equipamento":"Sem descrição","cd_identificador_tipo_equipamento":0,"nm_tipo_equipamento":"SEM TIPO","tx_tipo_equipamento":"SEM TIPO","cd_identificador_classe_equipamento":5,"nm_classe_equipamento":"POLICIA MILITAR","tx_classe_equipamento":"POLICIA MILITAR","cd_identificador_esfera_administrativa_equipamento":0,"nm_esfera_administrativa_equipamento":"SEM ESFERA","tx_esfera_administrativa_equipamento":"Sem descrição","cd_equipamento":null,"nm_equipamento":"2 Cia do 28º BPM/M -","tx_endereco_equipamento":"AV JACU-PÊSSEGO, 2708","nm_bairro_equipamento":"VILA JACUÍ","cd_cep_equipamento":"08225700","tx_horario_funcionamento":null,"tx_numero_telefone":null,"cd_equipamento_base_origem":null}},{"type":"Feature","id":"equipamento_policia_militar_v2.150315","geometry":{"type":"Point","coordinates":[356206.7623,7391097.3377]},"geometry_name":"ge_ponto","properties":{"cd_identificador":150315,"cd_identificador_tema_equipamento":7,"nm_tema_equipamento":"SEGURANCA","cd_identificador_rede_equipamento":0,"nm_rede_equipamento":"SEM REDE","tx_rede_equipamento":"Sem descrição","cd_identificador_tipo_equipamento":0,"nm_tipo_equipamento":"SEM TIPO","tx_tipo_equipamento":"SEM TIPO","cd_identificador_classe_equipamento":5,"nm_classe_equipamento":"POLICIA MILITAR","tx_classe_equipamento":"POLICIA MILITAR","cd_identificador_esfera_administrativa_equipamento":0,"nm_esfera_administrativa_equipamento":"SEM ESFERA","tx_esfera_administrativa_equipamento":"Sem descrição","cd_equipamento":null,"nm_equipamento":"3 Cia do 28º BPM/M -","tx_endereco_equipamento":"AV DOS METALÚRGICOS, 120","nm_bairro_equipamento":"CIDADE TIRADENTES","cd_cep_equipamento":"08471000","tx_horario_funcionamento":null,"tx_numero_telefone":null,"cd_equipamento_base_origem":null}},{"type":"Feature","id":"equipamento_policia_militar_v2.150316","geometry":{"type":"Point","coordinates":[356414.6435,7390614.1571]},"geometry_name":"ge_ponto","properties":{"cd_identificador":150316,"cd_identificador_tema_equipamento":7,"nm_tema_equipamento":"SEGURANCA","cd_identificador_rede_equipamento":0,"nm_rede_equipamento":"SEM REDE","tx_rede_equipamento":"Sem descrição","cd_identificador_tipo_equipamento":0,"nm_tipo_equipamento":"SEM TIPO","tx_tipo_equipamento":"SEM TIPO","cd_identificador_classe_equipamento":5,"nm_classe_equipamento":"POLICIA MILITAR","tx_classe_equipamento":"POLICIA MILITAR","cd_identificador_esfera_administrativa_equipamento":0,"nm_esfera_administrativa_equipamento":"SEM ESFERA","tx_esfera_administrativa_equipamento":"Sem descrição","cd_equipamento":null,"nm_equipamento":"Cia Tatica  do 28º BPM/M -","tx_endereco_equipamento":"R ERNESTO GOULD, 317","nm_bairro_equipamento":"CIDADE TIRADENTES","cd_cep_equipamento":"08470230","tx_horario_funcionamento":null,"tx_numero_telefone":null,"cd_equipamento_base_origem":null}},{"type":"Feature","id":"equipamento_policia_militar_v2.150317","geometry":{"type":"Point","coordinates":[352571.7603,7387944.3874]},"geometry_name":"ge_ponto","properties":{"cd_identificador":150317,"cd_identificador_tema_equipamento":7,"nm_tema_equipamento":"SEGURANCA","cd_identificador_rede_equipamento":0,"nm_rede_equipamento":"SEM REDE","tx_rede_equipamento":"Sem descrição","cd_identificador_tipo_equipamento":0,"nm_tipo_equipamento":"SEM TIPO","tx_tipo_equipamento":"SEM TIPO","cd_identificador_classe_equipamento":5,"nm_classe_equipamento":"POLICIA MILITAR","tx_classe_equipamento":"POLICIA MILITAR","cd_identificador_esfera_administrativa_equipamento":0,"nm_esfera_administrativa_equipamento":"SEM ESFERA","tx_esfera_administrativa_equipamento":"Sem descrição","cd_equipamento":null,"nm_equipamento":"38º BPM/M","tx_endereco_equipamento":"TV TERNURA ANTIGA, 1","nm_bairro_equipamento":"JD DA CONQUISTA","cd_cep_equipamento":"08345220","tx_horario_funcionamento":null,"tx_numero_telefone":null,"cd_equipamento_base_origem":null}},{"type":"Feature","id":"equipamento_policia_militar_v2.150318","geometry":{"type":"Point","coordinates":[354759.7738,7387187.4341]},"geometry_name":"ge_ponto","properties":{"cd_identificador":150318,"cd_identificador_tema_equipamento":7,"nm_tema_equipamento":"SEGURANCA","cd_identificador_rede_equipamento":0,"nm_rede_equipamento":"SEM REDE","tx_rede_equipamento":"Sem descrição","cd_identificador_tipo_equipamento":0,"nm_tipo_equipamento":"SEM TIPO","tx_tipo_equipamento":"SEM TIPO","cd_identificador_classe_equipamento":5,"nm_classe_equipamento":"POLICIA MILITAR","tx_classe_equipamento":"POLICIA MILITAR","cd_identificador_esfera_administrativa_equipamento":0,"nm_esfera_administrativa_equipamento":"SEM ESFERA","tx_esfera_administrativa_equipamento":"Sem descrição","cd_equipamento":null,"nm_equipamento":"1 Cia do 38º BPM/M -","tx_endereco_equipamento":"ESTRADA DO SAPOPEMBA, 30500","nm_bairro_equipamento":"IGUATEMI","cd_cep_equipamento":"08330180","tx_horario_funcionamento":null,"tx_numero_telefone":null,"cd_equipamento_base_origem":null}},{"type":"Feature","id":"equipamento_policia_militar_v2.150319","geometry":{"type":"Point","coordinates":[351043.8173,7388423.4308]},"geometry_name":"ge_ponto","properties":{"cd_identificador":150319,"cd_identificador_tema_equipamento":7,"nm_tema_equipamento":"SEGURANCA","cd_identificador_rede_equipamento":0,"nm_rede_equipamento":"SEM REDE","tx_rede_equipamento":"Sem descrição","cd_identificador_tipo_equipamento":0,"nm_tipo_equipamento":"SEM TIPO","tx_tipo_equipamento":"SEM TIPO","cd_identificador_classe_equipamento":5,"nm_classe_equipamento":"POLICIA MILITAR","tx_classe_equipamento":"POLICIA MILITAR","cd_identificador_esfera_administrativa_equipamento":0,"nm_esfera_administrativa_equipamento":"SEM ESFERA","tx_esfera_administrativa_equipamento":"Sem descrição","cd_equipamento":null,"nm_equipamento":"2 Cia do 38º BPM/M -","tx_endereco_equipamento":"R LUÍS BARBALHO BEZERRA, 600","nm_bairro_equipamento":"SÃO MATEUS","cd_cep_equipamento":"08330330","tx_horario_funcionamento":null,"tx_numero_telefone":null,"cd_equipamento_base_origem":null}},{"type":"Feature","id":"equipamento_policia_militar_v2.150320","geometry":{"type":"Point","coordinates":[348214.1472,7386797.5834]},"geometry_name":"ge_ponto","properties":{"cd_identificador":150320,"cd_identificador_tema_equipamento":7,"nm_tema_equipamento":"SEGURANCA","cd_identificador_rede_equipamento":0,"nm_rede_equipamento":"SEM REDE","tx_rede_equipamento":"Sem descrição","cd_identificador_tipo_equipamento":0,"nm_tipo_equipamento":"SEM TIPO","tx_tipo_equipamento":"SEM TIPO","cd_identificador_classe_equipamento":5,"nm_classe_equipamento":"POLICIA MILITAR","tx_classe_equipamento":"POLICIA MILITAR","cd_identificador_esfera_administrativa_equipamento":0,"nm_esfera_administrativa_equipamento":"SEM ESFERA","tx_esfera_administrativa_equipamento":"Sem descrição","cd_equipamento":null,"nm_equipamento":"3 Cia do 38º BPM/M -","tx_endereco_equipamento":"R AUGUSTIN LUBERTI, 1100","nm_bairro_equipamento":"FAZENDA DA JUTA","cd_cep_equipamento":"03977409","tx_horario_funcionamento":null,"tx_numero_telefone":null,"cd_equipamento_base_origem":null}},{"type":"Feature","id":"equipamento_policia_militar_v2.150321","geometry":{"type":"Point","coordinates":[352571.7603,7387944.3874]},"geometry_name":"ge_ponto","properties":{"cd_identificador":150321,"cd_identificador_tema_equipamento":7,"nm_tema_equipamento":"SEGURANCA","cd_identificador_rede_equipamento":0,"nm_rede_equipamento":"SEM REDE","tx_rede_equipamento":"Sem descrição","cd_identificador_tipo_equipamento":0,"nm_tipo_equipamento":"SEM TIPO","tx_tipo_equipamento":"SEM TIPO","cd_identificador_classe_equipamento":5,"nm_classe_equipamento":"POLICIA MILITAR","tx_classe_equipamento":"POLICIA MILITAR","cd_identificador_esfera_administrativa_equipamento":0,"nm_esfera_administrativa_equipamento":"SEM ESFERA","tx_esfera_administrativa_equipamento":"Sem descrição","cd_equipamento":null,"nm_equipamento":"Cia Tatica do 38º BPM/M -","tx_endereco_equipamento":"TV TERNURA ANTIGA, 1","nm_bairro_equipamento":"JD DA CONQUISTA","cd_cep_equipamento":"08345220","tx_horario_funcionamento":null,"tx_numero_telefone":null,"cd_equipamento_base_origem":null}},{"type":"Feature","id":"equipamento_policia_militar_v2.150322","geometry":{"type":"Point","coordinates":[324591.0907,7384233.2182]},"geometry_name":"ge_ponto","properties":{"cd_identificador":150322,"cd_identificador_tema_equipamento":7,"nm_tema_equipamento":"SEGURANCA","cd_identificador_rede_equipamento":0,"nm_rede_equipamento":"SEM REDE","tx_rede_equipamento":"Sem descrição","cd_identificador_tipo_equipamento":0,"nm_tipo_equipamento":"SEM TIPO","tx_tipo_equipamento":"SEM TIPO","cd_identificador_classe_equipamento":5,"nm_classe_equipamento":"POLICIA MILITAR","tx_classe_equipamento":"POLICIA MILITAR","cd_identificador_esfera_administrativa_equipamento":0,"nm_esfera_administrativa_equipamento":"SEM ESFERA","tx_esfera_administrativa_equipamento":"Sem descrição","cd_equipamento":null,"nm_equipamento":"CPA/M10","tx_endereco_equipamento":"R DOUTOR RUBENS GOMES BUENO, 231","nm_bairro_equipamento":"SANTO AMARO","cd_cep_equipamento":"04730900","tx_horario_funcionamento":null,"tx_numero_telefone":null,"cd_equipamento_base_origem":null}},{"type":"Feature","id":"equipamento_policia_militar_v2.150323","geometry":{"type":"Point","coordinates":[325030.1406,7383325.1926]},"geometry_name":"ge_ponto","properties":{"cd_identificador":150323,"cd_identificador_tema_equipamento":7,"nm_tema_equipamento":"SEGURANCA","cd_identificador_rede_equipamento":0,"nm_rede_equipamento":"SEM REDE","tx_rede_equipamento":"Sem descrição","cd_identificador_tipo_equipamento":0,"nm_tipo_equipamento":"SEM TIPO","tx_tipo_equipamento":"SEM TIPO","cd_identificador_classe_equipamento":5,"nm_classe_equipamento":"POLICIA MILITAR","tx_classe_equipamento":"POLICIA MILITAR","cd_identificador_esfera_administrativa_equipamento":0,"nm_esfera_administrativa_equipamento":"SEM ESFERA","tx_esfera_administrativa_equipamento":"Sem descrição","cd_equipamento":null,"nm_equipamento":"1º BPM/M","tx_endereco_equipamento":"AV MARIO LOPES LEÃO, 1050","nm_bairro_equipamento":"SANTO AMARO","cd_cep_equipamento":"04754901","tx_horario_funcionamento":null,"tx_numero_telefone":null,"cd_equipamento_base_origem":null}},{"type":"Feature","id":"equipamento_policia_militar_v2.150324","geometry":{"type":"Point","coordinates":[321672.3236,7383304.5861]},"geometry_name":"ge_ponto","properties":{"cd_identificador":150324,"cd_identificador_tema_equipamento":7,"nm_tema_equipamento":"SEGURANCA","cd_identificador_rede_equipamento":0,"nm_rede_equipamento":"SEM REDE","tx_rede_equipamento":"Sem descrição","cd_identificador_tipo_equipamento":0,"nm_tipo_equipamento":"SEM TIPO","tx_tipo_equipamento":"SEM TIPO","cd_identificador_classe_equipamento":5,"nm_classe_equipamento":"POLICIA MILITAR","tx_classe_equipamento":"POLICIA MILITAR","cd_identificador_esfera_administrativa_equipamento":0,"nm_esfera_administrativa_equipamento":"SEM ESFERA","tx_esfera_administrativa_equipamento":"Sem descrição","cd_equipamento":null,"nm_equipamento":"1 Cia do 01º BPM/M -","tx_endereco_equipamento":"TV THERESA MOUCO DE OLIVEIRA, 181","nm_bairro_equipamento":"JD SÃO LUIS","cd_cep_equipamento":"05846420","tx_horario_funcionamento":null,"tx_numero_telefone":null,"cd_equipamento_base_origem":null}},{"type":"Feature","id":"equipamento_policia_militar_v2.150325","geometry":{"type":"Point","coordinates":[322219.2974,7383396.8363]},"geometry_name":"ge_ponto","properties":{"cd_identificador":150325,"cd_identificador_tema_equipamento":7,"nm_tema_equipamento":"SEGURANCA","cd_identificador_rede_equipamento":0,"nm_rede_equipamento":"SEM REDE","tx_rede_equipamento":"Sem descrição","cd_identificador_tipo_equipamento":0,"nm_tipo_equipamento":"SEM TIPO","tx_tipo_equipamento":"SEM TIPO","cd_identificador_classe_equipamento":5,"nm_classe_equipamento":"POLICIA MILITAR","tx_classe_equipamento":"POLICIA MILITAR","cd_identificador_esfera_administrativa_equipamento":0,"nm_esfera_administrativa_equipamento":"SEM ESFERA","tx_esfera_administrativa_equipamento":"Sem descrição","cd_equipamento":null,"nm_equipamento":"2 Cia do 01º BPM/M -","tx_endereco_equipamento":"R DOUTOR LUÍS TAVARES DA CUNHA, 104","nm_bairro_equipamento":"JD SÃO LUIS","cd_cep_equipamento":"05842050","tx_horario_funcionamento":null,"tx_numero_telefone":null,"cd_equipamento_base_origem":null}},{"type":"Feature","id":"equipamento_policia_militar_v2.150326","geometry":{"type":"Point","coordinates":[326193.1853,7383748.5819]},"geometry_name":"ge_ponto","properties":{"cd_identificador":150326,"cd_identificador_tema_equipamento":7,"nm_tema_equipamento":"SEGURANCA","cd_identificador_rede_equipamento":0,"nm_rede_equipamento":"SEM REDE","tx_rede_equipamento":"Sem descrição","cd_identificador_tipo_equipamento":0,"nm_tipo_equipamento":"SEM TIPO","tx_tipo_equipamento":"SEM TIPO","cd_identificador_classe_equipamento":5,"nm_classe_equipamento":"POLICIA MILITAR","tx_classe_equipamento":"POLICIA MILITAR","cd_identificador_esfera_administrativa_equipamento":0,"nm_esfera_administrativa_equipamento":"SEM ESFERA","tx_esfera_administrativa_equipamento":"Sem descrição","cd_equipamento":null,"nm_equipamento":"3 Cia do 01º BPM/M -","tx_endereco_equipamento":"R DOUTOR ANTONIO BENTO, 321","nm_bairro_equipamento":"SANTO AMARO","cd_cep_equipamento":"04750001","tx_horario_funcionamento":null,"tx_numero_telefone":null,"cd_equipamento_base_origem":null}},{"type":"Feature","id":"equipamento_policia_militar_v2.150327","geometry":{"type":"Point","coordinates":[325861.6911,7382500.7729]},"geometry_name":"ge_ponto","properties":{"cd_identificador":150327,"cd_identificador_tema_equipamento":7,"nm_tema_equipamento":"SEGURANCA","cd_identificador_rede_equipamento":0,"nm_rede_equipamento":"SEM REDE","tx_rede_equipamento":"Sem descrição","cd_identificador_tipo_equipamento":0,"nm_tipo_equipamento":"SEM TIPO","tx_tipo_equipamento":"SEM TIPO","cd_identificador_classe_equipamento":5,"nm_classe_equipamento":"POLICIA MILITAR","tx_classe_equipamento":"POLICIA MILITAR","cd_identificador_esfera_administrativa_equipamento":0,"nm_esfera_administrativa_equipamento":"SEM ESFERA","tx_esfera_administrativa_equipamento":"Sem descrição","cd_equipamento":null,"nm_equipamento":"4 Cia do 01º BPM/M -","tx_endereco_equipamento":"R ANGELO HERRERO, 89","nm_bairro_equipamento":"SANTO AMARO","cd_cep_equipamento":"04746070","tx_horario_funcionamento":null,"tx_numero_telefone":null,"cd_equipamento_base_origem":null}},{"type":"Feature","id":"equipamento_policia_militar_v2.150328","geometry":{"type":"Point","coordinates":[326591.2618,7379879.4622]},"geometry_name":"ge_ponto","properties":{"cd_identificador":150328,"cd_identificador_tema_equipamento":7,"nm_tema_equipamento":"SEGURANCA","cd_identificador_rede_equipamento":0,"nm_rede_equipamento":"SEM REDE","tx_rede_equipamento":"Sem descrição","cd_identificador_tipo_equipamento":0,"nm_tipo_equipamento":"SEM TIPO","tx_tipo_equipamento":"SEM TIPO","cd_identificador_classe_equipamento":5,"nm_classe_equipamento":"POLICIA MILITAR","tx_classe_equipamento":"POLICIA MILITAR","cd_identificador_esfera_administrativa_equipamento":0,"nm_esfera_administrativa_equipamento":"SEM ESFERA","tx_esfera_administrativa_equipamento":"Sem descrição","cd_equipamento":null,"nm_equipamento":"5 Cia do 01º BPM/M -","tx_endereco_equipamento":"R PROF OSWALDO QUIRINO SIMÕES, 122","nm_bairro_equipamento":"SOCORRO","cd_cep_equipamento":"04746070","tx_horario_funcionamento":null,"tx_numero_telefone":null,"cd_equipamento_base_origem":null}},{"type":"Feature","id":"equipamento_policia_militar_v2.150329","geometry":{"type":"Point","coordinates":[322831.7773,7383116.1691]},"geometry_name":"ge_ponto","properties":{"cd_identificador":150329,"cd_identificador_tema_equipamento":7,"nm_tema_equipamento":"SEGURANCA","cd_identificador_rede_equipamento":0,"nm_rede_equipamento":"SEM REDE","tx_rede_equipamento":"Sem descrição","cd_identificador_tipo_equipamento":0,"nm_tipo_equipamento":"SEM TIPO","tx_tipo_equipamento":"SEM TIPO","cd_identificador_classe_equipamento":5,"nm_classe_equipamento":"POLICIA MILITAR","tx_classe_equipamento":"POLICIA MILITAR","cd_identificador_esfera_administrativa_equipamento":0,"nm_esfera_administrativa_equipamento":"SEM ESFERA","tx_esfera_administrativa_equipamento":"Sem descrição","cd_equipamento":null,"nm_equipamento":"Cia Tatica do 01º BPM/M -","tx_endereco_equipamento":"R GERALDO FRAGA DE OLIVEIRA, 270","nm_bairro_equipamento":"JD SÃO LUIS","cd_cep_equipamento":"05843000","tx_horario_funcionamento":null,"tx_numero_telefone":null,"cd_equipamento_base_origem":null}},{"type":"Feature","id":"equipamento_policia_militar_v2.150330","geometry":{"type":"Point","coordinates":[328403.6913,7379656.5219]},"geometry_name":"ge_ponto","properties":{"cd_identificador":150330,"cd_identificador_tema_equipamento":7,"nm_tema_equipamento":"SEGURANCA","cd_identificador_rede_equipamento":0,"nm_rede_equipamento":"SEM REDE","tx_rede_equipamento":"Sem descrição","cd_identificador_tipo_equipamento":0,"nm_tipo_equipamento":"SEM TIPO","tx_tipo_equipamento":"SEM TIPO","cd_identificador_classe_equipamento":5,"nm_classe_equipamento":"POLICIA MILITAR","tx_classe_equipamento":"POLICIA MILITAR","cd_identificador_esfera_administrativa_equipamento":0,"nm_esfera_administrativa_equipamento":"SEM ESFERA","tx_esfera_administrativa_equipamento":"Sem descrição","cd_equipamento":null,"nm_equipamento":"22º BPM/M","tx_endereco_equipamento":"R DOUTOR PAULO AIRES NETO, 110","nm_bairro_equipamento":"CAMPO GRANDE","cd_cep_equipamento":"04663050","tx_horario_funcionamento":null,"tx_numero_telefone":null,"cd_equipamento_base_origem":null}},{"type":"Feature","id":"equipamento_policia_militar_v2.150331","geometry":{"type":"Point","coordinates":[327875.562,7379282.2314]},"geometry_name":"ge_ponto","properties":{"cd_identificador":150331,"cd_identificador_tema_equipamento":7,"nm_tema_equipamento":"SEGURANCA","cd_identificador_rede_equipamento":0,"nm_rede_equipamento":"SEM REDE","tx_rede_equipamento":"Sem descrição","cd_identificador_tipo_equipamento":0,"nm_tipo_equipamento":"SEM TIPO","tx_tipo_equipamento":"SEM TIPO","cd_identificador_classe_equipamento":5,"nm_classe_equipamento":"POLICIA MILITAR","tx_classe_equipamento":"POLICIA MILITAR","cd_identificador_esfera_administrativa_equipamento":0,"nm_esfera_administrativa_equipamento":"SEM ESFERA","tx_esfera_administrativa_equipamento":"Sem descrição","cd_equipamento":null,"nm_equipamento":"1 Cia do 22º BPM/M -","tx_endereco_equipamento":"R MIGUEL YUNES, 581","nm_bairro_equipamento":"CAMPO GRANDE","cd_cep_equipamento":"04444000","tx_horario_funcionamento":null,"tx_numero_telefone":null,"cd_equipamento_base_origem":null}},{"type":"Feature","id":"equipamento_policia_militar_v2.150332","geometry":{"type":"Point","coordinates":[333314.4257,7379841.1388]},"geometry_name":"ge_ponto","properties":{"cd_identificador":150332,"cd_identificador_tema_equipamento":7,"nm_tema_equipamento":"SEGURANCA","cd_identificador_rede_equipamento":0,"nm_rede_equipamento":"SEM REDE","tx_rede_equipamento":"Sem descrição","cd_identificador_tipo_equipamento":0,"nm_tipo_equipamento":"SEM TIPO","tx_tipo_equipamento":"SEM TIPO","cd_identificador_classe_equipamento":5,"nm_classe_equipamento":"POLICIA MILITAR","tx_classe_equipamento":"POLICIA MILITAR","cd_identificador_esfera_administrativa_equipamento":0,"nm_esfera_administrativa_equipamento":"SEM ESFERA","tx_esfera_administrativa_equipamento":"Sem descrição","cd_equipamento":null,"nm_equipamento":"2 Cia do 22º BPM/M -","tx_endereco_equipamento":"AV CUPECÊ, 5934","nm_bairro_equipamento":"JD MIRIAM","cd_cep_equipamento":"04444010","tx_horario_funcionamento":null,"tx_numero_telefone":null,"cd_equipamento_base_origem":null}},{"type":"Feature","id":"equipamento_policia_militar_v2.150333","geometry":{"type":"Point","coordinates":[329744.7891,7382822.8871]},"geometry_name":"ge_ponto","properties":{"cd_identificador":150333,"cd_identificador_tema_equipamento":7,"nm_tema_equipamento":"SEGURANCA","cd_identificador_rede_equipamento":0,"nm_rede_equipamento":"SEM REDE","tx_rede_equipamento":"Sem descrição","cd_identificador_tipo_equipamento":0,"nm_tipo_equipamento":"SEM TIPO","tx_tipo_equipamento":"SEM TIPO","cd_identificador_classe_equipamento":5,"nm_classe_equipamento":"POLICIA MILITAR","tx_classe_equipamento":"POLICIA MILITAR","cd_identificador_esfera_administrativa_equipamento":0,"nm_esfera_administrativa_equipamento":"SEM ESFERA","tx_esfera_administrativa_equipamento":"Sem descrição","cd_equipamento":null,"nm_equipamento":"3 Cia do 22º BPM/M -","tx_endereco_equipamento":"AV CORONEL FRANCISCO JULIO CESAR ALFIERI, 83","nm_bairro_equipamento":"CIDADE ADEMAR","cd_cep_equipamento":"04651000","tx_horario_funcionamento":null,"tx_numero_telefone":null,"cd_equipamento_base_origem":null}},{"type":"Feature","id":"equipamento_policia_militar_v2.150334","geometry":{"type":"Point","coordinates":[329322.348,7378058.9331]},"geometry_name":"ge_ponto","properties":{"cd_identificador":150334,"cd_identificador_tema_equipamento":7,"nm_tema_equipamento":"SEGURANCA","cd_identificador_rede_equipamento":0,"nm_rede_equipamento":"SEM REDE","tx_rede_equipamento":"Sem descrição","cd_identificador_tipo_equipamento":0,"nm_tipo_equipamento":"SEM TIPO","tx_tipo_equipamento":"SEM TIPO","cd_identificador_classe_equipamento":5,"nm_classe_equipamento":"POLICIA MILITAR","tx_classe_equipamento":"POLICIA MILITAR","cd_identificador_esfera_administrativa_equipamento":0,"nm_esfera_administrativa_equipamento":"SEM ESFERA","tx_esfera_administrativa_equipamento":"Sem descrição","cd_equipamento":null,"nm_equipamento":"4 Cia do 22º BPM/M -","tx_endereco_equipamento":"AV NOSSA SENHORA DO SABARA, 5312","nm_bairro_equipamento":"CAMPO GRANDE","cd_cep_equipamento":"04447902","tx_horario_funcionamento":null,"tx_numero_telefone":null,"cd_equipamento_base_origem":null}},{"type":"Feature","id":"equipamento_policia_militar_v2.150335","geometry":{"type":"Point","coordinates":[329067.6765,7382340.3057]},"geometry_name":"ge_ponto","properties":{"cd_identificador":150335,"cd_identificador_tema_equipamento":7,"nm_tema_equipamento":"SEGURANCA","cd_identificador_rede_equipamento":0,"nm_rede_equipamento":"SEM REDE","tx_rede_equipamento":"Sem descrição","cd_identificador_tipo_equipamento":0,"nm_tipo_equipamento":"SEM TIPO","tx_tipo_equipamento":"SEM TIPO","cd_identificador_classe_equipamento":5,"nm_classe_equipamento":"POLICIA MILITAR","tx_classe_equipamento":"POLICIA MILITAR","cd_identificador_esfera_administrativa_equipamento":0,"nm_esfera_administrativa_equipamento":"SEM ESFERA","tx_esfera_administrativa_equipamento":"Sem descrição","cd_equipamento":null,"nm_equipamento":"Cia Tatica do 22º BPM/M -","tx_endereco_equipamento":"R MANUEL MURGUIA, 122","nm_bairro_equipamento":"VILA INGLESA","cd_cep_equipamento":"04444010","tx_horario_funcionamento":null,"tx_numero_telefone":null,"cd_equipamento_base_origem":null}},{"type":"Feature","id":"equipamento_policia_militar_v2.150336","geometry":{"type":"Point","coordinates":[327617.916,7373874.3645]},"geometry_name":"ge_ponto","properties":{"cd_identificador":150336,"cd_identificador_tema_equipamento":7,"nm_tema_equipamento":"SEGURANCA","cd_identificador_rede_equipamento":0,"nm_rede_equipamento":"SEM REDE","tx_rede_equipamento":"Sem descrição","cd_identificador_tipo_equipamento":0,"nm_tipo_equipamento":"SEM TIPO","tx_tipo_equipamento":"SEM TIPO","cd_identificador_classe_equipamento":5,"nm_classe_equipamento":"POLICIA MILITAR","tx_classe_equipamento":"POLICIA MILITAR","cd_identificador_esfera_administrativa_equipamento":0,"nm_esfera_administrativa_equipamento":"SEM ESFERA","tx_esfera_administrativa_equipamento":"Sem descrição","cd_equipamento":null,"nm_equipamento":"27º BPM/M","tx_endereco_equipamento":"R ROSALIA GRISI SANDOVAL, 270","nm_bairro_equipamento":"PQ AMERICA","cd_cep_equipamento":"04841060","tx_horario_funcionamento":null,"tx_numero_telefone":null,"cd_equipamento_base_origem":null}},{"type":"Feature","id":"equipamento_policia_militar_v2.150337","geometry":{"type":"Point","coordinates":[326305.2747,7373730.9539]},"geometry_name":"ge_ponto","properties":{"cd_identificador":150337,"cd_identificador_tema_equipamento":7,"nm_tema_equipamento":"SEGURANCA","cd_identificador_rede_equipamento":0,"nm_rede_equipamento":"SEM REDE","tx_rede_equipamento":"Sem descrição","cd_identificador_tipo_equipamento":0,"nm_tipo_equipamento":"SEM TIPO","tx_tipo_equipamento":"SEM TIPO","cd_identificador_classe_equipamento":5,"nm_classe_equipamento":"POLICIA MILITAR","tx_classe_equipamento":"POLICIA MILITAR","cd_identificador_esfera_administrativa_equipamento":0,"nm_esfera_administrativa_equipamento":"SEM ESFERA","tx_esfera_administrativa_equipamento":"Sem descrição","cd_equipamento":null,"nm_equipamento":"1 Cia do 27º BPM/M -","tx_endereco_equipamento":"R GIORGIO ALIONE, 23","nm_bairro_equipamento":"CIDADE DUTRA","cd_cep_equipamento":"04835280","tx_horario_funcionamento":null,"tx_numero_telefone":null,"cd_equipamento_base_origem":null}},{"type":"Feature","id":"equipamento_policia_militar_v2.150338","geometry":{"type":"Point","coordinates":[323561.4977,7363917.8825]},"geometry_name":"ge_ponto","properties":{"cd_identificador":150338,"cd_identificador_tema_equipamento":7,"nm_tema_equipamento":"SEGURANCA","cd_identificador_rede_equipamento":0,"nm_rede_equipamento":"SEM REDE","tx_rede_equipamento":"Sem descrição","cd_identificador_tipo_equipamento":0,"nm_tipo_equipamento":"SEM TIPO","tx_tipo_equipamento":"SEM TIPO","cd_identificador_classe_equipamento":5,"nm_classe_equipamento":"POLICIA MILITAR","tx_classe_equipamento":"POLICIA MILITAR","cd_identificador_esfera_administrativa_equipamento":0,"nm_esfera_administrativa_equipamento":"SEM ESFERA","tx_esfera_administrativa_equipamento":"Sem descrição","cd_equipamento":null,"nm_equipamento":"2 Cia do 27º BPM/M -","tx_endereco_equipamento":"R SADAMU INOUE, 6775","nm_bairro_equipamento":"PARELHEIROS","cd_cep_equipamento":"04883 025","tx_horario_funcionamento":null,"tx_numero_telefone":null,"cd_equipamento_base_origem":null}},{"type":"Feature","id":"equipamento_policia_militar_v2.150339","geometry":{"type":"Point","coordinates":[326556.2125,7377756.4011]},"geometry_name":"ge_ponto","properties":{"cd_identificador":150339,"cd_identificador_tema_equipamento":7,"nm_tema_equipamento":"SEGURANCA","cd_identificador_rede_equipamento":0,"nm_rede_equipamento":"SEM REDE","tx_rede_equipamento":"Sem descrição","cd_identificador_tipo_equipamento":0,"nm_tipo_equipamento":"SEM TIPO","tx_tipo_equipamento":"SEM TIPO","cd_identificador_classe_equipamento":5,"nm_classe_equipamento":"POLICIA MILITAR","tx_classe_equipamento":"POLICIA MILITAR","cd_identificador_esfera_administrativa_equipamento":0,"nm_esfera_administrativa_equipamento":"SEM ESFERA","tx_esfera_administrativa_equipamento":"Sem descrição","cd_equipamento":null,"nm_equipamento":"3 Cia do 27º BPM/M -","tx_endereco_equipamento":"AV SENADOR TEOTONIO VILELA, 37","nm_bairro_equipamento":"SOCORRO","cd_cep_equipamento":"04801010","tx_horario_funcionamento":null,"tx_numero_telefone":null,"cd_equipamento_base_origem":null}},{"type":"Feature","id":"equipamento_policia_militar_v2.150340","geometry":{"type":"Point","coordinates":[327805.4346,7375527.2465]},"geometry_name":"ge_ponto","properties":{"cd_identificador":150340,"cd_identificador_tema_equipamento":7,"nm_tema_equipamento":"SEGURANCA","cd_identificador_rede_equipamento":0,"nm_rede_equipamento":"SEM REDE","tx_rede_equipamento":"Sem descrição","cd_identificador_tipo_equipamento":0,"nm_tipo_equipamento":"SEM TIPO","tx_tipo_equipamento":"SEM TIPO","cd_identificador_classe_equipamento":5,"nm_classe_equipamento":"POLICIA MILITAR","tx_classe_equipamento":"POLICIA MILITAR","cd_identificador_esfera_administrativa_equipamento":0,"nm_esfera_administrativa_equipamento":"SEM ESFERA","tx_esfera_administrativa_equipamento":"Sem descrição","cd_equipamento":null,"nm_equipamento":"4 Cia do 27º BPM/M -","tx_endereco_equipamento":"R ELOI PONTES, 56","nm_bairro_equipamento":"JD COLONIAL","cd_cep_equipamento":"04821010","tx_horario_funcionamento":null,"tx_numero_telefone":null,"cd_equipamento_base_origem":null}},{"type":"Feature","id":"equipamento_policia_militar_v2.150341","geometry":{"type":"Point","coordinates":[325967.7942,7371675.6717]},"geometry_name":"ge_ponto","properties":{"cd_identificador":150341,"cd_identificador_tema_equipamento":7,"nm_tema_equipamento":"SEGURANCA","cd_identificador_rede_equipamento":0,"nm_rede_equipamento":"SEM REDE","tx_rede_equipamento":"Sem descrição","cd_identificador_tipo_equipamento":0,"nm_tipo_equipamento":"SEM TIPO","tx_tipo_equipamento":"SEM TIPO","cd_identificador_classe_equipamento":5,"nm_classe_equipamento":"POLICIA MILITAR","tx_classe_equipamento":"POLICIA MILITAR","cd_identificador_esfera_administrativa_equipamento":0,"nm_esfera_administrativa_equipamento":"SEM ESFERA","tx_esfera_administrativa_equipamento":"Sem descrição","cd_equipamento":null,"nm_equipamento":"5 Cia do 27º BPM/M -","tx_endereco_equipamento":"R SINFONIA ITALIANA, 8","nm_bairro_equipamento":"GRAJAU","cd_cep_equipamento":"04844610","tx_horario_funcionamento":null,"tx_numero_telefone":null,"cd_equipamento_base_origem":null}},{"type":"Feature","id":"equipamento_policia_militar_v2.150342","geometry":{"type":"Point","coordinates":[332875.2958,7388119.2712]},"geometry_name":"ge_ponto","properties":{"cd_identificador":150342,"cd_identificador_tema_equipamento":7,"nm_tema_equipamento":"SEGURANCA","cd_identificador_rede_equipamento":0,"nm_rede_equipamento":"SEM REDE","tx_rede_equipamento":"Sem descrição","cd_identificador_tipo_equipamento":0,"nm_tipo_equipamento":"SEM TIPO","tx_tipo_equipamento":"SEM TIPO","cd_identificador_classe_equipamento":5,"nm_classe_equipamento":"POLICIA MILITAR","tx_classe_equipamento":"POLICIA MILITAR","cd_identificador_esfera_administrativa_equipamento":0,"nm_esfera_administrativa_equipamento":"SEM ESFERA","tx_esfera_administrativa_equipamento":"Sem descrição","cd_equipamento":null,"nm_equipamento":"6 Cia do 27º BPM/M -","tx_endereco_equipamento":"R DAS ROSAS, 32","nm_bairro_equipamento":"SAUDE","cd_cep_equipamento":"01153000","tx_horario_funcionamento":null,"tx_numero_telefone":null,"cd_equipamento_base_origem":null}},{"type":"Feature","id":"equipamento_policia_militar_v2.150343","geometry":{"type":"Point","coordinates":[327617.916,7373874.3645]},"geometry_name":"ge_ponto","properties":{"cd_identificador":150343,"cd_identificador_tema_equipamento":7,"nm_tema_equipamento":"SEGURANCA","cd_identificador_rede_equipamento":0,"nm_rede_equipamento":"SEM REDE","tx_rede_equipamento":"Sem descrição","cd_identificador_tipo_equipamento":0,"nm_tipo_equipamento":"SEM TIPO","tx_tipo_equipamento":"SEM TIPO","cd_identificador_classe_equipamento":5,"nm_classe_equipamento":"POLICIA MILITAR","tx_classe_equipamento":"POLICIA MILITAR","cd_identificador_esfera_administrativa_equipamento":0,"nm_esfera_administrativa_equipamento":"SEM ESFERA","tx_esfera_administrativa_equipamento":"Sem descrição","cd_equipamento":null,"nm_equipamento":"Cia  Tatica do 27º BPM/M -","tx_endereco_equipamento":"R RUA ROSÁLIA GRISI SANDOVAL, 270","nm_bairro_equipamento":"PQ AMERICA","cd_cep_equipamento":"04841060","tx_horario_funcionamento":null,"tx_numero_telefone":null,"cd_equipamento_base_origem":null}},{"type":"Feature","id":"equipamento_policia_militar_v2.150344","geometry":{"type":"Point","coordinates":[318274.2911,7381905.601]},"geometry_name":"ge_ponto","properties":{"cd_identificador":150344,"cd_identificador_tema_equipamento":7,"nm_tema_equipamento":"SEGURANCA","cd_identificador_rede_equipamento":0,"nm_rede_equipamento":"SEM REDE","tx_rede_equipamento":"Sem descrição","cd_identificador_tipo_equipamento":0,"nm_tipo_equipamento":"SEM TIPO","tx_tipo_equipamento":"SEM TIPO","cd_identificador_classe_equipamento":5,"nm_classe_equipamento":"POLICIA MILITAR","tx_classe_equipamento":"POLICIA MILITAR","cd_identificador_esfera_administrativa_equipamento":0,"nm_esfera_administrativa_equipamento":"SEM ESFERA","tx_esfera_administrativa_equipamento":"Sem descrição","cd_equipamento":null,"nm_equipamento":"37º BPM/M","tx_endereco_equipamento":"ESTRADA DE ITAPECERICA, 5660","nm_bairro_equipamento":"JD ALVORADA","cd_cep_equipamento":"05858000","tx_horario_funcionamento":null,"tx_numero_telefone":null,"cd_equipamento_base_origem":null}},{"type":"Feature","id":"equipamento_policia_militar_v2.150345","geometry":{"type":"Point","coordinates":[319183.0775,7379015.9047]},"geometry_name":"ge_ponto","properties":{"cd_identificador":150345,"cd_identificador_tema_equipamento":7,"nm_tema_equipamento":"SEGURANCA","cd_identificador_rede_equipamento":0,"nm_rede_equipamento":"SEM REDE","tx_rede_equipamento":"Sem descrição","cd_identificador_tipo_equipamento":0,"nm_tipo_equipamento":"SEM TIPO","tx_tipo_equipamento":"SEM TIPO","cd_identificador_classe_equipamento":5,"nm_classe_equipamento":"POLICIA MILITAR","tx_classe_equipamento":"POLICIA MILITAR","cd_identificador_esfera_administrativa_equipamento":0,"nm_esfera_administrativa_equipamento":"SEM ESFERA","tx_esfera_administrativa_equipamento":"Sem descrição","cd_equipamento":null,"nm_equipamento":"1 Cia do 37º BPM/M -","tx_endereco_equipamento":"ESTRADA M´BOI MIRIM, 4881","nm_bairro_equipamento":"COPACABANA","cd_cep_equipamento":"04948030","tx_horario_funcionamento":null,"tx_numero_telefone":null,"cd_equipamento_base_origem":null}},{"type":"Feature","id":"equipamento_policia_militar_v2.150346","geometry":{"type":"Point","coordinates":[319627.7225,7376128.9278]},"geometry_name":"ge_ponto","properties":{"cd_identificador":150346,"cd_identificador_tema_equipamento":7,"nm_tema_equipamento":"SEGURANCA","cd_identificador_rede_equipamento":0,"nm_rede_equipamento":"SEM REDE","tx_rede_equipamento":"Sem descrição","cd_identificador_tipo_equipamento":0,"nm_tipo_equipamento":"SEM TIPO","tx_tipo_equipamento":"SEM TIPO","cd_identificador_classe_equipamento":5,"nm_classe_equipamento":"POLICIA MILITAR","tx_classe_equipamento":"POLICIA MILITAR","cd_identificador_esfera_administrativa_equipamento":0,"nm_esfera_administrativa_equipamento":"SEM ESFERA","tx_esfera_administrativa_equipamento":"Sem descrição","cd_equipamento":null,"nm_equipamento":"2 Cia do 37º BPM/M -","tx_endereco_equipamento":"ESTRADA CUMBICA, 5005","nm_bairro_equipamento":"JARDIM ARACATI","cd_cep_equipamento":"04947000","tx_horario_funcionamento":null,"tx_numero_telefone":null,"cd_equipamento_base_origem":null}},{"type":"Feature","id":"equipamento_policia_militar_v2.150347","geometry":{"type":"Point","coordinates":[318101.0041,7381707.2528]},"geometry_name":"ge_ponto","properties":{"cd_identificador":150347,"cd_identificador_tema_equipamento":7,"nm_tema_equipamento":"SEGURANCA","cd_identificador_rede_equipamento":0,"nm_rede_equipamento":"SEM REDE","tx_rede_equipamento":"Sem descrição","cd_identificador_tipo_equipamento":0,"nm_tipo_equipamento":"SEM TIPO","tx_tipo_equipamento":"SEM TIPO","cd_identificador_classe_equipamento":5,"nm_classe_equipamento":"POLICIA MILITAR","tx_classe_equipamento":"POLICIA MILITAR","cd_identificador_esfera_administrativa_equipamento":0,"nm_esfera_administrativa_equipamento":"SEM ESFERA","tx_esfera_administrativa_equipamento":"Sem descrição","cd_equipamento":null,"nm_equipamento":"3 Cia do 37º BPM/M -","tx_endereco_equipamento":"R PASTOR JERONIMO GRANERO GARCIA, 11","nm_bairro_equipamento":"JD ALVORADA","cd_cep_equipamento":"05890140","tx_horario_funcionamento":null,"tx_numero_telefone":null,"cd_equipamento_base_origem":null}},{"type":"Feature","id":"equipamento_policia_militar_v2.150348","geometry":{"type":"Point","coordinates":[319655.2847,7382225.082]},"geometry_name":"ge_ponto","properties":{"cd_identificador":150348,"cd_identificador_tema_equipamento":7,"nm_tema_equipamento":"SEGURANCA","cd_identificador_rede_equipamento":0,"nm_rede_equipamento":"SEM REDE","tx_rede_equipamento":"Sem descrição","cd_identificador_tipo_equipamento":0,"nm_tipo_equipamento":"SEM TIPO","tx_tipo_equipamento":"SEM TIPO","cd_identificador_classe_equipamento":5,"nm_classe_equipamento":"POLICIA MILITAR","tx_classe_equipamento":"POLICIA MILITAR","cd_identificador_esfera_administrativa_equipamento":0,"nm_esfera_administrativa_equipamento":"SEM ESFERA","tx_esfera_administrativa_equipamento":"Sem descrição","cd_equipamento":null,"nm_equipamento":"4 Cia do 37º BPM/M -","tx_endereco_equipamento":"ESTRADA ITAPECERICA, 4157","nm_bairro_equipamento":"INTERIOR METRO CAPÃO REDONDO","cd_cep_equipamento":"05858000","tx_horario_funcionamento":null,"tx_numero_telefone":null,"cd_equipamento_base_origem":null}},{"type":"Feature","id":"equipamento_policia_militar_v2.150349","geometry":{"type":"Point","coordinates":[318297.1439,7381946.492]},"geometry_name":"ge_ponto","properties":{"cd_identificador":150349,"cd_identificador_tema_equipamento":7,"nm_tema_equipamento":"SEGURANCA","cd_identificador_rede_equipamento":0,"nm_rede_equipamento":"SEM REDE","tx_rede_equipamento":"Sem descrição","cd_identificador_tipo_equipamento":0,"nm_tipo_equipamento":"SEM TIPO","tx_tipo_equipamento":"SEM TIPO","cd_identificador_classe_equipamento":5,"nm_classe_equipamento":"POLICIA MILITAR","tx_classe_equipamento":"POLICIA MILITAR","cd_identificador_esfera_administrativa_equipamento":0,"nm_esfera_administrativa_equipamento":"SEM ESFERA","tx_esfera_administrativa_equipamento":"Sem descrição","cd_equipamento":null,"nm_equipamento":"Cia Tatica do 37º BPM/M -","tx_endereco_equipamento":"ESTRADA DE ITAPECERICA, 5650","nm_bairro_equipamento":"JD ALVORADA","cd_cep_equipamento":"05835000","tx_horario_funcionamento":null,"tx_numero_telefone":null,"cd_equipamento_base_origem":null}},{"type":"Feature","id":"equipamento_policia_militar_v2.150350","geometry":{"type":"Point","coordinates":[339747.0057,7396773.4304]},"geometry_name":"ge_ponto","properties":{"cd_identificador":150350,"cd_identificador_tema_equipamento":7,"nm_tema_equipamento":"SEGURANCA","cd_identificador_rede_equipamento":0,"nm_rede_equipamento":"SEM REDE","tx_rede_equipamento":"Sem descrição","cd_identificador_tipo_equipamento":0,"nm_tipo_equipamento":"SEM TIPO","tx_tipo_equipamento":"SEM TIPO","cd_identificador_classe_equipamento":5,"nm_classe_equipamento":"POLICIA MILITAR","tx_classe_equipamento":"POLICIA MILITAR","cd_identificador_esfera_administrativa_equipamento":0,"nm_esfera_administrativa_equipamento":"SEM ESFERA","tx_esfera_administrativa_equipamento":"Sem descrição","cd_equipamento":null,"nm_equipamento":"CPA/M11","tx_endereco_equipamento":"R SÃO FELIPE, 381","nm_bairro_equipamento":"TATUAPÉ","cd_cep_equipamento":"03085010","tx_horario_funcionamento":null,"tx_numero_telefone":null,"cd_equipamento_base_origem":null}},{"type":"Feature","id":"equipamento_policia_militar_v2.150351","geometry":{"type":"Point","coordinates":[340035.8982,7396164.8008]},"geometry_name":"ge_ponto","properties":{"cd_identificador":150351,"cd_identificador_tema_equipamento":7,"nm_tema_equipamento":"SEGURANCA","cd_identificador_rede_equipamento":0,"nm_rede_equipamento":"SEM REDE","tx_rede_equipamento":"Sem descrição","cd_identificador_tipo_equipamento":0,"nm_tipo_equipamento":"SEM TIPO","tx_tipo_equipamento":"SEM TIPO","cd_identificador_classe_equipamento":5,"nm_classe_equipamento":"POLICIA MILITAR","tx_classe_equipamento":"POLICIA MILITAR","cd_identificador_esfera_administrativa_equipamento":0,"nm_esfera_administrativa_equipamento":"SEM ESFERA","tx_esfera_administrativa_equipamento":"Sem descrição","cd_equipamento":null,"nm_equipamento":"8º BPM/M","tx_endereco_equipamento":"R VILELA, 307","nm_bairro_equipamento":"TATUAPÉ","cd_cep_equipamento":"03068000","tx_horario_funcionamento":null,"tx_numero_telefone":null,"cd_equipamento_base_origem":null}},{"type":"Feature","id":"equipamento_policia_militar_v2.150352","geometry":{"type":"Point","coordinates":[339982.7865,7394723.9959]},"geometry_name":"ge_ponto","properties":{"cd_identificador":150352,"cd_identificador_tema_equipamento":7,"nm_tema_equipamento":"SEGURANCA","cd_identificador_rede_equipamento":0,"nm_rede_equipamento":"SEM REDE","tx_rede_equipamento":"Sem descrição","cd_identificador_tipo_equipamento":0,"nm_tipo_equipamento":"SEM TIPO","tx_tipo_equipamento":"SEM TIPO","cd_identificador_classe_equipamento":5,"nm_classe_equipamento":"POLICIA MILITAR","tx_classe_equipamento":"POLICIA MILITAR","cd_identificador_esfera_administrativa_equipamento":0,"nm_esfera_administrativa_equipamento":"SEM ESFERA","tx_esfera_administrativa_equipamento":"Sem descrição","cd_equipamento":null,"nm_equipamento":"1 Cia do 08º BPM/M -","tx_endereco_equipamento":"R ANTONIO DE CAMARDO, 69","nm_bairro_equipamento":"VILA GOMES CARDIM","cd_cep_equipamento":"03087010","tx_horario_funcionamento":null,"tx_numero_telefone":null,"cd_equipamento_base_origem":null}},{"type":"Feature","id":"equipamento_policia_militar_v2.150353","geometry":{"type":"Point","coordinates":[343115.0672,7394859.2131]},"geometry_name":"ge_ponto","properties":{"cd_identificador":150353,"cd_identificador_tema_equipamento":7,"nm_tema_equipamento":"SEGURANCA","cd_identificador_rede_equipamento":0,"nm_rede_equipamento":"SEM REDE","tx_rede_equipamento":"Sem descrição","cd_identificador_tipo_equipamento":0,"nm_tipo_equipamento":"SEM TIPO","tx_tipo_equipamento":"SEM TIPO","cd_identificador_classe_equipamento":5,"nm_classe_equipamento":"POLICIA MILITAR","tx_classe_equipamento":"POLICIA MILITAR","cd_identificador_esfera_administrativa_equipamento":0,"nm_esfera_administrativa_equipamento":"SEM ESFERA","tx_esfera_administrativa_equipamento":"Sem descrição","cd_equipamento":null,"nm_equipamento":"2 Cia do 08º BPM/M -","tx_endereco_equipamento":"AV CONSELHEIRO CARRÃO, 2582","nm_bairro_equipamento":"CARRÃO","cd_cep_equipamento":"03402002","tx_horario_funcionamento":null,"tx_numero_telefone":null,"cd_equipamento_base_origem":null}},{"type":"Feature","id":"equipamento_policia_militar_v2.150354","geometry":{"type":"Point","coordinates":[344179.4928,7396016.6386]},"geometry_name":"ge_ponto","properties":{"cd_identificador":150354,"cd_identificador_tema_equipamento":7,"nm_tema_equipamento":"SEGURANCA","cd_identificador_rede_equipamento":0,"nm_rede_equipamento":"SEM REDE","tx_rede_equipamento":"Sem descrição","cd_identificador_tipo_equipamento":0,"nm_tipo_equipamento":"SEM TIPO","tx_tipo_equipamento":"SEM TIPO","cd_identificador_classe_equipamento":5,"nm_classe_equipamento":"POLICIA MILITAR","tx_classe_equipamento":"POLICIA MILITAR","cd_identificador_esfera_administrativa_equipamento":0,"nm_esfera_administrativa_equipamento":"SEM ESFERA","tx_esfera_administrativa_equipamento":"Sem descrição","cd_equipamento":null,"nm_equipamento":"3 Cia do 08º BPM/M -","tx_endereco_equipamento":"R DOUTOR PELAGIO MARQUES, 2582","nm_bairro_equipamento":"VILA MATILDE","cd_cep_equipamento":"03512010","tx_horario_funcionamento":null,"tx_numero_telefone":null,"cd_equipamento_base_origem":null}},{"type":"Feature","id":"equipamento_policia_militar_v2.150355","geometry":{"type":"Point","coordinates":[342348.9146,7392669.9854]},"geometry_name":"ge_ponto","properties":{"cd_identificador":150355,"cd_identificador_tema_equipamento":7,"nm_tema_equipamento":"SEGURANCA","cd_identificador_rede_equipamento":0,"nm_rede_equipamento":"SEM REDE","tx_rede_equipamento":"Sem descrição","cd_identificador_tipo_equipamento":0,"nm_tipo_equipamento":"SEM TIPO","tx_tipo_equipamento":"SEM TIPO","cd_identificador_classe_equipamento":5,"nm_classe_equipamento":"POLICIA MILITAR","tx_classe_equipamento":"POLICIA MILITAR","cd_identificador_esfera_administrativa_equipamento":0,"nm_esfera_administrativa_equipamento":"SEM ESFERA","tx_esfera_administrativa_equipamento":"Sem descrição","cd_equipamento":null,"nm_equipamento":"4 Cia do 08º BPM/M -","tx_endereco_equipamento":"R SAIGON, 201","nm_bairro_equipamento":"VILA FORMOSA","cd_cep_equipamento":"03360010","tx_horario_funcionamento":null,"tx_numero_telefone":null,"cd_equipamento_base_origem":null}},{"type":"Feature","id":"equipamento_policia_militar_v2.150356","geometry":{"type":"Point","coordinates":[339890.5102,7396623.6948]},"geometry_name":"ge_ponto","properties":{"cd_identificador":150356,"cd_identificador_tema_equipamento":7,"nm_tema_equipamento":"SEGURANCA","cd_identificador_rede_equipamento":0,"nm_rede_equipamento":"SEM REDE","tx_rede_equipamento":"Sem descrição","cd_identificador_tipo_equipamento":0,"nm_tipo_equipamento":"SEM TIPO","tx_tipo_equipamento":"SEM TIPO","cd_identificador_classe_equipamento":5,"nm_classe_equipamento":"POLICIA MILITAR","tx_classe_equipamento":"POLICIA MILITAR","cd_identificador_esfera_administrativa_equipamento":0,"nm_esfera_administrativa_equipamento":"SEM ESFERA","tx_esfera_administrativa_equipamento":"Sem descrição","cd_equipamento":null,"nm_equipamento":"5 Cia do 08º BPM/M -","tx_endereco_equipamento":"R JOSÉ TAVARES DE SIQUEIRA, 179","nm_bairro_equipamento":"PARQUE SÃO JORGE","cd_cep_equipamento":"03085030","tx_horario_funcionamento":null,"tx_numero_telefone":null,"cd_equipamento_base_origem":null}},{"type":"Feature","id":"equipamento_policia_militar_v2.150357","geometry":{"type":"Point","coordinates":[341352.6207,7397079.3871]},"geometry_name":"ge_ponto","properties":{"cd_identificador":150357,"cd_identificador_tema_equipamento":7,"nm_tema_equipamento":"SEGURANCA","cd_identificador_rede_equipamento":0,"nm_rede_equipamento":"SEM REDE","tx_rede_equipamento":"Sem descrição","cd_identificador_tipo_equipamento":0,"nm_tipo_equipamento":"SEM TIPO","tx_tipo_equipamento":"SEM TIPO","cd_identificador_classe_equipamento":5,"nm_classe_equipamento":"POLICIA MILITAR","tx_classe_equipamento":"POLICIA MILITAR","cd_identificador_esfera_administrativa_equipamento":0,"nm_esfera_administrativa_equipamento":"SEM ESFERA","tx_esfera_administrativa_equipamento":"Sem descrição","cd_equipamento":null,"nm_equipamento":"6 Cia do 08º BPM/M -","tx_endereco_equipamento":"R AIRTON PRETINI, 69","nm_bairro_equipamento":"PENHA","cd_cep_equipamento":"03090000","tx_horario_funcionamento":null,"tx_numero_telefone":null,"cd_equipamento_base_origem":null}},{"type":"Feature","id":"equipamento_policia_militar_v2.150358","geometry":{"type":"Point","coordinates":[340035.8982,7396164.8008]},"geometry_name":"ge_ponto","properties":{"cd_identificador":150358,"cd_identificador_tema_equipamento":7,"nm_tema_equipamento":"SEGURANCA","cd_identificador_rede_equipamento":0,"nm_rede_equipamento":"SEM REDE","tx_rede_equipamento":"Sem descrição","cd_identificador_tipo_equipamento":0,"nm_tipo_equipamento":"SEM TIPO","tx_tipo_equipamento":"SEM TIPO","cd_identificador_classe_equipamento":5,"nm_classe_equipamento":"POLICIA MILITAR","tx_classe_equipamento":"POLICIA MILITAR","cd_identificador_esfera_administrativa_equipamento":0,"nm_esfera_administrativa_equipamento":"SEM ESFERA","tx_esfera_administrativa_equipamento":"Sem descrição","cd_equipamento":null,"nm_equipamento":"Cia Tatica do 08º BPM/M -","tx_endereco_equipamento":"R VILELA, 307","nm_bairro_equipamento":"TATUAPÉ","cd_cep_equipamento":"03068000","tx_horario_funcionamento":null,"tx_numero_telefone":null,"cd_equipamento_base_origem":null}},{"type":"Feature","id":"equipamento_policia_militar_v2.150359","geometry":{"type":"Point","coordinates":[337341.9558,7392569.6634]},"geometry_name":"ge_ponto","properties":{"cd_identificador":150359,"cd_identificador_tema_equipamento":7,"nm_tema_equipamento":"SEGURANCA","cd_identificador_rede_equipamento":0,"nm_rede_equipamento":"SEM REDE","tx_rede_equipamento":"Sem descrição","cd_identificador_tipo_equipamento":0,"nm_tipo_equipamento":"SEM TIPO","tx_tipo_equipamento":"SEM TIPO","cd_identificador_classe_equipamento":5,"nm_classe_equipamento":"POLICIA MILITAR","tx_classe_equipamento":"POLICIA MILITAR","cd_identificador_esfera_administrativa_equipamento":0,"nm_esfera_administrativa_equipamento":"SEM ESFERA","tx_esfera_administrativa_equipamento":"Sem descrição","cd_equipamento":null,"nm_equipamento":"21º BPM/M","tx_endereco_equipamento":"R CELSO DE AZEVEDO MARQUES, 454","nm_bairro_equipamento":"MOOCA","cd_cep_equipamento":"03122010","tx_horario_funcionamento":null,"tx_numero_telefone":null,"cd_equipamento_base_origem":null}},{"type":"Feature","id":"equipamento_policia_militar_v2.150360","geometry":{"type":"Point","coordinates":[337553.5204,7392400.5626]},"geometry_name":"ge_ponto","properties":{"cd_identificador":150360,"cd_identificador_tema_equipamento":7,"nm_tema_equipamento":"SEGURANCA","cd_identificador_rede_equipamento":0,"nm_rede_equipamento":"SEM REDE","tx_rede_equipamento":"Sem descrição","cd_identificador_tipo_equipamento":0,"nm_tipo_equipamento":"SEM TIPO","tx_tipo_equipamento":"SEM TIPO","cd_identificador_classe_equipamento":5,"nm_classe_equipamento":"POLICIA MILITAR","tx_classe_equipamento":"POLICIA MILITAR","cd_identificador_esfera_administrativa_equipamento":0,"nm_esfera_administrativa_equipamento":"SEM ESFERA","tx_esfera_administrativa_equipamento":"Sem descrição","cd_equipamento":null,"nm_equipamento":"1 Cia do 21º BPM/M -","tx_endereco_equipamento":"R PROFESSOR JACOB PENTEADO, 129","nm_bairro_equipamento":"MOOCA","cd_cep_equipamento":"03123140","tx_horario_funcionamento":null,"tx_numero_telefone":null,"cd_equipamento_base_origem":null}},{"type":"Feature","id":"equipamento_policia_militar_v2.150361","geometry":{"type":"Point","coordinates":[341058.1004,7392151.0611]},"geometry_name":"ge_ponto","properties":{"cd_identificador":150361,"cd_identificador_tema_equipamento":7,"nm_tema_equipamento":"SEGURANCA","cd_identificador_rede_equipamento":0,"nm_rede_equipamento":"SEM REDE","tx_rede_equipamento":"Sem descrição","cd_identificador_tipo_equipamento":0,"nm_tipo_equipamento":"SEM TIPO","tx_tipo_equipamento":"SEM TIPO","cd_identificador_classe_equipamento":5,"nm_classe_equipamento":"POLICIA MILITAR","tx_classe_equipamento":"POLICIA MILITAR","cd_identificador_esfera_administrativa_equipamento":0,"nm_esfera_administrativa_equipamento":"SEM ESFERA","tx_esfera_administrativa_equipamento":"Sem descrição","cd_equipamento":null,"nm_equipamento":"2 Cia do 21º BPM/M -","tx_endereco_equipamento":"R ARMANDO DIAS, 75","nm_bairro_equipamento":"AGUA RASA","cd_cep_equipamento":"03372020","tx_horario_funcionamento":null,"tx_numero_telefone":null,"cd_equipamento_base_origem":null}},{"type":"Feature","id":"equipamento_policia_militar_v2.150362","geometry":{"type":"Point","coordinates":[342046.3678,7391588.263]},"geometry_name":"ge_ponto","properties":{"cd_identificador":150362,"cd_identificador_tema_equipamento":7,"nm_tema_equipamento":"SEGURANCA","cd_identificador_rede_equipamento":0,"nm_rede_equipamento":"SEM REDE","tx_rede_equipamento":"Sem descrição","cd_identificador_tipo_equipamento":0,"nm_tipo_equipamento":"SEM TIPO","tx_tipo_equipamento":"SEM TIPO","cd_identificador_classe_equipamento":5,"nm_classe_equipamento":"POLICIA MILITAR","tx_classe_equipamento":"POLICIA MILITAR","cd_identificador_esfera_administrativa_equipamento":0,"nm_esfera_administrativa_equipamento":"SEM ESFERA","tx_esfera_administrativa_equipamento":"Sem descrição","cd_equipamento":null,"nm_equipamento":"3 Cia do 21º BPM/M -","tx_endereco_equipamento":"R BUCUITUBA, 952","nm_bairro_equipamento":"VILA FORMOSA","cd_cep_equipamento":"03276010","tx_horario_funcionamento":null,"tx_numero_telefone":null,"cd_equipamento_base_origem":null}},{"type":"Feature","id":"equipamento_policia_militar_v2.150363","geometry":{"type":"Point","coordinates":[338437.7762,7390623.6042]},"geometry_name":"ge_ponto","properties":{"cd_identificador":150363,"cd_identificador_tema_equipamento":7,"nm_tema_equipamento":"SEGURANCA","cd_identificador_rede_equipamento":0,"nm_rede_equipamento":"SEM REDE","tx_rede_equipamento":"Sem descrição","cd_identificador_tipo_equipamento":0,"nm_tipo_equipamento":"SEM TIPO","tx_tipo_equipamento":"SEM TIPO","cd_identificador_classe_equipamento":5,"nm_classe_equipamento":"POLICIA MILITAR","tx_classe_equipamento":"POLICIA MILITAR","cd_identificador_esfera_administrativa_equipamento":0,"nm_esfera_administrativa_equipamento":"SEM ESFERA","tx_esfera_administrativa_equipamento":"Sem descrição","cd_equipamento":null,"nm_equipamento":"4 Cia do 21º BPM/M -","tx_endereco_equipamento":"R RUA JOSÉ DOS REIS, 151","nm_bairro_equipamento":"VILA PRUDENTE","cd_cep_equipamento":"03139040","tx_horario_funcionamento":null,"tx_numero_telefone":null,"cd_equipamento_base_origem":null}},{"type":"Feature","id":"equipamento_policia_militar_v2.150364","geometry":{"type":"Point","coordinates":[338857.5337,7393869.7392]},"geometry_name":"ge_ponto","properties":{"cd_identificador":150364,"cd_identificador_tema_equipamento":7,"nm_tema_equipamento":"SEGURANCA","cd_identificador_rede_equipamento":0,"nm_rede_equipamento":"SEM REDE","tx_rede_equipamento":"Sem descrição","cd_identificador_tipo_equipamento":0,"nm_tipo_equipamento":"SEM TIPO","tx_tipo_equipamento":"SEM TIPO","cd_identificador_classe_equipamento":5,"nm_classe_equipamento":"POLICIA MILITAR","tx_classe_equipamento":"POLICIA MILITAR","cd_identificador_esfera_administrativa_equipamento":0,"nm_esfera_administrativa_equipamento":"SEM ESFERA","tx_esfera_administrativa_equipamento":"Sem descrição","cd_equipamento":null,"nm_equipamento":"5 Cia do 21º BPM/M -","tx_endereco_equipamento":"R MAJOR BASÍLIO, 774","nm_bairro_equipamento":"MOOCA","cd_cep_equipamento":"03181010","tx_horario_funcionamento":null,"tx_numero_telefone":null,"cd_equipamento_base_origem":null}},{"type":"Feature","id":"equipamento_policia_militar_v2.150365","geometry":{"type":"Point","coordinates":[342348.9146,7392669.9854]},"geometry_name":"ge_ponto","properties":{"cd_identificador":150365,"cd_identificador_tema_equipamento":7,"nm_tema_equipamento":"SEGURANCA","cd_identificador_rede_equipamento":0,"nm_rede_equipamento":"SEM REDE","tx_rede_equipamento":"Sem descrição","cd_identificador_tipo_equipamento":0,"nm_tipo_equipamento":"SEM TIPO","tx_tipo_equipamento":"SEM TIPO","cd_identificador_classe_equipamento":5,"nm_classe_equipamento":"POLICIA MILITAR","tx_classe_equipamento":"POLICIA MILITAR","cd_identificador_esfera_administrativa_equipamento":0,"nm_esfera_administrativa_equipamento":"SEM ESFERA","tx_esfera_administrativa_equipamento":"Sem descrição","cd_equipamento":null,"nm_equipamento":"6 Cia do 21º BPM/M -","tx_endereco_equipamento":"R RUA SAIGON, 201","nm_bairro_equipamento":"VILA FORMOSA","cd_cep_equipamento":"03660010","tx_horario_funcionamento":null,"tx_numero_telefone":null,"cd_equipamento_base_origem":null}},{"type":"Feature","id":"equipamento_policia_militar_v2.150366","geometry":{"type":"Point","coordinates":[337341.9558,7392569.6634]},"geometry_name":"ge_ponto","properties":{"cd_identificador":150366,"cd_identificador_tema_equipamento":7,"nm_tema_equipamento":"SEGURANCA","cd_identificador_rede_equipamento":0,"nm_rede_equipamento":"SEM REDE","tx_rede_equipamento":"Sem descrição","cd_identificador_tipo_equipamento":0,"nm_tipo_equipamento":"SEM TIPO","tx_tipo_equipamento":"SEM TIPO","cd_identificador_classe_equipamento":5,"nm_classe_equipamento":"POLICIA MILITAR","tx_classe_equipamento":"POLICIA MILITAR","cd_identificador_esfera_administrativa_equipamento":0,"nm_esfera_administrativa_equipamento":"SEM ESFERA","tx_esfera_administrativa_equipamento":"Sem descrição","cd_equipamento":null,"nm_equipamento":"Cia  Tatica do 21º BPM/M -","tx_endereco_equipamento":"R CELSO DE AZEVEDO MARQUES, 454","nm_bairro_equipamento":"MOOCA","cd_cep_equipamento":"03122010","tx_horario_funcionamento":null,"tx_numero_telefone":null,"cd_equipamento_base_origem":null}}],"totalFeatures":159,"numberMatched":159,"numberReturned":159,"timeStamp":"2026-05-16T19:32:17.299Z","crs":{"type":"name","properties":{"name":"urn:ogc:def:crs:EPSG::31983"}}}