{"type":"FeatureCollection","features":[{"type":"Feature","id":"equipamento_cultura_teatro_cinema_show_v3.40548","geometry":{"type":"Point","coordinates":[324284.5,7393596.8]},"geometry_name":"ge_ponto","properties":{"cd_identificador":40548,"cd_identificador_tema_equipamento":3,"nm_tema_equipamento":"CULTURA","cd_identificador_rede_equipamento":0,"nm_rede_equipamento":"SEM REDE","tx_rede_equipamento":"Sem descrição","cd_identificador_tipo_equipamento":7,"nm_tipo_equipamento":"Salas de Cinema ","tx_tipo_equipamento":"Salas de Cinema e Assentos","cd_identificador_classe_equipamento":4,"nm_classe_equipamento":"TEATRO-CINEMA-SHOW","tx_classe_equipamento":"TEATRO-CINEMA-SHOW","cd_identificador_esfera_administrativa_equipamento":2,"nm_esfera_administrativa_equipamento":"Estadual","tx_esfera_administrativa_equipamento":"Entidade mantenedora: governo do estado","cd_equipamento":null,"nm_equipamento":"CINUSP PAULO EMÍLIO","tx_endereco_equipamento":"Rua Do Anfiteatro, 181","nm_bairro_equipamento":"","cd_cep_equipamento":"05508-060","tx_horario_funcionamento":null,"tx_numero_telefone":null,"cd_equipamento_base_origem":null}},{"type":"Feature","id":"equipamento_cultura_teatro_cinema_show_v3.40395","geometry":{"type":"Point","coordinates":[329042.4696,7390818.1939]},"geometry_name":"ge_ponto","properties":{"cd_identificador":40395,"cd_identificador_tema_equipamento":3,"nm_tema_equipamento":"CULTURA","cd_identificador_rede_equipamento":0,"nm_rede_equipamento":"SEM REDE","tx_rede_equipamento":"Sem descrição","cd_identificador_tipo_equipamento":7,"nm_tipo_equipamento":"Salas de Cinema ","tx_tipo_equipamento":"Salas de Cinema e Assentos","cd_identificador_classe_equipamento":4,"nm_classe_equipamento":"TEATRO-CINEMA-SHOW","tx_classe_equipamento":"TEATRO-CINEMA-SHOW","cd_identificador_esfera_administrativa_equipamento":4,"nm_esfera_administrativa_equipamento":"Particular","tx_esfera_administrativa_equipamento":"Entidade mantenedora: particular","cd_equipamento":null,"nm_equipamento":"KINOPLEX ITAIM - SALA 01","tx_endereco_equipamento":"Rua Joaquim Floriano, 462","nm_bairro_equipamento":"","cd_cep_equipamento":"04534-002","tx_horario_funcionamento":null,"tx_numero_telefone":null,"cd_equipamento_base_origem":null}},{"type":"Feature","id":"equipamento_cultura_teatro_cinema_show_v3.40396","geometry":{"type":"Point","coordinates":[329042.4696,7390818.1939]},"geometry_name":"ge_ponto","properties":{"cd_identificador":40396,"cd_identificador_tema_equipamento":3,"nm_tema_equipamento":"CULTURA","cd_identificador_rede_equipamento":0,"nm_rede_equipamento":"SEM REDE","tx_rede_equipamento":"Sem descrição","cd_identificador_tipo_equipamento":7,"nm_tipo_equipamento":"Salas de Cinema ","tx_tipo_equipamento":"Salas de Cinema e Assentos","cd_identificador_classe_equipamento":4,"nm_classe_equipamento":"TEATRO-CINEMA-SHOW","tx_classe_equipamento":"TEATRO-CINEMA-SHOW","cd_identificador_esfera_administrativa_equipamento":4,"nm_esfera_administrativa_equipamento":"Particular","tx_esfera_administrativa_equipamento":"Entidade mantenedora: particular","cd_equipamento":null,"nm_equipamento":"KINOPLEX ITAIM - SALA 02","tx_endereco_equipamento":"Rua Joaquim Floriano, 462","nm_bairro_equipamento":"","cd_cep_equipamento":"04534-002","tx_horario_funcionamento":null,"tx_numero_telefone":null,"cd_equipamento_base_origem":null}},{"type":"Feature","id":"equipamento_cultura_teatro_cinema_show_v3.40397","geometry":{"type":"Point","coordinates":[329042.4696,7390818.1939]},"geometry_name":"ge_ponto","properties":{"cd_identificador":40397,"cd_identificador_tema_equipamento":3,"nm_tema_equipamento":"CULTURA","cd_identificador_rede_equipamento":0,"nm_rede_equipamento":"SEM REDE","tx_rede_equipamento":"Sem descrição","cd_identificador_tipo_equipamento":7,"nm_tipo_equipamento":"Salas de Cinema ","tx_tipo_equipamento":"Salas de Cinema e Assentos","cd_identificador_classe_equipamento":4,"nm_classe_equipamento":"TEATRO-CINEMA-SHOW","tx_classe_equipamento":"TEATRO-CINEMA-SHOW","cd_identificador_esfera_administrativa_equipamento":4,"nm_esfera_administrativa_equipamento":"Particular","tx_esfera_administrativa_equipamento":"Entidade mantenedora: particular","cd_equipamento":null,"nm_equipamento":"KINOPLEX ITAIM - SALA 03 (PLATINUM)","tx_endereco_equipamento":"Rua Joaquim Floriano, 462","nm_bairro_equipamento":"","cd_cep_equipamento":"04534-002","tx_horario_funcionamento":null,"tx_numero_telefone":null,"cd_equipamento_base_origem":null}},{"type":"Feature","id":"equipamento_cultura_teatro_cinema_show_v3.40398","geometry":{"type":"Point","coordinates":[329042.4696,7390818.1939]},"geometry_name":"ge_ponto","properties":{"cd_identificador":40398,"cd_identificador_tema_equipamento":3,"nm_tema_equipamento":"CULTURA","cd_identificador_rede_equipamento":0,"nm_rede_equipamento":"SEM REDE","tx_rede_equipamento":"Sem descrição","cd_identificador_tipo_equipamento":7,"nm_tipo_equipamento":"Salas de Cinema ","tx_tipo_equipamento":"Salas de Cinema e Assentos","cd_identificador_classe_equipamento":4,"nm_classe_equipamento":"TEATRO-CINEMA-SHOW","tx_classe_equipamento":"TEATRO-CINEMA-SHOW","cd_identificador_esfera_administrativa_equipamento":4,"nm_esfera_administrativa_equipamento":"Particular","tx_esfera_administrativa_equipamento":"Entidade mantenedora: particular","cd_equipamento":null,"nm_equipamento":"KINOPLEX ITAIM - SALA 04 (PLATINUM)","tx_endereco_equipamento":"Rua Joaquim Floriano, 462","nm_bairro_equipamento":"","cd_cep_equipamento":"04534-002","tx_horario_funcionamento":null,"tx_numero_telefone":null,"cd_equipamento_base_origem":null}},{"type":"Feature","id":"equipamento_cultura_teatro_cinema_show_v3.40399","geometry":{"type":"Point","coordinates":[329042.4696,7390818.1939]},"geometry_name":"ge_ponto","properties":{"cd_identificador":40399,"cd_identificador_tema_equipamento":3,"nm_tema_equipamento":"CULTURA","cd_identificador_rede_equipamento":0,"nm_rede_equipamento":"SEM REDE","tx_rede_equipamento":"Sem descrição","cd_identificador_tipo_equipamento":7,"nm_tipo_equipamento":"Salas de Cinema ","tx_tipo_equipamento":"Salas de Cinema e Assentos","cd_identificador_classe_equipamento":4,"nm_classe_equipamento":"TEATRO-CINEMA-SHOW","tx_classe_equipamento":"TEATRO-CINEMA-SHOW","cd_identificador_esfera_administrativa_equipamento":4,"nm_esfera_administrativa_equipamento":"Particular","tx_esfera_administrativa_equipamento":"Entidade mantenedora: particular","cd_equipamento":null,"nm_equipamento":"KINOPLEX ITAIM - SALA 05","tx_endereco_equipamento":"Rua Joaquim Floriano, 462","nm_bairro_equipamento":"","cd_cep_equipamento":"04534-002","tx_horario_funcionamento":null,"tx_numero_telefone":null,"cd_equipamento_base_origem":null}},{"type":"Feature","id":"equipamento_cultura_teatro_cinema_show_v3.40400","geometry":{"type":"Point","coordinates":[329042.4696,7390818.1939]},"geometry_name":"ge_ponto","properties":{"cd_identificador":40400,"cd_identificador_tema_equipamento":3,"nm_tema_equipamento":"CULTURA","cd_identificador_rede_equipamento":0,"nm_rede_equipamento":"SEM REDE","tx_rede_equipamento":"Sem descrição","cd_identificador_tipo_equipamento":7,"nm_tipo_equipamento":"Salas de Cinema ","tx_tipo_equipamento":"Salas de Cinema e Assentos","cd_identificador_classe_equipamento":4,"nm_classe_equipamento":"TEATRO-CINEMA-SHOW","tx_classe_equipamento":"TEATRO-CINEMA-SHOW","cd_identificador_esfera_administrativa_equipamento":4,"nm_esfera_administrativa_equipamento":"Particular","tx_esfera_administrativa_equipamento":"Entidade mantenedora: particular","cd_equipamento":null,"nm_equipamento":"KINOPLEX ITAIM - SALA 06","tx_endereco_equipamento":"Rua Joaquim Floriano, 462","nm_bairro_equipamento":"","cd_cep_equipamento":"04534-002","tx_horario_funcionamento":null,"tx_numero_telefone":null,"cd_equipamento_base_origem":null}},{"type":"Feature","id":"equipamento_cultura_teatro_cinema_show_v3.40401","geometry":{"type":"Point","coordinates":[332951.2728,7389205.3963]},"geometry_name":"ge_ponto","properties":{"cd_identificador":40401,"cd_identificador_tema_equipamento":3,"nm_tema_equipamento":"CULTURA","cd_identificador_rede_equipamento":0,"nm_rede_equipamento":"SEM REDE","tx_rede_equipamento":"Sem descrição","cd_identificador_tipo_equipamento":7,"nm_tipo_equipamento":"Salas de Cinema ","tx_tipo_equipamento":"Salas de Cinema e Assentos","cd_identificador_classe_equipamento":4,"nm_classe_equipamento":"TEATRO-CINEMA-SHOW","tx_classe_equipamento":"TEATRO-CINEMA-SHOW","cd_identificador_esfera_administrativa_equipamento":4,"nm_esfera_administrativa_equipamento":"Particular","tx_esfera_administrativa_equipamento":"Entidade mantenedora: particular","cd_equipamento":null,"nm_equipamento":"CINEMARK SANTA CRUZ - SALA 01","tx_endereco_equipamento":"Rua Domingos De Moraes,, 2564","nm_bairro_equipamento":"","cd_cep_equipamento":"04036-100","tx_horario_funcionamento":null,"tx_numero_telefone":null,"cd_equipamento_base_origem":null}},{"type":"Feature","id":"equipamento_cultura_teatro_cinema_show_v3.40402","geometry":{"type":"Point","coordinates":[332951.2728,7389205.3963]},"geometry_name":"ge_ponto","properties":{"cd_identificador":40402,"cd_identificador_tema_equipamento":3,"nm_tema_equipamento":"CULTURA","cd_identificador_rede_equipamento":0,"nm_rede_equipamento":"SEM REDE","tx_rede_equipamento":"Sem descrição","cd_identificador_tipo_equipamento":7,"nm_tipo_equipamento":"Salas de Cinema ","tx_tipo_equipamento":"Salas de Cinema e Assentos","cd_identificador_classe_equipamento":4,"nm_classe_equipamento":"TEATRO-CINEMA-SHOW","tx_classe_equipamento":"TEATRO-CINEMA-SHOW","cd_identificador_esfera_administrativa_equipamento":4,"nm_esfera_administrativa_equipamento":"Particular","tx_esfera_administrativa_equipamento":"Entidade mantenedora: particular","cd_equipamento":null,"nm_equipamento":"CINEMARK SANTA CRUZ - SALA 02","tx_endereco_equipamento":"Rua Domingos De Moraes,, 2564","nm_bairro_equipamento":"","cd_cep_equipamento":"04036-100","tx_horario_funcionamento":null,"tx_numero_telefone":null,"cd_equipamento_base_origem":null}},{"type":"Feature","id":"equipamento_cultura_teatro_cinema_show_v3.40403","geometry":{"type":"Point","coordinates":[332951.2728,7389205.3963]},"geometry_name":"ge_ponto","properties":{"cd_identificador":40403,"cd_identificador_tema_equipamento":3,"nm_tema_equipamento":"CULTURA","cd_identificador_rede_equipamento":0,"nm_rede_equipamento":"SEM REDE","tx_rede_equipamento":"Sem descrição","cd_identificador_tipo_equipamento":7,"nm_tipo_equipamento":"Salas de Cinema ","tx_tipo_equipamento":"Salas de Cinema e Assentos","cd_identificador_classe_equipamento":4,"nm_classe_equipamento":"TEATRO-CINEMA-SHOW","tx_classe_equipamento":"TEATRO-CINEMA-SHOW","cd_identificador_esfera_administrativa_equipamento":4,"nm_esfera_administrativa_equipamento":"Particular","tx_esfera_administrativa_equipamento":"Entidade mantenedora: particular","cd_equipamento":null,"nm_equipamento":"CINEMARK SANTA CRUZ - SALA 03","tx_endereco_equipamento":"Rua Domingos De Moraes,, 2564","nm_bairro_equipamento":"","cd_cep_equipamento":"04036-100","tx_horario_funcionamento":null,"tx_numero_telefone":null,"cd_equipamento_base_origem":null}},{"type":"Feature","id":"equipamento_cultura_teatro_cinema_show_v3.40404","geometry":{"type":"Point","coordinates":[332951.2728,7389205.3963]},"geometry_name":"ge_ponto","properties":{"cd_identificador":40404,"cd_identificador_tema_equipamento":3,"nm_tema_equipamento":"CULTURA","cd_identificador_rede_equipamento":0,"nm_rede_equipamento":"SEM REDE","tx_rede_equipamento":"Sem descrição","cd_identificador_tipo_equipamento":7,"nm_tipo_equipamento":"Salas de Cinema ","tx_tipo_equipamento":"Salas de Cinema e Assentos","cd_identificador_classe_equipamento":4,"nm_classe_equipamento":"TEATRO-CINEMA-SHOW","tx_classe_equipamento":"TEATRO-CINEMA-SHOW","cd_identificador_esfera_administrativa_equipamento":4,"nm_esfera_administrativa_equipamento":"Particular","tx_esfera_administrativa_equipamento":"Entidade mantenedora: particular","cd_equipamento":null,"nm_equipamento":"CINEMARK SANTA CRUZ - SALA 04","tx_endereco_equipamento":"Rua Domingos De Moraes,, 2564","nm_bairro_equipamento":"","cd_cep_equipamento":"04036-100","tx_horario_funcionamento":null,"tx_numero_telefone":null,"cd_equipamento_base_origem":null}},{"type":"Feature","id":"equipamento_cultura_teatro_cinema_show_v3.40405","geometry":{"type":"Point","coordinates":[332951.2728,7389205.3963]},"geometry_name":"ge_ponto","properties":{"cd_identificador":40405,"cd_identificador_tema_equipamento":3,"nm_tema_equipamento":"CULTURA","cd_identificador_rede_equipamento":0,"nm_rede_equipamento":"SEM REDE","tx_rede_equipamento":"Sem descrição","cd_identificador_tipo_equipamento":7,"nm_tipo_equipamento":"Salas de Cinema ","tx_tipo_equipamento":"Salas de Cinema e Assentos","cd_identificador_classe_equipamento":4,"nm_classe_equipamento":"TEATRO-CINEMA-SHOW","tx_classe_equipamento":"TEATRO-CINEMA-SHOW","cd_identificador_esfera_administrativa_equipamento":4,"nm_esfera_administrativa_equipamento":"Particular","tx_esfera_administrativa_equipamento":"Entidade mantenedora: particular","cd_equipamento":null,"nm_equipamento":"CINEMARK SANTA CRUZ - SALA 05","tx_endereco_equipamento":"Rua Domingos De Moraes,, 2564","nm_bairro_equipamento":"","cd_cep_equipamento":"04036-100","tx_horario_funcionamento":null,"tx_numero_telefone":null,"cd_equipamento_base_origem":null}},{"type":"Feature","id":"equipamento_cultura_teatro_cinema_show_v3.40406","geometry":{"type":"Point","coordinates":[332951.2728,7389205.3963]},"geometry_name":"ge_ponto","properties":{"cd_identificador":40406,"cd_identificador_tema_equipamento":3,"nm_tema_equipamento":"CULTURA","cd_identificador_rede_equipamento":0,"nm_rede_equipamento":"SEM REDE","tx_rede_equipamento":"Sem descrição","cd_identificador_tipo_equipamento":7,"nm_tipo_equipamento":"Salas de Cinema ","tx_tipo_equipamento":"Salas de Cinema e Assentos","cd_identificador_classe_equipamento":4,"nm_classe_equipamento":"TEATRO-CINEMA-SHOW","tx_classe_equipamento":"TEATRO-CINEMA-SHOW","cd_identificador_esfera_administrativa_equipamento":4,"nm_esfera_administrativa_equipamento":"Particular","tx_esfera_administrativa_equipamento":"Entidade mantenedora: particular","cd_equipamento":null,"nm_equipamento":"CINEMARK SANTA CRUZ - SALA 06","tx_endereco_equipamento":"Rua Domingos De Moraes,, 2564","nm_bairro_equipamento":"","cd_cep_equipamento":"04036-100","tx_horario_funcionamento":null,"tx_numero_telefone":null,"cd_equipamento_base_origem":null}},{"type":"Feature","id":"equipamento_cultura_teatro_cinema_show_v3.40407","geometry":{"type":"Point","coordinates":[332951.2728,7389205.3963]},"geometry_name":"ge_ponto","properties":{"cd_identificador":40407,"cd_identificador_tema_equipamento":3,"nm_tema_equipamento":"CULTURA","cd_identificador_rede_equipamento":0,"nm_rede_equipamento":"SEM REDE","tx_rede_equipamento":"Sem descrição","cd_identificador_tipo_equipamento":7,"nm_tipo_equipamento":"Salas de Cinema ","tx_tipo_equipamento":"Salas de Cinema e Assentos","cd_identificador_classe_equipamento":4,"nm_classe_equipamento":"TEATRO-CINEMA-SHOW","tx_classe_equipamento":"TEATRO-CINEMA-SHOW","cd_identificador_esfera_administrativa_equipamento":4,"nm_esfera_administrativa_equipamento":"Particular","tx_esfera_administrativa_equipamento":"Entidade mantenedora: particular","cd_equipamento":null,"nm_equipamento":"CINEMARK SANTA CRUZ - SALA 07","tx_endereco_equipamento":"Rua Domingos De Moraes,, 2564","nm_bairro_equipamento":"","cd_cep_equipamento":"04036-100","tx_horario_funcionamento":null,"tx_numero_telefone":null,"cd_equipamento_base_origem":null}},{"type":"Feature","id":"equipamento_cultura_teatro_cinema_show_v3.40408","geometry":{"type":"Point","coordinates":[332951.2728,7389205.3963]},"geometry_name":"ge_ponto","properties":{"cd_identificador":40408,"cd_identificador_tema_equipamento":3,"nm_tema_equipamento":"CULTURA","cd_identificador_rede_equipamento":0,"nm_rede_equipamento":"SEM REDE","tx_rede_equipamento":"Sem descrição","cd_identificador_tipo_equipamento":7,"nm_tipo_equipamento":"Salas de Cinema ","tx_tipo_equipamento":"Salas de Cinema e Assentos","cd_identificador_classe_equipamento":4,"nm_classe_equipamento":"TEATRO-CINEMA-SHOW","tx_classe_equipamento":"TEATRO-CINEMA-SHOW","cd_identificador_esfera_administrativa_equipamento":4,"nm_esfera_administrativa_equipamento":"Particular","tx_esfera_administrativa_equipamento":"Entidade mantenedora: particular","cd_equipamento":null,"nm_equipamento":"CINEMARK SANTA CRUZ - SALA 08","tx_endereco_equipamento":"Rua Domingos De Moraes,, 2564","nm_bairro_equipamento":"","cd_cep_equipamento":"04036-100","tx_horario_funcionamento":null,"tx_numero_telefone":null,"cd_equipamento_base_origem":null}},{"type":"Feature","id":"equipamento_cultura_teatro_cinema_show_v3.40409","geometry":{"type":"Point","coordinates":[332951.2728,7389205.3963]},"geometry_name":"ge_ponto","properties":{"cd_identificador":40409,"cd_identificador_tema_equipamento":3,"nm_tema_equipamento":"CULTURA","cd_identificador_rede_equipamento":0,"nm_rede_equipamento":"SEM REDE","tx_rede_equipamento":"Sem descrição","cd_identificador_tipo_equipamento":7,"nm_tipo_equipamento":"Salas de Cinema ","tx_tipo_equipamento":"Salas de Cinema e Assentos","cd_identificador_classe_equipamento":4,"nm_classe_equipamento":"TEATRO-CINEMA-SHOW","tx_classe_equipamento":"TEATRO-CINEMA-SHOW","cd_identificador_esfera_administrativa_equipamento":4,"nm_esfera_administrativa_equipamento":"Particular","tx_esfera_administrativa_equipamento":"Entidade mantenedora: particular","cd_equipamento":null,"nm_equipamento":"CINEMARK SANTA CRUZ - SALA 10","tx_endereco_equipamento":"Rua Domingos De Moraes,, 2564","nm_bairro_equipamento":"","cd_cep_equipamento":"04036-100","tx_horario_funcionamento":null,"tx_numero_telefone":null,"cd_equipamento_base_origem":null}},{"type":"Feature","id":"equipamento_cultura_teatro_cinema_show_v3.40410","geometry":{"type":"Point","coordinates":[329056.9126,7380642.5585]},"geometry_name":"ge_ponto","properties":{"cd_identificador":40410,"cd_identificador_tema_equipamento":3,"nm_tema_equipamento":"CULTURA","cd_identificador_rede_equipamento":0,"nm_rede_equipamento":"SEM REDE","tx_rede_equipamento":"Sem descrição","cd_identificador_tipo_equipamento":7,"nm_tipo_equipamento":"Salas de Cinema ","tx_tipo_equipamento":"Salas de Cinema e Assentos","cd_identificador_classe_equipamento":4,"nm_classe_equipamento":"TEATRO-CINEMA-SHOW","tx_classe_equipamento":"TEATRO-CINEMA-SHOW","cd_identificador_esfera_administrativa_equipamento":4,"nm_esfera_administrativa_equipamento":"Particular","tx_esfera_administrativa_equipamento":"Entidade mantenedora: particular","cd_equipamento":null,"nm_equipamento":"CINEMARK INTERLAGOS - SALA 01","tx_endereco_equipamento":"Av. Interlagos, 2255","nm_bairro_equipamento":"","cd_cep_equipamento":"04661-200","tx_horario_funcionamento":null,"tx_numero_telefone":null,"cd_equipamento_base_origem":null}},{"type":"Feature","id":"equipamento_cultura_teatro_cinema_show_v3.40411","geometry":{"type":"Point","coordinates":[329056.9126,7380642.5585]},"geometry_name":"ge_ponto","properties":{"cd_identificador":40411,"cd_identificador_tema_equipamento":3,"nm_tema_equipamento":"CULTURA","cd_identificador_rede_equipamento":0,"nm_rede_equipamento":"SEM REDE","tx_rede_equipamento":"Sem descrição","cd_identificador_tipo_equipamento":7,"nm_tipo_equipamento":"Salas de Cinema ","tx_tipo_equipamento":"Salas de Cinema e Assentos","cd_identificador_classe_equipamento":4,"nm_classe_equipamento":"TEATRO-CINEMA-SHOW","tx_classe_equipamento":"TEATRO-CINEMA-SHOW","cd_identificador_esfera_administrativa_equipamento":4,"nm_esfera_administrativa_equipamento":"Particular","tx_esfera_administrativa_equipamento":"Entidade mantenedora: particular","cd_equipamento":null,"nm_equipamento":"CINEMARK INTERLAGOS - SALA 02","tx_endereco_equipamento":"Av. Interlagos, 2255","nm_bairro_equipamento":"","cd_cep_equipamento":"04661-200","tx_horario_funcionamento":null,"tx_numero_telefone":null,"cd_equipamento_base_origem":null}},{"type":"Feature","id":"equipamento_cultura_teatro_cinema_show_v3.40412","geometry":{"type":"Point","coordinates":[329056.9126,7380642.5585]},"geometry_name":"ge_ponto","properties":{"cd_identificador":40412,"cd_identificador_tema_equipamento":3,"nm_tema_equipamento":"CULTURA","cd_identificador_rede_equipamento":0,"nm_rede_equipamento":"SEM REDE","tx_rede_equipamento":"Sem descrição","cd_identificador_tipo_equipamento":7,"nm_tipo_equipamento":"Salas de Cinema ","tx_tipo_equipamento":"Salas de Cinema e Assentos","cd_identificador_classe_equipamento":4,"nm_classe_equipamento":"TEATRO-CINEMA-SHOW","tx_classe_equipamento":"TEATRO-CINEMA-SHOW","cd_identificador_esfera_administrativa_equipamento":4,"nm_esfera_administrativa_equipamento":"Particular","tx_esfera_administrativa_equipamento":"Entidade mantenedora: particular","cd_equipamento":null,"nm_equipamento":"CINEMARK INTERLAGOS - SALA 03","tx_endereco_equipamento":"Av. Interlagos, 2255","nm_bairro_equipamento":"","cd_cep_equipamento":"04661-200","tx_horario_funcionamento":null,"tx_numero_telefone":null,"cd_equipamento_base_origem":null}},{"type":"Feature","id":"equipamento_cultura_teatro_cinema_show_v3.40413","geometry":{"type":"Point","coordinates":[329056.9126,7380642.5585]},"geometry_name":"ge_ponto","properties":{"cd_identificador":40413,"cd_identificador_tema_equipamento":3,"nm_tema_equipamento":"CULTURA","cd_identificador_rede_equipamento":0,"nm_rede_equipamento":"SEM REDE","tx_rede_equipamento":"Sem descrição","cd_identificador_tipo_equipamento":7,"nm_tipo_equipamento":"Salas de Cinema ","tx_tipo_equipamento":"Salas de Cinema e Assentos","cd_identificador_classe_equipamento":4,"nm_classe_equipamento":"TEATRO-CINEMA-SHOW","tx_classe_equipamento":"TEATRO-CINEMA-SHOW","cd_identificador_esfera_administrativa_equipamento":4,"nm_esfera_administrativa_equipamento":"Particular","tx_esfera_administrativa_equipamento":"Entidade mantenedora: particular","cd_equipamento":null,"nm_equipamento":"CINEMARK INTERLAGOS - SALA 04","tx_endereco_equipamento":"Av. Interlagos, 2255","nm_bairro_equipamento":"","cd_cep_equipamento":"04661-200","tx_horario_funcionamento":null,"tx_numero_telefone":null,"cd_equipamento_base_origem":null}},{"type":"Feature","id":"equipamento_cultura_teatro_cinema_show_v3.40414","geometry":{"type":"Point","coordinates":[329056.9126,7380642.5585]},"geometry_name":"ge_ponto","properties":{"cd_identificador":40414,"cd_identificador_tema_equipamento":3,"nm_tema_equipamento":"CULTURA","cd_identificador_rede_equipamento":0,"nm_rede_equipamento":"SEM REDE","tx_rede_equipamento":"Sem descrição","cd_identificador_tipo_equipamento":7,"nm_tipo_equipamento":"Salas de Cinema ","tx_tipo_equipamento":"Salas de Cinema e Assentos","cd_identificador_classe_equipamento":4,"nm_classe_equipamento":"TEATRO-CINEMA-SHOW","tx_classe_equipamento":"TEATRO-CINEMA-SHOW","cd_identificador_esfera_administrativa_equipamento":4,"nm_esfera_administrativa_equipamento":"Particular","tx_esfera_administrativa_equipamento":"Entidade mantenedora: particular","cd_equipamento":null,"nm_equipamento":"CINEMARK INTERLAGOS - SALA 05","tx_endereco_equipamento":"Av. Interlagos, 2255","nm_bairro_equipamento":"","cd_cep_equipamento":"04661-200","tx_horario_funcionamento":null,"tx_numero_telefone":null,"cd_equipamento_base_origem":null}},{"type":"Feature","id":"equipamento_cultura_teatro_cinema_show_v3.40415","geometry":{"type":"Point","coordinates":[329056.9126,7380642.5585]},"geometry_name":"ge_ponto","properties":{"cd_identificador":40415,"cd_identificador_tema_equipamento":3,"nm_tema_equipamento":"CULTURA","cd_identificador_rede_equipamento":0,"nm_rede_equipamento":"SEM REDE","tx_rede_equipamento":"Sem descrição","cd_identificador_tipo_equipamento":7,"nm_tipo_equipamento":"Salas de Cinema ","tx_tipo_equipamento":"Salas de Cinema e Assentos","cd_identificador_classe_equipamento":4,"nm_classe_equipamento":"TEATRO-CINEMA-SHOW","tx_classe_equipamento":"TEATRO-CINEMA-SHOW","cd_identificador_esfera_administrativa_equipamento":4,"nm_esfera_administrativa_equipamento":"Particular","tx_esfera_administrativa_equipamento":"Entidade mantenedora: particular","cd_equipamento":null,"nm_equipamento":"CINEMARK INTERLAGOS - SALA 06","tx_endereco_equipamento":"Av. Interlagos, 2255","nm_bairro_equipamento":"","cd_cep_equipamento":"04661-200","tx_horario_funcionamento":null,"tx_numero_telefone":null,"cd_equipamento_base_origem":null}},{"type":"Feature","id":"equipamento_cultura_teatro_cinema_show_v3.40416","geometry":{"type":"Point","coordinates":[329056.9126,7380642.5585]},"geometry_name":"ge_ponto","properties":{"cd_identificador":40416,"cd_identificador_tema_equipamento":3,"nm_tema_equipamento":"CULTURA","cd_identificador_rede_equipamento":0,"nm_rede_equipamento":"SEM REDE","tx_rede_equipamento":"Sem descrição","cd_identificador_tipo_equipamento":7,"nm_tipo_equipamento":"Salas de Cinema ","tx_tipo_equipamento":"Salas de Cinema e Assentos","cd_identificador_classe_equipamento":4,"nm_classe_equipamento":"TEATRO-CINEMA-SHOW","tx_classe_equipamento":"TEATRO-CINEMA-SHOW","cd_identificador_esfera_administrativa_equipamento":4,"nm_esfera_administrativa_equipamento":"Particular","tx_esfera_administrativa_equipamento":"Entidade mantenedora: particular","cd_equipamento":null,"nm_equipamento":"CINEMARK INTERLAGOS - SALA 07","tx_endereco_equipamento":"Av. Interlagos, 2255","nm_bairro_equipamento":"","cd_cep_equipamento":"04661-200","tx_horario_funcionamento":null,"tx_numero_telefone":null,"cd_equipamento_base_origem":null}},{"type":"Feature","id":"equipamento_cultura_teatro_cinema_show_v3.40417","geometry":{"type":"Point","coordinates":[329056.9126,7380642.5585]},"geometry_name":"ge_ponto","properties":{"cd_identificador":40417,"cd_identificador_tema_equipamento":3,"nm_tema_equipamento":"CULTURA","cd_identificador_rede_equipamento":0,"nm_rede_equipamento":"SEM REDE","tx_rede_equipamento":"Sem descrição","cd_identificador_tipo_equipamento":7,"nm_tipo_equipamento":"Salas de Cinema ","tx_tipo_equipamento":"Salas de Cinema e Assentos","cd_identificador_classe_equipamento":4,"nm_classe_equipamento":"TEATRO-CINEMA-SHOW","tx_classe_equipamento":"TEATRO-CINEMA-SHOW","cd_identificador_esfera_administrativa_equipamento":4,"nm_esfera_administrativa_equipamento":"Particular","tx_esfera_administrativa_equipamento":"Entidade mantenedora: particular","cd_equipamento":null,"nm_equipamento":"CINEMARK INTERLAGOS - SALA 08","tx_endereco_equipamento":"Av. Interlagos, 2255","nm_bairro_equipamento":"","cd_cep_equipamento":"04661-200","tx_horario_funcionamento":null,"tx_numero_telefone":null,"cd_equipamento_base_origem":null}},{"type":"Feature","id":"equipamento_cultura_teatro_cinema_show_v3.40418","geometry":{"type":"Point","coordinates":[329056.9126,7380642.5585]},"geometry_name":"ge_ponto","properties":{"cd_identificador":40418,"cd_identificador_tema_equipamento":3,"nm_tema_equipamento":"CULTURA","cd_identificador_rede_equipamento":0,"nm_rede_equipamento":"SEM REDE","tx_rede_equipamento":"Sem descrição","cd_identificador_tipo_equipamento":7,"nm_tipo_equipamento":"Salas de Cinema ","tx_tipo_equipamento":"Salas de Cinema e Assentos","cd_identificador_classe_equipamento":4,"nm_classe_equipamento":"TEATRO-CINEMA-SHOW","tx_classe_equipamento":"TEATRO-CINEMA-SHOW","cd_identificador_esfera_administrativa_equipamento":4,"nm_esfera_administrativa_equipamento":"Particular","tx_esfera_administrativa_equipamento":"Entidade mantenedora: particular","cd_equipamento":null,"nm_equipamento":"CINEMARK INTERLAGOS - SALA 09","tx_endereco_equipamento":"Av. Interlagos, 2255","nm_bairro_equipamento":"","cd_cep_equipamento":"04661-200","tx_horario_funcionamento":null,"tx_numero_telefone":null,"cd_equipamento_base_origem":null}},{"type":"Feature","id":"equipamento_cultura_teatro_cinema_show_v3.40419","geometry":{"type":"Point","coordinates":[329056.9126,7380642.5585]},"geometry_name":"ge_ponto","properties":{"cd_identificador":40419,"cd_identificador_tema_equipamento":3,"nm_tema_equipamento":"CULTURA","cd_identificador_rede_equipamento":0,"nm_rede_equipamento":"SEM REDE","tx_rede_equipamento":"Sem descrição","cd_identificador_tipo_equipamento":7,"nm_tipo_equipamento":"Salas de Cinema ","tx_tipo_equipamento":"Salas de Cinema e Assentos","cd_identificador_classe_equipamento":4,"nm_classe_equipamento":"TEATRO-CINEMA-SHOW","tx_classe_equipamento":"TEATRO-CINEMA-SHOW","cd_identificador_esfera_administrativa_equipamento":4,"nm_esfera_administrativa_equipamento":"Particular","tx_esfera_administrativa_equipamento":"Entidade mantenedora: particular","cd_equipamento":null,"nm_equipamento":"CINEMARK INTERLAGOS - SALA 10","tx_endereco_equipamento":"Av. Interlagos, 2255","nm_bairro_equipamento":"","cd_cep_equipamento":"04661-200","tx_horario_funcionamento":null,"tx_numero_telefone":null,"cd_equipamento_base_origem":null}},{"type":"Feature","id":"equipamento_cultura_teatro_cinema_show_v3.40420","geometry":{"type":"Point","coordinates":[330817.108,7395438.204]},"geometry_name":"ge_ponto","properties":{"cd_identificador":40420,"cd_identificador_tema_equipamento":3,"nm_tema_equipamento":"CULTURA","cd_identificador_rede_equipamento":0,"nm_rede_equipamento":"SEM REDE","tx_rede_equipamento":"Sem descrição","cd_identificador_tipo_equipamento":7,"nm_tipo_equipamento":"Salas de Cinema ","tx_tipo_equipamento":"Salas de Cinema e Assentos","cd_identificador_classe_equipamento":4,"nm_classe_equipamento":"TEATRO-CINEMA-SHOW","tx_classe_equipamento":"TEATRO-CINEMA-SHOW","cd_identificador_esfera_administrativa_equipamento":4,"nm_esfera_administrativa_equipamento":"Particular","tx_esfera_administrativa_equipamento":"Entidade mantenedora: particular","cd_equipamento":null,"nm_equipamento":"CINEMARK PÁTIO HIGIENÓPOLIS - SALA 01","tx_endereco_equipamento":"Av. Higienópolis, 646","nm_bairro_equipamento":"","cd_cep_equipamento":"01238-000","tx_horario_funcionamento":null,"tx_numero_telefone":null,"cd_equipamento_base_origem":null}},{"type":"Feature","id":"equipamento_cultura_teatro_cinema_show_v3.40421","geometry":{"type":"Point","coordinates":[330817.108,7395438.204]},"geometry_name":"ge_ponto","properties":{"cd_identificador":40421,"cd_identificador_tema_equipamento":3,"nm_tema_equipamento":"CULTURA","cd_identificador_rede_equipamento":0,"nm_rede_equipamento":"SEM REDE","tx_rede_equipamento":"Sem descrição","cd_identificador_tipo_equipamento":7,"nm_tipo_equipamento":"Salas de Cinema ","tx_tipo_equipamento":"Salas de Cinema e Assentos","cd_identificador_classe_equipamento":4,"nm_classe_equipamento":"TEATRO-CINEMA-SHOW","tx_classe_equipamento":"TEATRO-CINEMA-SHOW","cd_identificador_esfera_administrativa_equipamento":4,"nm_esfera_administrativa_equipamento":"Particular","tx_esfera_administrativa_equipamento":"Entidade mantenedora: particular","cd_equipamento":null,"nm_equipamento":"CINEMARK PÁTIO HIGIENÓPOLIS - SALA 02","tx_endereco_equipamento":"Av. Higienópolis, 646","nm_bairro_equipamento":"","cd_cep_equipamento":"01238-000","tx_horario_funcionamento":null,"tx_numero_telefone":null,"cd_equipamento_base_origem":null}},{"type":"Feature","id":"equipamento_cultura_teatro_cinema_show_v3.40422","geometry":{"type":"Point","coordinates":[330817.108,7395438.204]},"geometry_name":"ge_ponto","properties":{"cd_identificador":40422,"cd_identificador_tema_equipamento":3,"nm_tema_equipamento":"CULTURA","cd_identificador_rede_equipamento":0,"nm_rede_equipamento":"SEM REDE","tx_rede_equipamento":"Sem descrição","cd_identificador_tipo_equipamento":7,"nm_tipo_equipamento":"Salas de Cinema ","tx_tipo_equipamento":"Salas de Cinema e Assentos","cd_identificador_classe_equipamento":4,"nm_classe_equipamento":"TEATRO-CINEMA-SHOW","tx_classe_equipamento":"TEATRO-CINEMA-SHOW","cd_identificador_esfera_administrativa_equipamento":4,"nm_esfera_administrativa_equipamento":"Particular","tx_esfera_administrativa_equipamento":"Entidade mantenedora: particular","cd_equipamento":null,"nm_equipamento":"CINEMARK PÁTIO HIGIENÓPOLIS - SALA 03","tx_endereco_equipamento":"Av. Higienópolis, 646","nm_bairro_equipamento":"","cd_cep_equipamento":"01238-000","tx_horario_funcionamento":null,"tx_numero_telefone":null,"cd_equipamento_base_origem":null}},{"type":"Feature","id":"equipamento_cultura_teatro_cinema_show_v3.40423","geometry":{"type":"Point","coordinates":[330817.108,7395438.204]},"geometry_name":"ge_ponto","properties":{"cd_identificador":40423,"cd_identificador_tema_equipamento":3,"nm_tema_equipamento":"CULTURA","cd_identificador_rede_equipamento":0,"nm_rede_equipamento":"SEM REDE","tx_rede_equipamento":"Sem descrição","cd_identificador_tipo_equipamento":7,"nm_tipo_equipamento":"Salas de Cinema ","tx_tipo_equipamento":"Salas de Cinema e Assentos","cd_identificador_classe_equipamento":4,"nm_classe_equipamento":"TEATRO-CINEMA-SHOW","tx_classe_equipamento":"TEATRO-CINEMA-SHOW","cd_identificador_esfera_administrativa_equipamento":4,"nm_esfera_administrativa_equipamento":"Particular","tx_esfera_administrativa_equipamento":"Entidade mantenedora: particular","cd_equipamento":null,"nm_equipamento":"CINEMARK PÁTIO HIGIENÓPOLIS - SALA 04","tx_endereco_equipamento":"Av. Higienópolis, 646","nm_bairro_equipamento":"","cd_cep_equipamento":"01238-000","tx_horario_funcionamento":null,"tx_numero_telefone":null,"cd_equipamento_base_origem":null}},{"type":"Feature","id":"equipamento_cultura_teatro_cinema_show_v3.40424","geometry":{"type":"Point","coordinates":[330817.108,7395438.204]},"geometry_name":"ge_ponto","properties":{"cd_identificador":40424,"cd_identificador_tema_equipamento":3,"nm_tema_equipamento":"CULTURA","cd_identificador_rede_equipamento":0,"nm_rede_equipamento":"SEM REDE","tx_rede_equipamento":"Sem descrição","cd_identificador_tipo_equipamento":7,"nm_tipo_equipamento":"Salas de Cinema ","tx_tipo_equipamento":"Salas de Cinema e Assentos","cd_identificador_classe_equipamento":4,"nm_classe_equipamento":"TEATRO-CINEMA-SHOW","tx_classe_equipamento":"TEATRO-CINEMA-SHOW","cd_identificador_esfera_administrativa_equipamento":4,"nm_esfera_administrativa_equipamento":"Particular","tx_esfera_administrativa_equipamento":"Entidade mantenedora: particular","cd_equipamento":null,"nm_equipamento":"CINEMARK PÁTIO HIGIENÓPOLIS - SALA 05","tx_endereco_equipamento":"Av. Higienópolis, 646","nm_bairro_equipamento":"","cd_cep_equipamento":"01238-000","tx_horario_funcionamento":null,"tx_numero_telefone":null,"cd_equipamento_base_origem":null}},{"type":"Feature","id":"equipamento_cultura_teatro_cinema_show_v3.40425","geometry":{"type":"Point","coordinates":[330817.108,7395438.204]},"geometry_name":"ge_ponto","properties":{"cd_identificador":40425,"cd_identificador_tema_equipamento":3,"nm_tema_equipamento":"CULTURA","cd_identificador_rede_equipamento":0,"nm_rede_equipamento":"SEM REDE","tx_rede_equipamento":"Sem descrição","cd_identificador_tipo_equipamento":7,"nm_tipo_equipamento":"Salas de Cinema ","tx_tipo_equipamento":"Salas de Cinema e Assentos","cd_identificador_classe_equipamento":4,"nm_classe_equipamento":"TEATRO-CINEMA-SHOW","tx_classe_equipamento":"TEATRO-CINEMA-SHOW","cd_identificador_esfera_administrativa_equipamento":4,"nm_esfera_administrativa_equipamento":"Particular","tx_esfera_administrativa_equipamento":"Entidade mantenedora: particular","cd_equipamento":null,"nm_equipamento":"CINEMARK PÁTIO HIGIENÓPOLIS - SALA 06","tx_endereco_equipamento":"Av. Higienópolis, 646","nm_bairro_equipamento":"","cd_cep_equipamento":"01238-000","tx_horario_funcionamento":null,"tx_numero_telefone":null,"cd_equipamento_base_origem":null}},{"type":"Feature","id":"equipamento_cultura_teatro_cinema_show_v3.40426","geometry":{"type":"Point","coordinates":[324240.0792,7394439.8356]},"geometry_name":"ge_ponto","properties":{"cd_identificador":40426,"cd_identificador_tema_equipamento":3,"nm_tema_equipamento":"CULTURA","cd_identificador_rede_equipamento":0,"nm_rede_equipamento":"SEM REDE","tx_rede_equipamento":"Sem descrição","cd_identificador_tipo_equipamento":7,"nm_tipo_equipamento":"Salas de Cinema ","tx_tipo_equipamento":"Salas de Cinema e Assentos","cd_identificador_classe_equipamento":4,"nm_classe_equipamento":"TEATRO-CINEMA-SHOW","tx_classe_equipamento":"TEATRO-CINEMA-SHOW","cd_identificador_esfera_administrativa_equipamento":4,"nm_esfera_administrativa_equipamento":"Particular","tx_esfera_administrativa_equipamento":"Entidade mantenedora: particular","cd_equipamento":null,"nm_equipamento":"CINEMARK VILLA LOBOS - SALA 01","tx_endereco_equipamento":"Av. Das Nações Unidas,, 4777","nm_bairro_equipamento":"","cd_cep_equipamento":"05477-000","tx_horario_funcionamento":null,"tx_numero_telefone":null,"cd_equipamento_base_origem":null}},{"type":"Feature","id":"equipamento_cultura_teatro_cinema_show_v3.40427","geometry":{"type":"Point","coordinates":[324240.0792,7394439.8356]},"geometry_name":"ge_ponto","properties":{"cd_identificador":40427,"cd_identificador_tema_equipamento":3,"nm_tema_equipamento":"CULTURA","cd_identificador_rede_equipamento":0,"nm_rede_equipamento":"SEM REDE","tx_rede_equipamento":"Sem descrição","cd_identificador_tipo_equipamento":7,"nm_tipo_equipamento":"Salas de Cinema ","tx_tipo_equipamento":"Salas de Cinema e Assentos","cd_identificador_classe_equipamento":4,"nm_classe_equipamento":"TEATRO-CINEMA-SHOW","tx_classe_equipamento":"TEATRO-CINEMA-SHOW","cd_identificador_esfera_administrativa_equipamento":4,"nm_esfera_administrativa_equipamento":"Particular","tx_esfera_administrativa_equipamento":"Entidade mantenedora: particular","cd_equipamento":null,"nm_equipamento":"CINEMARK VILLA LOBOS - SALA 02","tx_endereco_equipamento":"Av. Das Nações Unidas,, 4777","nm_bairro_equipamento":"","cd_cep_equipamento":"05477-000","tx_horario_funcionamento":null,"tx_numero_telefone":null,"cd_equipamento_base_origem":null}},{"type":"Feature","id":"equipamento_cultura_teatro_cinema_show_v3.40428","geometry":{"type":"Point","coordinates":[324240.0792,7394439.8356]},"geometry_name":"ge_ponto","properties":{"cd_identificador":40428,"cd_identificador_tema_equipamento":3,"nm_tema_equipamento":"CULTURA","cd_identificador_rede_equipamento":0,"nm_rede_equipamento":"SEM REDE","tx_rede_equipamento":"Sem descrição","cd_identificador_tipo_equipamento":7,"nm_tipo_equipamento":"Salas de Cinema ","tx_tipo_equipamento":"Salas de Cinema e Assentos","cd_identificador_classe_equipamento":4,"nm_classe_equipamento":"TEATRO-CINEMA-SHOW","tx_classe_equipamento":"TEATRO-CINEMA-SHOW","cd_identificador_esfera_administrativa_equipamento":4,"nm_esfera_administrativa_equipamento":"Particular","tx_esfera_administrativa_equipamento":"Entidade mantenedora: particular","cd_equipamento":null,"nm_equipamento":"CINEMARK VILLA LOBOS - SALA 03","tx_endereco_equipamento":"Av. Das Nações Unidas,, 4777","nm_bairro_equipamento":"","cd_cep_equipamento":"05477-000","tx_horario_funcionamento":null,"tx_numero_telefone":null,"cd_equipamento_base_origem":null}},{"type":"Feature","id":"equipamento_cultura_teatro_cinema_show_v3.40429","geometry":{"type":"Point","coordinates":[324240.0792,7394439.8356]},"geometry_name":"ge_ponto","properties":{"cd_identificador":40429,"cd_identificador_tema_equipamento":3,"nm_tema_equipamento":"CULTURA","cd_identificador_rede_equipamento":0,"nm_rede_equipamento":"SEM REDE","tx_rede_equipamento":"Sem descrição","cd_identificador_tipo_equipamento":7,"nm_tipo_equipamento":"Salas de Cinema ","tx_tipo_equipamento":"Salas de Cinema e Assentos","cd_identificador_classe_equipamento":4,"nm_classe_equipamento":"TEATRO-CINEMA-SHOW","tx_classe_equipamento":"TEATRO-CINEMA-SHOW","cd_identificador_esfera_administrativa_equipamento":4,"nm_esfera_administrativa_equipamento":"Particular","tx_esfera_administrativa_equipamento":"Entidade mantenedora: particular","cd_equipamento":null,"nm_equipamento":"CINEMARK VILLA LOBOS - SALA 04","tx_endereco_equipamento":"Av. Das Nações Unidas,, 4777","nm_bairro_equipamento":"","cd_cep_equipamento":"05477-000","tx_horario_funcionamento":null,"tx_numero_telefone":null,"cd_equipamento_base_origem":null}},{"type":"Feature","id":"equipamento_cultura_teatro_cinema_show_v3.40430","geometry":{"type":"Point","coordinates":[324240.0792,7394439.8356]},"geometry_name":"ge_ponto","properties":{"cd_identificador":40430,"cd_identificador_tema_equipamento":3,"nm_tema_equipamento":"CULTURA","cd_identificador_rede_equipamento":0,"nm_rede_equipamento":"SEM REDE","tx_rede_equipamento":"Sem descrição","cd_identificador_tipo_equipamento":7,"nm_tipo_equipamento":"Salas de Cinema ","tx_tipo_equipamento":"Salas de Cinema e Assentos","cd_identificador_classe_equipamento":4,"nm_classe_equipamento":"TEATRO-CINEMA-SHOW","tx_classe_equipamento":"TEATRO-CINEMA-SHOW","cd_identificador_esfera_administrativa_equipamento":4,"nm_esfera_administrativa_equipamento":"Particular","tx_esfera_administrativa_equipamento":"Entidade mantenedora: particular","cd_equipamento":null,"nm_equipamento":"CINEMARK VILLA LOBOS - SALA 05","tx_endereco_equipamento":"Av. Das Nações Unidas,, 4777","nm_bairro_equipamento":"","cd_cep_equipamento":"05477-000","tx_horario_funcionamento":null,"tx_numero_telefone":null,"cd_equipamento_base_origem":null}},{"type":"Feature","id":"equipamento_cultura_teatro_cinema_show_v3.40431","geometry":{"type":"Point","coordinates":[324240.0792,7394439.8356]},"geometry_name":"ge_ponto","properties":{"cd_identificador":40431,"cd_identificador_tema_equipamento":3,"nm_tema_equipamento":"CULTURA","cd_identificador_rede_equipamento":0,"nm_rede_equipamento":"SEM REDE","tx_rede_equipamento":"Sem descrição","cd_identificador_tipo_equipamento":7,"nm_tipo_equipamento":"Salas de Cinema ","tx_tipo_equipamento":"Salas de Cinema e Assentos","cd_identificador_classe_equipamento":4,"nm_classe_equipamento":"TEATRO-CINEMA-SHOW","tx_classe_equipamento":"TEATRO-CINEMA-SHOW","cd_identificador_esfera_administrativa_equipamento":4,"nm_esfera_administrativa_equipamento":"Particular","tx_esfera_administrativa_equipamento":"Entidade mantenedora: particular","cd_equipamento":null,"nm_equipamento":"CINEMARK VILLA LOBOS - SALA 06","tx_endereco_equipamento":"Av. Das Nações Unidas,, 4777","nm_bairro_equipamento":"","cd_cep_equipamento":"05477-000","tx_horario_funcionamento":null,"tx_numero_telefone":null,"cd_equipamento_base_origem":null}},{"type":"Feature","id":"equipamento_cultura_teatro_cinema_show_v3.40432","geometry":{"type":"Point","coordinates":[324240.0792,7394439.8356]},"geometry_name":"ge_ponto","properties":{"cd_identificador":40432,"cd_identificador_tema_equipamento":3,"nm_tema_equipamento":"CULTURA","cd_identificador_rede_equipamento":0,"nm_rede_equipamento":"SEM REDE","tx_rede_equipamento":"Sem descrição","cd_identificador_tipo_equipamento":7,"nm_tipo_equipamento":"Salas de Cinema ","tx_tipo_equipamento":"Salas de Cinema e Assentos","cd_identificador_classe_equipamento":4,"nm_classe_equipamento":"TEATRO-CINEMA-SHOW","tx_classe_equipamento":"TEATRO-CINEMA-SHOW","cd_identificador_esfera_administrativa_equipamento":4,"nm_esfera_administrativa_equipamento":"Particular","tx_esfera_administrativa_equipamento":"Entidade mantenedora: particular","cd_equipamento":null,"nm_equipamento":"CINEMARK VILLA LOBOS - SALA 07","tx_endereco_equipamento":"Av. Das Nações Unidas,, 4777","nm_bairro_equipamento":"","cd_cep_equipamento":"05477-000","tx_horario_funcionamento":null,"tx_numero_telefone":null,"cd_equipamento_base_origem":null}},{"type":"Feature","id":"equipamento_cultura_teatro_cinema_show_v3.40433","geometry":{"type":"Point","coordinates":[332665.6717,7395337.6924]},"geometry_name":"ge_ponto","properties":{"cd_identificador":40433,"cd_identificador_tema_equipamento":3,"nm_tema_equipamento":"CULTURA","cd_identificador_rede_equipamento":0,"nm_rede_equipamento":"SEM REDE","tx_rede_equipamento":"Sem descrição","cd_identificador_tipo_equipamento":7,"nm_tipo_equipamento":"Salas de Cinema ","tx_tipo_equipamento":"Salas de Cinema e Assentos","cd_identificador_classe_equipamento":4,"nm_classe_equipamento":"TEATRO-CINEMA-SHOW","tx_classe_equipamento":"TEATRO-CINEMA-SHOW","cd_identificador_esfera_administrativa_equipamento":4,"nm_esfera_administrativa_equipamento":"Particular","tx_esfera_administrativa_equipamento":"Entidade mantenedora: particular","cd_equipamento":null,"nm_equipamento":"CINE DOM JOSÉ - SALA 01","tx_endereco_equipamento":"Rua Dom José De Barros, 306","nm_bairro_equipamento":"","cd_cep_equipamento":"01038-000","tx_horario_funcionamento":null,"tx_numero_telefone":null,"cd_equipamento_base_origem":null}},{"type":"Feature","id":"equipamento_cultura_teatro_cinema_show_v3.40434","geometry":{"type":"Point","coordinates":[334885.3346,7398456.8714]},"geometry_name":"ge_ponto","properties":{"cd_identificador":40434,"cd_identificador_tema_equipamento":3,"nm_tema_equipamento":"CULTURA","cd_identificador_rede_equipamento":0,"nm_rede_equipamento":"SEM REDE","tx_rede_equipamento":"Sem descrição","cd_identificador_tipo_equipamento":7,"nm_tipo_equipamento":"Salas de Cinema ","tx_tipo_equipamento":"Salas de Cinema e Assentos","cd_identificador_classe_equipamento":4,"nm_classe_equipamento":"TEATRO-CINEMA-SHOW","tx_classe_equipamento":"TEATRO-CINEMA-SHOW","cd_identificador_esfera_administrativa_equipamento":4,"nm_esfera_administrativa_equipamento":"Particular","tx_esfera_administrativa_equipamento":"Entidade mantenedora: particular","cd_equipamento":null,"nm_equipamento":"CINEMARK CENTER NORTE - SALA 01","tx_endereco_equipamento":"Travessa Casalbuono,, 127","nm_bairro_equipamento":"","cd_cep_equipamento":"02047-050","tx_horario_funcionamento":null,"tx_numero_telefone":null,"cd_equipamento_base_origem":null}},{"type":"Feature","id":"equipamento_cultura_teatro_cinema_show_v3.40435","geometry":{"type":"Point","coordinates":[334885.3346,7398456.8714]},"geometry_name":"ge_ponto","properties":{"cd_identificador":40435,"cd_identificador_tema_equipamento":3,"nm_tema_equipamento":"CULTURA","cd_identificador_rede_equipamento":0,"nm_rede_equipamento":"SEM REDE","tx_rede_equipamento":"Sem descrição","cd_identificador_tipo_equipamento":7,"nm_tipo_equipamento":"Salas de Cinema ","tx_tipo_equipamento":"Salas de Cinema e Assentos","cd_identificador_classe_equipamento":4,"nm_classe_equipamento":"TEATRO-CINEMA-SHOW","tx_classe_equipamento":"TEATRO-CINEMA-SHOW","cd_identificador_esfera_administrativa_equipamento":4,"nm_esfera_administrativa_equipamento":"Particular","tx_esfera_administrativa_equipamento":"Entidade mantenedora: particular","cd_equipamento":null,"nm_equipamento":"CINEMARK CENTER NORTE - SALA 02","tx_endereco_equipamento":"Travessa Casalbuono,, 127","nm_bairro_equipamento":"","cd_cep_equipamento":"02047-050","tx_horario_funcionamento":null,"tx_numero_telefone":null,"cd_equipamento_base_origem":null}},{"type":"Feature","id":"equipamento_cultura_teatro_cinema_show_v3.40436","geometry":{"type":"Point","coordinates":[334885.3346,7398456.8714]},"geometry_name":"ge_ponto","properties":{"cd_identificador":40436,"cd_identificador_tema_equipamento":3,"nm_tema_equipamento":"CULTURA","cd_identificador_rede_equipamento":0,"nm_rede_equipamento":"SEM REDE","tx_rede_equipamento":"Sem descrição","cd_identificador_tipo_equipamento":7,"nm_tipo_equipamento":"Salas de Cinema ","tx_tipo_equipamento":"Salas de Cinema e Assentos","cd_identificador_classe_equipamento":4,"nm_classe_equipamento":"TEATRO-CINEMA-SHOW","tx_classe_equipamento":"TEATRO-CINEMA-SHOW","cd_identificador_esfera_administrativa_equipamento":4,"nm_esfera_administrativa_equipamento":"Particular","tx_esfera_administrativa_equipamento":"Entidade mantenedora: particular","cd_equipamento":null,"nm_equipamento":"CINEMARK CENTER NORTE - SALA 03","tx_endereco_equipamento":"Travessa Casalbuono,, 127","nm_bairro_equipamento":"","cd_cep_equipamento":"02047-050","tx_horario_funcionamento":null,"tx_numero_telefone":null,"cd_equipamento_base_origem":null}},{"type":"Feature","id":"equipamento_cultura_teatro_cinema_show_v3.40437","geometry":{"type":"Point","coordinates":[334885.3346,7398456.8714]},"geometry_name":"ge_ponto","properties":{"cd_identificador":40437,"cd_identificador_tema_equipamento":3,"nm_tema_equipamento":"CULTURA","cd_identificador_rede_equipamento":0,"nm_rede_equipamento":"SEM REDE","tx_rede_equipamento":"Sem descrição","cd_identificador_tipo_equipamento":7,"nm_tipo_equipamento":"Salas de Cinema ","tx_tipo_equipamento":"Salas de Cinema e Assentos","cd_identificador_classe_equipamento":4,"nm_classe_equipamento":"TEATRO-CINEMA-SHOW","tx_classe_equipamento":"TEATRO-CINEMA-SHOW","cd_identificador_esfera_administrativa_equipamento":4,"nm_esfera_administrativa_equipamento":"Particular","tx_esfera_administrativa_equipamento":"Entidade mantenedora: particular","cd_equipamento":null,"nm_equipamento":"CINEMARK CENTER NORTE - SALA 04","tx_endereco_equipamento":"Travessa Casalbuono,, 127","nm_bairro_equipamento":"","cd_cep_equipamento":"02047-050","tx_horario_funcionamento":null,"tx_numero_telefone":null,"cd_equipamento_base_origem":null}},{"type":"Feature","id":"equipamento_cultura_teatro_cinema_show_v3.40438","geometry":{"type":"Point","coordinates":[334885.3346,7398456.8714]},"geometry_name":"ge_ponto","properties":{"cd_identificador":40438,"cd_identificador_tema_equipamento":3,"nm_tema_equipamento":"CULTURA","cd_identificador_rede_equipamento":0,"nm_rede_equipamento":"SEM REDE","tx_rede_equipamento":"Sem descrição","cd_identificador_tipo_equipamento":7,"nm_tipo_equipamento":"Salas de Cinema ","tx_tipo_equipamento":"Salas de Cinema e Assentos","cd_identificador_classe_equipamento":4,"nm_classe_equipamento":"TEATRO-CINEMA-SHOW","tx_classe_equipamento":"TEATRO-CINEMA-SHOW","cd_identificador_esfera_administrativa_equipamento":4,"nm_esfera_administrativa_equipamento":"Particular","tx_esfera_administrativa_equipamento":"Entidade mantenedora: particular","cd_equipamento":null,"nm_equipamento":"CINEMARK CENTER NORTE - SALA 05","tx_endereco_equipamento":"Travessa Casalbuono,, 127","nm_bairro_equipamento":"","cd_cep_equipamento":"02047-050","tx_horario_funcionamento":null,"tx_numero_telefone":null,"cd_equipamento_base_origem":null}},{"type":"Feature","id":"equipamento_cultura_teatro_cinema_show_v3.40439","geometry":{"type":"Point","coordinates":[334220.4849,7397811.0421]},"geometry_name":"ge_ponto","properties":{"cd_identificador":40439,"cd_identificador_tema_equipamento":3,"nm_tema_equipamento":"CULTURA","cd_identificador_rede_equipamento":0,"nm_rede_equipamento":"SEM REDE","tx_rede_equipamento":"Sem descrição","cd_identificador_tipo_equipamento":7,"nm_tipo_equipamento":"Salas de Cinema ","tx_tipo_equipamento":"Salas de Cinema e Assentos","cd_identificador_classe_equipamento":4,"nm_classe_equipamento":"TEATRO-CINEMA-SHOW","tx_classe_equipamento":"TEATRO-CINEMA-SHOW","cd_identificador_esfera_administrativa_equipamento":4,"nm_esfera_administrativa_equipamento":"Particular","tx_esfera_administrativa_equipamento":"Entidade mantenedora: particular","cd_equipamento":null,"nm_equipamento":"CINEMARK SHOPPING D - SALA 01","tx_endereco_equipamento":"Av. Cruzeiro Do Sul,, 1100","nm_bairro_equipamento":"","cd_cep_equipamento":"03033-020","tx_horario_funcionamento":null,"tx_numero_telefone":null,"cd_equipamento_base_origem":null}},{"type":"Feature","id":"equipamento_cultura_teatro_cinema_show_v3.40440","geometry":{"type":"Point","coordinates":[334220.4849,7397811.0421]},"geometry_name":"ge_ponto","properties":{"cd_identificador":40440,"cd_identificador_tema_equipamento":3,"nm_tema_equipamento":"CULTURA","cd_identificador_rede_equipamento":0,"nm_rede_equipamento":"SEM REDE","tx_rede_equipamento":"Sem descrição","cd_identificador_tipo_equipamento":7,"nm_tipo_equipamento":"Salas de Cinema ","tx_tipo_equipamento":"Salas de Cinema e Assentos","cd_identificador_classe_equipamento":4,"nm_classe_equipamento":"TEATRO-CINEMA-SHOW","tx_classe_equipamento":"TEATRO-CINEMA-SHOW","cd_identificador_esfera_administrativa_equipamento":4,"nm_esfera_administrativa_equipamento":"Particular","tx_esfera_administrativa_equipamento":"Entidade mantenedora: particular","cd_equipamento":null,"nm_equipamento":"CINEMARK SHOPPING D - SALA 02","tx_endereco_equipamento":"Av. Cruzeiro Do Sul,, 1100","nm_bairro_equipamento":"","cd_cep_equipamento":"03033-020","tx_horario_funcionamento":null,"tx_numero_telefone":null,"cd_equipamento_base_origem":null}},{"type":"Feature","id":"equipamento_cultura_teatro_cinema_show_v3.40441","geometry":{"type":"Point","coordinates":[334220.4849,7397811.0421]},"geometry_name":"ge_ponto","properties":{"cd_identificador":40441,"cd_identificador_tema_equipamento":3,"nm_tema_equipamento":"CULTURA","cd_identificador_rede_equipamento":0,"nm_rede_equipamento":"SEM REDE","tx_rede_equipamento":"Sem descrição","cd_identificador_tipo_equipamento":7,"nm_tipo_equipamento":"Salas de Cinema ","tx_tipo_equipamento":"Salas de Cinema e Assentos","cd_identificador_classe_equipamento":4,"nm_classe_equipamento":"TEATRO-CINEMA-SHOW","tx_classe_equipamento":"TEATRO-CINEMA-SHOW","cd_identificador_esfera_administrativa_equipamento":4,"nm_esfera_administrativa_equipamento":"Particular","tx_esfera_administrativa_equipamento":"Entidade mantenedora: particular","cd_equipamento":null,"nm_equipamento":"CINEMARK SHOPPING D - SALA 03","tx_endereco_equipamento":"Av. Cruzeiro Do Sul,, 1100","nm_bairro_equipamento":"","cd_cep_equipamento":"03033-020","tx_horario_funcionamento":null,"tx_numero_telefone":null,"cd_equipamento_base_origem":null}},{"type":"Feature","id":"equipamento_cultura_teatro_cinema_show_v3.40442","geometry":{"type":"Point","coordinates":[334220.4849,7397811.0421]},"geometry_name":"ge_ponto","properties":{"cd_identificador":40442,"cd_identificador_tema_equipamento":3,"nm_tema_equipamento":"CULTURA","cd_identificador_rede_equipamento":0,"nm_rede_equipamento":"SEM REDE","tx_rede_equipamento":"Sem descrição","cd_identificador_tipo_equipamento":7,"nm_tipo_equipamento":"Salas de Cinema ","tx_tipo_equipamento":"Salas de Cinema e Assentos","cd_identificador_classe_equipamento":4,"nm_classe_equipamento":"TEATRO-CINEMA-SHOW","tx_classe_equipamento":"TEATRO-CINEMA-SHOW","cd_identificador_esfera_administrativa_equipamento":4,"nm_esfera_administrativa_equipamento":"Particular","tx_esfera_administrativa_equipamento":"Entidade mantenedora: particular","cd_equipamento":null,"nm_equipamento":"CINEMARK SHOPPING D - SALA 04","tx_endereco_equipamento":"Av. Cruzeiro Do Sul,, 1100","nm_bairro_equipamento":"","cd_cep_equipamento":"03033-020","tx_horario_funcionamento":null,"tx_numero_telefone":null,"cd_equipamento_base_origem":null}},{"type":"Feature","id":"equipamento_cultura_teatro_cinema_show_v3.40443","geometry":{"type":"Point","coordinates":[334220.4849,7397811.0421]},"geometry_name":"ge_ponto","properties":{"cd_identificador":40443,"cd_identificador_tema_equipamento":3,"nm_tema_equipamento":"CULTURA","cd_identificador_rede_equipamento":0,"nm_rede_equipamento":"SEM REDE","tx_rede_equipamento":"Sem descrição","cd_identificador_tipo_equipamento":7,"nm_tipo_equipamento":"Salas de Cinema ","tx_tipo_equipamento":"Salas de Cinema e Assentos","cd_identificador_classe_equipamento":4,"nm_classe_equipamento":"TEATRO-CINEMA-SHOW","tx_classe_equipamento":"TEATRO-CINEMA-SHOW","cd_identificador_esfera_administrativa_equipamento":4,"nm_esfera_administrativa_equipamento":"Particular","tx_esfera_administrativa_equipamento":"Entidade mantenedora: particular","cd_equipamento":null,"nm_equipamento":"CINEMARK SHOPPING D - SALA 05","tx_endereco_equipamento":"Av. Cruzeiro Do Sul,, 1100","nm_bairro_equipamento":"","cd_cep_equipamento":"03033-020","tx_horario_funcionamento":null,"tx_numero_telefone":null,"cd_equipamento_base_origem":null}},{"type":"Feature","id":"equipamento_cultura_teatro_cinema_show_v3.40444","geometry":{"type":"Point","coordinates":[334220.4849,7397811.0421]},"geometry_name":"ge_ponto","properties":{"cd_identificador":40444,"cd_identificador_tema_equipamento":3,"nm_tema_equipamento":"CULTURA","cd_identificador_rede_equipamento":0,"nm_rede_equipamento":"SEM REDE","tx_rede_equipamento":"Sem descrição","cd_identificador_tipo_equipamento":7,"nm_tipo_equipamento":"Salas de Cinema ","tx_tipo_equipamento":"Salas de Cinema e Assentos","cd_identificador_classe_equipamento":4,"nm_classe_equipamento":"TEATRO-CINEMA-SHOW","tx_classe_equipamento":"TEATRO-CINEMA-SHOW","cd_identificador_esfera_administrativa_equipamento":4,"nm_esfera_administrativa_equipamento":"Particular","tx_esfera_administrativa_equipamento":"Entidade mantenedora: particular","cd_equipamento":null,"nm_equipamento":"CINEMARK SHOPPING D - SALA 06","tx_endereco_equipamento":"Av. Cruzeiro Do Sul,, 1100","nm_bairro_equipamento":"","cd_cep_equipamento":"03033-020","tx_horario_funcionamento":null,"tx_numero_telefone":null,"cd_equipamento_base_origem":null}},{"type":"Feature","id":"equipamento_cultura_teatro_cinema_show_v3.40445","geometry":{"type":"Point","coordinates":[334220.4849,7397811.0421]},"geometry_name":"ge_ponto","properties":{"cd_identificador":40445,"cd_identificador_tema_equipamento":3,"nm_tema_equipamento":"CULTURA","cd_identificador_rede_equipamento":0,"nm_rede_equipamento":"SEM REDE","tx_rede_equipamento":"Sem descrição","cd_identificador_tipo_equipamento":7,"nm_tipo_equipamento":"Salas de Cinema ","tx_tipo_equipamento":"Salas de Cinema e Assentos","cd_identificador_classe_equipamento":4,"nm_classe_equipamento":"TEATRO-CINEMA-SHOW","tx_classe_equipamento":"TEATRO-CINEMA-SHOW","cd_identificador_esfera_administrativa_equipamento":4,"nm_esfera_administrativa_equipamento":"Particular","tx_esfera_administrativa_equipamento":"Entidade mantenedora: particular","cd_equipamento":null,"nm_equipamento":"CINEMARK SHOPPING D - SALA 07","tx_endereco_equipamento":"Av. Cruzeiro Do Sul,, 1100","nm_bairro_equipamento":"","cd_cep_equipamento":"03033-020","tx_horario_funcionamento":null,"tx_numero_telefone":null,"cd_equipamento_base_origem":null}},{"type":"Feature","id":"equipamento_cultura_teatro_cinema_show_v3.40446","geometry":{"type":"Point","coordinates":[334220.4849,7397811.0421]},"geometry_name":"ge_ponto","properties":{"cd_identificador":40446,"cd_identificador_tema_equipamento":3,"nm_tema_equipamento":"CULTURA","cd_identificador_rede_equipamento":0,"nm_rede_equipamento":"SEM REDE","tx_rede_equipamento":"Sem descrição","cd_identificador_tipo_equipamento":7,"nm_tipo_equipamento":"Salas de Cinema ","tx_tipo_equipamento":"Salas de Cinema e Assentos","cd_identificador_classe_equipamento":4,"nm_classe_equipamento":"TEATRO-CINEMA-SHOW","tx_classe_equipamento":"TEATRO-CINEMA-SHOW","cd_identificador_esfera_administrativa_equipamento":4,"nm_esfera_administrativa_equipamento":"Particular","tx_esfera_administrativa_equipamento":"Entidade mantenedora: particular","cd_equipamento":null,"nm_equipamento":"CINEMARK SHOPPING D - SALA 08","tx_endereco_equipamento":"Av. Cruzeiro Do Sul,, 1100","nm_bairro_equipamento":"","cd_cep_equipamento":"03033-020","tx_horario_funcionamento":null,"tx_numero_telefone":null,"cd_equipamento_base_origem":null}},{"type":"Feature","id":"equipamento_cultura_teatro_cinema_show_v3.40447","geometry":{"type":"Point","coordinates":[334220.4849,7397811.0421]},"geometry_name":"ge_ponto","properties":{"cd_identificador":40447,"cd_identificador_tema_equipamento":3,"nm_tema_equipamento":"CULTURA","cd_identificador_rede_equipamento":0,"nm_rede_equipamento":"SEM REDE","tx_rede_equipamento":"Sem descrição","cd_identificador_tipo_equipamento":7,"nm_tipo_equipamento":"Salas de Cinema ","tx_tipo_equipamento":"Salas de Cinema e Assentos","cd_identificador_classe_equipamento":4,"nm_classe_equipamento":"TEATRO-CINEMA-SHOW","tx_classe_equipamento":"TEATRO-CINEMA-SHOW","cd_identificador_esfera_administrativa_equipamento":4,"nm_esfera_administrativa_equipamento":"Particular","tx_esfera_administrativa_equipamento":"Entidade mantenedora: particular","cd_equipamento":null,"nm_equipamento":"CINEMARK SHOPPING D - SALA 09","tx_endereco_equipamento":"Av. Cruzeiro Do Sul,, 1100","nm_bairro_equipamento":"","cd_cep_equipamento":"03033-020","tx_horario_funcionamento":null,"tx_numero_telefone":null,"cd_equipamento_base_origem":null}},{"type":"Feature","id":"equipamento_cultura_teatro_cinema_show_v3.40448","geometry":{"type":"Point","coordinates":[334220.4849,7397811.0421]},"geometry_name":"ge_ponto","properties":{"cd_identificador":40448,"cd_identificador_tema_equipamento":3,"nm_tema_equipamento":"CULTURA","cd_identificador_rede_equipamento":0,"nm_rede_equipamento":"SEM REDE","tx_rede_equipamento":"Sem descrição","cd_identificador_tipo_equipamento":7,"nm_tipo_equipamento":"Salas de Cinema ","tx_tipo_equipamento":"Salas de Cinema e Assentos","cd_identificador_classe_equipamento":4,"nm_classe_equipamento":"TEATRO-CINEMA-SHOW","tx_classe_equipamento":"TEATRO-CINEMA-SHOW","cd_identificador_esfera_administrativa_equipamento":4,"nm_esfera_administrativa_equipamento":"Particular","tx_esfera_administrativa_equipamento":"Entidade mantenedora: particular","cd_equipamento":null,"nm_equipamento":"CINEMARK SHOPPING D - SALA 10","tx_endereco_equipamento":"Av. Cruzeiro Do Sul,, 1100","nm_bairro_equipamento":"","cd_cep_equipamento":"03033-020","tx_horario_funcionamento":null,"tx_numero_telefone":null,"cd_equipamento_base_origem":null}},{"type":"Feature","id":"equipamento_cultura_teatro_cinema_show_v3.40449","geometry":{"type":"Point","coordinates":[326598.0757,7386590.6255]},"geometry_name":"ge_ponto","properties":{"cd_identificador":40449,"cd_identificador_tema_equipamento":3,"nm_tema_equipamento":"CULTURA","cd_identificador_rede_equipamento":0,"nm_rede_equipamento":"SEM REDE","tx_rede_equipamento":"Sem descrição","cd_identificador_tipo_equipamento":7,"nm_tipo_equipamento":"Salas de Cinema ","tx_tipo_equipamento":"Salas de Cinema e Assentos","cd_identificador_classe_equipamento":4,"nm_classe_equipamento":"TEATRO-CINEMA-SHOW","tx_classe_equipamento":"TEATRO-CINEMA-SHOW","cd_identificador_esfera_administrativa_equipamento":4,"nm_esfera_administrativa_equipamento":"Particular","tx_esfera_administrativa_equipamento":"Entidade mantenedora: particular","cd_equipamento":null,"nm_equipamento":"CINEMARK MARKET PLACE - SALA 01","tx_endereco_equipamento":"Av. Dr. Chucri Zaidan,, 902","nm_bairro_equipamento":"","cd_cep_equipamento":"04583-110","tx_horario_funcionamento":null,"tx_numero_telefone":null,"cd_equipamento_base_origem":null}},{"type":"Feature","id":"equipamento_cultura_teatro_cinema_show_v3.40450","geometry":{"type":"Point","coordinates":[326598.0757,7386590.6255]},"geometry_name":"ge_ponto","properties":{"cd_identificador":40450,"cd_identificador_tema_equipamento":3,"nm_tema_equipamento":"CULTURA","cd_identificador_rede_equipamento":0,"nm_rede_equipamento":"SEM REDE","tx_rede_equipamento":"Sem descrição","cd_identificador_tipo_equipamento":7,"nm_tipo_equipamento":"Salas de Cinema ","tx_tipo_equipamento":"Salas de Cinema e Assentos","cd_identificador_classe_equipamento":4,"nm_classe_equipamento":"TEATRO-CINEMA-SHOW","tx_classe_equipamento":"TEATRO-CINEMA-SHOW","cd_identificador_esfera_administrativa_equipamento":4,"nm_esfera_administrativa_equipamento":"Particular","tx_esfera_administrativa_equipamento":"Entidade mantenedora: particular","cd_equipamento":null,"nm_equipamento":"CINEMARK MARKET PLACE - SALA 02","tx_endereco_equipamento":"Av. Dr. Chucri Zaidan,, 902","nm_bairro_equipamento":"","cd_cep_equipamento":"04583-110","tx_horario_funcionamento":null,"tx_numero_telefone":null,"cd_equipamento_base_origem":null}},{"type":"Feature","id":"equipamento_cultura_teatro_cinema_show_v3.40451","geometry":{"type":"Point","coordinates":[326598.0757,7386590.6255]},"geometry_name":"ge_ponto","properties":{"cd_identificador":40451,"cd_identificador_tema_equipamento":3,"nm_tema_equipamento":"CULTURA","cd_identificador_rede_equipamento":0,"nm_rede_equipamento":"SEM REDE","tx_rede_equipamento":"Sem descrição","cd_identificador_tipo_equipamento":7,"nm_tipo_equipamento":"Salas de Cinema ","tx_tipo_equipamento":"Salas de Cinema e Assentos","cd_identificador_classe_equipamento":4,"nm_classe_equipamento":"TEATRO-CINEMA-SHOW","tx_classe_equipamento":"TEATRO-CINEMA-SHOW","cd_identificador_esfera_administrativa_equipamento":4,"nm_esfera_administrativa_equipamento":"Particular","tx_esfera_administrativa_equipamento":"Entidade mantenedora: particular","cd_equipamento":null,"nm_equipamento":"CINEMARK MARKET PLACE - SALA 03","tx_endereco_equipamento":"Av. Dr. Chucri Zaidan,, 902","nm_bairro_equipamento":"","cd_cep_equipamento":"04583-110","tx_horario_funcionamento":null,"tx_numero_telefone":null,"cd_equipamento_base_origem":null}},{"type":"Feature","id":"equipamento_cultura_teatro_cinema_show_v3.40452","geometry":{"type":"Point","coordinates":[326598.0757,7386590.6255]},"geometry_name":"ge_ponto","properties":{"cd_identificador":40452,"cd_identificador_tema_equipamento":3,"nm_tema_equipamento":"CULTURA","cd_identificador_rede_equipamento":0,"nm_rede_equipamento":"SEM REDE","tx_rede_equipamento":"Sem descrição","cd_identificador_tipo_equipamento":7,"nm_tipo_equipamento":"Salas de Cinema ","tx_tipo_equipamento":"Salas de Cinema e Assentos","cd_identificador_classe_equipamento":4,"nm_classe_equipamento":"TEATRO-CINEMA-SHOW","tx_classe_equipamento":"TEATRO-CINEMA-SHOW","cd_identificador_esfera_administrativa_equipamento":4,"nm_esfera_administrativa_equipamento":"Particular","tx_esfera_administrativa_equipamento":"Entidade mantenedora: particular","cd_equipamento":null,"nm_equipamento":"CINEMARK MARKET PLACE - SALA 04","tx_endereco_equipamento":"Av. Dr. Chucri Zaidan,, 902","nm_bairro_equipamento":"","cd_cep_equipamento":"04583-110","tx_horario_funcionamento":null,"tx_numero_telefone":null,"cd_equipamento_base_origem":null}},{"type":"Feature","id":"equipamento_cultura_teatro_cinema_show_v3.40453","geometry":{"type":"Point","coordinates":[326598.0757,7386590.6255]},"geometry_name":"ge_ponto","properties":{"cd_identificador":40453,"cd_identificador_tema_equipamento":3,"nm_tema_equipamento":"CULTURA","cd_identificador_rede_equipamento":0,"nm_rede_equipamento":"SEM REDE","tx_rede_equipamento":"Sem descrição","cd_identificador_tipo_equipamento":7,"nm_tipo_equipamento":"Salas de Cinema ","tx_tipo_equipamento":"Salas de Cinema e Assentos","cd_identificador_classe_equipamento":4,"nm_classe_equipamento":"TEATRO-CINEMA-SHOW","tx_classe_equipamento":"TEATRO-CINEMA-SHOW","cd_identificador_esfera_administrativa_equipamento":4,"nm_esfera_administrativa_equipamento":"Particular","tx_esfera_administrativa_equipamento":"Entidade mantenedora: particular","cd_equipamento":null,"nm_equipamento":"CINEMARK MARKET PLACE - SALA 05","tx_endereco_equipamento":"Av. Dr. Chucri Zaidan,, 902","nm_bairro_equipamento":"","cd_cep_equipamento":"04583-110","tx_horario_funcionamento":null,"tx_numero_telefone":null,"cd_equipamento_base_origem":null}},{"type":"Feature","id":"equipamento_cultura_teatro_cinema_show_v3.40454","geometry":{"type":"Point","coordinates":[326598.0757,7386590.6255]},"geometry_name":"ge_ponto","properties":{"cd_identificador":40454,"cd_identificador_tema_equipamento":3,"nm_tema_equipamento":"CULTURA","cd_identificador_rede_equipamento":0,"nm_rede_equipamento":"SEM REDE","tx_rede_equipamento":"Sem descrição","cd_identificador_tipo_equipamento":7,"nm_tipo_equipamento":"Salas de Cinema ","tx_tipo_equipamento":"Salas de Cinema e Assentos","cd_identificador_classe_equipamento":4,"nm_classe_equipamento":"TEATRO-CINEMA-SHOW","tx_classe_equipamento":"TEATRO-CINEMA-SHOW","cd_identificador_esfera_administrativa_equipamento":4,"nm_esfera_administrativa_equipamento":"Particular","tx_esfera_administrativa_equipamento":"Entidade mantenedora: particular","cd_equipamento":null,"nm_equipamento":"CINEMARK MARKET PLACE - SALA 06","tx_endereco_equipamento":"Av. Dr. Chucri Zaidan,, 902","nm_bairro_equipamento":"","cd_cep_equipamento":"04583-110","tx_horario_funcionamento":null,"tx_numero_telefone":null,"cd_equipamento_base_origem":null}},{"type":"Feature","id":"equipamento_cultura_teatro_cinema_show_v3.40455","geometry":{"type":"Point","coordinates":[326598.0757,7386590.6255]},"geometry_name":"ge_ponto","properties":{"cd_identificador":40455,"cd_identificador_tema_equipamento":3,"nm_tema_equipamento":"CULTURA","cd_identificador_rede_equipamento":0,"nm_rede_equipamento":"SEM REDE","tx_rede_equipamento":"Sem descrição","cd_identificador_tipo_equipamento":7,"nm_tipo_equipamento":"Salas de Cinema ","tx_tipo_equipamento":"Salas de Cinema e Assentos","cd_identificador_classe_equipamento":4,"nm_classe_equipamento":"TEATRO-CINEMA-SHOW","tx_classe_equipamento":"TEATRO-CINEMA-SHOW","cd_identificador_esfera_administrativa_equipamento":4,"nm_esfera_administrativa_equipamento":"Particular","tx_esfera_administrativa_equipamento":"Entidade mantenedora: particular","cd_equipamento":null,"nm_equipamento":"CINEMARK MARKET PLACE - SALA 07","tx_endereco_equipamento":"Av. Dr. Chucri Zaidan,, 902","nm_bairro_equipamento":"","cd_cep_equipamento":"04583-110","tx_horario_funcionamento":null,"tx_numero_telefone":null,"cd_equipamento_base_origem":null}},{"type":"Feature","id":"equipamento_cultura_teatro_cinema_show_v3.40456","geometry":{"type":"Point","coordinates":[326598.0757,7386590.6255]},"geometry_name":"ge_ponto","properties":{"cd_identificador":40456,"cd_identificador_tema_equipamento":3,"nm_tema_equipamento":"CULTURA","cd_identificador_rede_equipamento":0,"nm_rede_equipamento":"SEM REDE","tx_rede_equipamento":"Sem descrição","cd_identificador_tipo_equipamento":7,"nm_tipo_equipamento":"Salas de Cinema ","tx_tipo_equipamento":"Salas de Cinema e Assentos","cd_identificador_classe_equipamento":4,"nm_classe_equipamento":"TEATRO-CINEMA-SHOW","tx_classe_equipamento":"TEATRO-CINEMA-SHOW","cd_identificador_esfera_administrativa_equipamento":4,"nm_esfera_administrativa_equipamento":"Particular","tx_esfera_administrativa_equipamento":"Entidade mantenedora: particular","cd_equipamento":null,"nm_equipamento":"CINEMARK MARKET PLACE - SALA 08","tx_endereco_equipamento":"Av. Dr. Chucri Zaidan,, 902","nm_bairro_equipamento":"","cd_cep_equipamento":"04583-110","tx_horario_funcionamento":null,"tx_numero_telefone":null,"cd_equipamento_base_origem":null}},{"type":"Feature","id":"equipamento_cultura_teatro_cinema_show_v3.40457","geometry":{"type":"Point","coordinates":[338268.4105,7389791.3899]},"geometry_name":"ge_ponto","properties":{"cd_identificador":40457,"cd_identificador_tema_equipamento":3,"nm_tema_equipamento":"CULTURA","cd_identificador_rede_equipamento":0,"nm_rede_equipamento":"SEM REDE","tx_rede_equipamento":"Sem descrição","cd_identificador_tipo_equipamento":7,"nm_tipo_equipamento":"Salas de Cinema ","tx_tipo_equipamento":"Salas de Cinema e Assentos","cd_identificador_classe_equipamento":4,"nm_classe_equipamento":"TEATRO-CINEMA-SHOW","tx_classe_equipamento":"TEATRO-CINEMA-SHOW","cd_identificador_esfera_administrativa_equipamento":4,"nm_esfera_administrativa_equipamento":"Particular","tx_esfera_administrativa_equipamento":"Entidade mantenedora: particular","cd_equipamento":null,"nm_equipamento":"CINEMARK CENTRAL PLAZA - SALA 01","tx_endereco_equipamento":"Av. Dr. Francisco Mesquita,, 1000","nm_bairro_equipamento":"","cd_cep_equipamento":"03153-001","tx_horario_funcionamento":null,"tx_numero_telefone":null,"cd_equipamento_base_origem":null}},{"type":"Feature","id":"equipamento_cultura_teatro_cinema_show_v3.40458","geometry":{"type":"Point","coordinates":[338268.4105,7389791.3899]},"geometry_name":"ge_ponto","properties":{"cd_identificador":40458,"cd_identificador_tema_equipamento":3,"nm_tema_equipamento":"CULTURA","cd_identificador_rede_equipamento":0,"nm_rede_equipamento":"SEM REDE","tx_rede_equipamento":"Sem descrição","cd_identificador_tipo_equipamento":7,"nm_tipo_equipamento":"Salas de Cinema ","tx_tipo_equipamento":"Salas de Cinema e Assentos","cd_identificador_classe_equipamento":4,"nm_classe_equipamento":"TEATRO-CINEMA-SHOW","tx_classe_equipamento":"TEATRO-CINEMA-SHOW","cd_identificador_esfera_administrativa_equipamento":4,"nm_esfera_administrativa_equipamento":"Particular","tx_esfera_administrativa_equipamento":"Entidade mantenedora: particular","cd_equipamento":null,"nm_equipamento":"CINEMARK CENTRAL PLAZA - SALA 02","tx_endereco_equipamento":"Av. Dr. Francisco Mesquita,, 1000","nm_bairro_equipamento":"","cd_cep_equipamento":"03153-001","tx_horario_funcionamento":null,"tx_numero_telefone":null,"cd_equipamento_base_origem":null}},{"type":"Feature","id":"equipamento_cultura_teatro_cinema_show_v3.40459","geometry":{"type":"Point","coordinates":[338268.4105,7389791.3899]},"geometry_name":"ge_ponto","properties":{"cd_identificador":40459,"cd_identificador_tema_equipamento":3,"nm_tema_equipamento":"CULTURA","cd_identificador_rede_equipamento":0,"nm_rede_equipamento":"SEM REDE","tx_rede_equipamento":"Sem descrição","cd_identificador_tipo_equipamento":7,"nm_tipo_equipamento":"Salas de Cinema ","tx_tipo_equipamento":"Salas de Cinema e Assentos","cd_identificador_classe_equipamento":4,"nm_classe_equipamento":"TEATRO-CINEMA-SHOW","tx_classe_equipamento":"TEATRO-CINEMA-SHOW","cd_identificador_esfera_administrativa_equipamento":4,"nm_esfera_administrativa_equipamento":"Particular","tx_esfera_administrativa_equipamento":"Entidade mantenedora: particular","cd_equipamento":null,"nm_equipamento":"CINEMARK CENTRAL PLAZA - SALA 03","tx_endereco_equipamento":"Av. Dr. Francisco Mesquita,, 1000","nm_bairro_equipamento":"","cd_cep_equipamento":"03153-001","tx_horario_funcionamento":null,"tx_numero_telefone":null,"cd_equipamento_base_origem":null}},{"type":"Feature","id":"equipamento_cultura_teatro_cinema_show_v3.40460","geometry":{"type":"Point","coordinates":[338268.4105,7389791.3899]},"geometry_name":"ge_ponto","properties":{"cd_identificador":40460,"cd_identificador_tema_equipamento":3,"nm_tema_equipamento":"CULTURA","cd_identificador_rede_equipamento":0,"nm_rede_equipamento":"SEM REDE","tx_rede_equipamento":"Sem descrição","cd_identificador_tipo_equipamento":7,"nm_tipo_equipamento":"Salas de Cinema ","tx_tipo_equipamento":"Salas de Cinema e Assentos","cd_identificador_classe_equipamento":4,"nm_classe_equipamento":"TEATRO-CINEMA-SHOW","tx_classe_equipamento":"TEATRO-CINEMA-SHOW","cd_identificador_esfera_administrativa_equipamento":4,"nm_esfera_administrativa_equipamento":"Particular","tx_esfera_administrativa_equipamento":"Entidade mantenedora: particular","cd_equipamento":null,"nm_equipamento":"CINEMARK CENTRAL PLAZA - SALA 04","tx_endereco_equipamento":"Av. Dr. Francisco Mesquita,, 1000","nm_bairro_equipamento":"","cd_cep_equipamento":"03153-001","tx_horario_funcionamento":null,"tx_numero_telefone":null,"cd_equipamento_base_origem":null}},{"type":"Feature","id":"equipamento_cultura_teatro_cinema_show_v3.40461","geometry":{"type":"Point","coordinates":[338268.4105,7389791.3899]},"geometry_name":"ge_ponto","properties":{"cd_identificador":40461,"cd_identificador_tema_equipamento":3,"nm_tema_equipamento":"CULTURA","cd_identificador_rede_equipamento":0,"nm_rede_equipamento":"SEM REDE","tx_rede_equipamento":"Sem descrição","cd_identificador_tipo_equipamento":7,"nm_tipo_equipamento":"Salas de Cinema ","tx_tipo_equipamento":"Salas de Cinema e Assentos","cd_identificador_classe_equipamento":4,"nm_classe_equipamento":"TEATRO-CINEMA-SHOW","tx_classe_equipamento":"TEATRO-CINEMA-SHOW","cd_identificador_esfera_administrativa_equipamento":4,"nm_esfera_administrativa_equipamento":"Particular","tx_esfera_administrativa_equipamento":"Entidade mantenedora: particular","cd_equipamento":null,"nm_equipamento":"CINEMARK CENTRAL PLAZA - SALA 05","tx_endereco_equipamento":"Av. Dr. Francisco Mesquita,, 1000","nm_bairro_equipamento":"","cd_cep_equipamento":"03153-001","tx_horario_funcionamento":null,"tx_numero_telefone":null,"cd_equipamento_base_origem":null}},{"type":"Feature","id":"equipamento_cultura_teatro_cinema_show_v3.40462","geometry":{"type":"Point","coordinates":[338268.4105,7389791.3899]},"geometry_name":"ge_ponto","properties":{"cd_identificador":40462,"cd_identificador_tema_equipamento":3,"nm_tema_equipamento":"CULTURA","cd_identificador_rede_equipamento":0,"nm_rede_equipamento":"SEM REDE","tx_rede_equipamento":"Sem descrição","cd_identificador_tipo_equipamento":7,"nm_tipo_equipamento":"Salas de Cinema ","tx_tipo_equipamento":"Salas de Cinema e Assentos","cd_identificador_classe_equipamento":4,"nm_classe_equipamento":"TEATRO-CINEMA-SHOW","tx_classe_equipamento":"TEATRO-CINEMA-SHOW","cd_identificador_esfera_administrativa_equipamento":4,"nm_esfera_administrativa_equipamento":"Particular","tx_esfera_administrativa_equipamento":"Entidade mantenedora: particular","cd_equipamento":null,"nm_equipamento":"CINEMARK CENTRAL PLAZA - SALA 06","tx_endereco_equipamento":"Av. Dr. Francisco Mesquita,, 1000","nm_bairro_equipamento":"","cd_cep_equipamento":"03153-001","tx_horario_funcionamento":null,"tx_numero_telefone":null,"cd_equipamento_base_origem":null}},{"type":"Feature","id":"equipamento_cultura_teatro_cinema_show_v3.40463","geometry":{"type":"Point","coordinates":[338268.4105,7389791.3899]},"geometry_name":"ge_ponto","properties":{"cd_identificador":40463,"cd_identificador_tema_equipamento":3,"nm_tema_equipamento":"CULTURA","cd_identificador_rede_equipamento":0,"nm_rede_equipamento":"SEM REDE","tx_rede_equipamento":"Sem descrição","cd_identificador_tipo_equipamento":7,"nm_tipo_equipamento":"Salas de Cinema ","tx_tipo_equipamento":"Salas de Cinema e Assentos","cd_identificador_classe_equipamento":4,"nm_classe_equipamento":"TEATRO-CINEMA-SHOW","tx_classe_equipamento":"TEATRO-CINEMA-SHOW","cd_identificador_esfera_administrativa_equipamento":4,"nm_esfera_administrativa_equipamento":"Particular","tx_esfera_administrativa_equipamento":"Entidade mantenedora: particular","cd_equipamento":null,"nm_equipamento":"CINEMARK CENTRAL PLAZA - SALA 07","tx_endereco_equipamento":"Av. Dr. Francisco Mesquita,, 1000","nm_bairro_equipamento":"","cd_cep_equipamento":"03153-001","tx_horario_funcionamento":null,"tx_numero_telefone":null,"cd_equipamento_base_origem":null}},{"type":"Feature","id":"equipamento_cultura_teatro_cinema_show_v3.40464","geometry":{"type":"Point","coordinates":[338268.4105,7389791.3899]},"geometry_name":"ge_ponto","properties":{"cd_identificador":40464,"cd_identificador_tema_equipamento":3,"nm_tema_equipamento":"CULTURA","cd_identificador_rede_equipamento":0,"nm_rede_equipamento":"SEM REDE","tx_rede_equipamento":"Sem descrição","cd_identificador_tipo_equipamento":7,"nm_tipo_equipamento":"Salas de Cinema ","tx_tipo_equipamento":"Salas de Cinema e Assentos","cd_identificador_classe_equipamento":4,"nm_classe_equipamento":"TEATRO-CINEMA-SHOW","tx_classe_equipamento":"TEATRO-CINEMA-SHOW","cd_identificador_esfera_administrativa_equipamento":4,"nm_esfera_administrativa_equipamento":"Particular","tx_esfera_administrativa_equipamento":"Entidade mantenedora: particular","cd_equipamento":null,"nm_equipamento":"CINEMARK CENTRAL PLAZA - SALA 08","tx_endereco_equipamento":"Av. Dr. Francisco Mesquita,, 1000","nm_bairro_equipamento":"","cd_cep_equipamento":"03153-001","tx_horario_funcionamento":null,"tx_numero_telefone":null,"cd_equipamento_base_origem":null}},{"type":"Feature","id":"equipamento_cultura_teatro_cinema_show_v3.40465","geometry":{"type":"Point","coordinates":[338268.4105,7389791.3899]},"geometry_name":"ge_ponto","properties":{"cd_identificador":40465,"cd_identificador_tema_equipamento":3,"nm_tema_equipamento":"CULTURA","cd_identificador_rede_equipamento":0,"nm_rede_equipamento":"SEM REDE","tx_rede_equipamento":"Sem descrição","cd_identificador_tipo_equipamento":7,"nm_tipo_equipamento":"Salas de Cinema ","tx_tipo_equipamento":"Salas de Cinema e Assentos","cd_identificador_classe_equipamento":4,"nm_classe_equipamento":"TEATRO-CINEMA-SHOW","tx_classe_equipamento":"TEATRO-CINEMA-SHOW","cd_identificador_esfera_administrativa_equipamento":4,"nm_esfera_administrativa_equipamento":"Particular","tx_esfera_administrativa_equipamento":"Entidade mantenedora: particular","cd_equipamento":null,"nm_equipamento":"CINEMARK CENTRAL PLAZA - SALA 09","tx_endereco_equipamento":"Av. Dr. Francisco Mesquita,, 1000","nm_bairro_equipamento":"","cd_cep_equipamento":"03153-001","tx_horario_funcionamento":null,"tx_numero_telefone":null,"cd_equipamento_base_origem":null}},{"type":"Feature","id":"equipamento_cultura_teatro_cinema_show_v3.40466","geometry":{"type":"Point","coordinates":[338268.4105,7389791.3899]},"geometry_name":"ge_ponto","properties":{"cd_identificador":40466,"cd_identificador_tema_equipamento":3,"nm_tema_equipamento":"CULTURA","cd_identificador_rede_equipamento":0,"nm_rede_equipamento":"SEM REDE","tx_rede_equipamento":"Sem descrição","cd_identificador_tipo_equipamento":7,"nm_tipo_equipamento":"Salas de Cinema ","tx_tipo_equipamento":"Salas de Cinema e Assentos","cd_identificador_classe_equipamento":4,"nm_classe_equipamento":"TEATRO-CINEMA-SHOW","tx_classe_equipamento":"TEATRO-CINEMA-SHOW","cd_identificador_esfera_administrativa_equipamento":4,"nm_esfera_administrativa_equipamento":"Particular","tx_esfera_administrativa_equipamento":"Entidade mantenedora: particular","cd_equipamento":null,"nm_equipamento":"CINEMARK CENTRAL PLAZA - SALA 10","tx_endereco_equipamento":"Av. Dr. Francisco Mesquita,, 1000","nm_bairro_equipamento":"","cd_cep_equipamento":"03153-001","tx_horario_funcionamento":null,"tx_numero_telefone":null,"cd_equipamento_base_origem":null}},{"type":"Feature","id":"equipamento_cultura_teatro_cinema_show_v3.40467","geometry":{"type":"Point","coordinates":[326691.4665,7380390.1139]},"geometry_name":"ge_ponto","properties":{"cd_identificador":40467,"cd_identificador_tema_equipamento":3,"nm_tema_equipamento":"CULTURA","cd_identificador_rede_equipamento":0,"nm_rede_equipamento":"SEM REDE","tx_rede_equipamento":"Sem descrição","cd_identificador_tipo_equipamento":7,"nm_tipo_equipamento":"Salas de Cinema ","tx_tipo_equipamento":"Salas de Cinema e Assentos","cd_identificador_classe_equipamento":4,"nm_classe_equipamento":"TEATRO-CINEMA-SHOW","tx_classe_equipamento":"TEATRO-CINEMA-SHOW","cd_identificador_esfera_administrativa_equipamento":4,"nm_esfera_administrativa_equipamento":"Particular","tx_esfera_administrativa_equipamento":"Entidade mantenedora: particular","cd_equipamento":null,"nm_equipamento":"CINEMARK SP MARKET - SALA 01","tx_endereco_equipamento":"Av. Das Nações Unidas, 22540","nm_bairro_equipamento":"","cd_cep_equipamento":"04795-000","tx_horario_funcionamento":null,"tx_numero_telefone":null,"cd_equipamento_base_origem":null}},{"type":"Feature","id":"equipamento_cultura_teatro_cinema_show_v3.40468","geometry":{"type":"Point","coordinates":[326691.4665,7380390.1139]},"geometry_name":"ge_ponto","properties":{"cd_identificador":40468,"cd_identificador_tema_equipamento":3,"nm_tema_equipamento":"CULTURA","cd_identificador_rede_equipamento":0,"nm_rede_equipamento":"SEM REDE","tx_rede_equipamento":"Sem descrição","cd_identificador_tipo_equipamento":7,"nm_tipo_equipamento":"Salas de Cinema ","tx_tipo_equipamento":"Salas de Cinema e Assentos","cd_identificador_classe_equipamento":4,"nm_classe_equipamento":"TEATRO-CINEMA-SHOW","tx_classe_equipamento":"TEATRO-CINEMA-SHOW","cd_identificador_esfera_administrativa_equipamento":4,"nm_esfera_administrativa_equipamento":"Particular","tx_esfera_administrativa_equipamento":"Entidade mantenedora: particular","cd_equipamento":null,"nm_equipamento":"CINEMARK SP MARKET - SALA 02","tx_endereco_equipamento":"Av. Das Nações Unidas, 22540","nm_bairro_equipamento":"","cd_cep_equipamento":"04795-000","tx_horario_funcionamento":null,"tx_numero_telefone":null,"cd_equipamento_base_origem":null}},{"type":"Feature","id":"equipamento_cultura_teatro_cinema_show_v3.40469","geometry":{"type":"Point","coordinates":[326691.4665,7380390.1139]},"geometry_name":"ge_ponto","properties":{"cd_identificador":40469,"cd_identificador_tema_equipamento":3,"nm_tema_equipamento":"CULTURA","cd_identificador_rede_equipamento":0,"nm_rede_equipamento":"SEM REDE","tx_rede_equipamento":"Sem descrição","cd_identificador_tipo_equipamento":7,"nm_tipo_equipamento":"Salas de Cinema ","tx_tipo_equipamento":"Salas de Cinema e Assentos","cd_identificador_classe_equipamento":4,"nm_classe_equipamento":"TEATRO-CINEMA-SHOW","tx_classe_equipamento":"TEATRO-CINEMA-SHOW","cd_identificador_esfera_administrativa_equipamento":4,"nm_esfera_administrativa_equipamento":"Particular","tx_esfera_administrativa_equipamento":"Entidade mantenedora: particular","cd_equipamento":null,"nm_equipamento":"CINEMARK SP MARKET - SALA 03","tx_endereco_equipamento":"Av. Das Nações Unidas, 22540","nm_bairro_equipamento":"","cd_cep_equipamento":"04795-000","tx_horario_funcionamento":null,"tx_numero_telefone":null,"cd_equipamento_base_origem":null}},{"type":"Feature","id":"equipamento_cultura_teatro_cinema_show_v3.40470","geometry":{"type":"Point","coordinates":[326691.4665,7380390.1139]},"geometry_name":"ge_ponto","properties":{"cd_identificador":40470,"cd_identificador_tema_equipamento":3,"nm_tema_equipamento":"CULTURA","cd_identificador_rede_equipamento":0,"nm_rede_equipamento":"SEM REDE","tx_rede_equipamento":"Sem descrição","cd_identificador_tipo_equipamento":7,"nm_tipo_equipamento":"Salas de Cinema ","tx_tipo_equipamento":"Salas de Cinema e Assentos","cd_identificador_classe_equipamento":4,"nm_classe_equipamento":"TEATRO-CINEMA-SHOW","tx_classe_equipamento":"TEATRO-CINEMA-SHOW","cd_identificador_esfera_administrativa_equipamento":4,"nm_esfera_administrativa_equipamento":"Particular","tx_esfera_administrativa_equipamento":"Entidade mantenedora: particular","cd_equipamento":null,"nm_equipamento":"CINEMARK SP MARKET - SALA 04","tx_endereco_equipamento":"Av. Das Nações Unidas, 22540","nm_bairro_equipamento":"","cd_cep_equipamento":"04795-000","tx_horario_funcionamento":null,"tx_numero_telefone":null,"cd_equipamento_base_origem":null}},{"type":"Feature","id":"equipamento_cultura_teatro_cinema_show_v3.40471","geometry":{"type":"Point","coordinates":[326691.4665,7380390.1139]},"geometry_name":"ge_ponto","properties":{"cd_identificador":40471,"cd_identificador_tema_equipamento":3,"nm_tema_equipamento":"CULTURA","cd_identificador_rede_equipamento":0,"nm_rede_equipamento":"SEM REDE","tx_rede_equipamento":"Sem descrição","cd_identificador_tipo_equipamento":7,"nm_tipo_equipamento":"Salas de Cinema ","tx_tipo_equipamento":"Salas de Cinema e Assentos","cd_identificador_classe_equipamento":4,"nm_classe_equipamento":"TEATRO-CINEMA-SHOW","tx_classe_equipamento":"TEATRO-CINEMA-SHOW","cd_identificador_esfera_administrativa_equipamento":4,"nm_esfera_administrativa_equipamento":"Particular","tx_esfera_administrativa_equipamento":"Entidade mantenedora: particular","cd_equipamento":null,"nm_equipamento":"CINEMARK SP MARKET - SALA 05","tx_endereco_equipamento":"Av. Das Nações Unidas, 22540","nm_bairro_equipamento":"","cd_cep_equipamento":"04795-000","tx_horario_funcionamento":null,"tx_numero_telefone":null,"cd_equipamento_base_origem":null}},{"type":"Feature","id":"equipamento_cultura_teatro_cinema_show_v3.40472","geometry":{"type":"Point","coordinates":[326691.4665,7380390.1139]},"geometry_name":"ge_ponto","properties":{"cd_identificador":40472,"cd_identificador_tema_equipamento":3,"nm_tema_equipamento":"CULTURA","cd_identificador_rede_equipamento":0,"nm_rede_equipamento":"SEM REDE","tx_rede_equipamento":"Sem descrição","cd_identificador_tipo_equipamento":7,"nm_tipo_equipamento":"Salas de Cinema ","tx_tipo_equipamento":"Salas de Cinema e Assentos","cd_identificador_classe_equipamento":4,"nm_classe_equipamento":"TEATRO-CINEMA-SHOW","tx_classe_equipamento":"TEATRO-CINEMA-SHOW","cd_identificador_esfera_administrativa_equipamento":4,"nm_esfera_administrativa_equipamento":"Particular","tx_esfera_administrativa_equipamento":"Entidade mantenedora: particular","cd_equipamento":null,"nm_equipamento":"CINEMARK SP MARKET - SALA 06","tx_endereco_equipamento":"Av. Das Nações Unidas, 22540","nm_bairro_equipamento":"","cd_cep_equipamento":"04795-000","tx_horario_funcionamento":null,"tx_numero_telefone":null,"cd_equipamento_base_origem":null}},{"type":"Feature","id":"equipamento_cultura_teatro_cinema_show_v3.40473","geometry":{"type":"Point","coordinates":[326691.4665,7380390.1139]},"geometry_name":"ge_ponto","properties":{"cd_identificador":40473,"cd_identificador_tema_equipamento":3,"nm_tema_equipamento":"CULTURA","cd_identificador_rede_equipamento":0,"nm_rede_equipamento":"SEM REDE","tx_rede_equipamento":"Sem descrição","cd_identificador_tipo_equipamento":7,"nm_tipo_equipamento":"Salas de Cinema ","tx_tipo_equipamento":"Salas de Cinema e Assentos","cd_identificador_classe_equipamento":4,"nm_classe_equipamento":"TEATRO-CINEMA-SHOW","tx_classe_equipamento":"TEATRO-CINEMA-SHOW","cd_identificador_esfera_administrativa_equipamento":4,"nm_esfera_administrativa_equipamento":"Particular","tx_esfera_administrativa_equipamento":"Entidade mantenedora: particular","cd_equipamento":null,"nm_equipamento":"CINEMARK SP MARKET - SALA 07","tx_endereco_equipamento":"Av. Das Nações Unidas, 22540","nm_bairro_equipamento":"","cd_cep_equipamento":"04795-000","tx_horario_funcionamento":null,"tx_numero_telefone":null,"cd_equipamento_base_origem":null}},{"type":"Feature","id":"equipamento_cultura_teatro_cinema_show_v3.40474","geometry":{"type":"Point","coordinates":[326691.4665,7380390.1139]},"geometry_name":"ge_ponto","properties":{"cd_identificador":40474,"cd_identificador_tema_equipamento":3,"nm_tema_equipamento":"CULTURA","cd_identificador_rede_equipamento":0,"nm_rede_equipamento":"SEM REDE","tx_rede_equipamento":"Sem descrição","cd_identificador_tipo_equipamento":7,"nm_tipo_equipamento":"Salas de Cinema ","tx_tipo_equipamento":"Salas de Cinema e Assentos","cd_identificador_classe_equipamento":4,"nm_classe_equipamento":"TEATRO-CINEMA-SHOW","tx_classe_equipamento":"TEATRO-CINEMA-SHOW","cd_identificador_esfera_administrativa_equipamento":4,"nm_esfera_administrativa_equipamento":"Particular","tx_esfera_administrativa_equipamento":"Entidade mantenedora: particular","cd_equipamento":null,"nm_equipamento":"CINEMARK SP MARKET - SALA 08","tx_endereco_equipamento":"Av. Das Nações Unidas, 22540","nm_bairro_equipamento":"","cd_cep_equipamento":"04795-000","tx_horario_funcionamento":null,"tx_numero_telefone":null,"cd_equipamento_base_origem":null}},{"type":"Feature","id":"equipamento_cultura_teatro_cinema_show_v3.40475","geometry":{"type":"Point","coordinates":[326691.4665,7380390.1139]},"geometry_name":"ge_ponto","properties":{"cd_identificador":40475,"cd_identificador_tema_equipamento":3,"nm_tema_equipamento":"CULTURA","cd_identificador_rede_equipamento":0,"nm_rede_equipamento":"SEM REDE","tx_rede_equipamento":"Sem descrição","cd_identificador_tipo_equipamento":7,"nm_tipo_equipamento":"Salas de Cinema ","tx_tipo_equipamento":"Salas de Cinema e Assentos","cd_identificador_classe_equipamento":4,"nm_classe_equipamento":"TEATRO-CINEMA-SHOW","tx_classe_equipamento":"TEATRO-CINEMA-SHOW","cd_identificador_esfera_administrativa_equipamento":4,"nm_esfera_administrativa_equipamento":"Particular","tx_esfera_administrativa_equipamento":"Entidade mantenedora: particular","cd_equipamento":null,"nm_equipamento":"CINEMARK SP MARKET - SALA 09","tx_endereco_equipamento":"Av. Das Nações Unidas, 22540","nm_bairro_equipamento":"","cd_cep_equipamento":"04795-000","tx_horario_funcionamento":null,"tx_numero_telefone":null,"cd_equipamento_base_origem":null}},{"type":"Feature","id":"equipamento_cultura_teatro_cinema_show_v3.40476","geometry":{"type":"Point","coordinates":[326691.4665,7380390.1139]},"geometry_name":"ge_ponto","properties":{"cd_identificador":40476,"cd_identificador_tema_equipamento":3,"nm_tema_equipamento":"CULTURA","cd_identificador_rede_equipamento":0,"nm_rede_equipamento":"SEM REDE","tx_rede_equipamento":"Sem descrição","cd_identificador_tipo_equipamento":7,"nm_tipo_equipamento":"Salas de Cinema ","tx_tipo_equipamento":"Salas de Cinema e Assentos","cd_identificador_classe_equipamento":4,"nm_classe_equipamento":"TEATRO-CINEMA-SHOW","tx_classe_equipamento":"TEATRO-CINEMA-SHOW","cd_identificador_esfera_administrativa_equipamento":4,"nm_esfera_administrativa_equipamento":"Particular","tx_esfera_administrativa_equipamento":"Entidade mantenedora: particular","cd_equipamento":null,"nm_equipamento":"CINEMARK SP MARKET - SALA 10","tx_endereco_equipamento":"Av. Das Nações Unidas, 22540","nm_bairro_equipamento":"","cd_cep_equipamento":"04795-000","tx_horario_funcionamento":null,"tx_numero_telefone":null,"cd_equipamento_base_origem":null}},{"type":"Feature","id":"equipamento_cultura_teatro_cinema_show_v3.40477","geometry":{"type":"Point","coordinates":[326691.4665,7380390.1139]},"geometry_name":"ge_ponto","properties":{"cd_identificador":40477,"cd_identificador_tema_equipamento":3,"nm_tema_equipamento":"CULTURA","cd_identificador_rede_equipamento":0,"nm_rede_equipamento":"SEM REDE","tx_rede_equipamento":"Sem descrição","cd_identificador_tipo_equipamento":7,"nm_tipo_equipamento":"Salas de Cinema ","tx_tipo_equipamento":"Salas de Cinema e Assentos","cd_identificador_classe_equipamento":4,"nm_classe_equipamento":"TEATRO-CINEMA-SHOW","tx_classe_equipamento":"TEATRO-CINEMA-SHOW","cd_identificador_esfera_administrativa_equipamento":4,"nm_esfera_administrativa_equipamento":"Particular","tx_esfera_administrativa_equipamento":"Entidade mantenedora: particular","cd_equipamento":null,"nm_equipamento":"CINEMARK SP MARKET - SALA 11","tx_endereco_equipamento":"Av. Das Nações Unidas, 22540","nm_bairro_equipamento":"","cd_cep_equipamento":"04795-000","tx_horario_funcionamento":null,"tx_numero_telefone":null,"cd_equipamento_base_origem":null}},{"type":"Feature","id":"equipamento_cultura_teatro_cinema_show_v3.40478","geometry":{"type":"Point","coordinates":[339125.4038,7395653.1434]},"geometry_name":"ge_ponto","properties":{"cd_identificador":40478,"cd_identificador_tema_equipamento":3,"nm_tema_equipamento":"CULTURA","cd_identificador_rede_equipamento":0,"nm_rede_equipamento":"SEM REDE","tx_rede_equipamento":"Sem descrição","cd_identificador_tipo_equipamento":7,"nm_tipo_equipamento":"Salas de Cinema ","tx_tipo_equipamento":"Salas de Cinema e Assentos","cd_identificador_classe_equipamento":4,"nm_classe_equipamento":"TEATRO-CINEMA-SHOW","tx_classe_equipamento":"TEATRO-CINEMA-SHOW","cd_identificador_esfera_administrativa_equipamento":4,"nm_esfera_administrativa_equipamento":"Particular","tx_esfera_administrativa_equipamento":"Entidade mantenedora: particular","cd_equipamento":null,"nm_equipamento":"CINEMARK TATUAPÉ - SALA 01","tx_endereco_equipamento":"Rua Domingos Agostim,, 91","nm_bairro_equipamento":"","cd_cep_equipamento":"03306-110","tx_horario_funcionamento":null,"tx_numero_telefone":null,"cd_equipamento_base_origem":null}},{"type":"Feature","id":"equipamento_cultura_teatro_cinema_show_v3.40479","geometry":{"type":"Point","coordinates":[339125.4038,7395653.1434]},"geometry_name":"ge_ponto","properties":{"cd_identificador":40479,"cd_identificador_tema_equipamento":3,"nm_tema_equipamento":"CULTURA","cd_identificador_rede_equipamento":0,"nm_rede_equipamento":"SEM REDE","tx_rede_equipamento":"Sem descrição","cd_identificador_tipo_equipamento":7,"nm_tipo_equipamento":"Salas de Cinema ","tx_tipo_equipamento":"Salas de Cinema e Assentos","cd_identificador_classe_equipamento":4,"nm_classe_equipamento":"TEATRO-CINEMA-SHOW","tx_classe_equipamento":"TEATRO-CINEMA-SHOW","cd_identificador_esfera_administrativa_equipamento":4,"nm_esfera_administrativa_equipamento":"Particular","tx_esfera_administrativa_equipamento":"Entidade mantenedora: particular","cd_equipamento":null,"nm_equipamento":"CINEMARK TATUAPÉ - SALA 02","tx_endereco_equipamento":"Rua Domingos Agostim,, 91","nm_bairro_equipamento":"","cd_cep_equipamento":"03306-110","tx_horario_funcionamento":null,"tx_numero_telefone":null,"cd_equipamento_base_origem":null}},{"type":"Feature","id":"equipamento_cultura_teatro_cinema_show_v3.40480","geometry":{"type":"Point","coordinates":[339125.4038,7395653.1434]},"geometry_name":"ge_ponto","properties":{"cd_identificador":40480,"cd_identificador_tema_equipamento":3,"nm_tema_equipamento":"CULTURA","cd_identificador_rede_equipamento":0,"nm_rede_equipamento":"SEM REDE","tx_rede_equipamento":"Sem descrição","cd_identificador_tipo_equipamento":7,"nm_tipo_equipamento":"Salas de Cinema ","tx_tipo_equipamento":"Salas de Cinema e Assentos","cd_identificador_classe_equipamento":4,"nm_classe_equipamento":"TEATRO-CINEMA-SHOW","tx_classe_equipamento":"TEATRO-CINEMA-SHOW","cd_identificador_esfera_administrativa_equipamento":4,"nm_esfera_administrativa_equipamento":"Particular","tx_esfera_administrativa_equipamento":"Entidade mantenedora: particular","cd_equipamento":null,"nm_equipamento":"CINEMARK TATUAPÉ - SALA 03","tx_endereco_equipamento":"Rua Domingos Agostim,, 91","nm_bairro_equipamento":"","cd_cep_equipamento":"03306-110","tx_horario_funcionamento":null,"tx_numero_telefone":null,"cd_equipamento_base_origem":null}},{"type":"Feature","id":"equipamento_cultura_teatro_cinema_show_v3.40481","geometry":{"type":"Point","coordinates":[339125.4038,7395653.1434]},"geometry_name":"ge_ponto","properties":{"cd_identificador":40481,"cd_identificador_tema_equipamento":3,"nm_tema_equipamento":"CULTURA","cd_identificador_rede_equipamento":0,"nm_rede_equipamento":"SEM REDE","tx_rede_equipamento":"Sem descrição","cd_identificador_tipo_equipamento":7,"nm_tipo_equipamento":"Salas de Cinema ","tx_tipo_equipamento":"Salas de Cinema e Assentos","cd_identificador_classe_equipamento":4,"nm_classe_equipamento":"TEATRO-CINEMA-SHOW","tx_classe_equipamento":"TEATRO-CINEMA-SHOW","cd_identificador_esfera_administrativa_equipamento":4,"nm_esfera_administrativa_equipamento":"Particular","tx_esfera_administrativa_equipamento":"Entidade mantenedora: particular","cd_equipamento":null,"nm_equipamento":"CINEMARK TATUAPÉ - SALA 04","tx_endereco_equipamento":"Rua Domingos Agostim,, 91","nm_bairro_equipamento":"","cd_cep_equipamento":"03306-110","tx_horario_funcionamento":null,"tx_numero_telefone":null,"cd_equipamento_base_origem":null}},{"type":"Feature","id":"equipamento_cultura_teatro_cinema_show_v3.40482","geometry":{"type":"Point","coordinates":[339125.4038,7395653.1434]},"geometry_name":"ge_ponto","properties":{"cd_identificador":40482,"cd_identificador_tema_equipamento":3,"nm_tema_equipamento":"CULTURA","cd_identificador_rede_equipamento":0,"nm_rede_equipamento":"SEM REDE","tx_rede_equipamento":"Sem descrição","cd_identificador_tipo_equipamento":7,"nm_tipo_equipamento":"Salas de Cinema ","tx_tipo_equipamento":"Salas de Cinema e Assentos","cd_identificador_classe_equipamento":4,"nm_classe_equipamento":"TEATRO-CINEMA-SHOW","tx_classe_equipamento":"TEATRO-CINEMA-SHOW","cd_identificador_esfera_administrativa_equipamento":4,"nm_esfera_administrativa_equipamento":"Particular","tx_esfera_administrativa_equipamento":"Entidade mantenedora: particular","cd_equipamento":null,"nm_equipamento":"CINEMARK TATUAPÉ - SALA 05","tx_endereco_equipamento":"Rua Domingos Agostim,, 91","nm_bairro_equipamento":"","cd_cep_equipamento":"03306-110","tx_horario_funcionamento":null,"tx_numero_telefone":null,"cd_equipamento_base_origem":null}},{"type":"Feature","id":"equipamento_cultura_teatro_cinema_show_v3.40483","geometry":{"type":"Point","coordinates":[339125.4038,7395653.1434]},"geometry_name":"ge_ponto","properties":{"cd_identificador":40483,"cd_identificador_tema_equipamento":3,"nm_tema_equipamento":"CULTURA","cd_identificador_rede_equipamento":0,"nm_rede_equipamento":"SEM REDE","tx_rede_equipamento":"Sem descrição","cd_identificador_tipo_equipamento":7,"nm_tipo_equipamento":"Salas de Cinema ","tx_tipo_equipamento":"Salas de Cinema e Assentos","cd_identificador_classe_equipamento":4,"nm_classe_equipamento":"TEATRO-CINEMA-SHOW","tx_classe_equipamento":"TEATRO-CINEMA-SHOW","cd_identificador_esfera_administrativa_equipamento":4,"nm_esfera_administrativa_equipamento":"Particular","tx_esfera_administrativa_equipamento":"Entidade mantenedora: particular","cd_equipamento":null,"nm_equipamento":"CINEMARK TATUAPÉ - SALA 06","tx_endereco_equipamento":"Rua Domingos Agostim,, 91","nm_bairro_equipamento":"","cd_cep_equipamento":"03306-110","tx_horario_funcionamento":null,"tx_numero_telefone":null,"cd_equipamento_base_origem":null}},{"type":"Feature","id":"equipamento_cultura_teatro_cinema_show_v3.40484","geometry":{"type":"Point","coordinates":[339125.4038,7395653.1434]},"geometry_name":"ge_ponto","properties":{"cd_identificador":40484,"cd_identificador_tema_equipamento":3,"nm_tema_equipamento":"CULTURA","cd_identificador_rede_equipamento":0,"nm_rede_equipamento":"SEM REDE","tx_rede_equipamento":"Sem descrição","cd_identificador_tipo_equipamento":7,"nm_tipo_equipamento":"Salas de Cinema ","tx_tipo_equipamento":"Salas de Cinema e Assentos","cd_identificador_classe_equipamento":4,"nm_classe_equipamento":"TEATRO-CINEMA-SHOW","tx_classe_equipamento":"TEATRO-CINEMA-SHOW","cd_identificador_esfera_administrativa_equipamento":4,"nm_esfera_administrativa_equipamento":"Particular","tx_esfera_administrativa_equipamento":"Entidade mantenedora: particular","cd_equipamento":null,"nm_equipamento":"CINEMARK TATUAPÉ - SALA 07","tx_endereco_equipamento":"Rua Domingos Agostim,, 91","nm_bairro_equipamento":"","cd_cep_equipamento":"03306-110","tx_horario_funcionamento":null,"tx_numero_telefone":null,"cd_equipamento_base_origem":null}},{"type":"Feature","id":"equipamento_cultura_teatro_cinema_show_v3.40485","geometry":{"type":"Point","coordinates":[339125.4038,7395653.1434]},"geometry_name":"ge_ponto","properties":{"cd_identificador":40485,"cd_identificador_tema_equipamento":3,"nm_tema_equipamento":"CULTURA","cd_identificador_rede_equipamento":0,"nm_rede_equipamento":"SEM REDE","tx_rede_equipamento":"Sem descrição","cd_identificador_tipo_equipamento":7,"nm_tipo_equipamento":"Salas de Cinema ","tx_tipo_equipamento":"Salas de Cinema e Assentos","cd_identificador_classe_equipamento":4,"nm_classe_equipamento":"TEATRO-CINEMA-SHOW","tx_classe_equipamento":"TEATRO-CINEMA-SHOW","cd_identificador_esfera_administrativa_equipamento":4,"nm_esfera_administrativa_equipamento":"Particular","tx_esfera_administrativa_equipamento":"Entidade mantenedora: particular","cd_equipamento":null,"nm_equipamento":"CINEMARK TATUAPÉ - SALA 08","tx_endereco_equipamento":"Rua Domingos Agostim,, 91","nm_bairro_equipamento":"","cd_cep_equipamento":"03306-110","tx_horario_funcionamento":null,"tx_numero_telefone":null,"cd_equipamento_base_origem":null}},{"type":"Feature","id":"equipamento_cultura_teatro_cinema_show_v3.40486","geometry":{"type":"Point","coordinates":[346552.4151,7393185.3317]},"geometry_name":"ge_ponto","properties":{"cd_identificador":40486,"cd_identificador_tema_equipamento":3,"nm_tema_equipamento":"CULTURA","cd_identificador_rede_equipamento":0,"nm_rede_equipamento":"SEM REDE","tx_rede_equipamento":"Sem descrição","cd_identificador_tipo_equipamento":7,"nm_tipo_equipamento":"Salas de Cinema ","tx_tipo_equipamento":"Salas de Cinema e Assentos","cd_identificador_classe_equipamento":4,"nm_classe_equipamento":"TEATRO-CINEMA-SHOW","tx_classe_equipamento":"TEATRO-CINEMA-SHOW","cd_identificador_esfera_administrativa_equipamento":4,"nm_esfera_administrativa_equipamento":"Particular","tx_esfera_administrativa_equipamento":"Entidade mantenedora: particular","cd_equipamento":null,"nm_equipamento":"CINEMARK ARICANDUVA - SALA 01","tx_endereco_equipamento":"Av. Aricanduva,, 5555","nm_bairro_equipamento":"","cd_cep_equipamento":"03527-000","tx_horario_funcionamento":null,"tx_numero_telefone":null,"cd_equipamento_base_origem":null}},{"type":"Feature","id":"equipamento_cultura_teatro_cinema_show_v3.40487","geometry":{"type":"Point","coordinates":[346552.4151,7393185.3317]},"geometry_name":"ge_ponto","properties":{"cd_identificador":40487,"cd_identificador_tema_equipamento":3,"nm_tema_equipamento":"CULTURA","cd_identificador_rede_equipamento":0,"nm_rede_equipamento":"SEM REDE","tx_rede_equipamento":"Sem descrição","cd_identificador_tipo_equipamento":7,"nm_tipo_equipamento":"Salas de Cinema ","tx_tipo_equipamento":"Salas de Cinema e Assentos","cd_identificador_classe_equipamento":4,"nm_classe_equipamento":"TEATRO-CINEMA-SHOW","tx_classe_equipamento":"TEATRO-CINEMA-SHOW","cd_identificador_esfera_administrativa_equipamento":4,"nm_esfera_administrativa_equipamento":"Particular","tx_esfera_administrativa_equipamento":"Entidade mantenedora: particular","cd_equipamento":null,"nm_equipamento":"CINEMARK ARICANDUVA - SALA 02","tx_endereco_equipamento":"Av. Aricanduva,, 5555","nm_bairro_equipamento":"","cd_cep_equipamento":"03527-000","tx_horario_funcionamento":null,"tx_numero_telefone":null,"cd_equipamento_base_origem":null}},{"type":"Feature","id":"equipamento_cultura_teatro_cinema_show_v3.40488","geometry":{"type":"Point","coordinates":[346552.4151,7393185.3317]},"geometry_name":"ge_ponto","properties":{"cd_identificador":40488,"cd_identificador_tema_equipamento":3,"nm_tema_equipamento":"CULTURA","cd_identificador_rede_equipamento":0,"nm_rede_equipamento":"SEM REDE","tx_rede_equipamento":"Sem descrição","cd_identificador_tipo_equipamento":7,"nm_tipo_equipamento":"Salas de Cinema ","tx_tipo_equipamento":"Salas de Cinema e Assentos","cd_identificador_classe_equipamento":4,"nm_classe_equipamento":"TEATRO-CINEMA-SHOW","tx_classe_equipamento":"TEATRO-CINEMA-SHOW","cd_identificador_esfera_administrativa_equipamento":4,"nm_esfera_administrativa_equipamento":"Particular","tx_esfera_administrativa_equipamento":"Entidade mantenedora: particular","cd_equipamento":null,"nm_equipamento":"CINEMARK ARICANDUVA - SALA 03","tx_endereco_equipamento":"Av. Aricanduva,, 5555","nm_bairro_equipamento":"","cd_cep_equipamento":"03527-000","tx_horario_funcionamento":null,"tx_numero_telefone":null,"cd_equipamento_base_origem":null}},{"type":"Feature","id":"equipamento_cultura_teatro_cinema_show_v3.40489","geometry":{"type":"Point","coordinates":[346552.4151,7393185.3317]},"geometry_name":"ge_ponto","properties":{"cd_identificador":40489,"cd_identificador_tema_equipamento":3,"nm_tema_equipamento":"CULTURA","cd_identificador_rede_equipamento":0,"nm_rede_equipamento":"SEM REDE","tx_rede_equipamento":"Sem descrição","cd_identificador_tipo_equipamento":7,"nm_tipo_equipamento":"Salas de Cinema ","tx_tipo_equipamento":"Salas de Cinema e Assentos","cd_identificador_classe_equipamento":4,"nm_classe_equipamento":"TEATRO-CINEMA-SHOW","tx_classe_equipamento":"TEATRO-CINEMA-SHOW","cd_identificador_esfera_administrativa_equipamento":4,"nm_esfera_administrativa_equipamento":"Particular","tx_esfera_administrativa_equipamento":"Entidade mantenedora: particular","cd_equipamento":null,"nm_equipamento":"CINEMARK ARICANDUVA - SALA 04","tx_endereco_equipamento":"Av. Aricanduva,, 5555","nm_bairro_equipamento":"","cd_cep_equipamento":"03527-000","tx_horario_funcionamento":null,"tx_numero_telefone":null,"cd_equipamento_base_origem":null}},{"type":"Feature","id":"equipamento_cultura_teatro_cinema_show_v3.40490","geometry":{"type":"Point","coordinates":[346552.4151,7393185.3317]},"geometry_name":"ge_ponto","properties":{"cd_identificador":40490,"cd_identificador_tema_equipamento":3,"nm_tema_equipamento":"CULTURA","cd_identificador_rede_equipamento":0,"nm_rede_equipamento":"SEM REDE","tx_rede_equipamento":"Sem descrição","cd_identificador_tipo_equipamento":7,"nm_tipo_equipamento":"Salas de Cinema ","tx_tipo_equipamento":"Salas de Cinema e Assentos","cd_identificador_classe_equipamento":4,"nm_classe_equipamento":"TEATRO-CINEMA-SHOW","tx_classe_equipamento":"TEATRO-CINEMA-SHOW","cd_identificador_esfera_administrativa_equipamento":4,"nm_esfera_administrativa_equipamento":"Particular","tx_esfera_administrativa_equipamento":"Entidade mantenedora: particular","cd_equipamento":null,"nm_equipamento":"CINEMARK ARICANDUVA - SALA 05","tx_endereco_equipamento":"Av. Aricanduva,, 5555","nm_bairro_equipamento":"","cd_cep_equipamento":"03527-000","tx_horario_funcionamento":null,"tx_numero_telefone":null,"cd_equipamento_base_origem":null}},{"type":"Feature","id":"equipamento_cultura_teatro_cinema_show_v3.40491","geometry":{"type":"Point","coordinates":[346552.4151,7393185.3317]},"geometry_name":"ge_ponto","properties":{"cd_identificador":40491,"cd_identificador_tema_equipamento":3,"nm_tema_equipamento":"CULTURA","cd_identificador_rede_equipamento":0,"nm_rede_equipamento":"SEM REDE","tx_rede_equipamento":"Sem descrição","cd_identificador_tipo_equipamento":7,"nm_tipo_equipamento":"Salas de Cinema ","tx_tipo_equipamento":"Salas de Cinema e Assentos","cd_identificador_classe_equipamento":4,"nm_classe_equipamento":"TEATRO-CINEMA-SHOW","tx_classe_equipamento":"TEATRO-CINEMA-SHOW","cd_identificador_esfera_administrativa_equipamento":4,"nm_esfera_administrativa_equipamento":"Particular","tx_esfera_administrativa_equipamento":"Entidade mantenedora: particular","cd_equipamento":null,"nm_equipamento":"CINEMARK ARICANDUVA - SALA 06","tx_endereco_equipamento":"Av. Aricanduva,, 5555","nm_bairro_equipamento":"","cd_cep_equipamento":"03527-000","tx_horario_funcionamento":null,"tx_numero_telefone":null,"cd_equipamento_base_origem":null}},{"type":"Feature","id":"equipamento_cultura_teatro_cinema_show_v3.40492","geometry":{"type":"Point","coordinates":[346552.4151,7393185.3317]},"geometry_name":"ge_ponto","properties":{"cd_identificador":40492,"cd_identificador_tema_equipamento":3,"nm_tema_equipamento":"CULTURA","cd_identificador_rede_equipamento":0,"nm_rede_equipamento":"SEM REDE","tx_rede_equipamento":"Sem descrição","cd_identificador_tipo_equipamento":7,"nm_tipo_equipamento":"Salas de Cinema ","tx_tipo_equipamento":"Salas de Cinema e Assentos","cd_identificador_classe_equipamento":4,"nm_classe_equipamento":"TEATRO-CINEMA-SHOW","tx_classe_equipamento":"TEATRO-CINEMA-SHOW","cd_identificador_esfera_administrativa_equipamento":4,"nm_esfera_administrativa_equipamento":"Particular","tx_esfera_administrativa_equipamento":"Entidade mantenedora: particular","cd_equipamento":null,"nm_equipamento":"CINEMARK ARICANDUVA - SALA 07","tx_endereco_equipamento":"Av. Aricanduva,, 5555","nm_bairro_equipamento":"","cd_cep_equipamento":"03527-000","tx_horario_funcionamento":null,"tx_numero_telefone":null,"cd_equipamento_base_origem":null}},{"type":"Feature","id":"equipamento_cultura_teatro_cinema_show_v3.40493","geometry":{"type":"Point","coordinates":[346552.4151,7393185.3317]},"geometry_name":"ge_ponto","properties":{"cd_identificador":40493,"cd_identificador_tema_equipamento":3,"nm_tema_equipamento":"CULTURA","cd_identificador_rede_equipamento":0,"nm_rede_equipamento":"SEM REDE","tx_rede_equipamento":"Sem descrição","cd_identificador_tipo_equipamento":7,"nm_tipo_equipamento":"Salas de Cinema ","tx_tipo_equipamento":"Salas de Cinema e Assentos","cd_identificador_classe_equipamento":4,"nm_classe_equipamento":"TEATRO-CINEMA-SHOW","tx_classe_equipamento":"TEATRO-CINEMA-SHOW","cd_identificador_esfera_administrativa_equipamento":4,"nm_esfera_administrativa_equipamento":"Particular","tx_esfera_administrativa_equipamento":"Entidade mantenedora: particular","cd_equipamento":null,"nm_equipamento":"CINEMARK ARICANDUVA - SALA 08","tx_endereco_equipamento":"Av. Aricanduva,, 5555","nm_bairro_equipamento":"","cd_cep_equipamento":"03527-000","tx_horario_funcionamento":null,"tx_numero_telefone":null,"cd_equipamento_base_origem":null}},{"type":"Feature","id":"equipamento_cultura_teatro_cinema_show_v3.40494","geometry":{"type":"Point","coordinates":[346552.4151,7393185.3317]},"geometry_name":"ge_ponto","properties":{"cd_identificador":40494,"cd_identificador_tema_equipamento":3,"nm_tema_equipamento":"CULTURA","cd_identificador_rede_equipamento":0,"nm_rede_equipamento":"SEM REDE","tx_rede_equipamento":"Sem descrição","cd_identificador_tipo_equipamento":7,"nm_tipo_equipamento":"Salas de Cinema ","tx_tipo_equipamento":"Salas de Cinema e Assentos","cd_identificador_classe_equipamento":4,"nm_classe_equipamento":"TEATRO-CINEMA-SHOW","tx_classe_equipamento":"TEATRO-CINEMA-SHOW","cd_identificador_esfera_administrativa_equipamento":4,"nm_esfera_administrativa_equipamento":"Particular","tx_esfera_administrativa_equipamento":"Entidade mantenedora: particular","cd_equipamento":null,"nm_equipamento":"CINEMARK ARICANDUVA - SALA 09","tx_endereco_equipamento":"Av. Aricanduva,, 5555","nm_bairro_equipamento":"","cd_cep_equipamento":"03527-000","tx_horario_funcionamento":null,"tx_numero_telefone":null,"cd_equipamento_base_origem":null}},{"type":"Feature","id":"equipamento_cultura_teatro_cinema_show_v3.40495","geometry":{"type":"Point","coordinates":[346552.4151,7393185.3317]},"geometry_name":"ge_ponto","properties":{"cd_identificador":40495,"cd_identificador_tema_equipamento":3,"nm_tema_equipamento":"CULTURA","cd_identificador_rede_equipamento":0,"nm_rede_equipamento":"SEM REDE","tx_rede_equipamento":"Sem descrição","cd_identificador_tipo_equipamento":7,"nm_tipo_equipamento":"Salas de Cinema ","tx_tipo_equipamento":"Salas de Cinema e Assentos","cd_identificador_classe_equipamento":4,"nm_classe_equipamento":"TEATRO-CINEMA-SHOW","tx_classe_equipamento":"TEATRO-CINEMA-SHOW","cd_identificador_esfera_administrativa_equipamento":4,"nm_esfera_administrativa_equipamento":"Particular","tx_esfera_administrativa_equipamento":"Entidade mantenedora: particular","cd_equipamento":null,"nm_equipamento":"CINEMARK ARICANDUVA - SALA 10","tx_endereco_equipamento":"Av. Aricanduva,, 5555","nm_bairro_equipamento":"","cd_cep_equipamento":"03527-000","tx_horario_funcionamento":null,"tx_numero_telefone":null,"cd_equipamento_base_origem":null}},{"type":"Feature","id":"equipamento_cultura_teatro_cinema_show_v3.40496","geometry":{"type":"Point","coordinates":[346552.4151,7393185.3317]},"geometry_name":"ge_ponto","properties":{"cd_identificador":40496,"cd_identificador_tema_equipamento":3,"nm_tema_equipamento":"CULTURA","cd_identificador_rede_equipamento":0,"nm_rede_equipamento":"SEM REDE","tx_rede_equipamento":"Sem descrição","cd_identificador_tipo_equipamento":7,"nm_tipo_equipamento":"Salas de Cinema ","tx_tipo_equipamento":"Salas de Cinema e Assentos","cd_identificador_classe_equipamento":4,"nm_classe_equipamento":"TEATRO-CINEMA-SHOW","tx_classe_equipamento":"TEATRO-CINEMA-SHOW","cd_identificador_esfera_administrativa_equipamento":4,"nm_esfera_administrativa_equipamento":"Particular","tx_esfera_administrativa_equipamento":"Entidade mantenedora: particular","cd_equipamento":null,"nm_equipamento":"CINEMARK ARICANDUVA - SALA 11","tx_endereco_equipamento":"Av. Aricanduva,, 5555","nm_bairro_equipamento":"","cd_cep_equipamento":"03527-000","tx_horario_funcionamento":null,"tx_numero_telefone":null,"cd_equipamento_base_origem":null}},{"type":"Feature","id":"equipamento_cultura_teatro_cinema_show_v3.40497","geometry":{"type":"Point","coordinates":[346552.4151,7393185.3317]},"geometry_name":"ge_ponto","properties":{"cd_identificador":40497,"cd_identificador_tema_equipamento":3,"nm_tema_equipamento":"CULTURA","cd_identificador_rede_equipamento":0,"nm_rede_equipamento":"SEM REDE","tx_rede_equipamento":"Sem descrição","cd_identificador_tipo_equipamento":7,"nm_tipo_equipamento":"Salas de Cinema ","tx_tipo_equipamento":"Salas de Cinema e Assentos","cd_identificador_classe_equipamento":4,"nm_classe_equipamento":"TEATRO-CINEMA-SHOW","tx_classe_equipamento":"TEATRO-CINEMA-SHOW","cd_identificador_esfera_administrativa_equipamento":4,"nm_esfera_administrativa_equipamento":"Particular","tx_esfera_administrativa_equipamento":"Entidade mantenedora: particular","cd_equipamento":null,"nm_equipamento":"CINEMARK ARICANDUVA - SALA 12","tx_endereco_equipamento":"Av. Aricanduva,, 5555","nm_bairro_equipamento":"","cd_cep_equipamento":"03527-000","tx_horario_funcionamento":null,"tx_numero_telefone":null,"cd_equipamento_base_origem":null}},{"type":"Feature","id":"equipamento_cultura_teatro_cinema_show_v3.40498","geometry":{"type":"Point","coordinates":[346552.4151,7393185.3317]},"geometry_name":"ge_ponto","properties":{"cd_identificador":40498,"cd_identificador_tema_equipamento":3,"nm_tema_equipamento":"CULTURA","cd_identificador_rede_equipamento":0,"nm_rede_equipamento":"SEM REDE","tx_rede_equipamento":"Sem descrição","cd_identificador_tipo_equipamento":7,"nm_tipo_equipamento":"Salas de Cinema ","tx_tipo_equipamento":"Salas de Cinema e Assentos","cd_identificador_classe_equipamento":4,"nm_classe_equipamento":"TEATRO-CINEMA-SHOW","tx_classe_equipamento":"TEATRO-CINEMA-SHOW","cd_identificador_esfera_administrativa_equipamento":4,"nm_esfera_administrativa_equipamento":"Particular","tx_esfera_administrativa_equipamento":"Entidade mantenedora: particular","cd_equipamento":null,"nm_equipamento":"CINEMARK ARICANDUVA - SALA 13","tx_endereco_equipamento":"Av. Aricanduva,, 5555","nm_bairro_equipamento":"","cd_cep_equipamento":"03527-000","tx_horario_funcionamento":null,"tx_numero_telefone":null,"cd_equipamento_base_origem":null}},{"type":"Feature","id":"equipamento_cultura_teatro_cinema_show_v3.40499","geometry":{"type":"Point","coordinates":[322880.5725,7385589.7593]},"geometry_name":"ge_ponto","properties":{"cd_identificador":40499,"cd_identificador_tema_equipamento":3,"nm_tema_equipamento":"CULTURA","cd_identificador_rede_equipamento":0,"nm_rede_equipamento":"SEM REDE","tx_rede_equipamento":"Sem descrição","cd_identificador_tipo_equipamento":7,"nm_tipo_equipamento":"Salas de Cinema ","tx_tipo_equipamento":"Salas de Cinema e Assentos","cd_identificador_classe_equipamento":4,"nm_classe_equipamento":"TEATRO-CINEMA-SHOW","tx_classe_equipamento":"TEATRO-CINEMA-SHOW","cd_identificador_esfera_administrativa_equipamento":4,"nm_esfera_administrativa_equipamento":"Particular","tx_esfera_administrativa_equipamento":"Entidade mantenedora: particular","cd_equipamento":null,"nm_equipamento":"UCI SHOPPING JARDIM SUL - SALA 02","tx_endereco_equipamento":"Av. Giovanni Gronchi, 5819","nm_bairro_equipamento":"","cd_cep_equipamento":"05724-003","tx_horario_funcionamento":null,"tx_numero_telefone":null,"cd_equipamento_base_origem":null}},{"type":"Feature","id":"equipamento_cultura_teatro_cinema_show_v3.40500","geometry":{"type":"Point","coordinates":[322880.5725,7385589.7593]},"geometry_name":"ge_ponto","properties":{"cd_identificador":40500,"cd_identificador_tema_equipamento":3,"nm_tema_equipamento":"CULTURA","cd_identificador_rede_equipamento":0,"nm_rede_equipamento":"SEM REDE","tx_rede_equipamento":"Sem descrição","cd_identificador_tipo_equipamento":7,"nm_tipo_equipamento":"Salas de Cinema ","tx_tipo_equipamento":"Salas de Cinema e Assentos","cd_identificador_classe_equipamento":4,"nm_classe_equipamento":"TEATRO-CINEMA-SHOW","tx_classe_equipamento":"TEATRO-CINEMA-SHOW","cd_identificador_esfera_administrativa_equipamento":4,"nm_esfera_administrativa_equipamento":"Particular","tx_esfera_administrativa_equipamento":"Entidade mantenedora: particular","cd_equipamento":null,"nm_equipamento":"UCI SHOPPING JARDIM SUL - SALA 03","tx_endereco_equipamento":"Av. Giovanni Gronchi, 5819","nm_bairro_equipamento":"","cd_cep_equipamento":"05724-003","tx_horario_funcionamento":null,"tx_numero_telefone":null,"cd_equipamento_base_origem":null}},{"type":"Feature","id":"equipamento_cultura_teatro_cinema_show_v3.40501","geometry":{"type":"Point","coordinates":[322880.5725,7385589.7593]},"geometry_name":"ge_ponto","properties":{"cd_identificador":40501,"cd_identificador_tema_equipamento":3,"nm_tema_equipamento":"CULTURA","cd_identificador_rede_equipamento":0,"nm_rede_equipamento":"SEM REDE","tx_rede_equipamento":"Sem descrição","cd_identificador_tipo_equipamento":7,"nm_tipo_equipamento":"Salas de Cinema ","tx_tipo_equipamento":"Salas de Cinema e Assentos","cd_identificador_classe_equipamento":4,"nm_classe_equipamento":"TEATRO-CINEMA-SHOW","tx_classe_equipamento":"TEATRO-CINEMA-SHOW","cd_identificador_esfera_administrativa_equipamento":4,"nm_esfera_administrativa_equipamento":"Particular","tx_esfera_administrativa_equipamento":"Entidade mantenedora: particular","cd_equipamento":null,"nm_equipamento":"UCI SHOPPING JARDIM SUL - SALA 04","tx_endereco_equipamento":"Av. Giovanni Gronchi, 5819","nm_bairro_equipamento":"","cd_cep_equipamento":"05724-003","tx_horario_funcionamento":null,"tx_numero_telefone":null,"cd_equipamento_base_origem":null}},{"type":"Feature","id":"equipamento_cultura_teatro_cinema_show_v3.40502","geometry":{"type":"Point","coordinates":[322880.5725,7385589.7593]},"geometry_name":"ge_ponto","properties":{"cd_identificador":40502,"cd_identificador_tema_equipamento":3,"nm_tema_equipamento":"CULTURA","cd_identificador_rede_equipamento":0,"nm_rede_equipamento":"SEM REDE","tx_rede_equipamento":"Sem descrição","cd_identificador_tipo_equipamento":7,"nm_tipo_equipamento":"Salas de Cinema ","tx_tipo_equipamento":"Salas de Cinema e Assentos","cd_identificador_classe_equipamento":4,"nm_classe_equipamento":"TEATRO-CINEMA-SHOW","tx_classe_equipamento":"TEATRO-CINEMA-SHOW","cd_identificador_esfera_administrativa_equipamento":4,"nm_esfera_administrativa_equipamento":"Particular","tx_esfera_administrativa_equipamento":"Entidade mantenedora: particular","cd_equipamento":null,"nm_equipamento":"UCI SHOPPING JARDIM SUL - SALA 05","tx_endereco_equipamento":"Av. Giovanni Gronchi, 5819","nm_bairro_equipamento":"","cd_cep_equipamento":"05724-003","tx_horario_funcionamento":null,"tx_numero_telefone":null,"cd_equipamento_base_origem":null}},{"type":"Feature","id":"equipamento_cultura_teatro_cinema_show_v3.40503","geometry":{"type":"Point","coordinates":[322880.5725,7385589.7593]},"geometry_name":"ge_ponto","properties":{"cd_identificador":40503,"cd_identificador_tema_equipamento":3,"nm_tema_equipamento":"CULTURA","cd_identificador_rede_equipamento":0,"nm_rede_equipamento":"SEM REDE","tx_rede_equipamento":"Sem descrição","cd_identificador_tipo_equipamento":7,"nm_tipo_equipamento":"Salas de Cinema ","tx_tipo_equipamento":"Salas de Cinema e Assentos","cd_identificador_classe_equipamento":4,"nm_classe_equipamento":"TEATRO-CINEMA-SHOW","tx_classe_equipamento":"TEATRO-CINEMA-SHOW","cd_identificador_esfera_administrativa_equipamento":4,"nm_esfera_administrativa_equipamento":"Particular","tx_esfera_administrativa_equipamento":"Entidade mantenedora: particular","cd_equipamento":null,"nm_equipamento":"UCI SHOPPING JARDIM SUL - SALA 06","tx_endereco_equipamento":"Av. Giovanni Gronchi, 5819","nm_bairro_equipamento":"","cd_cep_equipamento":"05724-003","tx_horario_funcionamento":null,"tx_numero_telefone":null,"cd_equipamento_base_origem":null}},{"type":"Feature","id":"equipamento_cultura_teatro_cinema_show_v3.40504","geometry":{"type":"Point","coordinates":[322880.5725,7385589.7593]},"geometry_name":"ge_ponto","properties":{"cd_identificador":40504,"cd_identificador_tema_equipamento":3,"nm_tema_equipamento":"CULTURA","cd_identificador_rede_equipamento":0,"nm_rede_equipamento":"SEM REDE","tx_rede_equipamento":"Sem descrição","cd_identificador_tipo_equipamento":7,"nm_tipo_equipamento":"Salas de Cinema ","tx_tipo_equipamento":"Salas de Cinema e Assentos","cd_identificador_classe_equipamento":4,"nm_classe_equipamento":"TEATRO-CINEMA-SHOW","tx_classe_equipamento":"TEATRO-CINEMA-SHOW","cd_identificador_esfera_administrativa_equipamento":4,"nm_esfera_administrativa_equipamento":"Particular","tx_esfera_administrativa_equipamento":"Entidade mantenedora: particular","cd_equipamento":null,"nm_equipamento":"UCI SHOPPING JARDIM SUL - SALA 07","tx_endereco_equipamento":"Av. Giovanni Gronchi, 5819","nm_bairro_equipamento":"","cd_cep_equipamento":"05724-003","tx_horario_funcionamento":null,"tx_numero_telefone":null,"cd_equipamento_base_origem":null}},{"type":"Feature","id":"equipamento_cultura_teatro_cinema_show_v3.40505","geometry":{"type":"Point","coordinates":[322880.5725,7385589.7593]},"geometry_name":"ge_ponto","properties":{"cd_identificador":40505,"cd_identificador_tema_equipamento":3,"nm_tema_equipamento":"CULTURA","cd_identificador_rede_equipamento":0,"nm_rede_equipamento":"SEM REDE","tx_rede_equipamento":"Sem descrição","cd_identificador_tipo_equipamento":7,"nm_tipo_equipamento":"Salas de Cinema ","tx_tipo_equipamento":"Salas de Cinema e Assentos","cd_identificador_classe_equipamento":4,"nm_classe_equipamento":"TEATRO-CINEMA-SHOW","tx_classe_equipamento":"TEATRO-CINEMA-SHOW","cd_identificador_esfera_administrativa_equipamento":4,"nm_esfera_administrativa_equipamento":"Particular","tx_esfera_administrativa_equipamento":"Entidade mantenedora: particular","cd_equipamento":null,"nm_equipamento":"UCI SHOPPING JARDIM SUL - SALA 08","tx_endereco_equipamento":"Av. Giovanni Gronchi, 5819","nm_bairro_equipamento":"","cd_cep_equipamento":"05724-003","tx_horario_funcionamento":null,"tx_numero_telefone":null,"cd_equipamento_base_origem":null}},{"type":"Feature","id":"equipamento_cultura_teatro_cinema_show_v3.40506","geometry":{"type":"Point","coordinates":[322880.5725,7385589.7593]},"geometry_name":"ge_ponto","properties":{"cd_identificador":40506,"cd_identificador_tema_equipamento":3,"nm_tema_equipamento":"CULTURA","cd_identificador_rede_equipamento":0,"nm_rede_equipamento":"SEM REDE","tx_rede_equipamento":"Sem descrição","cd_identificador_tipo_equipamento":7,"nm_tipo_equipamento":"Salas de Cinema ","tx_tipo_equipamento":"Salas de Cinema e Assentos","cd_identificador_classe_equipamento":4,"nm_classe_equipamento":"TEATRO-CINEMA-SHOW","tx_classe_equipamento":"TEATRO-CINEMA-SHOW","cd_identificador_esfera_administrativa_equipamento":4,"nm_esfera_administrativa_equipamento":"Particular","tx_esfera_administrativa_equipamento":"Entidade mantenedora: particular","cd_equipamento":null,"nm_equipamento":"UCI SHOPPING JARDIM SUL - SALA 09","tx_endereco_equipamento":"Av. Giovanni Gronchi, 5819","nm_bairro_equipamento":"","cd_cep_equipamento":"05724-003","tx_horario_funcionamento":null,"tx_numero_telefone":null,"cd_equipamento_base_origem":null}},{"type":"Feature","id":"equipamento_cultura_teatro_cinema_show_v3.40507","geometry":{"type":"Point","coordinates":[340560.321,7393488.1887]},"geometry_name":"ge_ponto","properties":{"cd_identificador":40507,"cd_identificador_tema_equipamento":3,"nm_tema_equipamento":"CULTURA","cd_identificador_rede_equipamento":0,"nm_rede_equipamento":"SEM REDE","tx_rede_equipamento":"Sem descrição","cd_identificador_tipo_equipamento":7,"nm_tipo_equipamento":"Salas de Cinema ","tx_tipo_equipamento":"Salas de Cinema e Assentos","cd_identificador_classe_equipamento":4,"nm_classe_equipamento":"TEATRO-CINEMA-SHOW","tx_classe_equipamento":"TEATRO-CINEMA-SHOW","cd_identificador_esfera_administrativa_equipamento":4,"nm_esfera_administrativa_equipamento":"Particular","tx_esfera_administrativa_equipamento":"Entidade mantenedora: particular","cd_equipamento":null,"nm_equipamento":"UCI ANÁLIA FRANCO - SALA 01","tx_endereco_equipamento":"Rua Regente Feijó, 1759","nm_bairro_equipamento":"","cd_cep_equipamento":"03342-000","tx_horario_funcionamento":null,"tx_numero_telefone":null,"cd_equipamento_base_origem":null}},{"type":"Feature","id":"equipamento_cultura_teatro_cinema_show_v3.40508","geometry":{"type":"Point","coordinates":[340560.321,7393488.1887]},"geometry_name":"ge_ponto","properties":{"cd_identificador":40508,"cd_identificador_tema_equipamento":3,"nm_tema_equipamento":"CULTURA","cd_identificador_rede_equipamento":0,"nm_rede_equipamento":"SEM REDE","tx_rede_equipamento":"Sem descrição","cd_identificador_tipo_equipamento":7,"nm_tipo_equipamento":"Salas de Cinema ","tx_tipo_equipamento":"Salas de Cinema e Assentos","cd_identificador_classe_equipamento":4,"nm_classe_equipamento":"TEATRO-CINEMA-SHOW","tx_classe_equipamento":"TEATRO-CINEMA-SHOW","cd_identificador_esfera_administrativa_equipamento":4,"nm_esfera_administrativa_equipamento":"Particular","tx_esfera_administrativa_equipamento":"Entidade mantenedora: particular","cd_equipamento":null,"nm_equipamento":"UCI ANÁLIA FRANCO - SALA 02","tx_endereco_equipamento":"Rua Regente Feijó, 1759","nm_bairro_equipamento":"","cd_cep_equipamento":"03342-000","tx_horario_funcionamento":null,"tx_numero_telefone":null,"cd_equipamento_base_origem":null}},{"type":"Feature","id":"equipamento_cultura_teatro_cinema_show_v3.40509","geometry":{"type":"Point","coordinates":[340560.321,7393488.1887]},"geometry_name":"ge_ponto","properties":{"cd_identificador":40509,"cd_identificador_tema_equipamento":3,"nm_tema_equipamento":"CULTURA","cd_identificador_rede_equipamento":0,"nm_rede_equipamento":"SEM REDE","tx_rede_equipamento":"Sem descrição","cd_identificador_tipo_equipamento":7,"nm_tipo_equipamento":"Salas de Cinema ","tx_tipo_equipamento":"Salas de Cinema e Assentos","cd_identificador_classe_equipamento":4,"nm_classe_equipamento":"TEATRO-CINEMA-SHOW","tx_classe_equipamento":"TEATRO-CINEMA-SHOW","cd_identificador_esfera_administrativa_equipamento":4,"nm_esfera_administrativa_equipamento":"Particular","tx_esfera_administrativa_equipamento":"Entidade mantenedora: particular","cd_equipamento":null,"nm_equipamento":"UCI ANÁLIA FRANCO - SALA 03","tx_endereco_equipamento":"Rua Regente Feijó, 1759","nm_bairro_equipamento":"","cd_cep_equipamento":"03342-000","tx_horario_funcionamento":null,"tx_numero_telefone":null,"cd_equipamento_base_origem":null}},{"type":"Feature","id":"equipamento_cultura_teatro_cinema_show_v3.40510","geometry":{"type":"Point","coordinates":[340560.321,7393488.1887]},"geometry_name":"ge_ponto","properties":{"cd_identificador":40510,"cd_identificador_tema_equipamento":3,"nm_tema_equipamento":"CULTURA","cd_identificador_rede_equipamento":0,"nm_rede_equipamento":"SEM REDE","tx_rede_equipamento":"Sem descrição","cd_identificador_tipo_equipamento":7,"nm_tipo_equipamento":"Salas de Cinema ","tx_tipo_equipamento":"Salas de Cinema e Assentos","cd_identificador_classe_equipamento":4,"nm_classe_equipamento":"TEATRO-CINEMA-SHOW","tx_classe_equipamento":"TEATRO-CINEMA-SHOW","cd_identificador_esfera_administrativa_equipamento":4,"nm_esfera_administrativa_equipamento":"Particular","tx_esfera_administrativa_equipamento":"Entidade mantenedora: particular","cd_equipamento":null,"nm_equipamento":"UCI ANÁLIA FRANCO - SALA 04","tx_endereco_equipamento":"Rua Regente Feijó, 1759","nm_bairro_equipamento":"","cd_cep_equipamento":"03342-000","tx_horario_funcionamento":null,"tx_numero_telefone":null,"cd_equipamento_base_origem":null}},{"type":"Feature","id":"equipamento_cultura_teatro_cinema_show_v3.40511","geometry":{"type":"Point","coordinates":[340560.321,7393488.1887]},"geometry_name":"ge_ponto","properties":{"cd_identificador":40511,"cd_identificador_tema_equipamento":3,"nm_tema_equipamento":"CULTURA","cd_identificador_rede_equipamento":0,"nm_rede_equipamento":"SEM REDE","tx_rede_equipamento":"Sem descrição","cd_identificador_tipo_equipamento":7,"nm_tipo_equipamento":"Salas de Cinema ","tx_tipo_equipamento":"Salas de Cinema e Assentos","cd_identificador_classe_equipamento":4,"nm_classe_equipamento":"TEATRO-CINEMA-SHOW","tx_classe_equipamento":"TEATRO-CINEMA-SHOW","cd_identificador_esfera_administrativa_equipamento":4,"nm_esfera_administrativa_equipamento":"Particular","tx_esfera_administrativa_equipamento":"Entidade mantenedora: particular","cd_equipamento":null,"nm_equipamento":"UCI ANÁLIA FRANCO - SALA 05","tx_endereco_equipamento":"Rua Regente Feijó, 1759","nm_bairro_equipamento":"","cd_cep_equipamento":"03342-000","tx_horario_funcionamento":null,"tx_numero_telefone":null,"cd_equipamento_base_origem":null}},{"type":"Feature","id":"equipamento_cultura_teatro_cinema_show_v3.40512","geometry":{"type":"Point","coordinates":[340560.321,7393488.1887]},"geometry_name":"ge_ponto","properties":{"cd_identificador":40512,"cd_identificador_tema_equipamento":3,"nm_tema_equipamento":"CULTURA","cd_identificador_rede_equipamento":0,"nm_rede_equipamento":"SEM REDE","tx_rede_equipamento":"Sem descrição","cd_identificador_tipo_equipamento":7,"nm_tipo_equipamento":"Salas de Cinema ","tx_tipo_equipamento":"Salas de Cinema e Assentos","cd_identificador_classe_equipamento":4,"nm_classe_equipamento":"TEATRO-CINEMA-SHOW","tx_classe_equipamento":"TEATRO-CINEMA-SHOW","cd_identificador_esfera_administrativa_equipamento":4,"nm_esfera_administrativa_equipamento":"Particular","tx_esfera_administrativa_equipamento":"Entidade mantenedora: particular","cd_equipamento":null,"nm_equipamento":"UCI ANÁLIA FRANCO - SALA 06","tx_endereco_equipamento":"Rua Regente Feijó, 1759","nm_bairro_equipamento":"","cd_cep_equipamento":"03342-000","tx_horario_funcionamento":null,"tx_numero_telefone":null,"cd_equipamento_base_origem":null}},{"type":"Feature","id":"equipamento_cultura_teatro_cinema_show_v3.40513","geometry":{"type":"Point","coordinates":[340560.321,7393488.1887]},"geometry_name":"ge_ponto","properties":{"cd_identificador":40513,"cd_identificador_tema_equipamento":3,"nm_tema_equipamento":"CULTURA","cd_identificador_rede_equipamento":0,"nm_rede_equipamento":"SEM REDE","tx_rede_equipamento":"Sem descrição","cd_identificador_tipo_equipamento":7,"nm_tipo_equipamento":"Salas de Cinema ","tx_tipo_equipamento":"Salas de Cinema e Assentos","cd_identificador_classe_equipamento":4,"nm_classe_equipamento":"TEATRO-CINEMA-SHOW","tx_classe_equipamento":"TEATRO-CINEMA-SHOW","cd_identificador_esfera_administrativa_equipamento":4,"nm_esfera_administrativa_equipamento":"Particular","tx_esfera_administrativa_equipamento":"Entidade mantenedora: particular","cd_equipamento":null,"nm_equipamento":"UCI ANÁLIA FRANCO - SALA 07","tx_endereco_equipamento":"Rua Regente Feijó, 1759","nm_bairro_equipamento":"","cd_cep_equipamento":"03342-000","tx_horario_funcionamento":null,"tx_numero_telefone":null,"cd_equipamento_base_origem":null}},{"type":"Feature","id":"equipamento_cultura_teatro_cinema_show_v3.40514","geometry":{"type":"Point","coordinates":[340560.321,7393488.1887]},"geometry_name":"ge_ponto","properties":{"cd_identificador":40514,"cd_identificador_tema_equipamento":3,"nm_tema_equipamento":"CULTURA","cd_identificador_rede_equipamento":0,"nm_rede_equipamento":"SEM REDE","tx_rede_equipamento":"Sem descrição","cd_identificador_tipo_equipamento":7,"nm_tipo_equipamento":"Salas de Cinema ","tx_tipo_equipamento":"Salas de Cinema e Assentos","cd_identificador_classe_equipamento":4,"nm_classe_equipamento":"TEATRO-CINEMA-SHOW","tx_classe_equipamento":"TEATRO-CINEMA-SHOW","cd_identificador_esfera_administrativa_equipamento":4,"nm_esfera_administrativa_equipamento":"Particular","tx_esfera_administrativa_equipamento":"Entidade mantenedora: particular","cd_equipamento":null,"nm_equipamento":"UCI ANÁLIA FRANCO - SALA 08","tx_endereco_equipamento":"Rua Regente Feijó, 1759","nm_bairro_equipamento":"","cd_cep_equipamento":"03342-000","tx_horario_funcionamento":null,"tx_numero_telefone":null,"cd_equipamento_base_origem":null}},{"type":"Feature","id":"equipamento_cultura_teatro_cinema_show_v3.40515","geometry":{"type":"Point","coordinates":[340560.321,7393488.1887]},"geometry_name":"ge_ponto","properties":{"cd_identificador":40515,"cd_identificador_tema_equipamento":3,"nm_tema_equipamento":"CULTURA","cd_identificador_rede_equipamento":0,"nm_rede_equipamento":"SEM REDE","tx_rede_equipamento":"Sem descrição","cd_identificador_tipo_equipamento":7,"nm_tipo_equipamento":"Salas de Cinema ","tx_tipo_equipamento":"Salas de Cinema e Assentos","cd_identificador_classe_equipamento":4,"nm_classe_equipamento":"TEATRO-CINEMA-SHOW","tx_classe_equipamento":"TEATRO-CINEMA-SHOW","cd_identificador_esfera_administrativa_equipamento":4,"nm_esfera_administrativa_equipamento":"Particular","tx_esfera_administrativa_equipamento":"Entidade mantenedora: particular","cd_equipamento":null,"nm_equipamento":"UCI ANÁLIA FRANCO - SALA 09","tx_endereco_equipamento":"Rua Regente Feijó, 1759","nm_bairro_equipamento":"","cd_cep_equipamento":"03342-000","tx_horario_funcionamento":null,"tx_numero_telefone":null,"cd_equipamento_base_origem":null}},{"type":"Feature","id":"equipamento_cultura_teatro_cinema_show_v3.40516","geometry":{"type":"Point","coordinates":[342105.6508,7397496.4259]},"geometry_name":"ge_ponto","properties":{"cd_identificador":40516,"cd_identificador_tema_equipamento":3,"nm_tema_equipamento":"CULTURA","cd_identificador_rede_equipamento":0,"nm_rede_equipamento":"SEM REDE","tx_rede_equipamento":"Sem descrição","cd_identificador_tipo_equipamento":7,"nm_tipo_equipamento":"Salas de Cinema ","tx_tipo_equipamento":"Salas de Cinema e Assentos","cd_identificador_classe_equipamento":4,"nm_classe_equipamento":"TEATRO-CINEMA-SHOW","tx_classe_equipamento":"TEATRO-CINEMA-SHOW","cd_identificador_esfera_administrativa_equipamento":4,"nm_esfera_administrativa_equipamento":"Particular","tx_esfera_administrativa_equipamento":"Entidade mantenedora: particular","cd_equipamento":null,"nm_equipamento":"MOVIECOM PENHA - SALA 01","tx_endereco_equipamento":"Rua Doutor João Ribeiro, 304","nm_bairro_equipamento":"","cd_cep_equipamento":"03634-010","tx_horario_funcionamento":null,"tx_numero_telefone":null,"cd_equipamento_base_origem":null}},{"type":"Feature","id":"equipamento_cultura_teatro_cinema_show_v3.40517","geometry":{"type":"Point","coordinates":[332822.2834,7395292.8935]},"geometry_name":"ge_ponto","properties":{"cd_identificador":40517,"cd_identificador_tema_equipamento":3,"nm_tema_equipamento":"CULTURA","cd_identificador_rede_equipamento":0,"nm_rede_equipamento":"SEM REDE","tx_rede_equipamento":"Sem descrição","cd_identificador_tipo_equipamento":7,"nm_tipo_equipamento":"Salas de Cinema ","tx_tipo_equipamento":"Salas de Cinema e Assentos","cd_identificador_classe_equipamento":4,"nm_classe_equipamento":"TEATRO-CINEMA-SHOW","tx_classe_equipamento":"TEATRO-CINEMA-SHOW","cd_identificador_esfera_administrativa_equipamento":4,"nm_esfera_administrativa_equipamento":"Particular","tx_esfera_administrativa_equipamento":"Entidade mantenedora: particular","cd_equipamento":null,"nm_equipamento":"AQUARIUS CINE AVENIDA","tx_endereco_equipamento":"Av São João, 335/341","nm_bairro_equipamento":"","cd_cep_equipamento":"01035-000","tx_horario_funcionamento":null,"tx_numero_telefone":null,"cd_equipamento_base_origem":null}},{"type":"Feature","id":"equipamento_cultura_teatro_cinema_show_v3.40518","geometry":{"type":"Point","coordinates":[332822.2834,7395292.8935]},"geometry_name":"ge_ponto","properties":{"cd_identificador":40518,"cd_identificador_tema_equipamento":3,"nm_tema_equipamento":"CULTURA","cd_identificador_rede_equipamento":0,"nm_rede_equipamento":"SEM REDE","tx_rede_equipamento":"Sem descrição","cd_identificador_tipo_equipamento":7,"nm_tipo_equipamento":"Salas de Cinema ","tx_tipo_equipamento":"Salas de Cinema e Assentos","cd_identificador_classe_equipamento":4,"nm_classe_equipamento":"TEATRO-CINEMA-SHOW","tx_classe_equipamento":"TEATRO-CINEMA-SHOW","cd_identificador_esfera_administrativa_equipamento":4,"nm_esfera_administrativa_equipamento":"Particular","tx_esfera_administrativa_equipamento":"Entidade mantenedora: particular","cd_equipamento":null,"nm_equipamento":"AQUARIUS CINE LAS VEGAS","tx_endereco_equipamento":"Av São João, 335/341","nm_bairro_equipamento":"","cd_cep_equipamento":"01035-000","tx_horario_funcionamento":null,"tx_numero_telefone":null,"cd_equipamento_base_origem":null}},{"type":"Feature","id":"equipamento_cultura_teatro_cinema_show_v3.40519","geometry":{"type":"Point","coordinates":[331334.6714,7394150.8321]},"geometry_name":"ge_ponto","properties":{"cd_identificador":40519,"cd_identificador_tema_equipamento":3,"nm_tema_equipamento":"CULTURA","cd_identificador_rede_equipamento":0,"nm_rede_equipamento":"SEM REDE","tx_rede_equipamento":"Sem descrição","cd_identificador_tipo_equipamento":7,"nm_tipo_equipamento":"Salas de Cinema ","tx_tipo_equipamento":"Salas de Cinema e Assentos","cd_identificador_classe_equipamento":4,"nm_classe_equipamento":"TEATRO-CINEMA-SHOW","tx_classe_equipamento":"TEATRO-CINEMA-SHOW","cd_identificador_esfera_administrativa_equipamento":4,"nm_esfera_administrativa_equipamento":"Particular","tx_esfera_administrativa_equipamento":"Entidade mantenedora: particular","cd_equipamento":null,"nm_equipamento":"ESPAÇO ITAU FREI CANECA - SALA 01","tx_endereco_equipamento":"Rua Frei Caneca,, 569","nm_bairro_equipamento":"","cd_cep_equipamento":"01307-001","tx_horario_funcionamento":null,"tx_numero_telefone":null,"cd_equipamento_base_origem":null}},{"type":"Feature","id":"equipamento_cultura_teatro_cinema_show_v3.40520","geometry":{"type":"Point","coordinates":[331334.6714,7394150.8321]},"geometry_name":"ge_ponto","properties":{"cd_identificador":40520,"cd_identificador_tema_equipamento":3,"nm_tema_equipamento":"CULTURA","cd_identificador_rede_equipamento":0,"nm_rede_equipamento":"SEM REDE","tx_rede_equipamento":"Sem descrição","cd_identificador_tipo_equipamento":7,"nm_tipo_equipamento":"Salas de Cinema ","tx_tipo_equipamento":"Salas de Cinema e Assentos","cd_identificador_classe_equipamento":4,"nm_classe_equipamento":"TEATRO-CINEMA-SHOW","tx_classe_equipamento":"TEATRO-CINEMA-SHOW","cd_identificador_esfera_administrativa_equipamento":4,"nm_esfera_administrativa_equipamento":"Particular","tx_esfera_administrativa_equipamento":"Entidade mantenedora: particular","cd_equipamento":null,"nm_equipamento":"ESPAÇO ITAU FREI CANECA - SALA 02","tx_endereco_equipamento":"Rua Frei Caneca,, 569","nm_bairro_equipamento":"","cd_cep_equipamento":"01307-001","tx_horario_funcionamento":null,"tx_numero_telefone":null,"cd_equipamento_base_origem":null}},{"type":"Feature","id":"equipamento_cultura_teatro_cinema_show_v3.40521","geometry":{"type":"Point","coordinates":[331334.6714,7394150.8321]},"geometry_name":"ge_ponto","properties":{"cd_identificador":40521,"cd_identificador_tema_equipamento":3,"nm_tema_equipamento":"CULTURA","cd_identificador_rede_equipamento":0,"nm_rede_equipamento":"SEM REDE","tx_rede_equipamento":"Sem descrição","cd_identificador_tipo_equipamento":7,"nm_tipo_equipamento":"Salas de Cinema ","tx_tipo_equipamento":"Salas de Cinema e Assentos","cd_identificador_classe_equipamento":4,"nm_classe_equipamento":"TEATRO-CINEMA-SHOW","tx_classe_equipamento":"TEATRO-CINEMA-SHOW","cd_identificador_esfera_administrativa_equipamento":4,"nm_esfera_administrativa_equipamento":"Particular","tx_esfera_administrativa_equipamento":"Entidade mantenedora: particular","cd_equipamento":null,"nm_equipamento":"ESPAÇO ITAU FREI CANECA - SALA 03","tx_endereco_equipamento":"Rua Frei Caneca,, 569","nm_bairro_equipamento":"","cd_cep_equipamento":"01307-001","tx_horario_funcionamento":null,"tx_numero_telefone":null,"cd_equipamento_base_origem":null}},{"type":"Feature","id":"equipamento_cultura_teatro_cinema_show_v3.40522","geometry":{"type":"Point","coordinates":[331334.6714,7394150.8321]},"geometry_name":"ge_ponto","properties":{"cd_identificador":40522,"cd_identificador_tema_equipamento":3,"nm_tema_equipamento":"CULTURA","cd_identificador_rede_equipamento":0,"nm_rede_equipamento":"SEM REDE","tx_rede_equipamento":"Sem descrição","cd_identificador_tipo_equipamento":7,"nm_tipo_equipamento":"Salas de Cinema ","tx_tipo_equipamento":"Salas de Cinema e Assentos","cd_identificador_classe_equipamento":4,"nm_classe_equipamento":"TEATRO-CINEMA-SHOW","tx_classe_equipamento":"TEATRO-CINEMA-SHOW","cd_identificador_esfera_administrativa_equipamento":4,"nm_esfera_administrativa_equipamento":"Particular","tx_esfera_administrativa_equipamento":"Entidade mantenedora: particular","cd_equipamento":null,"nm_equipamento":"ESPAÇO ITAU FREI CANECA - SALA 04","tx_endereco_equipamento":"Rua Frei Caneca,, 569","nm_bairro_equipamento":"","cd_cep_equipamento":"01307-001","tx_horario_funcionamento":null,"tx_numero_telefone":null,"cd_equipamento_base_origem":null}},{"type":"Feature","id":"equipamento_cultura_teatro_cinema_show_v3.40523","geometry":{"type":"Point","coordinates":[331334.6714,7394150.8321]},"geometry_name":"ge_ponto","properties":{"cd_identificador":40523,"cd_identificador_tema_equipamento":3,"nm_tema_equipamento":"CULTURA","cd_identificador_rede_equipamento":0,"nm_rede_equipamento":"SEM REDE","tx_rede_equipamento":"Sem descrição","cd_identificador_tipo_equipamento":7,"nm_tipo_equipamento":"Salas de Cinema ","tx_tipo_equipamento":"Salas de Cinema e Assentos","cd_identificador_classe_equipamento":4,"nm_classe_equipamento":"TEATRO-CINEMA-SHOW","tx_classe_equipamento":"TEATRO-CINEMA-SHOW","cd_identificador_esfera_administrativa_equipamento":4,"nm_esfera_administrativa_equipamento":"Particular","tx_esfera_administrativa_equipamento":"Entidade mantenedora: particular","cd_equipamento":null,"nm_equipamento":"ESPAÇO ITAU FREI CANECA - SALA 05","tx_endereco_equipamento":"Rua Frei Caneca,, 569","nm_bairro_equipamento":"","cd_cep_equipamento":"01307-001","tx_horario_funcionamento":null,"tx_numero_telefone":null,"cd_equipamento_base_origem":null}},{"type":"Feature","id":"equipamento_cultura_teatro_cinema_show_v3.40524","geometry":{"type":"Point","coordinates":[331334.6714,7394150.8321]},"geometry_name":"ge_ponto","properties":{"cd_identificador":40524,"cd_identificador_tema_equipamento":3,"nm_tema_equipamento":"CULTURA","cd_identificador_rede_equipamento":0,"nm_rede_equipamento":"SEM REDE","tx_rede_equipamento":"Sem descrição","cd_identificador_tipo_equipamento":7,"nm_tipo_equipamento":"Salas de Cinema ","tx_tipo_equipamento":"Salas de Cinema e Assentos","cd_identificador_classe_equipamento":4,"nm_classe_equipamento":"TEATRO-CINEMA-SHOW","tx_classe_equipamento":"TEATRO-CINEMA-SHOW","cd_identificador_esfera_administrativa_equipamento":4,"nm_esfera_administrativa_equipamento":"Particular","tx_esfera_administrativa_equipamento":"Entidade mantenedora: particular","cd_equipamento":null,"nm_equipamento":"ESPAÇO ITAU FREI CANECA - SALA 06","tx_endereco_equipamento":"Rua Frei Caneca,, 569","nm_bairro_equipamento":"","cd_cep_equipamento":"01307-001","tx_horario_funcionamento":null,"tx_numero_telefone":null,"cd_equipamento_base_origem":null}},{"type":"Feature","id":"equipamento_cultura_teatro_cinema_show_v3.40525","geometry":{"type":"Point","coordinates":[331334.6714,7394150.8321]},"geometry_name":"ge_ponto","properties":{"cd_identificador":40525,"cd_identificador_tema_equipamento":3,"nm_tema_equipamento":"CULTURA","cd_identificador_rede_equipamento":0,"nm_rede_equipamento":"SEM REDE","tx_rede_equipamento":"Sem descrição","cd_identificador_tipo_equipamento":7,"nm_tipo_equipamento":"Salas de Cinema ","tx_tipo_equipamento":"Salas de Cinema e Assentos","cd_identificador_classe_equipamento":4,"nm_classe_equipamento":"TEATRO-CINEMA-SHOW","tx_classe_equipamento":"TEATRO-CINEMA-SHOW","cd_identificador_esfera_administrativa_equipamento":4,"nm_esfera_administrativa_equipamento":"Particular","tx_esfera_administrativa_equipamento":"Entidade mantenedora: particular","cd_equipamento":null,"nm_equipamento":"ESPAÇO ITAU FREI CANECA - SALA 07","tx_endereco_equipamento":"Rua Frei Caneca,, 569","nm_bairro_equipamento":"","cd_cep_equipamento":"01307-001","tx_horario_funcionamento":null,"tx_numero_telefone":null,"cd_equipamento_base_origem":null}},{"type":"Feature","id":"equipamento_cultura_teatro_cinema_show_v3.40526","geometry":{"type":"Point","coordinates":[331334.6714,7394150.8321]},"geometry_name":"ge_ponto","properties":{"cd_identificador":40526,"cd_identificador_tema_equipamento":3,"nm_tema_equipamento":"CULTURA","cd_identificador_rede_equipamento":0,"nm_rede_equipamento":"SEM REDE","tx_rede_equipamento":"Sem descrição","cd_identificador_tipo_equipamento":7,"nm_tipo_equipamento":"Salas de Cinema ","tx_tipo_equipamento":"Salas de Cinema e Assentos","cd_identificador_classe_equipamento":4,"nm_classe_equipamento":"TEATRO-CINEMA-SHOW","tx_classe_equipamento":"TEATRO-CINEMA-SHOW","cd_identificador_esfera_administrativa_equipamento":4,"nm_esfera_administrativa_equipamento":"Particular","tx_esfera_administrativa_equipamento":"Entidade mantenedora: particular","cd_equipamento":null,"nm_equipamento":"ESPAÇO ITAU FREI CANECA - SALA 08","tx_endereco_equipamento":"Rua Frei Caneca,, 569","nm_bairro_equipamento":"","cd_cep_equipamento":"01307-001","tx_horario_funcionamento":null,"tx_numero_telefone":null,"cd_equipamento_base_origem":null}},{"type":"Feature","id":"equipamento_cultura_teatro_cinema_show_v3.40527","geometry":{"type":"Point","coordinates":[331334.6714,7394150.8321]},"geometry_name":"ge_ponto","properties":{"cd_identificador":40527,"cd_identificador_tema_equipamento":3,"nm_tema_equipamento":"CULTURA","cd_identificador_rede_equipamento":0,"nm_rede_equipamento":"SEM REDE","tx_rede_equipamento":"Sem descrição","cd_identificador_tipo_equipamento":7,"nm_tipo_equipamento":"Salas de Cinema ","tx_tipo_equipamento":"Salas de Cinema e Assentos","cd_identificador_classe_equipamento":4,"nm_classe_equipamento":"TEATRO-CINEMA-SHOW","tx_classe_equipamento":"TEATRO-CINEMA-SHOW","cd_identificador_esfera_administrativa_equipamento":4,"nm_esfera_administrativa_equipamento":"Particular","tx_esfera_administrativa_equipamento":"Entidade mantenedora: particular","cd_equipamento":null,"nm_equipamento":"ESPAÇO ITAU FREI CANECA - SALA 09","tx_endereco_equipamento":"Rua Frei Caneca,, 569","nm_bairro_equipamento":"","cd_cep_equipamento":"01307-001","tx_horario_funcionamento":null,"tx_numero_telefone":null,"cd_equipamento_base_origem":null}},{"type":"Feature","id":"equipamento_cultura_teatro_cinema_show_v3.40528","geometry":{"type":"Point","coordinates":[332524.6266,7395404.2559]},"geometry_name":"ge_ponto","properties":{"cd_identificador":40528,"cd_identificador_tema_equipamento":3,"nm_tema_equipamento":"CULTURA","cd_identificador_rede_equipamento":0,"nm_rede_equipamento":"SEM REDE","tx_rede_equipamento":"Sem descrição","cd_identificador_tipo_equipamento":7,"nm_tipo_equipamento":"Salas de Cinema ","tx_tipo_equipamento":"Salas de Cinema e Assentos","cd_identificador_classe_equipamento":4,"nm_classe_equipamento":"TEATRO-CINEMA-SHOW","tx_classe_equipamento":"TEATRO-CINEMA-SHOW","cd_identificador_esfera_administrativa_equipamento":4,"nm_esfera_administrativa_equipamento":"Particular","tx_esfera_administrativa_equipamento":"Entidade mantenedora: particular","cd_equipamento":null,"nm_equipamento":"CINE REPUBLICA","tx_endereco_equipamento":"Av. Ipiranga, 752","nm_bairro_equipamento":"","cd_cep_equipamento":"01040-000","tx_horario_funcionamento":null,"tx_numero_telefone":null,"cd_equipamento_base_origem":null}},{"type":"Feature","id":"equipamento_cultura_teatro_cinema_show_v3.40529","geometry":{"type":"Point","coordinates":[331490.1548,7392929.9198]},"geometry_name":"ge_ponto","properties":{"cd_identificador":40529,"cd_identificador_tema_equipamento":3,"nm_tema_equipamento":"CULTURA","cd_identificador_rede_equipamento":0,"nm_rede_equipamento":"SEM REDE","tx_rede_equipamento":"Sem descrição","cd_identificador_tipo_equipamento":7,"nm_tipo_equipamento":"Salas de Cinema ","tx_tipo_equipamento":"Salas de Cinema e Assentos","cd_identificador_classe_equipamento":4,"nm_classe_equipamento":"TEATRO-CINEMA-SHOW","tx_classe_equipamento":"TEATRO-CINEMA-SHOW","cd_identificador_esfera_administrativa_equipamento":4,"nm_esfera_administrativa_equipamento":"Particular","tx_esfera_administrativa_equipamento":"Entidade mantenedora: particular","cd_equipamento":null,"nm_equipamento":"RESERVA CULTURAL - SALA 01","tx_endereco_equipamento":"Av. Paulista, 900","nm_bairro_equipamento":"","cd_cep_equipamento":"01310-100","tx_horario_funcionamento":null,"tx_numero_telefone":null,"cd_equipamento_base_origem":null}},{"type":"Feature","id":"equipamento_cultura_teatro_cinema_show_v3.40530","geometry":{"type":"Point","coordinates":[331490.1548,7392929.9198]},"geometry_name":"ge_ponto","properties":{"cd_identificador":40530,"cd_identificador_tema_equipamento":3,"nm_tema_equipamento":"CULTURA","cd_identificador_rede_equipamento":0,"nm_rede_equipamento":"SEM REDE","tx_rede_equipamento":"Sem descrição","cd_identificador_tipo_equipamento":7,"nm_tipo_equipamento":"Salas de Cinema ","tx_tipo_equipamento":"Salas de Cinema e Assentos","cd_identificador_classe_equipamento":4,"nm_classe_equipamento":"TEATRO-CINEMA-SHOW","tx_classe_equipamento":"TEATRO-CINEMA-SHOW","cd_identificador_esfera_administrativa_equipamento":4,"nm_esfera_administrativa_equipamento":"Particular","tx_esfera_administrativa_equipamento":"Entidade mantenedora: particular","cd_equipamento":null,"nm_equipamento":"RESERVA CULTURAL - SALA 02","tx_endereco_equipamento":"Av. Paulista, 900","nm_bairro_equipamento":"","cd_cep_equipamento":"01310-100","tx_horario_funcionamento":null,"tx_numero_telefone":null,"cd_equipamento_base_origem":null}},{"type":"Feature","id":"equipamento_cultura_teatro_cinema_show_v3.40531","geometry":{"type":"Point","coordinates":[331490.1548,7392929.9198]},"geometry_name":"ge_ponto","properties":{"cd_identificador":40531,"cd_identificador_tema_equipamento":3,"nm_tema_equipamento":"CULTURA","cd_identificador_rede_equipamento":0,"nm_rede_equipamento":"SEM REDE","tx_rede_equipamento":"Sem descrição","cd_identificador_tipo_equipamento":7,"nm_tipo_equipamento":"Salas de Cinema ","tx_tipo_equipamento":"Salas de Cinema e Assentos","cd_identificador_classe_equipamento":4,"nm_classe_equipamento":"TEATRO-CINEMA-SHOW","tx_classe_equipamento":"TEATRO-CINEMA-SHOW","cd_identificador_esfera_administrativa_equipamento":4,"nm_esfera_administrativa_equipamento":"Particular","tx_esfera_administrativa_equipamento":"Entidade mantenedora: particular","cd_equipamento":null,"nm_equipamento":"RESERVA CULTURAL - SALA 03","tx_endereco_equipamento":"Av. Paulista, 900","nm_bairro_equipamento":"","cd_cep_equipamento":"01310-100","tx_horario_funcionamento":null,"tx_numero_telefone":null,"cd_equipamento_base_origem":null}},{"type":"Feature","id":"equipamento_cultura_teatro_cinema_show_v3.40532","geometry":{"type":"Point","coordinates":[331490.1548,7392929.9198]},"geometry_name":"ge_ponto","properties":{"cd_identificador":40532,"cd_identificador_tema_equipamento":3,"nm_tema_equipamento":"CULTURA","cd_identificador_rede_equipamento":0,"nm_rede_equipamento":"SEM REDE","tx_rede_equipamento":"Sem descrição","cd_identificador_tipo_equipamento":7,"nm_tipo_equipamento":"Salas de Cinema ","tx_tipo_equipamento":"Salas de Cinema e Assentos","cd_identificador_classe_equipamento":4,"nm_classe_equipamento":"TEATRO-CINEMA-SHOW","tx_classe_equipamento":"TEATRO-CINEMA-SHOW","cd_identificador_esfera_administrativa_equipamento":4,"nm_esfera_administrativa_equipamento":"Particular","tx_esfera_administrativa_equipamento":"Entidade mantenedora: particular","cd_equipamento":null,"nm_equipamento":"RESERVA CULTURAL - SALA 04","tx_endereco_equipamento":"Av. Paulista, 900","nm_bairro_equipamento":"","cd_cep_equipamento":"01310-100","tx_horario_funcionamento":null,"tx_numero_telefone":null,"cd_equipamento_base_origem":null}},{"type":"Feature","id":"equipamento_cultura_teatro_cinema_show_v3.40533","geometry":{"type":"Point","coordinates":[332559.6657,7395449.6368]},"geometry_name":"ge_ponto","properties":{"cd_identificador":40533,"cd_identificador_tema_equipamento":3,"nm_tema_equipamento":"CULTURA","cd_identificador_rede_equipamento":0,"nm_rede_equipamento":"SEM REDE","tx_rede_equipamento":"Sem descrição","cd_identificador_tipo_equipamento":7,"nm_tipo_equipamento":"Salas de Cinema ","tx_tipo_equipamento":"Salas de Cinema e Assentos","cd_identificador_classe_equipamento":4,"nm_classe_equipamento":"TEATRO-CINEMA-SHOW","tx_classe_equipamento":"TEATRO-CINEMA-SHOW","cd_identificador_esfera_administrativa_equipamento":4,"nm_esfera_administrativa_equipamento":"Particular","tx_esfera_administrativa_equipamento":"Entidade mantenedora: particular","cd_equipamento":null,"nm_equipamento":"SANTOS CINE PARIS","tx_endereco_equipamento":"Av. Ipiranga, 808","nm_bairro_equipamento":"","cd_cep_equipamento":"01040-000","tx_horario_funcionamento":null,"tx_numero_telefone":null,"cd_equipamento_base_origem":null}},{"type":"Feature","id":"equipamento_cultura_teatro_cinema_show_v3.40534","geometry":{"type":"Point","coordinates":[332625.0814,7395577.0751]},"geometry_name":"ge_ponto","properties":{"cd_identificador":40534,"cd_identificador_tema_equipamento":3,"nm_tema_equipamento":"CULTURA","cd_identificador_rede_equipamento":0,"nm_rede_equipamento":"SEM REDE","tx_rede_equipamento":"Sem descrição","cd_identificador_tipo_equipamento":7,"nm_tipo_equipamento":"Salas de Cinema ","tx_tipo_equipamento":"Salas de Cinema e Assentos","cd_identificador_classe_equipamento":4,"nm_classe_equipamento":"TEATRO-CINEMA-SHOW","tx_classe_equipamento":"TEATRO-CINEMA-SHOW","cd_identificador_esfera_administrativa_equipamento":4,"nm_esfera_administrativa_equipamento":"Particular","tx_esfera_administrativa_equipamento":"Entidade mantenedora: particular","cd_equipamento":null,"nm_equipamento":"EMPRESA SUPERCAP DE CINE GLOBO","tx_endereco_equipamento":"Av Ipiranga, 933","nm_bairro_equipamento":"","cd_cep_equipamento":"01211-100","tx_horario_funcionamento":null,"tx_numero_telefone":null,"cd_equipamento_base_origem":null}},{"type":"Feature","id":"equipamento_cultura_teatro_cinema_show_v3.40535","geometry":{"type":"Point","coordinates":[330357.5161,7393428.8288]},"geometry_name":"ge_ponto","properties":{"cd_identificador":40535,"cd_identificador_tema_equipamento":3,"nm_tema_equipamento":"CULTURA","cd_identificador_rede_equipamento":0,"nm_rede_equipamento":"SEM REDE","tx_rede_equipamento":"Sem descrição","cd_identificador_tipo_equipamento":7,"nm_tipo_equipamento":"Salas de Cinema ","tx_tipo_equipamento":"Salas de Cinema e Assentos","cd_identificador_classe_equipamento":4,"nm_classe_equipamento":"TEATRO-CINEMA-SHOW","tx_classe_equipamento":"TEATRO-CINEMA-SHOW","cd_identificador_esfera_administrativa_equipamento":4,"nm_esfera_administrativa_equipamento":"Particular","tx_esfera_administrativa_equipamento":"Entidade mantenedora: particular","cd_equipamento":null,"nm_equipamento":"CINESESC","tx_endereco_equipamento":"Rua Augusta, 2075","nm_bairro_equipamento":"","cd_cep_equipamento":"01413-000","tx_horario_funcionamento":null,"tx_numero_telefone":null,"cd_equipamento_base_origem":null}},{"type":"Feature","id":"equipamento_cultura_teatro_cinema_show_v3.40536","geometry":{"type":"Point","coordinates":[332150.037,7395691.2775]},"geometry_name":"ge_ponto","properties":{"cd_identificador":40536,"cd_identificador_tema_equipamento":3,"nm_tema_equipamento":"CULTURA","cd_identificador_rede_equipamento":0,"nm_rede_equipamento":"SEM REDE","tx_rede_equipamento":"Sem descrição","cd_identificador_tipo_equipamento":7,"nm_tipo_equipamento":"Salas de Cinema ","tx_tipo_equipamento":"Salas de Cinema e Assentos","cd_identificador_classe_equipamento":4,"nm_classe_equipamento":"TEATRO-CINEMA-SHOW","tx_classe_equipamento":"TEATRO-CINEMA-SHOW","cd_identificador_esfera_administrativa_equipamento":4,"nm_esfera_administrativa_equipamento":"Particular","tx_esfera_administrativa_equipamento":"Entidade mantenedora: particular","cd_equipamento":null,"nm_equipamento":"PONTO ZEN SALA","tx_endereco_equipamento":"Av. São João, 1119","nm_bairro_equipamento":"","cd_cep_equipamento":"01035-100","tx_horario_funcionamento":null,"tx_numero_telefone":null,"cd_equipamento_base_origem":null}},{"type":"Feature","id":"equipamento_cultura_teatro_cinema_show_v3.40537","geometry":{"type":"Point","coordinates":[326517.2888,7382967.9481]},"geometry_name":"ge_ponto","properties":{"cd_identificador":40537,"cd_identificador_tema_equipamento":3,"nm_tema_equipamento":"CULTURA","cd_identificador_rede_equipamento":0,"nm_rede_equipamento":"SEM REDE","tx_rede_equipamento":"Sem descrição","cd_identificador_tipo_equipamento":7,"nm_tipo_equipamento":"Salas de Cinema ","tx_tipo_equipamento":"Salas de Cinema e Assentos","cd_identificador_classe_equipamento":4,"nm_classe_equipamento":"TEATRO-CINEMA-SHOW","tx_classe_equipamento":"TEATRO-CINEMA-SHOW","cd_identificador_esfera_administrativa_equipamento":4,"nm_esfera_administrativa_equipamento":"Particular","tx_esfera_administrativa_equipamento":"Entidade mantenedora: particular","cd_equipamento":null,"nm_equipamento":"MOVIECOM BOAVISTA - SALA 01","tx_endereco_equipamento":"Rua, Borba Gato, 59","nm_bairro_equipamento":"","cd_cep_equipamento":"04747-030","tx_horario_funcionamento":null,"tx_numero_telefone":null,"cd_equipamento_base_origem":null}},{"type":"Feature","id":"equipamento_cultura_teatro_cinema_show_v3.40538","geometry":{"type":"Point","coordinates":[326517.2888,7382967.9481]},"geometry_name":"ge_ponto","properties":{"cd_identificador":40538,"cd_identificador_tema_equipamento":3,"nm_tema_equipamento":"CULTURA","cd_identificador_rede_equipamento":0,"nm_rede_equipamento":"SEM REDE","tx_rede_equipamento":"Sem descrição","cd_identificador_tipo_equipamento":7,"nm_tipo_equipamento":"Salas de Cinema ","tx_tipo_equipamento":"Salas de Cinema e Assentos","cd_identificador_classe_equipamento":4,"nm_classe_equipamento":"TEATRO-CINEMA-SHOW","tx_classe_equipamento":"TEATRO-CINEMA-SHOW","cd_identificador_esfera_administrativa_equipamento":4,"nm_esfera_administrativa_equipamento":"Particular","tx_esfera_administrativa_equipamento":"Entidade mantenedora: particular","cd_equipamento":null,"nm_equipamento":"MOVIECOM BOAVISTA - SALA 02","tx_endereco_equipamento":"Rua, Borba Gato, 59","nm_bairro_equipamento":"","cd_cep_equipamento":"04747-030","tx_horario_funcionamento":null,"tx_numero_telefone":null,"cd_equipamento_base_origem":null}},{"type":"Feature","id":"equipamento_cultura_teatro_cinema_show_v3.40539","geometry":{"type":"Point","coordinates":[326517.2888,7382967.9481]},"geometry_name":"ge_ponto","properties":{"cd_identificador":40539,"cd_identificador_tema_equipamento":3,"nm_tema_equipamento":"CULTURA","cd_identificador_rede_equipamento":0,"nm_rede_equipamento":"SEM REDE","tx_rede_equipamento":"Sem descrição","cd_identificador_tipo_equipamento":7,"nm_tipo_equipamento":"Salas de Cinema ","tx_tipo_equipamento":"Salas de Cinema e Assentos","cd_identificador_classe_equipamento":4,"nm_classe_equipamento":"TEATRO-CINEMA-SHOW","tx_classe_equipamento":"TEATRO-CINEMA-SHOW","cd_identificador_esfera_administrativa_equipamento":4,"nm_esfera_administrativa_equipamento":"Particular","tx_esfera_administrativa_equipamento":"Entidade mantenedora: particular","cd_equipamento":null,"nm_equipamento":"MOVIECOM BOAVISTA - SALA 03","tx_endereco_equipamento":"Rua, Borba Gato, 59","nm_bairro_equipamento":"","cd_cep_equipamento":"04747-030","tx_horario_funcionamento":null,"tx_numero_telefone":null,"cd_equipamento_base_origem":null}},{"type":"Feature","id":"equipamento_cultura_teatro_cinema_show_v3.40540","geometry":{"type":"Point","coordinates":[326517.2888,7382967.9481]},"geometry_name":"ge_ponto","properties":{"cd_identificador":40540,"cd_identificador_tema_equipamento":3,"nm_tema_equipamento":"CULTURA","cd_identificador_rede_equipamento":0,"nm_rede_equipamento":"SEM REDE","tx_rede_equipamento":"Sem descrição","cd_identificador_tipo_equipamento":7,"nm_tipo_equipamento":"Salas de Cinema ","tx_tipo_equipamento":"Salas de Cinema e Assentos","cd_identificador_classe_equipamento":4,"nm_classe_equipamento":"TEATRO-CINEMA-SHOW","tx_classe_equipamento":"TEATRO-CINEMA-SHOW","cd_identificador_esfera_administrativa_equipamento":4,"nm_esfera_administrativa_equipamento":"Particular","tx_esfera_administrativa_equipamento":"Entidade mantenedora: particular","cd_equipamento":null,"nm_equipamento":"MOVIECOM BOAVISTA - SALA 04","tx_endereco_equipamento":"Rua, Borba Gato, 59","nm_bairro_equipamento":"","cd_cep_equipamento":"04747-030","tx_horario_funcionamento":null,"tx_numero_telefone":null,"cd_equipamento_base_origem":null}},{"type":"Feature","id":"equipamento_cultura_teatro_cinema_show_v3.40541","geometry":{"type":"Point","coordinates":[326517.2888,7382967.9481]},"geometry_name":"ge_ponto","properties":{"cd_identificador":40541,"cd_identificador_tema_equipamento":3,"nm_tema_equipamento":"CULTURA","cd_identificador_rede_equipamento":0,"nm_rede_equipamento":"SEM REDE","tx_rede_equipamento":"Sem descrição","cd_identificador_tipo_equipamento":7,"nm_tipo_equipamento":"Salas de Cinema ","tx_tipo_equipamento":"Salas de Cinema e Assentos","cd_identificador_classe_equipamento":4,"nm_classe_equipamento":"TEATRO-CINEMA-SHOW","tx_classe_equipamento":"TEATRO-CINEMA-SHOW","cd_identificador_esfera_administrativa_equipamento":4,"nm_esfera_administrativa_equipamento":"Particular","tx_esfera_administrativa_equipamento":"Entidade mantenedora: particular","cd_equipamento":null,"nm_equipamento":"MOVIECOM BOAVISTA - SALA 05","tx_endereco_equipamento":"Rua, Borba Gato, 59","nm_bairro_equipamento":"","cd_cep_equipamento":"04747-030","tx_horario_funcionamento":null,"tx_numero_telefone":null,"cd_equipamento_base_origem":null}},{"type":"Feature","id":"equipamento_cultura_teatro_cinema_show_v3.40542","geometry":{"type":"Point","coordinates":[342105.6508,7397496.4259]},"geometry_name":"ge_ponto","properties":{"cd_identificador":40542,"cd_identificador_tema_equipamento":3,"nm_tema_equipamento":"CULTURA","cd_identificador_rede_equipamento":0,"nm_rede_equipamento":"SEM REDE","tx_rede_equipamento":"Sem descrição","cd_identificador_tipo_equipamento":7,"nm_tipo_equipamento":"Salas de Cinema ","tx_tipo_equipamento":"Salas de Cinema e Assentos","cd_identificador_classe_equipamento":4,"nm_classe_equipamento":"TEATRO-CINEMA-SHOW","tx_classe_equipamento":"TEATRO-CINEMA-SHOW","cd_identificador_esfera_administrativa_equipamento":4,"nm_esfera_administrativa_equipamento":"Particular","tx_esfera_administrativa_equipamento":"Entidade mantenedora: particular","cd_equipamento":null,"nm_equipamento":"MOVIECOM PENHA - SALA 03","tx_endereco_equipamento":"Rua Doutor João Ribeiro, 304","nm_bairro_equipamento":"","cd_cep_equipamento":"03634-010","tx_horario_funcionamento":null,"tx_numero_telefone":null,"cd_equipamento_base_origem":null}},{"type":"Feature","id":"equipamento_cultura_teatro_cinema_show_v3.40543","geometry":{"type":"Point","coordinates":[342105.6508,7397496.4259]},"geometry_name":"ge_ponto","properties":{"cd_identificador":40543,"cd_identificador_tema_equipamento":3,"nm_tema_equipamento":"CULTURA","cd_identificador_rede_equipamento":0,"nm_rede_equipamento":"SEM REDE","tx_rede_equipamento":"Sem descrição","cd_identificador_tipo_equipamento":7,"nm_tipo_equipamento":"Salas de Cinema ","tx_tipo_equipamento":"Salas de Cinema e Assentos","cd_identificador_classe_equipamento":4,"nm_classe_equipamento":"TEATRO-CINEMA-SHOW","tx_classe_equipamento":"TEATRO-CINEMA-SHOW","cd_identificador_esfera_administrativa_equipamento":4,"nm_esfera_administrativa_equipamento":"Particular","tx_esfera_administrativa_equipamento":"Entidade mantenedora: particular","cd_equipamento":null,"nm_equipamento":"MOVIECOM PENHA - SALA 04","tx_endereco_equipamento":"Rua Doutor João Ribeiro, 304","nm_bairro_equipamento":"","cd_cep_equipamento":"03634-010","tx_horario_funcionamento":null,"tx_numero_telefone":null,"cd_equipamento_base_origem":null}},{"type":"Feature","id":"equipamento_cultura_teatro_cinema_show_v3.40544","geometry":{"type":"Point","coordinates":[342105.6508,7397496.4259]},"geometry_name":"ge_ponto","properties":{"cd_identificador":40544,"cd_identificador_tema_equipamento":3,"nm_tema_equipamento":"CULTURA","cd_identificador_rede_equipamento":0,"nm_rede_equipamento":"SEM REDE","tx_rede_equipamento":"Sem descrição","cd_identificador_tipo_equipamento":7,"nm_tipo_equipamento":"Salas de Cinema ","tx_tipo_equipamento":"Salas de Cinema e Assentos","cd_identificador_classe_equipamento":4,"nm_classe_equipamento":"TEATRO-CINEMA-SHOW","tx_classe_equipamento":"TEATRO-CINEMA-SHOW","cd_identificador_esfera_administrativa_equipamento":4,"nm_esfera_administrativa_equipamento":"Particular","tx_esfera_administrativa_equipamento":"Entidade mantenedora: particular","cd_equipamento":null,"nm_equipamento":"MOVIECOM PENHA - SALA 05","tx_endereco_equipamento":"Rua Doutor João Ribeiro, 304","nm_bairro_equipamento":"","cd_cep_equipamento":"03634-010","tx_horario_funcionamento":null,"tx_numero_telefone":null,"cd_equipamento_base_origem":null}},{"type":"Feature","id":"equipamento_cultura_teatro_cinema_show_v3.40545","geometry":{"type":"Point","coordinates":[342105.6508,7397496.4259]},"geometry_name":"ge_ponto","properties":{"cd_identificador":40545,"cd_identificador_tema_equipamento":3,"nm_tema_equipamento":"CULTURA","cd_identificador_rede_equipamento":0,"nm_rede_equipamento":"SEM REDE","tx_rede_equipamento":"Sem descrição","cd_identificador_tipo_equipamento":7,"nm_tipo_equipamento":"Salas de Cinema ","tx_tipo_equipamento":"Salas de Cinema e Assentos","cd_identificador_classe_equipamento":4,"nm_classe_equipamento":"TEATRO-CINEMA-SHOW","tx_classe_equipamento":"TEATRO-CINEMA-SHOW","cd_identificador_esfera_administrativa_equipamento":4,"nm_esfera_administrativa_equipamento":"Particular","tx_esfera_administrativa_equipamento":"Entidade mantenedora: particular","cd_equipamento":null,"nm_equipamento":"MOVIECOM PENHA - SALA 06","tx_endereco_equipamento":"Rua Doutor João Ribeiro, 304","nm_bairro_equipamento":"","cd_cep_equipamento":"03634-010","tx_horario_funcionamento":null,"tx_numero_telefone":null,"cd_equipamento_base_origem":null}},{"type":"Feature","id":"equipamento_cultura_teatro_cinema_show_v3.40546","geometry":{"type":"Point","coordinates":[342105.6508,7397496.4259]},"geometry_name":"ge_ponto","properties":{"cd_identificador":40546,"cd_identificador_tema_equipamento":3,"nm_tema_equipamento":"CULTURA","cd_identificador_rede_equipamento":0,"nm_rede_equipamento":"SEM REDE","tx_rede_equipamento":"Sem descrição","cd_identificador_tipo_equipamento":7,"nm_tipo_equipamento":"Salas de Cinema ","tx_tipo_equipamento":"Salas de Cinema e Assentos","cd_identificador_classe_equipamento":4,"nm_classe_equipamento":"TEATRO-CINEMA-SHOW","tx_classe_equipamento":"TEATRO-CINEMA-SHOW","cd_identificador_esfera_administrativa_equipamento":4,"nm_esfera_administrativa_equipamento":"Particular","tx_esfera_administrativa_equipamento":"Entidade mantenedora: particular","cd_equipamento":null,"nm_equipamento":"MOVIECOM PENHA - SALA 02","tx_endereco_equipamento":"Rua Doutor João Ribeiro, 304","nm_bairro_equipamento":"","cd_cep_equipamento":"03634-010","tx_horario_funcionamento":null,"tx_numero_telefone":null,"cd_equipamento_base_origem":null}},{"type":"Feature","id":"equipamento_cultura_teatro_cinema_show_v3.40547","geometry":{"type":"Point","coordinates":[322880.5725,7385589.7593]},"geometry_name":"ge_ponto","properties":{"cd_identificador":40547,"cd_identificador_tema_equipamento":3,"nm_tema_equipamento":"CULTURA","cd_identificador_rede_equipamento":0,"nm_rede_equipamento":"SEM REDE","tx_rede_equipamento":"Sem descrição","cd_identificador_tipo_equipamento":7,"nm_tipo_equipamento":"Salas de Cinema ","tx_tipo_equipamento":"Salas de Cinema e Assentos","cd_identificador_classe_equipamento":4,"nm_classe_equipamento":"TEATRO-CINEMA-SHOW","tx_classe_equipamento":"TEATRO-CINEMA-SHOW","cd_identificador_esfera_administrativa_equipamento":4,"nm_esfera_administrativa_equipamento":"Particular","tx_esfera_administrativa_equipamento":"Entidade mantenedora: particular","cd_equipamento":null,"nm_equipamento":"UCI SHOPPING JARDIM SUL - SALA 10","tx_endereco_equipamento":"Av. Giovanni Gronchi, 5819","nm_bairro_equipamento":"","cd_cep_equipamento":"05724-003","tx_horario_funcionamento":null,"tx_numero_telefone":null,"cd_equipamento_base_origem":null}},{"type":"Feature","id":"equipamento_cultura_teatro_cinema_show_v3.40549","geometry":{"type":"Point","coordinates":[320743.7359,7383445.8765]},"geometry_name":"ge_ponto","properties":{"cd_identificador":40549,"cd_identificador_tema_equipamento":3,"nm_tema_equipamento":"CULTURA","cd_identificador_rede_equipamento":0,"nm_rede_equipamento":"SEM REDE","tx_rede_equipamento":"Sem descrição","cd_identificador_tipo_equipamento":7,"nm_tipo_equipamento":"Salas de Cinema ","tx_tipo_equipamento":"Salas de Cinema e Assentos","cd_identificador_classe_equipamento":4,"nm_classe_equipamento":"TEATRO-CINEMA-SHOW","tx_classe_equipamento":"TEATRO-CINEMA-SHOW","cd_identificador_esfera_administrativa_equipamento":4,"nm_esfera_administrativa_equipamento":"Particular","tx_esfera_administrativa_equipamento":"Entidade mantenedora: particular","cd_equipamento":null,"nm_equipamento":"MULTIPLEX SHOPPING CAMPO LIMPO - SALA I","tx_endereco_equipamento":"Estrada De Campo Limpo, 459","nm_bairro_equipamento":"","cd_cep_equipamento":"05787-000","tx_horario_funcionamento":null,"tx_numero_telefone":null,"cd_equipamento_base_origem":null}},{"type":"Feature","id":"equipamento_cultura_teatro_cinema_show_v3.40550","geometry":{"type":"Point","coordinates":[320743.7359,7383445.8765]},"geometry_name":"ge_ponto","properties":{"cd_identificador":40550,"cd_identificador_tema_equipamento":3,"nm_tema_equipamento":"CULTURA","cd_identificador_rede_equipamento":0,"nm_rede_equipamento":"SEM REDE","tx_rede_equipamento":"Sem descrição","cd_identificador_tipo_equipamento":7,"nm_tipo_equipamento":"Salas de Cinema ","tx_tipo_equipamento":"Salas de Cinema e Assentos","cd_identificador_classe_equipamento":4,"nm_classe_equipamento":"TEATRO-CINEMA-SHOW","tx_classe_equipamento":"TEATRO-CINEMA-SHOW","cd_identificador_esfera_administrativa_equipamento":4,"nm_esfera_administrativa_equipamento":"Particular","tx_esfera_administrativa_equipamento":"Entidade mantenedora: particular","cd_equipamento":null,"nm_equipamento":"MULTIPLEX SHOPPING CAMPO LIMPO - SALA II","tx_endereco_equipamento":"Estrada De Campo Limpo, 459","nm_bairro_equipamento":"","cd_cep_equipamento":"05787-000","tx_horario_funcionamento":null,"tx_numero_telefone":null,"cd_equipamento_base_origem":null}},{"type":"Feature","id":"equipamento_cultura_teatro_cinema_show_v3.40551","geometry":{"type":"Point","coordinates":[320743.7359,7383445.8765]},"geometry_name":"ge_ponto","properties":{"cd_identificador":40551,"cd_identificador_tema_equipamento":3,"nm_tema_equipamento":"CULTURA","cd_identificador_rede_equipamento":0,"nm_rede_equipamento":"SEM REDE","tx_rede_equipamento":"Sem descrição","cd_identificador_tipo_equipamento":7,"nm_tipo_equipamento":"Salas de Cinema ","tx_tipo_equipamento":"Salas de Cinema e Assentos","cd_identificador_classe_equipamento":4,"nm_classe_equipamento":"TEATRO-CINEMA-SHOW","tx_classe_equipamento":"TEATRO-CINEMA-SHOW","cd_identificador_esfera_administrativa_equipamento":4,"nm_esfera_administrativa_equipamento":"Particular","tx_esfera_administrativa_equipamento":"Entidade mantenedora: particular","cd_equipamento":null,"nm_equipamento":"MULTIPLEX SHOPPING CAMPO LIMPO - SALA III","tx_endereco_equipamento":"Estrada De Campo Limpo, 459","nm_bairro_equipamento":"","cd_cep_equipamento":"05787-000","tx_horario_funcionamento":null,"tx_numero_telefone":null,"cd_equipamento_base_origem":null}},{"type":"Feature","id":"equipamento_cultura_teatro_cinema_show_v3.40552","geometry":{"type":"Point","coordinates":[320743.7359,7383445.8765]},"geometry_name":"ge_ponto","properties":{"cd_identificador":40552,"cd_identificador_tema_equipamento":3,"nm_tema_equipamento":"CULTURA","cd_identificador_rede_equipamento":0,"nm_rede_equipamento":"SEM REDE","tx_rede_equipamento":"Sem descrição","cd_identificador_tipo_equipamento":7,"nm_tipo_equipamento":"Salas de Cinema ","tx_tipo_equipamento":"Salas de Cinema e Assentos","cd_identificador_classe_equipamento":4,"nm_classe_equipamento":"TEATRO-CINEMA-SHOW","tx_classe_equipamento":"TEATRO-CINEMA-SHOW","cd_identificador_esfera_administrativa_equipamento":4,"nm_esfera_administrativa_equipamento":"Particular","tx_esfera_administrativa_equipamento":"Entidade mantenedora: particular","cd_equipamento":null,"nm_equipamento":"MULTIPLEX SHOPPING CAMPO LIMPO - SALA IV","tx_endereco_equipamento":"Estrada De Campo Limpo, 459","nm_bairro_equipamento":"","cd_cep_equipamento":"05787-000","tx_horario_funcionamento":null,"tx_numero_telefone":null,"cd_equipamento_base_origem":null}},{"type":"Feature","id":"equipamento_cultura_teatro_cinema_show_v3.40553","geometry":{"type":"Point","coordinates":[320743.7359,7383445.8765]},"geometry_name":"ge_ponto","properties":{"cd_identificador":40553,"cd_identificador_tema_equipamento":3,"nm_tema_equipamento":"CULTURA","cd_identificador_rede_equipamento":0,"nm_rede_equipamento":"SEM REDE","tx_rede_equipamento":"Sem descrição","cd_identificador_tipo_equipamento":7,"nm_tipo_equipamento":"Salas de Cinema ","tx_tipo_equipamento":"Salas de Cinema e Assentos","cd_identificador_classe_equipamento":4,"nm_classe_equipamento":"TEATRO-CINEMA-SHOW","tx_classe_equipamento":"TEATRO-CINEMA-SHOW","cd_identificador_esfera_administrativa_equipamento":4,"nm_esfera_administrativa_equipamento":"Particular","tx_esfera_administrativa_equipamento":"Entidade mantenedora: particular","cd_equipamento":null,"nm_equipamento":"MULTIPLEX SHOPPING CAMPO LIMPO - SALA V","tx_endereco_equipamento":"Estrada De Campo Limpo, 459","nm_bairro_equipamento":"","cd_cep_equipamento":"05787-000","tx_horario_funcionamento":null,"tx_numero_telefone":null,"cd_equipamento_base_origem":null}},{"type":"Feature","id":"equipamento_cultura_teatro_cinema_show_v3.40554","geometry":{"type":"Point","coordinates":[326888.6351,7392049.1115]},"geometry_name":"ge_ponto","properties":{"cd_identificador":40554,"cd_identificador_tema_equipamento":3,"nm_tema_equipamento":"CULTURA","cd_identificador_rede_equipamento":0,"nm_rede_equipamento":"SEM REDE","tx_rede_equipamento":"Sem descrição","cd_identificador_tipo_equipamento":7,"nm_tipo_equipamento":"Salas de Cinema ","tx_tipo_equipamento":"Salas de Cinema e Assentos","cd_identificador_classe_equipamento":4,"nm_classe_equipamento":"TEATRO-CINEMA-SHOW","tx_classe_equipamento":"TEATRO-CINEMA-SHOW","cd_identificador_esfera_administrativa_equipamento":4,"nm_esfera_administrativa_equipamento":"Particular","tx_esfera_administrativa_equipamento":"Entidade mantenedora: particular","cd_equipamento":null,"nm_equipamento":"CINEMARK ELDORADO - SALA 09","tx_endereco_equipamento":"Av. Rebouças, 3970","nm_bairro_equipamento":"","cd_cep_equipamento":"04583-110","tx_horario_funcionamento":null,"tx_numero_telefone":null,"cd_equipamento_base_origem":null}},{"type":"Feature","id":"equipamento_cultura_teatro_cinema_show_v3.40555","geometry":{"type":"Point","coordinates":[326888.6351,7392049.1115]},"geometry_name":"ge_ponto","properties":{"cd_identificador":40555,"cd_identificador_tema_equipamento":3,"nm_tema_equipamento":"CULTURA","cd_identificador_rede_equipamento":0,"nm_rede_equipamento":"SEM REDE","tx_rede_equipamento":"Sem descrição","cd_identificador_tipo_equipamento":7,"nm_tipo_equipamento":"Salas de Cinema ","tx_tipo_equipamento":"Salas de Cinema e Assentos","cd_identificador_classe_equipamento":4,"nm_classe_equipamento":"TEATRO-CINEMA-SHOW","tx_classe_equipamento":"TEATRO-CINEMA-SHOW","cd_identificador_esfera_administrativa_equipamento":4,"nm_esfera_administrativa_equipamento":"Particular","tx_esfera_administrativa_equipamento":"Entidade mantenedora: particular","cd_equipamento":null,"nm_equipamento":"CINEMARK ELDORADO - SALA 04","tx_endereco_equipamento":"Av. Rebouças, 3970","nm_bairro_equipamento":"","cd_cep_equipamento":"04583-110","tx_horario_funcionamento":null,"tx_numero_telefone":null,"cd_equipamento_base_origem":null}},{"type":"Feature","id":"equipamento_cultura_teatro_cinema_show_v3.40556","geometry":{"type":"Point","coordinates":[326888.6351,7392049.1115]},"geometry_name":"ge_ponto","properties":{"cd_identificador":40556,"cd_identificador_tema_equipamento":3,"nm_tema_equipamento":"CULTURA","cd_identificador_rede_equipamento":0,"nm_rede_equipamento":"SEM REDE","tx_rede_equipamento":"Sem descrição","cd_identificador_tipo_equipamento":7,"nm_tipo_equipamento":"Salas de Cinema ","tx_tipo_equipamento":"Salas de Cinema e Assentos","cd_identificador_classe_equipamento":4,"nm_classe_equipamento":"TEATRO-CINEMA-SHOW","tx_classe_equipamento":"TEATRO-CINEMA-SHOW","cd_identificador_esfera_administrativa_equipamento":4,"nm_esfera_administrativa_equipamento":"Particular","tx_esfera_administrativa_equipamento":"Entidade mantenedora: particular","cd_equipamento":null,"nm_equipamento":"CINEMARK ELDORADO - SALA 06","tx_endereco_equipamento":"Av. Rebouças, 3970","nm_bairro_equipamento":"","cd_cep_equipamento":"04583-110","tx_horario_funcionamento":null,"tx_numero_telefone":null,"cd_equipamento_base_origem":null}},{"type":"Feature","id":"equipamento_cultura_teatro_cinema_show_v3.40557","geometry":{"type":"Point","coordinates":[326888.6351,7392049.1115]},"geometry_name":"ge_ponto","properties":{"cd_identificador":40557,"cd_identificador_tema_equipamento":3,"nm_tema_equipamento":"CULTURA","cd_identificador_rede_equipamento":0,"nm_rede_equipamento":"SEM REDE","tx_rede_equipamento":"Sem descrição","cd_identificador_tipo_equipamento":7,"nm_tipo_equipamento":"Salas de Cinema ","tx_tipo_equipamento":"Salas de Cinema e Assentos","cd_identificador_classe_equipamento":4,"nm_classe_equipamento":"TEATRO-CINEMA-SHOW","tx_classe_equipamento":"TEATRO-CINEMA-SHOW","cd_identificador_esfera_administrativa_equipamento":4,"nm_esfera_administrativa_equipamento":"Particular","tx_esfera_administrativa_equipamento":"Entidade mantenedora: particular","cd_equipamento":null,"nm_equipamento":"CINEMARK ELDORADO - SALA 02","tx_endereco_equipamento":"Av. Rebouças, 3970","nm_bairro_equipamento":"","cd_cep_equipamento":"04583-110","tx_horario_funcionamento":null,"tx_numero_telefone":null,"cd_equipamento_base_origem":null}},{"type":"Feature","id":"equipamento_cultura_teatro_cinema_show_v3.40558","geometry":{"type":"Point","coordinates":[326888.6351,7392049.1115]},"geometry_name":"ge_ponto","properties":{"cd_identificador":40558,"cd_identificador_tema_equipamento":3,"nm_tema_equipamento":"CULTURA","cd_identificador_rede_equipamento":0,"nm_rede_equipamento":"SEM REDE","tx_rede_equipamento":"Sem descrição","cd_identificador_tipo_equipamento":7,"nm_tipo_equipamento":"Salas de Cinema ","tx_tipo_equipamento":"Salas de Cinema e Assentos","cd_identificador_classe_equipamento":4,"nm_classe_equipamento":"TEATRO-CINEMA-SHOW","tx_classe_equipamento":"TEATRO-CINEMA-SHOW","cd_identificador_esfera_administrativa_equipamento":4,"nm_esfera_administrativa_equipamento":"Particular","tx_esfera_administrativa_equipamento":"Entidade mantenedora: particular","cd_equipamento":null,"nm_equipamento":"CINEMARK ELDORADO - SALA 08","tx_endereco_equipamento":"Av. Rebouças, 3970","nm_bairro_equipamento":"","cd_cep_equipamento":"04583-110","tx_horario_funcionamento":null,"tx_numero_telefone":null,"cd_equipamento_base_origem":null}},{"type":"Feature","id":"equipamento_cultura_teatro_cinema_show_v3.40559","geometry":{"type":"Point","coordinates":[326888.6351,7392049.1115]},"geometry_name":"ge_ponto","properties":{"cd_identificador":40559,"cd_identificador_tema_equipamento":3,"nm_tema_equipamento":"CULTURA","cd_identificador_rede_equipamento":0,"nm_rede_equipamento":"SEM REDE","tx_rede_equipamento":"Sem descrição","cd_identificador_tipo_equipamento":7,"nm_tipo_equipamento":"Salas de Cinema ","tx_tipo_equipamento":"Salas de Cinema e Assentos","cd_identificador_classe_equipamento":4,"nm_classe_equipamento":"TEATRO-CINEMA-SHOW","tx_classe_equipamento":"TEATRO-CINEMA-SHOW","cd_identificador_esfera_administrativa_equipamento":4,"nm_esfera_administrativa_equipamento":"Particular","tx_esfera_administrativa_equipamento":"Entidade mantenedora: particular","cd_equipamento":null,"nm_equipamento":"CINEMARK ELDORADO - SALA 05","tx_endereco_equipamento":"Av. Rebouças, 3970","nm_bairro_equipamento":"","cd_cep_equipamento":"04583-110","tx_horario_funcionamento":null,"tx_numero_telefone":null,"cd_equipamento_base_origem":null}},{"type":"Feature","id":"equipamento_cultura_teatro_cinema_show_v3.40560","geometry":{"type":"Point","coordinates":[326888.6351,7392049.1115]},"geometry_name":"ge_ponto","properties":{"cd_identificador":40560,"cd_identificador_tema_equipamento":3,"nm_tema_equipamento":"CULTURA","cd_identificador_rede_equipamento":0,"nm_rede_equipamento":"SEM REDE","tx_rede_equipamento":"Sem descrição","cd_identificador_tipo_equipamento":7,"nm_tipo_equipamento":"Salas de Cinema ","tx_tipo_equipamento":"Salas de Cinema e Assentos","cd_identificador_classe_equipamento":4,"nm_classe_equipamento":"TEATRO-CINEMA-SHOW","tx_classe_equipamento":"TEATRO-CINEMA-SHOW","cd_identificador_esfera_administrativa_equipamento":4,"nm_esfera_administrativa_equipamento":"Particular","tx_esfera_administrativa_equipamento":"Entidade mantenedora: particular","cd_equipamento":null,"nm_equipamento":"CINEMARK ELDORADO - SALA 01","tx_endereco_equipamento":"Av. Rebouças, 3970","nm_bairro_equipamento":"","cd_cep_equipamento":"04583-110","tx_horario_funcionamento":null,"tx_numero_telefone":null,"cd_equipamento_base_origem":null}},{"type":"Feature","id":"equipamento_cultura_teatro_cinema_show_v3.40561","geometry":{"type":"Point","coordinates":[326888.6351,7392049.1115]},"geometry_name":"ge_ponto","properties":{"cd_identificador":40561,"cd_identificador_tema_equipamento":3,"nm_tema_equipamento":"CULTURA","cd_identificador_rede_equipamento":0,"nm_rede_equipamento":"SEM REDE","tx_rede_equipamento":"Sem descrição","cd_identificador_tipo_equipamento":7,"nm_tipo_equipamento":"Salas de Cinema ","tx_tipo_equipamento":"Salas de Cinema e Assentos","cd_identificador_classe_equipamento":4,"nm_classe_equipamento":"TEATRO-CINEMA-SHOW","tx_classe_equipamento":"TEATRO-CINEMA-SHOW","cd_identificador_esfera_administrativa_equipamento":4,"nm_esfera_administrativa_equipamento":"Particular","tx_esfera_administrativa_equipamento":"Entidade mantenedora: particular","cd_equipamento":null,"nm_equipamento":"CINEMARK ELDORADO - SALA 03","tx_endereco_equipamento":"Av. Rebouças, 3970","nm_bairro_equipamento":"","cd_cep_equipamento":"04583-110","tx_horario_funcionamento":null,"tx_numero_telefone":null,"cd_equipamento_base_origem":null}},{"type":"Feature","id":"equipamento_cultura_teatro_cinema_show_v3.40562","geometry":{"type":"Point","coordinates":[326888.6351,7392049.1115]},"geometry_name":"ge_ponto","properties":{"cd_identificador":40562,"cd_identificador_tema_equipamento":3,"nm_tema_equipamento":"CULTURA","cd_identificador_rede_equipamento":0,"nm_rede_equipamento":"SEM REDE","tx_rede_equipamento":"Sem descrição","cd_identificador_tipo_equipamento":7,"nm_tipo_equipamento":"Salas de Cinema ","tx_tipo_equipamento":"Salas de Cinema e Assentos","cd_identificador_classe_equipamento":4,"nm_classe_equipamento":"TEATRO-CINEMA-SHOW","tx_classe_equipamento":"TEATRO-CINEMA-SHOW","cd_identificador_esfera_administrativa_equipamento":4,"nm_esfera_administrativa_equipamento":"Particular","tx_esfera_administrativa_equipamento":"Entidade mantenedora: particular","cd_equipamento":null,"nm_equipamento":"CINEMARK ELDORADO - SALA 07","tx_endereco_equipamento":"Av. Rebouças, 3970","nm_bairro_equipamento":"","cd_cep_equipamento":"04583-110","tx_horario_funcionamento":null,"tx_numero_telefone":null,"cd_equipamento_base_origem":null}},{"type":"Feature","id":"equipamento_cultura_teatro_cinema_show_v3.40563","geometry":{"type":"Point","coordinates":[334955.4,7394615.4]},"geometry_name":"ge_ponto","properties":{"cd_identificador":40563,"cd_identificador_tema_equipamento":3,"nm_tema_equipamento":"CULTURA","cd_identificador_rede_equipamento":0,"nm_rede_equipamento":"SEM REDE","tx_rede_equipamento":"Sem descrição","cd_identificador_tipo_equipamento":7,"nm_tipo_equipamento":"Salas de Cinema ","tx_tipo_equipamento":"Salas de Cinema e Assentos","cd_identificador_classe_equipamento":4,"nm_classe_equipamento":"TEATRO-CINEMA-SHOW","tx_classe_equipamento":"TEATRO-CINEMA-SHOW","cd_identificador_esfera_administrativa_equipamento":4,"nm_esfera_administrativa_equipamento":"Particular","tx_esfera_administrativa_equipamento":"Entidade mantenedora: particular","cd_equipamento":null,"nm_equipamento":"ASSOCIAÇÃO CULTURAL ARTÍSTICA DE HELIÓPOLIS E SACOMÃ - CINE FAVELA","tx_endereco_equipamento":"Rua Alegria, 34 A","nm_bairro_equipamento":"","cd_cep_equipamento":"04235-020","tx_horario_funcionamento":null,"tx_numero_telefone":null,"cd_equipamento_base_origem":null}},{"type":"Feature","id":"equipamento_cultura_teatro_cinema_show_v3.40564","geometry":{"type":"Point","coordinates":[339136.5053,7395929.3841]},"geometry_name":"ge_ponto","properties":{"cd_identificador":40564,"cd_identificador_tema_equipamento":3,"nm_tema_equipamento":"CULTURA","cd_identificador_rede_equipamento":0,"nm_rede_equipamento":"SEM REDE","tx_rede_equipamento":"Sem descrição","cd_identificador_tipo_equipamento":7,"nm_tipo_equipamento":"Salas de Cinema ","tx_tipo_equipamento":"Salas de Cinema e Assentos","cd_identificador_classe_equipamento":4,"nm_classe_equipamento":"TEATRO-CINEMA-SHOW","tx_classe_equipamento":"TEATRO-CINEMA-SHOW","cd_identificador_esfera_administrativa_equipamento":4,"nm_esfera_administrativa_equipamento":"Particular","tx_esfera_administrativa_equipamento":"Entidade mantenedora: particular","cd_equipamento":null,"nm_equipamento":"CINEMARK TATUAPÉ II / BOULEVARD II","tx_endereco_equipamento":"Rua Gonçalves Crespo, S/N, 420","nm_bairro_equipamento":"","cd_cep_equipamento":"03066-030","tx_horario_funcionamento":null,"tx_numero_telefone":null,"cd_equipamento_base_origem":null}},{"type":"Feature","id":"equipamento_cultura_teatro_cinema_show_v3.40565","geometry":{"type":"Point","coordinates":[339136.5053,7395929.3841]},"geometry_name":"ge_ponto","properties":{"cd_identificador":40565,"cd_identificador_tema_equipamento":3,"nm_tema_equipamento":"CULTURA","cd_identificador_rede_equipamento":0,"nm_rede_equipamento":"SEM REDE","tx_rede_equipamento":"Sem descrição","cd_identificador_tipo_equipamento":7,"nm_tipo_equipamento":"Salas de Cinema ","tx_tipo_equipamento":"Salas de Cinema e Assentos","cd_identificador_classe_equipamento":4,"nm_classe_equipamento":"TEATRO-CINEMA-SHOW","tx_classe_equipamento":"TEATRO-CINEMA-SHOW","cd_identificador_esfera_administrativa_equipamento":4,"nm_esfera_administrativa_equipamento":"Particular","tx_esfera_administrativa_equipamento":"Entidade mantenedora: particular","cd_equipamento":null,"nm_equipamento":"CINEMARK TATUAPÉ II / BOULEVARD V","tx_endereco_equipamento":"Rua Gonçalves Crespo, S/N, 420","nm_bairro_equipamento":"","cd_cep_equipamento":"03066-030","tx_horario_funcionamento":null,"tx_numero_telefone":null,"cd_equipamento_base_origem":null}},{"type":"Feature","id":"equipamento_cultura_teatro_cinema_show_v3.40566","geometry":{"type":"Point","coordinates":[339136.5053,7395929.3841]},"geometry_name":"ge_ponto","properties":{"cd_identificador":40566,"cd_identificador_tema_equipamento":3,"nm_tema_equipamento":"CULTURA","cd_identificador_rede_equipamento":0,"nm_rede_equipamento":"SEM REDE","tx_rede_equipamento":"Sem descrição","cd_identificador_tipo_equipamento":7,"nm_tipo_equipamento":"Salas de Cinema ","tx_tipo_equipamento":"Salas de Cinema e Assentos","cd_identificador_classe_equipamento":4,"nm_classe_equipamento":"TEATRO-CINEMA-SHOW","tx_classe_equipamento":"TEATRO-CINEMA-SHOW","cd_identificador_esfera_administrativa_equipamento":4,"nm_esfera_administrativa_equipamento":"Particular","tx_esfera_administrativa_equipamento":"Entidade mantenedora: particular","cd_equipamento":null,"nm_equipamento":"CINEMARK TATUAPÉ II / BOULEVARD IV","tx_endereco_equipamento":"Rua Gonçalves Crespo, S/N, 420","nm_bairro_equipamento":"","cd_cep_equipamento":"03066-030","tx_horario_funcionamento":null,"tx_numero_telefone":null,"cd_equipamento_base_origem":null}},{"type":"Feature","id":"equipamento_cultura_teatro_cinema_show_v3.40567","geometry":{"type":"Point","coordinates":[339136.5053,7395929.3841]},"geometry_name":"ge_ponto","properties":{"cd_identificador":40567,"cd_identificador_tema_equipamento":3,"nm_tema_equipamento":"CULTURA","cd_identificador_rede_equipamento":0,"nm_rede_equipamento":"SEM REDE","tx_rede_equipamento":"Sem descrição","cd_identificador_tipo_equipamento":7,"nm_tipo_equipamento":"Salas de Cinema ","tx_tipo_equipamento":"Salas de Cinema e Assentos","cd_identificador_classe_equipamento":4,"nm_classe_equipamento":"TEATRO-CINEMA-SHOW","tx_classe_equipamento":"TEATRO-CINEMA-SHOW","cd_identificador_esfera_administrativa_equipamento":4,"nm_esfera_administrativa_equipamento":"Particular","tx_esfera_administrativa_equipamento":"Entidade mantenedora: particular","cd_equipamento":null,"nm_equipamento":"CINEMARK TATUAPÉ II / BOULEVARD III","tx_endereco_equipamento":"Rua Gonçalves Crespo, S/N, 420","nm_bairro_equipamento":"","cd_cep_equipamento":"03066-030","tx_horario_funcionamento":null,"tx_numero_telefone":null,"cd_equipamento_base_origem":null}},{"type":"Feature","id":"equipamento_cultura_teatro_cinema_show_v3.40568","geometry":{"type":"Point","coordinates":[339136.5053,7395929.3841]},"geometry_name":"ge_ponto","properties":{"cd_identificador":40568,"cd_identificador_tema_equipamento":3,"nm_tema_equipamento":"CULTURA","cd_identificador_rede_equipamento":0,"nm_rede_equipamento":"SEM REDE","tx_rede_equipamento":"Sem descrição","cd_identificador_tipo_equipamento":7,"nm_tipo_equipamento":"Salas de Cinema ","tx_tipo_equipamento":"Salas de Cinema e Assentos","cd_identificador_classe_equipamento":4,"nm_classe_equipamento":"TEATRO-CINEMA-SHOW","tx_classe_equipamento":"TEATRO-CINEMA-SHOW","cd_identificador_esfera_administrativa_equipamento":4,"nm_esfera_administrativa_equipamento":"Particular","tx_esfera_administrativa_equipamento":"Entidade mantenedora: particular","cd_equipamento":null,"nm_equipamento":"CINEMARK TATUAPÉ II / BOULEVARD I","tx_endereco_equipamento":"Rua Gonçalves Crespo, S/N, 420","nm_bairro_equipamento":"","cd_cep_equipamento":"03066-030","tx_horario_funcionamento":null,"tx_numero_telefone":null,"cd_equipamento_base_origem":null}},{"type":"Feature","id":"equipamento_cultura_teatro_cinema_show_v3.40569","geometry":{"type":"Point","coordinates":[326789.3266,7389138.1382]},"geometry_name":"ge_ponto","properties":{"cd_identificador":40569,"cd_identificador_tema_equipamento":3,"nm_tema_equipamento":"CULTURA","cd_identificador_rede_equipamento":0,"nm_rede_equipamento":"SEM REDE","tx_rede_equipamento":"Sem descrição","cd_identificador_tipo_equipamento":7,"nm_tipo_equipamento":"Salas de Cinema ","tx_tipo_equipamento":"Salas de Cinema e Assentos","cd_identificador_classe_equipamento":4,"nm_classe_equipamento":"TEATRO-CINEMA-SHOW","tx_classe_equipamento":"TEATRO-CINEMA-SHOW","cd_identificador_esfera_administrativa_equipamento":4,"nm_esfera_administrativa_equipamento":"Particular","tx_esfera_administrativa_equipamento":"Entidade mantenedora: particular","cd_equipamento":null,"nm_equipamento":"CINEMARK CIDADE JARDIM - SALA 01","tx_endereco_equipamento":"Av. Magalhães De Castro, 12000","nm_bairro_equipamento":"","cd_cep_equipamento":"05502-001","tx_horario_funcionamento":null,"tx_numero_telefone":null,"cd_equipamento_base_origem":null}},{"type":"Feature","id":"equipamento_cultura_teatro_cinema_show_v3.40570","geometry":{"type":"Point","coordinates":[326789.3266,7389138.1382]},"geometry_name":"ge_ponto","properties":{"cd_identificador":40570,"cd_identificador_tema_equipamento":3,"nm_tema_equipamento":"CULTURA","cd_identificador_rede_equipamento":0,"nm_rede_equipamento":"SEM REDE","tx_rede_equipamento":"Sem descrição","cd_identificador_tipo_equipamento":7,"nm_tipo_equipamento":"Salas de Cinema ","tx_tipo_equipamento":"Salas de Cinema e Assentos","cd_identificador_classe_equipamento":4,"nm_classe_equipamento":"TEATRO-CINEMA-SHOW","tx_classe_equipamento":"TEATRO-CINEMA-SHOW","cd_identificador_esfera_administrativa_equipamento":4,"nm_esfera_administrativa_equipamento":"Particular","tx_esfera_administrativa_equipamento":"Entidade mantenedora: particular","cd_equipamento":null,"nm_equipamento":"CINEMARK CIDADE JARDIM - SALA 04","tx_endereco_equipamento":"Av. Magalhães De Castro, 12000","nm_bairro_equipamento":"","cd_cep_equipamento":"05502-001","tx_horario_funcionamento":null,"tx_numero_telefone":null,"cd_equipamento_base_origem":null}},{"type":"Feature","id":"equipamento_cultura_teatro_cinema_show_v3.40571","geometry":{"type":"Point","coordinates":[326789.3266,7389138.1382]},"geometry_name":"ge_ponto","properties":{"cd_identificador":40571,"cd_identificador_tema_equipamento":3,"nm_tema_equipamento":"CULTURA","cd_identificador_rede_equipamento":0,"nm_rede_equipamento":"SEM REDE","tx_rede_equipamento":"Sem descrição","cd_identificador_tipo_equipamento":7,"nm_tipo_equipamento":"Salas de Cinema ","tx_tipo_equipamento":"Salas de Cinema e Assentos","cd_identificador_classe_equipamento":4,"nm_classe_equipamento":"TEATRO-CINEMA-SHOW","tx_classe_equipamento":"TEATRO-CINEMA-SHOW","cd_identificador_esfera_administrativa_equipamento":4,"nm_esfera_administrativa_equipamento":"Particular","tx_esfera_administrativa_equipamento":"Entidade mantenedora: particular","cd_equipamento":null,"nm_equipamento":"CINEMARK CIDADE JARDIM - SALA 03","tx_endereco_equipamento":"Av. Magalhães De Castro, 12000","nm_bairro_equipamento":"","cd_cep_equipamento":"05502-001","tx_horario_funcionamento":null,"tx_numero_telefone":null,"cd_equipamento_base_origem":null}},{"type":"Feature","id":"equipamento_cultura_teatro_cinema_show_v3.40572","geometry":{"type":"Point","coordinates":[326789.3266,7389138.1382]},"geometry_name":"ge_ponto","properties":{"cd_identificador":40572,"cd_identificador_tema_equipamento":3,"nm_tema_equipamento":"CULTURA","cd_identificador_rede_equipamento":0,"nm_rede_equipamento":"SEM REDE","tx_rede_equipamento":"Sem descrição","cd_identificador_tipo_equipamento":7,"nm_tipo_equipamento":"Salas de Cinema ","tx_tipo_equipamento":"Salas de Cinema e Assentos","cd_identificador_classe_equipamento":4,"nm_classe_equipamento":"TEATRO-CINEMA-SHOW","tx_classe_equipamento":"TEATRO-CINEMA-SHOW","cd_identificador_esfera_administrativa_equipamento":4,"nm_esfera_administrativa_equipamento":"Particular","tx_esfera_administrativa_equipamento":"Entidade mantenedora: particular","cd_equipamento":null,"nm_equipamento":"CINEMARK CIDADE JARDIM - SALA 06","tx_endereco_equipamento":"Av. Magalhães De Castro, 12000","nm_bairro_equipamento":"","cd_cep_equipamento":"05502-001","tx_horario_funcionamento":null,"tx_numero_telefone":null,"cd_equipamento_base_origem":null}},{"type":"Feature","id":"equipamento_cultura_teatro_cinema_show_v3.40573","geometry":{"type":"Point","coordinates":[326789.3266,7389138.1382]},"geometry_name":"ge_ponto","properties":{"cd_identificador":40573,"cd_identificador_tema_equipamento":3,"nm_tema_equipamento":"CULTURA","cd_identificador_rede_equipamento":0,"nm_rede_equipamento":"SEM REDE","tx_rede_equipamento":"Sem descrição","cd_identificador_tipo_equipamento":7,"nm_tipo_equipamento":"Salas de Cinema ","tx_tipo_equipamento":"Salas de Cinema e Assentos","cd_identificador_classe_equipamento":4,"nm_classe_equipamento":"TEATRO-CINEMA-SHOW","tx_classe_equipamento":"TEATRO-CINEMA-SHOW","cd_identificador_esfera_administrativa_equipamento":4,"nm_esfera_administrativa_equipamento":"Particular","tx_esfera_administrativa_equipamento":"Entidade mantenedora: particular","cd_equipamento":null,"nm_equipamento":"CINEMARK CIDADE JARDIM - SALA 02","tx_endereco_equipamento":"Av. Magalhães De Castro, 12000","nm_bairro_equipamento":"","cd_cep_equipamento":"05502-001","tx_horario_funcionamento":null,"tx_numero_telefone":null,"cd_equipamento_base_origem":null}},{"type":"Feature","id":"equipamento_cultura_teatro_cinema_show_v3.40574","geometry":{"type":"Point","coordinates":[326789.3266,7389138.1382]},"geometry_name":"ge_ponto","properties":{"cd_identificador":40574,"cd_identificador_tema_equipamento":3,"nm_tema_equipamento":"CULTURA","cd_identificador_rede_equipamento":0,"nm_rede_equipamento":"SEM REDE","tx_rede_equipamento":"Sem descrição","cd_identificador_tipo_equipamento":7,"nm_tipo_equipamento":"Salas de Cinema ","tx_tipo_equipamento":"Salas de Cinema e Assentos","cd_identificador_classe_equipamento":4,"nm_classe_equipamento":"TEATRO-CINEMA-SHOW","tx_classe_equipamento":"TEATRO-CINEMA-SHOW","cd_identificador_esfera_administrativa_equipamento":4,"nm_esfera_administrativa_equipamento":"Particular","tx_esfera_administrativa_equipamento":"Entidade mantenedora: particular","cd_equipamento":null,"nm_equipamento":"CINEMARK CIDADE JARDIM - SALA 07","tx_endereco_equipamento":"Av. Magalhães De Castro, 12000","nm_bairro_equipamento":"","cd_cep_equipamento":"05502-001","tx_horario_funcionamento":null,"tx_numero_telefone":null,"cd_equipamento_base_origem":null}},{"type":"Feature","id":"equipamento_cultura_teatro_cinema_show_v3.40575","geometry":{"type":"Point","coordinates":[326789.3266,7389138.1382]},"geometry_name":"ge_ponto","properties":{"cd_identificador":40575,"cd_identificador_tema_equipamento":3,"nm_tema_equipamento":"CULTURA","cd_identificador_rede_equipamento":0,"nm_rede_equipamento":"SEM REDE","tx_rede_equipamento":"Sem descrição","cd_identificador_tipo_equipamento":7,"nm_tipo_equipamento":"Salas de Cinema ","tx_tipo_equipamento":"Salas de Cinema e Assentos","cd_identificador_classe_equipamento":4,"nm_classe_equipamento":"TEATRO-CINEMA-SHOW","tx_classe_equipamento":"TEATRO-CINEMA-SHOW","cd_identificador_esfera_administrativa_equipamento":4,"nm_esfera_administrativa_equipamento":"Particular","tx_esfera_administrativa_equipamento":"Entidade mantenedora: particular","cd_equipamento":null,"nm_equipamento":"CINEMARK CIDADE JARDIM - SALA 05","tx_endereco_equipamento":"Av. Magalhães De Castro, 12000","nm_bairro_equipamento":"","cd_cep_equipamento":"05502-001","tx_horario_funcionamento":null,"tx_numero_telefone":null,"cd_equipamento_base_origem":null}},{"type":"Feature","id":"equipamento_cultura_teatro_cinema_show_v3.40576","geometry":{"type":"Point","coordinates":[332025.288,7402048.7454]},"geometry_name":"ge_ponto","properties":{"cd_identificador":40576,"cd_identificador_tema_equipamento":3,"nm_tema_equipamento":"CULTURA","cd_identificador_rede_equipamento":0,"nm_rede_equipamento":"SEM REDE","tx_rede_equipamento":"Sem descrição","cd_identificador_tipo_equipamento":7,"nm_tipo_equipamento":"Salas de Cinema ","tx_tipo_equipamento":"Salas de Cinema e Assentos","cd_identificador_classe_equipamento":4,"nm_classe_equipamento":"TEATRO-CINEMA-SHOW","tx_classe_equipamento":"TEATRO-CINEMA-SHOW","cd_identificador_esfera_administrativa_equipamento":4,"nm_esfera_administrativa_equipamento":"Particular","tx_esfera_administrativa_equipamento":"Entidade mantenedora: particular","cd_equipamento":null,"nm_equipamento":"UCI SANTANA - SALA 04","tx_endereco_equipamento":"Rua Conselheiro Moreira De Barros, 2780","nm_bairro_equipamento":"","cd_cep_equipamento":"02430-001","tx_horario_funcionamento":null,"tx_numero_telefone":null,"cd_equipamento_base_origem":null}},{"type":"Feature","id":"equipamento_cultura_teatro_cinema_show_v3.40577","geometry":{"type":"Point","coordinates":[332025.288,7402048.7454]},"geometry_name":"ge_ponto","properties":{"cd_identificador":40577,"cd_identificador_tema_equipamento":3,"nm_tema_equipamento":"CULTURA","cd_identificador_rede_equipamento":0,"nm_rede_equipamento":"SEM REDE","tx_rede_equipamento":"Sem descrição","cd_identificador_tipo_equipamento":7,"nm_tipo_equipamento":"Salas de Cinema ","tx_tipo_equipamento":"Salas de Cinema e Assentos","cd_identificador_classe_equipamento":4,"nm_classe_equipamento":"TEATRO-CINEMA-SHOW","tx_classe_equipamento":"TEATRO-CINEMA-SHOW","cd_identificador_esfera_administrativa_equipamento":4,"nm_esfera_administrativa_equipamento":"Particular","tx_esfera_administrativa_equipamento":"Entidade mantenedora: particular","cd_equipamento":null,"nm_equipamento":"UCI SANTANA - SALA 01","tx_endereco_equipamento":"Rua Conselheiro Moreira De Barros, 2780","nm_bairro_equipamento":"","cd_cep_equipamento":"02430-001","tx_horario_funcionamento":null,"tx_numero_telefone":null,"cd_equipamento_base_origem":null}},{"type":"Feature","id":"equipamento_cultura_teatro_cinema_show_v3.40578","geometry":{"type":"Point","coordinates":[332025.288,7402048.7454]},"geometry_name":"ge_ponto","properties":{"cd_identificador":40578,"cd_identificador_tema_equipamento":3,"nm_tema_equipamento":"CULTURA","cd_identificador_rede_equipamento":0,"nm_rede_equipamento":"SEM REDE","tx_rede_equipamento":"Sem descrição","cd_identificador_tipo_equipamento":7,"nm_tipo_equipamento":"Salas de Cinema ","tx_tipo_equipamento":"Salas de Cinema e Assentos","cd_identificador_classe_equipamento":4,"nm_classe_equipamento":"TEATRO-CINEMA-SHOW","tx_classe_equipamento":"TEATRO-CINEMA-SHOW","cd_identificador_esfera_administrativa_equipamento":4,"nm_esfera_administrativa_equipamento":"Particular","tx_esfera_administrativa_equipamento":"Entidade mantenedora: particular","cd_equipamento":null,"nm_equipamento":"UCI SANTANA - SALA 08","tx_endereco_equipamento":"Rua Conselheiro Moreira De Barros, 2780","nm_bairro_equipamento":"","cd_cep_equipamento":"02430-001","tx_horario_funcionamento":null,"tx_numero_telefone":null,"cd_equipamento_base_origem":null}},{"type":"Feature","id":"equipamento_cultura_teatro_cinema_show_v3.40579","geometry":{"type":"Point","coordinates":[332025.288,7402048.7454]},"geometry_name":"ge_ponto","properties":{"cd_identificador":40579,"cd_identificador_tema_equipamento":3,"nm_tema_equipamento":"CULTURA","cd_identificador_rede_equipamento":0,"nm_rede_equipamento":"SEM REDE","tx_rede_equipamento":"Sem descrição","cd_identificador_tipo_equipamento":7,"nm_tipo_equipamento":"Salas de Cinema ","tx_tipo_equipamento":"Salas de Cinema e Assentos","cd_identificador_classe_equipamento":4,"nm_classe_equipamento":"TEATRO-CINEMA-SHOW","tx_classe_equipamento":"TEATRO-CINEMA-SHOW","cd_identificador_esfera_administrativa_equipamento":4,"nm_esfera_administrativa_equipamento":"Particular","tx_esfera_administrativa_equipamento":"Entidade mantenedora: particular","cd_equipamento":null,"nm_equipamento":"UCI SANTANA - SALA 06","tx_endereco_equipamento":"Rua Conselheiro Moreira De Barros, 2780","nm_bairro_equipamento":"","cd_cep_equipamento":"02430-001","tx_horario_funcionamento":null,"tx_numero_telefone":null,"cd_equipamento_base_origem":null}},{"type":"Feature","id":"equipamento_cultura_teatro_cinema_show_v3.40580","geometry":{"type":"Point","coordinates":[332025.288,7402048.7454]},"geometry_name":"ge_ponto","properties":{"cd_identificador":40580,"cd_identificador_tema_equipamento":3,"nm_tema_equipamento":"CULTURA","cd_identificador_rede_equipamento":0,"nm_rede_equipamento":"SEM REDE","tx_rede_equipamento":"Sem descrição","cd_identificador_tipo_equipamento":7,"nm_tipo_equipamento":"Salas de Cinema ","tx_tipo_equipamento":"Salas de Cinema e Assentos","cd_identificador_classe_equipamento":4,"nm_classe_equipamento":"TEATRO-CINEMA-SHOW","tx_classe_equipamento":"TEATRO-CINEMA-SHOW","cd_identificador_esfera_administrativa_equipamento":4,"nm_esfera_administrativa_equipamento":"Particular","tx_esfera_administrativa_equipamento":"Entidade mantenedora: particular","cd_equipamento":null,"nm_equipamento":"UCI SANTANA - SALA 05","tx_endereco_equipamento":"Rua Conselheiro Moreira De Barros, 2780","nm_bairro_equipamento":"","cd_cep_equipamento":"02430-001","tx_horario_funcionamento":null,"tx_numero_telefone":null,"cd_equipamento_base_origem":null}},{"type":"Feature","id":"equipamento_cultura_teatro_cinema_show_v3.40581","geometry":{"type":"Point","coordinates":[332025.288,7402048.7454]},"geometry_name":"ge_ponto","properties":{"cd_identificador":40581,"cd_identificador_tema_equipamento":3,"nm_tema_equipamento":"CULTURA","cd_identificador_rede_equipamento":0,"nm_rede_equipamento":"SEM REDE","tx_rede_equipamento":"Sem descrição","cd_identificador_tipo_equipamento":7,"nm_tipo_equipamento":"Salas de Cinema ","tx_tipo_equipamento":"Salas de Cinema e Assentos","cd_identificador_classe_equipamento":4,"nm_classe_equipamento":"TEATRO-CINEMA-SHOW","tx_classe_equipamento":"TEATRO-CINEMA-SHOW","cd_identificador_esfera_administrativa_equipamento":4,"nm_esfera_administrativa_equipamento":"Particular","tx_esfera_administrativa_equipamento":"Entidade mantenedora: particular","cd_equipamento":null,"nm_equipamento":"UCI SANTANA - SALA 03","tx_endereco_equipamento":"Rua Conselheiro Moreira De Barros, 2780","nm_bairro_equipamento":"","cd_cep_equipamento":"02430-001","tx_horario_funcionamento":null,"tx_numero_telefone":null,"cd_equipamento_base_origem":null}},{"type":"Feature","id":"equipamento_cultura_teatro_cinema_show_v3.40582","geometry":{"type":"Point","coordinates":[332025.288,7402048.7454]},"geometry_name":"ge_ponto","properties":{"cd_identificador":40582,"cd_identificador_tema_equipamento":3,"nm_tema_equipamento":"CULTURA","cd_identificador_rede_equipamento":0,"nm_rede_equipamento":"SEM REDE","tx_rede_equipamento":"Sem descrição","cd_identificador_tipo_equipamento":7,"nm_tipo_equipamento":"Salas de Cinema ","tx_tipo_equipamento":"Salas de Cinema e Assentos","cd_identificador_classe_equipamento":4,"nm_classe_equipamento":"TEATRO-CINEMA-SHOW","tx_classe_equipamento":"TEATRO-CINEMA-SHOW","cd_identificador_esfera_administrativa_equipamento":4,"nm_esfera_administrativa_equipamento":"Particular","tx_esfera_administrativa_equipamento":"Entidade mantenedora: particular","cd_equipamento":null,"nm_equipamento":"UCI SANTANA - SALA 02","tx_endereco_equipamento":"Rua Conselheiro Moreira De Barros, 2780","nm_bairro_equipamento":"","cd_cep_equipamento":"02430-001","tx_horario_funcionamento":null,"tx_numero_telefone":null,"cd_equipamento_base_origem":null}},{"type":"Feature","id":"equipamento_cultura_teatro_cinema_show_v3.40583","geometry":{"type":"Point","coordinates":[332025.288,7402048.7454]},"geometry_name":"ge_ponto","properties":{"cd_identificador":40583,"cd_identificador_tema_equipamento":3,"nm_tema_equipamento":"CULTURA","cd_identificador_rede_equipamento":0,"nm_rede_equipamento":"SEM REDE","tx_rede_equipamento":"Sem descrição","cd_identificador_tipo_equipamento":7,"nm_tipo_equipamento":"Salas de Cinema ","tx_tipo_equipamento":"Salas de Cinema e Assentos","cd_identificador_classe_equipamento":4,"nm_classe_equipamento":"TEATRO-CINEMA-SHOW","tx_classe_equipamento":"TEATRO-CINEMA-SHOW","cd_identificador_esfera_administrativa_equipamento":4,"nm_esfera_administrativa_equipamento":"Particular","tx_esfera_administrativa_equipamento":"Entidade mantenedora: particular","cd_equipamento":null,"nm_equipamento":"UCI SANTANA - SALA 07","tx_endereco_equipamento":"Rua Conselheiro Moreira De Barros, 2780","nm_bairro_equipamento":"","cd_cep_equipamento":"02430-001","tx_horario_funcionamento":null,"tx_numero_telefone":null,"cd_equipamento_base_origem":null}},{"type":"Feature","id":"equipamento_cultura_teatro_cinema_show_v3.40584","geometry":{"type":"Point","coordinates":[332506.6849,7395725.6506]},"geometry_name":"ge_ponto","properties":{"cd_identificador":40584,"cd_identificador_tema_equipamento":3,"nm_tema_equipamento":"CULTURA","cd_identificador_rede_equipamento":0,"nm_rede_equipamento":"SEM REDE","tx_rede_equipamento":"Sem descrição","cd_identificador_tipo_equipamento":7,"nm_tipo_equipamento":"Salas de Cinema ","tx_tipo_equipamento":"Salas de Cinema e Assentos","cd_identificador_classe_equipamento":4,"nm_classe_equipamento":"TEATRO-CINEMA-SHOW","tx_classe_equipamento":"TEATRO-CINEMA-SHOW","cd_identificador_esfera_administrativa_equipamento":4,"nm_esfera_administrativa_equipamento":"Particular","tx_esfera_administrativa_equipamento":"Entidade mantenedora: particular","cd_equipamento":null,"nm_equipamento":"CINE ÁUREA","tx_endereco_equipamento":"Rua Aurora, 522","nm_bairro_equipamento":"","cd_cep_equipamento":"01203-000","tx_horario_funcionamento":null,"tx_numero_telefone":null,"cd_equipamento_base_origem":null}},{"type":"Feature","id":"equipamento_cultura_teatro_cinema_show_v3.40585","geometry":{"type":"Point","coordinates":[332319.2761,7392322.738]},"geometry_name":"ge_ponto","properties":{"cd_identificador":40585,"cd_identificador_tema_equipamento":3,"nm_tema_equipamento":"CULTURA","cd_identificador_rede_equipamento":0,"nm_rede_equipamento":"SEM REDE","tx_rede_equipamento":"Sem descrição","cd_identificador_tipo_equipamento":7,"nm_tipo_equipamento":"Salas de Cinema ","tx_tipo_equipamento":"Salas de Cinema e Assentos","cd_identificador_classe_equipamento":4,"nm_classe_equipamento":"TEATRO-CINEMA-SHOW","tx_classe_equipamento":"TEATRO-CINEMA-SHOW","cd_identificador_esfera_administrativa_equipamento":4,"nm_esfera_administrativa_equipamento":"Particular","tx_esfera_administrativa_equipamento":"Entidade mantenedora: particular","cd_equipamento":null,"nm_equipamento":"CINEMARK PARAÍSO - SALA 07","tx_endereco_equipamento":"Rua Treze De Maio, 1947","nm_bairro_equipamento":"","cd_cep_equipamento":"01327-001","tx_horario_funcionamento":null,"tx_numero_telefone":null,"cd_equipamento_base_origem":null}},{"type":"Feature","id":"equipamento_cultura_teatro_cinema_show_v3.40586","geometry":{"type":"Point","coordinates":[332319.2761,7392322.738]},"geometry_name":"ge_ponto","properties":{"cd_identificador":40586,"cd_identificador_tema_equipamento":3,"nm_tema_equipamento":"CULTURA","cd_identificador_rede_equipamento":0,"nm_rede_equipamento":"SEM REDE","tx_rede_equipamento":"Sem descrição","cd_identificador_tipo_equipamento":7,"nm_tipo_equipamento":"Salas de Cinema ","tx_tipo_equipamento":"Salas de Cinema e Assentos","cd_identificador_classe_equipamento":4,"nm_classe_equipamento":"TEATRO-CINEMA-SHOW","tx_classe_equipamento":"TEATRO-CINEMA-SHOW","cd_identificador_esfera_administrativa_equipamento":4,"nm_esfera_administrativa_equipamento":"Particular","tx_esfera_administrativa_equipamento":"Entidade mantenedora: particular","cd_equipamento":null,"nm_equipamento":"CINEMARK PARAÍSO - SALA 02","tx_endereco_equipamento":"Rua Treze De Maio, 1947","nm_bairro_equipamento":"","cd_cep_equipamento":"01327-001","tx_horario_funcionamento":null,"tx_numero_telefone":null,"cd_equipamento_base_origem":null}},{"type":"Feature","id":"equipamento_cultura_teatro_cinema_show_v3.40587","geometry":{"type":"Point","coordinates":[332319.2761,7392322.738]},"geometry_name":"ge_ponto","properties":{"cd_identificador":40587,"cd_identificador_tema_equipamento":3,"nm_tema_equipamento":"CULTURA","cd_identificador_rede_equipamento":0,"nm_rede_equipamento":"SEM REDE","tx_rede_equipamento":"Sem descrição","cd_identificador_tipo_equipamento":7,"nm_tipo_equipamento":"Salas de Cinema ","tx_tipo_equipamento":"Salas de Cinema e Assentos","cd_identificador_classe_equipamento":4,"nm_classe_equipamento":"TEATRO-CINEMA-SHOW","tx_classe_equipamento":"TEATRO-CINEMA-SHOW","cd_identificador_esfera_administrativa_equipamento":4,"nm_esfera_administrativa_equipamento":"Particular","tx_esfera_administrativa_equipamento":"Entidade mantenedora: particular","cd_equipamento":null,"nm_equipamento":"CINEMARK PARAÍSO - SALA 06","tx_endereco_equipamento":"Rua Treze De Maio, 1947","nm_bairro_equipamento":"","cd_cep_equipamento":"01327-001","tx_horario_funcionamento":null,"tx_numero_telefone":null,"cd_equipamento_base_origem":null}},{"type":"Feature","id":"equipamento_cultura_teatro_cinema_show_v3.40588","geometry":{"type":"Point","coordinates":[332319.2761,7392322.738]},"geometry_name":"ge_ponto","properties":{"cd_identificador":40588,"cd_identificador_tema_equipamento":3,"nm_tema_equipamento":"CULTURA","cd_identificador_rede_equipamento":0,"nm_rede_equipamento":"SEM REDE","tx_rede_equipamento":"Sem descrição","cd_identificador_tipo_equipamento":7,"nm_tipo_equipamento":"Salas de Cinema ","tx_tipo_equipamento":"Salas de Cinema e Assentos","cd_identificador_classe_equipamento":4,"nm_classe_equipamento":"TEATRO-CINEMA-SHOW","tx_classe_equipamento":"TEATRO-CINEMA-SHOW","cd_identificador_esfera_administrativa_equipamento":4,"nm_esfera_administrativa_equipamento":"Particular","tx_esfera_administrativa_equipamento":"Entidade mantenedora: particular","cd_equipamento":null,"nm_equipamento":"CINEMARK PARAÍSO - SALA 04","tx_endereco_equipamento":"Rua Treze De Maio, 1947","nm_bairro_equipamento":"","cd_cep_equipamento":"01327-001","tx_horario_funcionamento":null,"tx_numero_telefone":null,"cd_equipamento_base_origem":null}},{"type":"Feature","id":"equipamento_cultura_teatro_cinema_show_v3.40589","geometry":{"type":"Point","coordinates":[332319.2761,7392322.738]},"geometry_name":"ge_ponto","properties":{"cd_identificador":40589,"cd_identificador_tema_equipamento":3,"nm_tema_equipamento":"CULTURA","cd_identificador_rede_equipamento":0,"nm_rede_equipamento":"SEM REDE","tx_rede_equipamento":"Sem descrição","cd_identificador_tipo_equipamento":7,"nm_tipo_equipamento":"Salas de Cinema ","tx_tipo_equipamento":"Salas de Cinema e Assentos","cd_identificador_classe_equipamento":4,"nm_classe_equipamento":"TEATRO-CINEMA-SHOW","tx_classe_equipamento":"TEATRO-CINEMA-SHOW","cd_identificador_esfera_administrativa_equipamento":4,"nm_esfera_administrativa_equipamento":"Particular","tx_esfera_administrativa_equipamento":"Entidade mantenedora: particular","cd_equipamento":null,"nm_equipamento":"CINEMARK PARAÍSO - SALA 01","tx_endereco_equipamento":"Rua Treze De Maio, 1947","nm_bairro_equipamento":"","cd_cep_equipamento":"01327-001","tx_horario_funcionamento":null,"tx_numero_telefone":null,"cd_equipamento_base_origem":null}},{"type":"Feature","id":"equipamento_cultura_teatro_cinema_show_v3.40590","geometry":{"type":"Point","coordinates":[332319.2761,7392322.738]},"geometry_name":"ge_ponto","properties":{"cd_identificador":40590,"cd_identificador_tema_equipamento":3,"nm_tema_equipamento":"CULTURA","cd_identificador_rede_equipamento":0,"nm_rede_equipamento":"SEM REDE","tx_rede_equipamento":"Sem descrição","cd_identificador_tipo_equipamento":7,"nm_tipo_equipamento":"Salas de Cinema ","tx_tipo_equipamento":"Salas de Cinema e Assentos","cd_identificador_classe_equipamento":4,"nm_classe_equipamento":"TEATRO-CINEMA-SHOW","tx_classe_equipamento":"TEATRO-CINEMA-SHOW","cd_identificador_esfera_administrativa_equipamento":4,"nm_esfera_administrativa_equipamento":"Particular","tx_esfera_administrativa_equipamento":"Entidade mantenedora: particular","cd_equipamento":null,"nm_equipamento":"CINEMARK PARAÍSO - SALA 03","tx_endereco_equipamento":"Rua Treze De Maio, 1947","nm_bairro_equipamento":"","cd_cep_equipamento":"01327-001","tx_horario_funcionamento":null,"tx_numero_telefone":null,"cd_equipamento_base_origem":null}},{"type":"Feature","id":"equipamento_cultura_teatro_cinema_show_v3.40591","geometry":{"type":"Point","coordinates":[332319.2761,7392322.738]},"geometry_name":"ge_ponto","properties":{"cd_identificador":40591,"cd_identificador_tema_equipamento":3,"nm_tema_equipamento":"CULTURA","cd_identificador_rede_equipamento":0,"nm_rede_equipamento":"SEM REDE","tx_rede_equipamento":"Sem descrição","cd_identificador_tipo_equipamento":7,"nm_tipo_equipamento":"Salas de Cinema ","tx_tipo_equipamento":"Salas de Cinema e Assentos","cd_identificador_classe_equipamento":4,"nm_classe_equipamento":"TEATRO-CINEMA-SHOW","tx_classe_equipamento":"TEATRO-CINEMA-SHOW","cd_identificador_esfera_administrativa_equipamento":4,"nm_esfera_administrativa_equipamento":"Particular","tx_esfera_administrativa_equipamento":"Entidade mantenedora: particular","cd_equipamento":null,"nm_equipamento":"CINEMARK PARAÍSO - SALA 05","tx_endereco_equipamento":"Rua Treze De Maio, 1947","nm_bairro_equipamento":"","cd_cep_equipamento":"01327-001","tx_horario_funcionamento":null,"tx_numero_telefone":null,"cd_equipamento_base_origem":null}},{"type":"Feature","id":"equipamento_cultura_teatro_cinema_show_v3.40592","geometry":{"type":"Point","coordinates":[327887.5969,7389538.2107]},"geometry_name":"ge_ponto","properties":{"cd_identificador":40592,"cd_identificador_tema_equipamento":3,"nm_tema_equipamento":"CULTURA","cd_identificador_rede_equipamento":0,"nm_rede_equipamento":"SEM REDE","tx_rede_equipamento":"Sem descrição","cd_identificador_tipo_equipamento":7,"nm_tipo_equipamento":"Salas de Cinema ","tx_tipo_equipamento":"Salas de Cinema e Assentos","cd_identificador_classe_equipamento":4,"nm_classe_equipamento":"TEATRO-CINEMA-SHOW","tx_classe_equipamento":"TEATRO-CINEMA-SHOW","cd_identificador_esfera_administrativa_equipamento":4,"nm_esfera_administrativa_equipamento":"Particular","tx_esfera_administrativa_equipamento":"Entidade mantenedora: particular","cd_equipamento":null,"nm_equipamento":"KINOPLEX VILA OLÍMPIA - SALA 04","tx_endereco_equipamento":"Rua Olimpiadas, 360","nm_bairro_equipamento":"","cd_cep_equipamento":"04551-000","tx_horario_funcionamento":null,"tx_numero_telefone":null,"cd_equipamento_base_origem":null}},{"type":"Feature","id":"equipamento_cultura_teatro_cinema_show_v3.40593","geometry":{"type":"Point","coordinates":[327887.5969,7389538.2107]},"geometry_name":"ge_ponto","properties":{"cd_identificador":40593,"cd_identificador_tema_equipamento":3,"nm_tema_equipamento":"CULTURA","cd_identificador_rede_equipamento":0,"nm_rede_equipamento":"SEM REDE","tx_rede_equipamento":"Sem descrição","cd_identificador_tipo_equipamento":7,"nm_tipo_equipamento":"Salas de Cinema ","tx_tipo_equipamento":"Salas de Cinema e Assentos","cd_identificador_classe_equipamento":4,"nm_classe_equipamento":"TEATRO-CINEMA-SHOW","tx_classe_equipamento":"TEATRO-CINEMA-SHOW","cd_identificador_esfera_administrativa_equipamento":4,"nm_esfera_administrativa_equipamento":"Particular","tx_esfera_administrativa_equipamento":"Entidade mantenedora: particular","cd_equipamento":null,"nm_equipamento":"KINOPLEX VILA OLÍMPIA - SALA 02","tx_endereco_equipamento":"Rua Olimpiadas, 360","nm_bairro_equipamento":"","cd_cep_equipamento":"04551-000","tx_horario_funcionamento":null,"tx_numero_telefone":null,"cd_equipamento_base_origem":null}},{"type":"Feature","id":"equipamento_cultura_teatro_cinema_show_v3.40594","geometry":{"type":"Point","coordinates":[327887.5969,7389538.2107]},"geometry_name":"ge_ponto","properties":{"cd_identificador":40594,"cd_identificador_tema_equipamento":3,"nm_tema_equipamento":"CULTURA","cd_identificador_rede_equipamento":0,"nm_rede_equipamento":"SEM REDE","tx_rede_equipamento":"Sem descrição","cd_identificador_tipo_equipamento":7,"nm_tipo_equipamento":"Salas de Cinema ","tx_tipo_equipamento":"Salas de Cinema e Assentos","cd_identificador_classe_equipamento":4,"nm_classe_equipamento":"TEATRO-CINEMA-SHOW","tx_classe_equipamento":"TEATRO-CINEMA-SHOW","cd_identificador_esfera_administrativa_equipamento":4,"nm_esfera_administrativa_equipamento":"Particular","tx_esfera_administrativa_equipamento":"Entidade mantenedora: particular","cd_equipamento":null,"nm_equipamento":"KINOPLEX VILA OLÍMPIA - SALA 05","tx_endereco_equipamento":"Rua Olimpiadas, 360","nm_bairro_equipamento":"","cd_cep_equipamento":"04551-000","tx_horario_funcionamento":null,"tx_numero_telefone":null,"cd_equipamento_base_origem":null}},{"type":"Feature","id":"equipamento_cultura_teatro_cinema_show_v3.40595","geometry":{"type":"Point","coordinates":[327887.5969,7389538.2107]},"geometry_name":"ge_ponto","properties":{"cd_identificador":40595,"cd_identificador_tema_equipamento":3,"nm_tema_equipamento":"CULTURA","cd_identificador_rede_equipamento":0,"nm_rede_equipamento":"SEM REDE","tx_rede_equipamento":"Sem descrição","cd_identificador_tipo_equipamento":7,"nm_tipo_equipamento":"Salas de Cinema ","tx_tipo_equipamento":"Salas de Cinema e Assentos","cd_identificador_classe_equipamento":4,"nm_classe_equipamento":"TEATRO-CINEMA-SHOW","tx_classe_equipamento":"TEATRO-CINEMA-SHOW","cd_identificador_esfera_administrativa_equipamento":4,"nm_esfera_administrativa_equipamento":"Particular","tx_esfera_administrativa_equipamento":"Entidade mantenedora: particular","cd_equipamento":null,"nm_equipamento":"KINOPLEX VILA OLÍMPIA - SALA 06","tx_endereco_equipamento":"Rua Olimpiadas, 360","nm_bairro_equipamento":"","cd_cep_equipamento":"04551-000","tx_horario_funcionamento":null,"tx_numero_telefone":null,"cd_equipamento_base_origem":null}},{"type":"Feature","id":"equipamento_cultura_teatro_cinema_show_v3.40596","geometry":{"type":"Point","coordinates":[327887.5969,7389538.2107]},"geometry_name":"ge_ponto","properties":{"cd_identificador":40596,"cd_identificador_tema_equipamento":3,"nm_tema_equipamento":"CULTURA","cd_identificador_rede_equipamento":0,"nm_rede_equipamento":"SEM REDE","tx_rede_equipamento":"Sem descrição","cd_identificador_tipo_equipamento":7,"nm_tipo_equipamento":"Salas de Cinema ","tx_tipo_equipamento":"Salas de Cinema e Assentos","cd_identificador_classe_equipamento":4,"nm_classe_equipamento":"TEATRO-CINEMA-SHOW","tx_classe_equipamento":"TEATRO-CINEMA-SHOW","cd_identificador_esfera_administrativa_equipamento":4,"nm_esfera_administrativa_equipamento":"Particular","tx_esfera_administrativa_equipamento":"Entidade mantenedora: particular","cd_equipamento":null,"nm_equipamento":"KINOPLEX VILA OLÍMPIA - SALA 03","tx_endereco_equipamento":"Rua Olimpiadas, 360","nm_bairro_equipamento":"","cd_cep_equipamento":"04551-000","tx_horario_funcionamento":null,"tx_numero_telefone":null,"cd_equipamento_base_origem":null}},{"type":"Feature","id":"equipamento_cultura_teatro_cinema_show_v3.40597","geometry":{"type":"Point","coordinates":[327887.5969,7389538.2107]},"geometry_name":"ge_ponto","properties":{"cd_identificador":40597,"cd_identificador_tema_equipamento":3,"nm_tema_equipamento":"CULTURA","cd_identificador_rede_equipamento":0,"nm_rede_equipamento":"SEM REDE","tx_rede_equipamento":"Sem descrição","cd_identificador_tipo_equipamento":7,"nm_tipo_equipamento":"Salas de Cinema ","tx_tipo_equipamento":"Salas de Cinema e Assentos","cd_identificador_classe_equipamento":4,"nm_classe_equipamento":"TEATRO-CINEMA-SHOW","tx_classe_equipamento":"TEATRO-CINEMA-SHOW","cd_identificador_esfera_administrativa_equipamento":4,"nm_esfera_administrativa_equipamento":"Particular","tx_esfera_administrativa_equipamento":"Entidade mantenedora: particular","cd_equipamento":null,"nm_equipamento":"KINOPLEX VILA OLÍMPIA - SALA 07","tx_endereco_equipamento":"Rua Olimpiadas, 360","nm_bairro_equipamento":"","cd_cep_equipamento":"04551-000","tx_horario_funcionamento":null,"tx_numero_telefone":null,"cd_equipamento_base_origem":null}},{"type":"Feature","id":"equipamento_cultura_teatro_cinema_show_v3.40598","geometry":{"type":"Point","coordinates":[327887.5969,7389538.2107]},"geometry_name":"ge_ponto","properties":{"cd_identificador":40598,"cd_identificador_tema_equipamento":3,"nm_tema_equipamento":"CULTURA","cd_identificador_rede_equipamento":0,"nm_rede_equipamento":"SEM REDE","tx_rede_equipamento":"Sem descrição","cd_identificador_tipo_equipamento":7,"nm_tipo_equipamento":"Salas de Cinema ","tx_tipo_equipamento":"Salas de Cinema e Assentos","cd_identificador_classe_equipamento":4,"nm_classe_equipamento":"TEATRO-CINEMA-SHOW","tx_classe_equipamento":"TEATRO-CINEMA-SHOW","cd_identificador_esfera_administrativa_equipamento":4,"nm_esfera_administrativa_equipamento":"Particular","tx_esfera_administrativa_equipamento":"Entidade mantenedora: particular","cd_equipamento":null,"nm_equipamento":"KINOPLEX VILA OLÍMPIA - SALA 01","tx_endereco_equipamento":"Rua Olimpiadas, 360","nm_bairro_equipamento":"","cd_cep_equipamento":"04551-000","tx_horario_funcionamento":null,"tx_numero_telefone":null,"cd_equipamento_base_origem":null}},{"type":"Feature","id":"equipamento_cultura_teatro_cinema_show_v3.40599","geometry":{"type":"Point","coordinates":[325553.3805,7383149.2869]},"geometry_name":"ge_ponto","properties":{"cd_identificador":40599,"cd_identificador_tema_equipamento":3,"nm_tema_equipamento":"CULTURA","cd_identificador_rede_equipamento":0,"nm_rede_equipamento":"SEM REDE","tx_rede_equipamento":"Sem descrição","cd_identificador_tipo_equipamento":7,"nm_tipo_equipamento":"Salas de Cinema ","tx_tipo_equipamento":"Salas de Cinema e Assentos","cd_identificador_classe_equipamento":4,"nm_classe_equipamento":"TEATRO-CINEMA-SHOW","tx_classe_equipamento":"TEATRO-CINEMA-SHOW","cd_identificador_esfera_administrativa_equipamento":4,"nm_esfera_administrativa_equipamento":"Particular","tx_esfera_administrativa_equipamento":"Entidade mantenedora: particular","cd_equipamento":null,"nm_equipamento":"CINÉPOLIS LARGO XIII - SALA 05","tx_endereco_equipamento":"Rua Amador Bueno, 219","nm_bairro_equipamento":"","cd_cep_equipamento":"04752-005","tx_horario_funcionamento":null,"tx_numero_telefone":null,"cd_equipamento_base_origem":null}},{"type":"Feature","id":"equipamento_cultura_teatro_cinema_show_v3.40600","geometry":{"type":"Point","coordinates":[325553.3805,7383149.2869]},"geometry_name":"ge_ponto","properties":{"cd_identificador":40600,"cd_identificador_tema_equipamento":3,"nm_tema_equipamento":"CULTURA","cd_identificador_rede_equipamento":0,"nm_rede_equipamento":"SEM REDE","tx_rede_equipamento":"Sem descrição","cd_identificador_tipo_equipamento":7,"nm_tipo_equipamento":"Salas de Cinema ","tx_tipo_equipamento":"Salas de Cinema e Assentos","cd_identificador_classe_equipamento":4,"nm_classe_equipamento":"TEATRO-CINEMA-SHOW","tx_classe_equipamento":"TEATRO-CINEMA-SHOW","cd_identificador_esfera_administrativa_equipamento":4,"nm_esfera_administrativa_equipamento":"Particular","tx_esfera_administrativa_equipamento":"Entidade mantenedora: particular","cd_equipamento":null,"nm_equipamento":"CINÉPOLIS LARGO XIII - SALA 01","tx_endereco_equipamento":"Rua Amador Bueno, 219","nm_bairro_equipamento":"","cd_cep_equipamento":"04752-005","tx_horario_funcionamento":null,"tx_numero_telefone":null,"cd_equipamento_base_origem":null}},{"type":"Feature","id":"equipamento_cultura_teatro_cinema_show_v3.40601","geometry":{"type":"Point","coordinates":[325553.3805,7383149.2869]},"geometry_name":"ge_ponto","properties":{"cd_identificador":40601,"cd_identificador_tema_equipamento":3,"nm_tema_equipamento":"CULTURA","cd_identificador_rede_equipamento":0,"nm_rede_equipamento":"SEM REDE","tx_rede_equipamento":"Sem descrição","cd_identificador_tipo_equipamento":7,"nm_tipo_equipamento":"Salas de Cinema ","tx_tipo_equipamento":"Salas de Cinema e Assentos","cd_identificador_classe_equipamento":4,"nm_classe_equipamento":"TEATRO-CINEMA-SHOW","tx_classe_equipamento":"TEATRO-CINEMA-SHOW","cd_identificador_esfera_administrativa_equipamento":4,"nm_esfera_administrativa_equipamento":"Particular","tx_esfera_administrativa_equipamento":"Entidade mantenedora: particular","cd_equipamento":null,"nm_equipamento":"CINÉPOLIS LARGO XIII - SALA 07","tx_endereco_equipamento":"Rua Amador Bueno, 219","nm_bairro_equipamento":"","cd_cep_equipamento":"04752-005","tx_horario_funcionamento":null,"tx_numero_telefone":null,"cd_equipamento_base_origem":null}},{"type":"Feature","id":"equipamento_cultura_teatro_cinema_show_v3.40602","geometry":{"type":"Point","coordinates":[325553.3805,7383149.2869]},"geometry_name":"ge_ponto","properties":{"cd_identificador":40602,"cd_identificador_tema_equipamento":3,"nm_tema_equipamento":"CULTURA","cd_identificador_rede_equipamento":0,"nm_rede_equipamento":"SEM REDE","tx_rede_equipamento":"Sem descrição","cd_identificador_tipo_equipamento":7,"nm_tipo_equipamento":"Salas de Cinema ","tx_tipo_equipamento":"Salas de Cinema e Assentos","cd_identificador_classe_equipamento":4,"nm_classe_equipamento":"TEATRO-CINEMA-SHOW","tx_classe_equipamento":"TEATRO-CINEMA-SHOW","cd_identificador_esfera_administrativa_equipamento":4,"nm_esfera_administrativa_equipamento":"Particular","tx_esfera_administrativa_equipamento":"Entidade mantenedora: particular","cd_equipamento":null,"nm_equipamento":"CINÉPOLIS LARGO XIII - SALA 04","tx_endereco_equipamento":"Rua Amador Bueno, 219","nm_bairro_equipamento":"","cd_cep_equipamento":"04752-005","tx_horario_funcionamento":null,"tx_numero_telefone":null,"cd_equipamento_base_origem":null}},{"type":"Feature","id":"equipamento_cultura_teatro_cinema_show_v3.40603","geometry":{"type":"Point","coordinates":[325553.3805,7383149.2869]},"geometry_name":"ge_ponto","properties":{"cd_identificador":40603,"cd_identificador_tema_equipamento":3,"nm_tema_equipamento":"CULTURA","cd_identificador_rede_equipamento":0,"nm_rede_equipamento":"SEM REDE","tx_rede_equipamento":"Sem descrição","cd_identificador_tipo_equipamento":7,"nm_tipo_equipamento":"Salas de Cinema ","tx_tipo_equipamento":"Salas de Cinema e Assentos","cd_identificador_classe_equipamento":4,"nm_classe_equipamento":"TEATRO-CINEMA-SHOW","tx_classe_equipamento":"TEATRO-CINEMA-SHOW","cd_identificador_esfera_administrativa_equipamento":4,"nm_esfera_administrativa_equipamento":"Particular","tx_esfera_administrativa_equipamento":"Entidade mantenedora: particular","cd_equipamento":null,"nm_equipamento":"CINÉPOLIS LARGO XIII - SALA 02","tx_endereco_equipamento":"Rua Amador Bueno, 219","nm_bairro_equipamento":"","cd_cep_equipamento":"04752-005","tx_horario_funcionamento":null,"tx_numero_telefone":null,"cd_equipamento_base_origem":null}},{"type":"Feature","id":"equipamento_cultura_teatro_cinema_show_v3.40604","geometry":{"type":"Point","coordinates":[325553.3805,7383149.2869]},"geometry_name":"ge_ponto","properties":{"cd_identificador":40604,"cd_identificador_tema_equipamento":3,"nm_tema_equipamento":"CULTURA","cd_identificador_rede_equipamento":0,"nm_rede_equipamento":"SEM REDE","tx_rede_equipamento":"Sem descrição","cd_identificador_tipo_equipamento":7,"nm_tipo_equipamento":"Salas de Cinema ","tx_tipo_equipamento":"Salas de Cinema e Assentos","cd_identificador_classe_equipamento":4,"nm_classe_equipamento":"TEATRO-CINEMA-SHOW","tx_classe_equipamento":"TEATRO-CINEMA-SHOW","cd_identificador_esfera_administrativa_equipamento":4,"nm_esfera_administrativa_equipamento":"Particular","tx_esfera_administrativa_equipamento":"Entidade mantenedora: particular","cd_equipamento":null,"nm_equipamento":"CINÉPOLIS LARGO XIII - SALA 03","tx_endereco_equipamento":"Rua Amador Bueno, 219","nm_bairro_equipamento":"","cd_cep_equipamento":"04752-005","tx_horario_funcionamento":null,"tx_numero_telefone":null,"cd_equipamento_base_origem":null}},{"type":"Feature","id":"equipamento_cultura_teatro_cinema_show_v3.40605","geometry":{"type":"Point","coordinates":[325553.3805,7383149.2869]},"geometry_name":"ge_ponto","properties":{"cd_identificador":40605,"cd_identificador_tema_equipamento":3,"nm_tema_equipamento":"CULTURA","cd_identificador_rede_equipamento":0,"nm_rede_equipamento":"SEM REDE","tx_rede_equipamento":"Sem descrição","cd_identificador_tipo_equipamento":7,"nm_tipo_equipamento":"Salas de Cinema ","tx_tipo_equipamento":"Salas de Cinema e Assentos","cd_identificador_classe_equipamento":4,"nm_classe_equipamento":"TEATRO-CINEMA-SHOW","tx_classe_equipamento":"TEATRO-CINEMA-SHOW","cd_identificador_esfera_administrativa_equipamento":4,"nm_esfera_administrativa_equipamento":"Particular","tx_esfera_administrativa_equipamento":"Entidade mantenedora: particular","cd_equipamento":null,"nm_equipamento":"CINÉPOLIS LARGO XIII - SALA 06","tx_endereco_equipamento":"Rua Amador Bueno, 219","nm_bairro_equipamento":"","cd_cep_equipamento":"04752-005","tx_horario_funcionamento":null,"tx_numero_telefone":null,"cd_equipamento_base_origem":null}},{"type":"Feature","id":"equipamento_cultura_teatro_cinema_show_v3.40606","geometry":{"type":"Point","coordinates":[325553.3805,7383149.2869]},"geometry_name":"ge_ponto","properties":{"cd_identificador":40606,"cd_identificador_tema_equipamento":3,"nm_tema_equipamento":"CULTURA","cd_identificador_rede_equipamento":0,"nm_rede_equipamento":"SEM REDE","tx_rede_equipamento":"Sem descrição","cd_identificador_tipo_equipamento":7,"nm_tipo_equipamento":"Salas de Cinema ","tx_tipo_equipamento":"Salas de Cinema e Assentos","cd_identificador_classe_equipamento":4,"nm_classe_equipamento":"TEATRO-CINEMA-SHOW","tx_classe_equipamento":"TEATRO-CINEMA-SHOW","cd_identificador_esfera_administrativa_equipamento":4,"nm_esfera_administrativa_equipamento":"Particular","tx_esfera_administrativa_equipamento":"Entidade mantenedora: particular","cd_equipamento":null,"nm_equipamento":"CINÉPOLIS LARGO XIII - SALA 08","tx_endereco_equipamento":"Rua Amador Bueno, 219","nm_bairro_equipamento":"","cd_cep_equipamento":"04752-005","tx_horario_funcionamento":null,"tx_numero_telefone":null,"cd_equipamento_base_origem":null}},{"type":"Feature","id":"equipamento_cultura_teatro_cinema_show_v3.40607","geometry":{"type":"Point","coordinates":[321304.5154,7390309.0587]},"geometry_name":"ge_ponto","properties":{"cd_identificador":40607,"cd_identificador_tema_equipamento":3,"nm_tema_equipamento":"CULTURA","cd_identificador_rede_equipamento":0,"nm_rede_equipamento":"SEM REDE","tx_rede_equipamento":"Sem descrição","cd_identificador_tipo_equipamento":7,"nm_tipo_equipamento":"Salas de Cinema ","tx_tipo_equipamento":"Salas de Cinema e Assentos","cd_identificador_classe_equipamento":4,"nm_classe_equipamento":"TEATRO-CINEMA-SHOW","tx_classe_equipamento":"TEATRO-CINEMA-SHOW","cd_identificador_esfera_administrativa_equipamento":4,"nm_esfera_administrativa_equipamento":"Particular","tx_esfera_administrativa_equipamento":"Entidade mantenedora: particular","cd_equipamento":null,"nm_equipamento":"CINEMARK SHOPPING RAPOSO TAVARES - SALA 01","tx_endereco_equipamento":"Rod Raposo Tavares, 1002","nm_bairro_equipamento":"","cd_cep_equipamento":"05577-200","tx_horario_funcionamento":null,"tx_numero_telefone":null,"cd_equipamento_base_origem":null}},{"type":"Feature","id":"equipamento_cultura_teatro_cinema_show_v3.40608","geometry":{"type":"Point","coordinates":[321304.5154,7390309.0587]},"geometry_name":"ge_ponto","properties":{"cd_identificador":40608,"cd_identificador_tema_equipamento":3,"nm_tema_equipamento":"CULTURA","cd_identificador_rede_equipamento":0,"nm_rede_equipamento":"SEM REDE","tx_rede_equipamento":"Sem descrição","cd_identificador_tipo_equipamento":7,"nm_tipo_equipamento":"Salas de Cinema ","tx_tipo_equipamento":"Salas de Cinema e Assentos","cd_identificador_classe_equipamento":4,"nm_classe_equipamento":"TEATRO-CINEMA-SHOW","tx_classe_equipamento":"TEATRO-CINEMA-SHOW","cd_identificador_esfera_administrativa_equipamento":4,"nm_esfera_administrativa_equipamento":"Particular","tx_esfera_administrativa_equipamento":"Entidade mantenedora: particular","cd_equipamento":null,"nm_equipamento":"CINEMARK SHOPPING RAPOSO TAVARES - SALA 02","tx_endereco_equipamento":"Rod Raposo Tavares, 1002","nm_bairro_equipamento":"","cd_cep_equipamento":"05577-200","tx_horario_funcionamento":null,"tx_numero_telefone":null,"cd_equipamento_base_origem":null}},{"type":"Feature","id":"equipamento_cultura_teatro_cinema_show_v3.40609","geometry":{"type":"Point","coordinates":[321304.5154,7390309.0587]},"geometry_name":"ge_ponto","properties":{"cd_identificador":40609,"cd_identificador_tema_equipamento":3,"nm_tema_equipamento":"CULTURA","cd_identificador_rede_equipamento":0,"nm_rede_equipamento":"SEM REDE","tx_rede_equipamento":"Sem descrição","cd_identificador_tipo_equipamento":7,"nm_tipo_equipamento":"Salas de Cinema ","tx_tipo_equipamento":"Salas de Cinema e Assentos","cd_identificador_classe_equipamento":4,"nm_classe_equipamento":"TEATRO-CINEMA-SHOW","tx_classe_equipamento":"TEATRO-CINEMA-SHOW","cd_identificador_esfera_administrativa_equipamento":4,"nm_esfera_administrativa_equipamento":"Particular","tx_esfera_administrativa_equipamento":"Entidade mantenedora: particular","cd_equipamento":null,"nm_equipamento":"CINEMARK SHOPPING RAPOSO TAVARES - SALA 03","tx_endereco_equipamento":"Rod Raposo Tavares, 1002","nm_bairro_equipamento":"","cd_cep_equipamento":"05577-200","tx_horario_funcionamento":null,"tx_numero_telefone":null,"cd_equipamento_base_origem":null}},{"type":"Feature","id":"equipamento_cultura_teatro_cinema_show_v3.40610","geometry":{"type":"Point","coordinates":[321304.5154,7390309.0587]},"geometry_name":"ge_ponto","properties":{"cd_identificador":40610,"cd_identificador_tema_equipamento":3,"nm_tema_equipamento":"CULTURA","cd_identificador_rede_equipamento":0,"nm_rede_equipamento":"SEM REDE","tx_rede_equipamento":"Sem descrição","cd_identificador_tipo_equipamento":7,"nm_tipo_equipamento":"Salas de Cinema ","tx_tipo_equipamento":"Salas de Cinema e Assentos","cd_identificador_classe_equipamento":4,"nm_classe_equipamento":"TEATRO-CINEMA-SHOW","tx_classe_equipamento":"TEATRO-CINEMA-SHOW","cd_identificador_esfera_administrativa_equipamento":4,"nm_esfera_administrativa_equipamento":"Particular","tx_esfera_administrativa_equipamento":"Entidade mantenedora: particular","cd_equipamento":null,"nm_equipamento":"CINEMARK SHOPPING RAPOSO TAVARES - SALA 04","tx_endereco_equipamento":"Rod Raposo Tavares, 1002","nm_bairro_equipamento":"","cd_cep_equipamento":"05577-200","tx_horario_funcionamento":null,"tx_numero_telefone":null,"cd_equipamento_base_origem":null}},{"type":"Feature","id":"equipamento_cultura_teatro_cinema_show_v3.40611","geometry":{"type":"Point","coordinates":[321304.5154,7390309.0587]},"geometry_name":"ge_ponto","properties":{"cd_identificador":40611,"cd_identificador_tema_equipamento":3,"nm_tema_equipamento":"CULTURA","cd_identificador_rede_equipamento":0,"nm_rede_equipamento":"SEM REDE","tx_rede_equipamento":"Sem descrição","cd_identificador_tipo_equipamento":7,"nm_tipo_equipamento":"Salas de Cinema ","tx_tipo_equipamento":"Salas de Cinema e Assentos","cd_identificador_classe_equipamento":4,"nm_classe_equipamento":"TEATRO-CINEMA-SHOW","tx_classe_equipamento":"TEATRO-CINEMA-SHOW","cd_identificador_esfera_administrativa_equipamento":4,"nm_esfera_administrativa_equipamento":"Particular","tx_esfera_administrativa_equipamento":"Entidade mantenedora: particular","cd_equipamento":null,"nm_equipamento":"CINEMARK SHOPPING RAPOSO TAVARES - SALA 05","tx_endereco_equipamento":"Rod Raposo Tavares, 1002","nm_bairro_equipamento":"","cd_cep_equipamento":"05577-200","tx_horario_funcionamento":null,"tx_numero_telefone":null,"cd_equipamento_base_origem":null}},{"type":"Feature","id":"equipamento_cultura_teatro_cinema_show_v3.40612","geometry":{"type":"Point","coordinates":[321304.5154,7390309.0587]},"geometry_name":"ge_ponto","properties":{"cd_identificador":40612,"cd_identificador_tema_equipamento":3,"nm_tema_equipamento":"CULTURA","cd_identificador_rede_equipamento":0,"nm_rede_equipamento":"SEM REDE","tx_rede_equipamento":"Sem descrição","cd_identificador_tipo_equipamento":7,"nm_tipo_equipamento":"Salas de Cinema ","tx_tipo_equipamento":"Salas de Cinema e Assentos","cd_identificador_classe_equipamento":4,"nm_classe_equipamento":"TEATRO-CINEMA-SHOW","tx_classe_equipamento":"TEATRO-CINEMA-SHOW","cd_identificador_esfera_administrativa_equipamento":4,"nm_esfera_administrativa_equipamento":"Particular","tx_esfera_administrativa_equipamento":"Entidade mantenedora: particular","cd_equipamento":null,"nm_equipamento":"CINEMARK SHOPPING RAPOSO TAVARES - SALA 06","tx_endereco_equipamento":"Rod Raposo Tavares, 1002","nm_bairro_equipamento":"","cd_cep_equipamento":"05577-200","tx_horario_funcionamento":null,"tx_numero_telefone":null,"cd_equipamento_base_origem":null}},{"type":"Feature","id":"equipamento_cultura_teatro_cinema_show_v3.40613","geometry":{"type":"Point","coordinates":[321304.5154,7390309.0587]},"geometry_name":"ge_ponto","properties":{"cd_identificador":40613,"cd_identificador_tema_equipamento":3,"nm_tema_equipamento":"CULTURA","cd_identificador_rede_equipamento":0,"nm_rede_equipamento":"SEM REDE","tx_rede_equipamento":"Sem descrição","cd_identificador_tipo_equipamento":7,"nm_tipo_equipamento":"Salas de Cinema ","tx_tipo_equipamento":"Salas de Cinema e Assentos","cd_identificador_classe_equipamento":4,"nm_classe_equipamento":"TEATRO-CINEMA-SHOW","tx_classe_equipamento":"TEATRO-CINEMA-SHOW","cd_identificador_esfera_administrativa_equipamento":4,"nm_esfera_administrativa_equipamento":"Particular","tx_esfera_administrativa_equipamento":"Entidade mantenedora: particular","cd_equipamento":null,"nm_equipamento":"CINEMARK SHOPPING RAPOSO TAVARES - SALA 07","tx_endereco_equipamento":"Rod Raposo Tavares, 1002","nm_bairro_equipamento":"","cd_cep_equipamento":"05577-200","tx_horario_funcionamento":null,"tx_numero_telefone":null,"cd_equipamento_base_origem":null}},{"type":"Feature","id":"equipamento_cultura_teatro_cinema_show_v3.40614","geometry":{"type":"Point","coordinates":[337258.6684,7391444.5251]},"geometry_name":"ge_ponto","properties":{"cd_identificador":40614,"cd_identificador_tema_equipamento":3,"nm_tema_equipamento":"CULTURA","cd_identificador_rede_equipamento":0,"nm_rede_equipamento":"SEM REDE","tx_rede_equipamento":"Sem descrição","cd_identificador_tipo_equipamento":7,"nm_tipo_equipamento":"Salas de Cinema ","tx_tipo_equipamento":"Salas de Cinema e Assentos","cd_identificador_classe_equipamento":4,"nm_classe_equipamento":"TEATRO-CINEMA-SHOW","tx_classe_equipamento":"TEATRO-CINEMA-SHOW","cd_identificador_esfera_administrativa_equipamento":4,"nm_esfera_administrativa_equipamento":"Particular","tx_esfera_administrativa_equipamento":"Entidade mantenedora: particular","cd_equipamento":null,"nm_equipamento":"CINEMARK MOOCA PLAZA SHOPPING - SALA 01","tx_endereco_equipamento":"Rua Capitão Pacheco e Chaves, 313","nm_bairro_equipamento":"","cd_cep_equipamento":"03126-000","tx_horario_funcionamento":null,"tx_numero_telefone":null,"cd_equipamento_base_origem":null}},{"type":"Feature","id":"equipamento_cultura_teatro_cinema_show_v3.40615","geometry":{"type":"Point","coordinates":[337258.6684,7391444.5251]},"geometry_name":"ge_ponto","properties":{"cd_identificador":40615,"cd_identificador_tema_equipamento":3,"nm_tema_equipamento":"CULTURA","cd_identificador_rede_equipamento":0,"nm_rede_equipamento":"SEM REDE","tx_rede_equipamento":"Sem descrição","cd_identificador_tipo_equipamento":7,"nm_tipo_equipamento":"Salas de Cinema ","tx_tipo_equipamento":"Salas de Cinema e Assentos","cd_identificador_classe_equipamento":4,"nm_classe_equipamento":"TEATRO-CINEMA-SHOW","tx_classe_equipamento":"TEATRO-CINEMA-SHOW","cd_identificador_esfera_administrativa_equipamento":4,"nm_esfera_administrativa_equipamento":"Particular","tx_esfera_administrativa_equipamento":"Entidade mantenedora: particular","cd_equipamento":null,"nm_equipamento":"CINEMARK MOOCA PLAZA SHOPPING - SALA 02","tx_endereco_equipamento":"Rua Capitão Pacheco e Chaves, 313","nm_bairro_equipamento":"","cd_cep_equipamento":"03126-000","tx_horario_funcionamento":null,"tx_numero_telefone":null,"cd_equipamento_base_origem":null}},{"type":"Feature","id":"equipamento_cultura_teatro_cinema_show_v3.40616","geometry":{"type":"Point","coordinates":[337258.6684,7391444.5251]},"geometry_name":"ge_ponto","properties":{"cd_identificador":40616,"cd_identificador_tema_equipamento":3,"nm_tema_equipamento":"CULTURA","cd_identificador_rede_equipamento":0,"nm_rede_equipamento":"SEM REDE","tx_rede_equipamento":"Sem descrição","cd_identificador_tipo_equipamento":7,"nm_tipo_equipamento":"Salas de Cinema ","tx_tipo_equipamento":"Salas de Cinema e Assentos","cd_identificador_classe_equipamento":4,"nm_classe_equipamento":"TEATRO-CINEMA-SHOW","tx_classe_equipamento":"TEATRO-CINEMA-SHOW","cd_identificador_esfera_administrativa_equipamento":4,"nm_esfera_administrativa_equipamento":"Particular","tx_esfera_administrativa_equipamento":"Entidade mantenedora: particular","cd_equipamento":null,"nm_equipamento":"CINEMARK MOOCA PLAZA SHOPPING - SALA 03","tx_endereco_equipamento":"Rua Capitão Pacheco e Chaves, 313","nm_bairro_equipamento":"","cd_cep_equipamento":"03126-000","tx_horario_funcionamento":null,"tx_numero_telefone":null,"cd_equipamento_base_origem":null}},{"type":"Feature","id":"equipamento_cultura_teatro_cinema_show_v3.40617","geometry":{"type":"Point","coordinates":[337258.6684,7391444.5251]},"geometry_name":"ge_ponto","properties":{"cd_identificador":40617,"cd_identificador_tema_equipamento":3,"nm_tema_equipamento":"CULTURA","cd_identificador_rede_equipamento":0,"nm_rede_equipamento":"SEM REDE","tx_rede_equipamento":"Sem descrição","cd_identificador_tipo_equipamento":7,"nm_tipo_equipamento":"Salas de Cinema ","tx_tipo_equipamento":"Salas de Cinema e Assentos","cd_identificador_classe_equipamento":4,"nm_classe_equipamento":"TEATRO-CINEMA-SHOW","tx_classe_equipamento":"TEATRO-CINEMA-SHOW","cd_identificador_esfera_administrativa_equipamento":4,"nm_esfera_administrativa_equipamento":"Particular","tx_esfera_administrativa_equipamento":"Entidade mantenedora: particular","cd_equipamento":null,"nm_equipamento":"CINEMARK MOOCA PLAZA SHOPPING - SALA 04","tx_endereco_equipamento":"Rua Capitão Pacheco e Chaves, 313","nm_bairro_equipamento":"","cd_cep_equipamento":"03126-000","tx_horario_funcionamento":null,"tx_numero_telefone":null,"cd_equipamento_base_origem":null}},{"type":"Feature","id":"equipamento_cultura_teatro_cinema_show_v3.40618","geometry":{"type":"Point","coordinates":[337258.6684,7391444.5251]},"geometry_name":"ge_ponto","properties":{"cd_identificador":40618,"cd_identificador_tema_equipamento":3,"nm_tema_equipamento":"CULTURA","cd_identificador_rede_equipamento":0,"nm_rede_equipamento":"SEM REDE","tx_rede_equipamento":"Sem descrição","cd_identificador_tipo_equipamento":7,"nm_tipo_equipamento":"Salas de Cinema ","tx_tipo_equipamento":"Salas de Cinema e Assentos","cd_identificador_classe_equipamento":4,"nm_classe_equipamento":"TEATRO-CINEMA-SHOW","tx_classe_equipamento":"TEATRO-CINEMA-SHOW","cd_identificador_esfera_administrativa_equipamento":4,"nm_esfera_administrativa_equipamento":"Particular","tx_esfera_administrativa_equipamento":"Entidade mantenedora: particular","cd_equipamento":null,"nm_equipamento":"CINEMARK MOOCA PLAZA SHOPPING - SALA 05","tx_endereco_equipamento":"Rua Capitão Pacheco e Chaves, 313","nm_bairro_equipamento":"","cd_cep_equipamento":"03126-000","tx_horario_funcionamento":null,"tx_numero_telefone":null,"cd_equipamento_base_origem":null}},{"type":"Feature","id":"equipamento_cultura_teatro_cinema_show_v3.40619","geometry":{"type":"Point","coordinates":[337258.6684,7391444.5251]},"geometry_name":"ge_ponto","properties":{"cd_identificador":40619,"cd_identificador_tema_equipamento":3,"nm_tema_equipamento":"CULTURA","cd_identificador_rede_equipamento":0,"nm_rede_equipamento":"SEM REDE","tx_rede_equipamento":"Sem descrição","cd_identificador_tipo_equipamento":7,"nm_tipo_equipamento":"Salas de Cinema ","tx_tipo_equipamento":"Salas de Cinema e Assentos","cd_identificador_classe_equipamento":4,"nm_classe_equipamento":"TEATRO-CINEMA-SHOW","tx_classe_equipamento":"TEATRO-CINEMA-SHOW","cd_identificador_esfera_administrativa_equipamento":4,"nm_esfera_administrativa_equipamento":"Particular","tx_esfera_administrativa_equipamento":"Entidade mantenedora: particular","cd_equipamento":null,"nm_equipamento":"CINEMARK MOOCA PLAZA SHOPPING - SALA 06","tx_endereco_equipamento":"Rua Capitão Pacheco e Chaves, 313","nm_bairro_equipamento":"","cd_cep_equipamento":"03126-000","tx_horario_funcionamento":null,"tx_numero_telefone":null,"cd_equipamento_base_origem":null}},{"type":"Feature","id":"equipamento_cultura_teatro_cinema_show_v3.40620","geometry":{"type":"Point","coordinates":[327574.993,7389999.4166]},"geometry_name":"ge_ponto","properties":{"cd_identificador":40620,"cd_identificador_tema_equipamento":3,"nm_tema_equipamento":"CULTURA","cd_identificador_rede_equipamento":0,"nm_rede_equipamento":"SEM REDE","tx_rede_equipamento":"Sem descrição","cd_identificador_tipo_equipamento":7,"nm_tipo_equipamento":"Salas de Cinema ","tx_tipo_equipamento":"Salas de Cinema e Assentos","cd_identificador_classe_equipamento":4,"nm_classe_equipamento":"TEATRO-CINEMA-SHOW","tx_classe_equipamento":"TEATRO-CINEMA-SHOW","cd_identificador_esfera_administrativa_equipamento":4,"nm_esfera_administrativa_equipamento":"Particular","tx_esfera_administrativa_equipamento":"Entidade mantenedora: particular","cd_equipamento":null,"nm_equipamento":"CINÉPOLIS JK VIP - SALA 01","tx_endereco_equipamento":"Av. Presidente Juscelino Kubitcheck, 2041","nm_bairro_equipamento":"","cd_cep_equipamento":"04543-011","tx_horario_funcionamento":null,"tx_numero_telefone":null,"cd_equipamento_base_origem":null}},{"type":"Feature","id":"equipamento_cultura_teatro_cinema_show_v3.40621","geometry":{"type":"Point","coordinates":[327574.993,7389999.4166]},"geometry_name":"ge_ponto","properties":{"cd_identificador":40621,"cd_identificador_tema_equipamento":3,"nm_tema_equipamento":"CULTURA","cd_identificador_rede_equipamento":0,"nm_rede_equipamento":"SEM REDE","tx_rede_equipamento":"Sem descrição","cd_identificador_tipo_equipamento":7,"nm_tipo_equipamento":"Salas de Cinema ","tx_tipo_equipamento":"Salas de Cinema e Assentos","cd_identificador_classe_equipamento":4,"nm_classe_equipamento":"TEATRO-CINEMA-SHOW","tx_classe_equipamento":"TEATRO-CINEMA-SHOW","cd_identificador_esfera_administrativa_equipamento":4,"nm_esfera_administrativa_equipamento":"Particular","tx_esfera_administrativa_equipamento":"Entidade mantenedora: particular","cd_equipamento":null,"nm_equipamento":"CINÉPOLIS JK VIP - SALA 02","tx_endereco_equipamento":"Av. Presidente Juscelino Kubitcheck, 2041","nm_bairro_equipamento":"","cd_cep_equipamento":"04543-011","tx_horario_funcionamento":null,"tx_numero_telefone":null,"cd_equipamento_base_origem":null}},{"type":"Feature","id":"equipamento_cultura_teatro_cinema_show_v3.40622","geometry":{"type":"Point","coordinates":[327574.993,7389999.4166]},"geometry_name":"ge_ponto","properties":{"cd_identificador":40622,"cd_identificador_tema_equipamento":3,"nm_tema_equipamento":"CULTURA","cd_identificador_rede_equipamento":0,"nm_rede_equipamento":"SEM REDE","tx_rede_equipamento":"Sem descrição","cd_identificador_tipo_equipamento":7,"nm_tipo_equipamento":"Salas de Cinema ","tx_tipo_equipamento":"Salas de Cinema e Assentos","cd_identificador_classe_equipamento":4,"nm_classe_equipamento":"TEATRO-CINEMA-SHOW","tx_classe_equipamento":"TEATRO-CINEMA-SHOW","cd_identificador_esfera_administrativa_equipamento":4,"nm_esfera_administrativa_equipamento":"Particular","tx_esfera_administrativa_equipamento":"Entidade mantenedora: particular","cd_equipamento":null,"nm_equipamento":"CINÉPOLIS JK VIP - SALA 03","tx_endereco_equipamento":"Av. Presidente Juscelino Kubitcheck, 2041","nm_bairro_equipamento":"","cd_cep_equipamento":"04543-011","tx_horario_funcionamento":null,"tx_numero_telefone":null,"cd_equipamento_base_origem":null}},{"type":"Feature","id":"equipamento_cultura_teatro_cinema_show_v3.40623","geometry":{"type":"Point","coordinates":[327574.993,7389999.4166]},"geometry_name":"ge_ponto","properties":{"cd_identificador":40623,"cd_identificador_tema_equipamento":3,"nm_tema_equipamento":"CULTURA","cd_identificador_rede_equipamento":0,"nm_rede_equipamento":"SEM REDE","tx_rede_equipamento":"Sem descrição","cd_identificador_tipo_equipamento":7,"nm_tipo_equipamento":"Salas de Cinema ","tx_tipo_equipamento":"Salas de Cinema e Assentos","cd_identificador_classe_equipamento":4,"nm_classe_equipamento":"TEATRO-CINEMA-SHOW","tx_classe_equipamento":"TEATRO-CINEMA-SHOW","cd_identificador_esfera_administrativa_equipamento":4,"nm_esfera_administrativa_equipamento":"Particular","tx_esfera_administrativa_equipamento":"Entidade mantenedora: particular","cd_equipamento":null,"nm_equipamento":"CINÉPOLIS JK VIP - SALA 04","tx_endereco_equipamento":"Av. Presidente Juscelino Kubitcheck, 2041","nm_bairro_equipamento":"","cd_cep_equipamento":"04543-011","tx_horario_funcionamento":null,"tx_numero_telefone":null,"cd_equipamento_base_origem":null}},{"type":"Feature","id":"equipamento_cultura_teatro_cinema_show_v3.40624","geometry":{"type":"Point","coordinates":[327574.993,7389999.4166]},"geometry_name":"ge_ponto","properties":{"cd_identificador":40624,"cd_identificador_tema_equipamento":3,"nm_tema_equipamento":"CULTURA","cd_identificador_rede_equipamento":0,"nm_rede_equipamento":"SEM REDE","tx_rede_equipamento":"Sem descrição","cd_identificador_tipo_equipamento":7,"nm_tipo_equipamento":"Salas de Cinema ","tx_tipo_equipamento":"Salas de Cinema e Assentos","cd_identificador_classe_equipamento":4,"nm_classe_equipamento":"TEATRO-CINEMA-SHOW","tx_classe_equipamento":"TEATRO-CINEMA-SHOW","cd_identificador_esfera_administrativa_equipamento":4,"nm_esfera_administrativa_equipamento":"Particular","tx_esfera_administrativa_equipamento":"Entidade mantenedora: particular","cd_equipamento":null,"nm_equipamento":"CINÉPOLIS JK VIP - SALA 05","tx_endereco_equipamento":"Av. Presidente Juscelino Kubitcheck, 2041","nm_bairro_equipamento":"","cd_cep_equipamento":"04543-011","tx_horario_funcionamento":null,"tx_numero_telefone":null,"cd_equipamento_base_origem":null}},{"type":"Feature","id":"equipamento_cultura_teatro_cinema_show_v3.40625","geometry":{"type":"Point","coordinates":[327574.993,7389999.4166]},"geometry_name":"ge_ponto","properties":{"cd_identificador":40625,"cd_identificador_tema_equipamento":3,"nm_tema_equipamento":"CULTURA","cd_identificador_rede_equipamento":0,"nm_rede_equipamento":"SEM REDE","tx_rede_equipamento":"Sem descrição","cd_identificador_tipo_equipamento":7,"nm_tipo_equipamento":"Salas de Cinema ","tx_tipo_equipamento":"Salas de Cinema e Assentos","cd_identificador_classe_equipamento":4,"nm_classe_equipamento":"TEATRO-CINEMA-SHOW","tx_classe_equipamento":"TEATRO-CINEMA-SHOW","cd_identificador_esfera_administrativa_equipamento":4,"nm_esfera_administrativa_equipamento":"Particular","tx_esfera_administrativa_equipamento":"Entidade mantenedora: particular","cd_equipamento":null,"nm_equipamento":"CINÉPOLIS JK VIP - SALA 06","tx_endereco_equipamento":"Av. Presidente Juscelino Kubitcheck, 2041","nm_bairro_equipamento":"","cd_cep_equipamento":"04543-011","tx_horario_funcionamento":null,"tx_numero_telefone":null,"cd_equipamento_base_origem":null}},{"type":"Feature","id":"equipamento_cultura_teatro_cinema_show_v3.40626","geometry":{"type":"Point","coordinates":[327574.993,7389999.4166]},"geometry_name":"ge_ponto","properties":{"cd_identificador":40626,"cd_identificador_tema_equipamento":3,"nm_tema_equipamento":"CULTURA","cd_identificador_rede_equipamento":0,"nm_rede_equipamento":"SEM REDE","tx_rede_equipamento":"Sem descrição","cd_identificador_tipo_equipamento":7,"nm_tipo_equipamento":"Salas de Cinema ","tx_tipo_equipamento":"Salas de Cinema e Assentos","cd_identificador_classe_equipamento":4,"nm_classe_equipamento":"TEATRO-CINEMA-SHOW","tx_classe_equipamento":"TEATRO-CINEMA-SHOW","cd_identificador_esfera_administrativa_equipamento":4,"nm_esfera_administrativa_equipamento":"Particular","tx_esfera_administrativa_equipamento":"Entidade mantenedora: particular","cd_equipamento":null,"nm_equipamento":"CINÉPOLIS JK VIP - SALA 07","tx_endereco_equipamento":"Av. Presidente Juscelino Kubitcheck, 2041","nm_bairro_equipamento":"","cd_cep_equipamento":"04543-011","tx_horario_funcionamento":null,"tx_numero_telefone":null,"cd_equipamento_base_origem":null}},{"type":"Feature","id":"equipamento_cultura_teatro_cinema_show_v3.40627","geometry":{"type":"Point","coordinates":[327574.993,7389999.4166]},"geometry_name":"ge_ponto","properties":{"cd_identificador":40627,"cd_identificador_tema_equipamento":3,"nm_tema_equipamento":"CULTURA","cd_identificador_rede_equipamento":0,"nm_rede_equipamento":"SEM REDE","tx_rede_equipamento":"Sem descrição","cd_identificador_tipo_equipamento":7,"nm_tipo_equipamento":"Salas de Cinema ","tx_tipo_equipamento":"Salas de Cinema e Assentos","cd_identificador_classe_equipamento":4,"nm_classe_equipamento":"TEATRO-CINEMA-SHOW","tx_classe_equipamento":"TEATRO-CINEMA-SHOW","cd_identificador_esfera_administrativa_equipamento":4,"nm_esfera_administrativa_equipamento":"Particular","tx_esfera_administrativa_equipamento":"Entidade mantenedora: particular","cd_equipamento":null,"nm_equipamento":"CINÉPOLIS JK VIP - SALA 08","tx_endereco_equipamento":"Av. Presidente Juscelino Kubitcheck, 2041","nm_bairro_equipamento":"","cd_cep_equipamento":"04543-011","tx_horario_funcionamento":null,"tx_numero_telefone":null,"cd_equipamento_base_origem":null}},{"type":"Feature","id":"equipamento_cultura_teatro_cinema_show_v3.40628","geometry":{"type":"Point","coordinates":[336283.0275,7402396.9263]},"geometry_name":"ge_ponto","properties":{"cd_identificador":40628,"cd_identificador_tema_equipamento":3,"nm_tema_equipamento":"CULTURA","cd_identificador_rede_equipamento":0,"nm_rede_equipamento":"SEM REDE","tx_rede_equipamento":"Sem descrição","cd_identificador_tipo_equipamento":7,"nm_tipo_equipamento":"Salas de Cinema ","tx_tipo_equipamento":"Salas de Cinema e Assentos","cd_identificador_classe_equipamento":4,"nm_classe_equipamento":"TEATRO-CINEMA-SHOW","tx_classe_equipamento":"TEATRO-CINEMA-SHOW","cd_identificador_esfera_administrativa_equipamento":4,"nm_esfera_administrativa_equipamento":"Particular","tx_esfera_administrativa_equipamento":"Entidade mantenedora: particular","cd_equipamento":null,"nm_equipamento":"CINEMARK TUCURUVI - SALA 06","tx_endereco_equipamento":"Av. Dr. Antonio Maria Laet, 566","nm_bairro_equipamento":"","cd_cep_equipamento":"02240-000","tx_horario_funcionamento":null,"tx_numero_telefone":null,"cd_equipamento_base_origem":null}},{"type":"Feature","id":"equipamento_cultura_teatro_cinema_show_v3.40629","geometry":{"type":"Point","coordinates":[336283.0275,7402396.9263]},"geometry_name":"ge_ponto","properties":{"cd_identificador":40629,"cd_identificador_tema_equipamento":3,"nm_tema_equipamento":"CULTURA","cd_identificador_rede_equipamento":0,"nm_rede_equipamento":"SEM REDE","tx_rede_equipamento":"Sem descrição","cd_identificador_tipo_equipamento":7,"nm_tipo_equipamento":"Salas de Cinema ","tx_tipo_equipamento":"Salas de Cinema e Assentos","cd_identificador_classe_equipamento":4,"nm_classe_equipamento":"TEATRO-CINEMA-SHOW","tx_classe_equipamento":"TEATRO-CINEMA-SHOW","cd_identificador_esfera_administrativa_equipamento":4,"nm_esfera_administrativa_equipamento":"Particular","tx_esfera_administrativa_equipamento":"Entidade mantenedora: particular","cd_equipamento":null,"nm_equipamento":"CINEMARK TUCURUVI - SALA 05","tx_endereco_equipamento":"Av. Dr. Antonio Maria Laet, 566","nm_bairro_equipamento":"","cd_cep_equipamento":"02240-000","tx_horario_funcionamento":null,"tx_numero_telefone":null,"cd_equipamento_base_origem":null}},{"type":"Feature","id":"equipamento_cultura_teatro_cinema_show_v3.40630","geometry":{"type":"Point","coordinates":[336283.0275,7402396.9263]},"geometry_name":"ge_ponto","properties":{"cd_identificador":40630,"cd_identificador_tema_equipamento":3,"nm_tema_equipamento":"CULTURA","cd_identificador_rede_equipamento":0,"nm_rede_equipamento":"SEM REDE","tx_rede_equipamento":"Sem descrição","cd_identificador_tipo_equipamento":7,"nm_tipo_equipamento":"Salas de Cinema ","tx_tipo_equipamento":"Salas de Cinema e Assentos","cd_identificador_classe_equipamento":4,"nm_classe_equipamento":"TEATRO-CINEMA-SHOW","tx_classe_equipamento":"TEATRO-CINEMA-SHOW","cd_identificador_esfera_administrativa_equipamento":4,"nm_esfera_administrativa_equipamento":"Particular","tx_esfera_administrativa_equipamento":"Entidade mantenedora: particular","cd_equipamento":null,"nm_equipamento":"CINEMARK TUCURUVI - SALA 04","tx_endereco_equipamento":"Av. Dr. Antonio Maria Laet, 566","nm_bairro_equipamento":"","cd_cep_equipamento":"02240-000","tx_horario_funcionamento":null,"tx_numero_telefone":null,"cd_equipamento_base_origem":null}},{"type":"Feature","id":"equipamento_cultura_teatro_cinema_show_v3.40631","geometry":{"type":"Point","coordinates":[336283.0275,7402396.9263]},"geometry_name":"ge_ponto","properties":{"cd_identificador":40631,"cd_identificador_tema_equipamento":3,"nm_tema_equipamento":"CULTURA","cd_identificador_rede_equipamento":0,"nm_rede_equipamento":"SEM REDE","tx_rede_equipamento":"Sem descrição","cd_identificador_tipo_equipamento":7,"nm_tipo_equipamento":"Salas de Cinema ","tx_tipo_equipamento":"Salas de Cinema e Assentos","cd_identificador_classe_equipamento":4,"nm_classe_equipamento":"TEATRO-CINEMA-SHOW","tx_classe_equipamento":"TEATRO-CINEMA-SHOW","cd_identificador_esfera_administrativa_equipamento":4,"nm_esfera_administrativa_equipamento":"Particular","tx_esfera_administrativa_equipamento":"Entidade mantenedora: particular","cd_equipamento":null,"nm_equipamento":"CINEMARK TUCURUVI - SALA 03","tx_endereco_equipamento":"Av. Dr. Antonio Maria Laet, 566","nm_bairro_equipamento":"","cd_cep_equipamento":"02240-000","tx_horario_funcionamento":null,"tx_numero_telefone":null,"cd_equipamento_base_origem":null}},{"type":"Feature","id":"equipamento_cultura_teatro_cinema_show_v3.40632","geometry":{"type":"Point","coordinates":[336283.0275,7402396.9263]},"geometry_name":"ge_ponto","properties":{"cd_identificador":40632,"cd_identificador_tema_equipamento":3,"nm_tema_equipamento":"CULTURA","cd_identificador_rede_equipamento":0,"nm_rede_equipamento":"SEM REDE","tx_rede_equipamento":"Sem descrição","cd_identificador_tipo_equipamento":7,"nm_tipo_equipamento":"Salas de Cinema ","tx_tipo_equipamento":"Salas de Cinema e Assentos","cd_identificador_classe_equipamento":4,"nm_classe_equipamento":"TEATRO-CINEMA-SHOW","tx_classe_equipamento":"TEATRO-CINEMA-SHOW","cd_identificador_esfera_administrativa_equipamento":4,"nm_esfera_administrativa_equipamento":"Particular","tx_esfera_administrativa_equipamento":"Entidade mantenedora: particular","cd_equipamento":null,"nm_equipamento":"CINEMARK TUCURUVI - SALA 02","tx_endereco_equipamento":"Av. Dr. Antonio Maria Laet, 566","nm_bairro_equipamento":"","cd_cep_equipamento":"02240-000","tx_horario_funcionamento":null,"tx_numero_telefone":null,"cd_equipamento_base_origem":null}},{"type":"Feature","id":"equipamento_cultura_teatro_cinema_show_v3.40633","geometry":{"type":"Point","coordinates":[336283.0275,7402396.9263]},"geometry_name":"ge_ponto","properties":{"cd_identificador":40633,"cd_identificador_tema_equipamento":3,"nm_tema_equipamento":"CULTURA","cd_identificador_rede_equipamento":0,"nm_rede_equipamento":"SEM REDE","tx_rede_equipamento":"Sem descrição","cd_identificador_tipo_equipamento":7,"nm_tipo_equipamento":"Salas de Cinema ","tx_tipo_equipamento":"Salas de Cinema e Assentos","cd_identificador_classe_equipamento":4,"nm_classe_equipamento":"TEATRO-CINEMA-SHOW","tx_classe_equipamento":"TEATRO-CINEMA-SHOW","cd_identificador_esfera_administrativa_equipamento":4,"nm_esfera_administrativa_equipamento":"Particular","tx_esfera_administrativa_equipamento":"Entidade mantenedora: particular","cd_equipamento":null,"nm_equipamento":"CINEMARK TUCURUVI - SALA 01","tx_endereco_equipamento":"Av. Dr. Antonio Maria Laet, 566","nm_bairro_equipamento":"","cd_cep_equipamento":"02240-000","tx_horario_funcionamento":null,"tx_numero_telefone":null,"cd_equipamento_base_origem":null}},{"type":"Feature","id":"equipamento_cultura_teatro_cinema_show_v3.40634","geometry":{"type":"Point","coordinates":[331946.4567,7395598.6477]},"geometry_name":"ge_ponto","properties":{"cd_identificador":40634,"cd_identificador_tema_equipamento":3,"nm_tema_equipamento":"CULTURA","cd_identificador_rede_equipamento":0,"nm_rede_equipamento":"SEM REDE","tx_rede_equipamento":"Sem descrição","cd_identificador_tipo_equipamento":7,"nm_tipo_equipamento":"Salas de Cinema ","tx_tipo_equipamento":"Salas de Cinema e Assentos","cd_identificador_classe_equipamento":4,"nm_classe_equipamento":"TEATRO-CINEMA-SHOW","tx_classe_equipamento":"TEATRO-CINEMA-SHOW","cd_identificador_esfera_administrativa_equipamento":4,"nm_esfera_administrativa_equipamento":"Particular","tx_esfera_administrativa_equipamento":"Entidade mantenedora: particular","cd_equipamento":null,"nm_equipamento":"EMPRESA CINE AROUCHE","tx_endereco_equipamento":"Largo Do Arouche, 426","nm_bairro_equipamento":"","cd_cep_equipamento":"01219-010","tx_horario_funcionamento":null,"tx_numero_telefone":null,"cd_equipamento_base_origem":null}},{"type":"Feature","id":"equipamento_cultura_teatro_cinema_show_v3.40635","geometry":{"type":"Point","coordinates":[333112.0002,7389690.3719]},"geometry_name":"ge_ponto","properties":{"cd_identificador":40635,"cd_identificador_tema_equipamento":3,"nm_tema_equipamento":"CULTURA","cd_identificador_rede_equipamento":0,"nm_rede_equipamento":"SEM REDE","tx_rede_equipamento":"Sem descrição","cd_identificador_tipo_equipamento":7,"nm_tipo_equipamento":"Salas de Cinema ","tx_tipo_equipamento":"Salas de Cinema e Assentos","cd_identificador_classe_equipamento":4,"nm_classe_equipamento":"TEATRO-CINEMA-SHOW","tx_classe_equipamento":"TEATRO-CINEMA-SHOW","cd_identificador_esfera_administrativa_equipamento":4,"nm_esfera_administrativa_equipamento":"Particular","tx_esfera_administrativa_equipamento":"Entidade mantenedora: particular","cd_equipamento":null,"nm_equipamento":"CINE SEGALL","tx_endereco_equipamento":"Rua Berta, 111","nm_bairro_equipamento":"","cd_cep_equipamento":"04120-040","tx_horario_funcionamento":null,"tx_numero_telefone":null,"cd_equipamento_base_origem":null}},{"type":"Feature","id":"equipamento_cultura_teatro_cinema_show_v3.40636","geometry":{"type":"Point","coordinates":[331486.3182,7395052.9665]},"geometry_name":"ge_ponto","properties":{"cd_identificador":40636,"cd_identificador_tema_equipamento":3,"nm_tema_equipamento":"CULTURA","cd_identificador_rede_equipamento":0,"nm_rede_equipamento":"SEM REDE","tx_rede_equipamento":"Sem descrição","cd_identificador_tipo_equipamento":7,"nm_tipo_equipamento":"Salas de Cinema ","tx_tipo_equipamento":"Salas de Cinema e Assentos","cd_identificador_classe_equipamento":4,"nm_classe_equipamento":"TEATRO-CINEMA-SHOW","tx_classe_equipamento":"TEATRO-CINEMA-SHOW","cd_identificador_esfera_administrativa_equipamento":2,"nm_esfera_administrativa_equipamento":"Estadual","tx_esfera_administrativa_equipamento":"Entidade mantenedora: governo do estado","cd_equipamento":null,"nm_equipamento":"CINUSP MARIA ANTÔNIA","tx_endereco_equipamento":"Rua Maria Antônia, 294","nm_bairro_equipamento":"","cd_cep_equipamento":"01222-010","tx_horario_funcionamento":null,"tx_numero_telefone":null,"cd_equipamento_base_origem":null}},{"type":"Feature","id":"equipamento_cultura_teatro_cinema_show_v3.40637","geometry":{"type":"Point","coordinates":[350068.0784,7395927.5395]},"geometry_name":"ge_ponto","properties":{"cd_identificador":40637,"cd_identificador_tema_equipamento":3,"nm_tema_equipamento":"CULTURA","cd_identificador_rede_equipamento":0,"nm_rede_equipamento":"SEM REDE","tx_rede_equipamento":"Sem descrição","cd_identificador_tipo_equipamento":7,"nm_tipo_equipamento":"Salas de Cinema ","tx_tipo_equipamento":"Salas de Cinema e Assentos","cd_identificador_classe_equipamento":4,"nm_classe_equipamento":"TEATRO-CINEMA-SHOW","tx_classe_equipamento":"TEATRO-CINEMA-SHOW","cd_identificador_esfera_administrativa_equipamento":4,"nm_esfera_administrativa_equipamento":"Particular","tx_esfera_administrativa_equipamento":"Entidade mantenedora: particular","cd_equipamento":null,"nm_equipamento":"CINÉPOLIS ITAQUERA - SALA 01","tx_endereco_equipamento":"Av. José Pinheiro Borges S/N, 0","nm_bairro_equipamento":"","cd_cep_equipamento":"08220-900","tx_horario_funcionamento":null,"tx_numero_telefone":null,"cd_equipamento_base_origem":null}},{"type":"Feature","id":"equipamento_cultura_teatro_cinema_show_v3.40638","geometry":{"type":"Point","coordinates":[350068.0784,7395927.5395]},"geometry_name":"ge_ponto","properties":{"cd_identificador":40638,"cd_identificador_tema_equipamento":3,"nm_tema_equipamento":"CULTURA","cd_identificador_rede_equipamento":0,"nm_rede_equipamento":"SEM REDE","tx_rede_equipamento":"Sem descrição","cd_identificador_tipo_equipamento":7,"nm_tipo_equipamento":"Salas de Cinema ","tx_tipo_equipamento":"Salas de Cinema e Assentos","cd_identificador_classe_equipamento":4,"nm_classe_equipamento":"TEATRO-CINEMA-SHOW","tx_classe_equipamento":"TEATRO-CINEMA-SHOW","cd_identificador_esfera_administrativa_equipamento":4,"nm_esfera_administrativa_equipamento":"Particular","tx_esfera_administrativa_equipamento":"Entidade mantenedora: particular","cd_equipamento":null,"nm_equipamento":"CINÉPOLIS ITAQUERA - SALA 02","tx_endereco_equipamento":"Av. José Pinheiro Borges S/N, 0","nm_bairro_equipamento":"","cd_cep_equipamento":"08220-900","tx_horario_funcionamento":null,"tx_numero_telefone":null,"cd_equipamento_base_origem":null}},{"type":"Feature","id":"equipamento_cultura_teatro_cinema_show_v3.40639","geometry":{"type":"Point","coordinates":[350068.0784,7395927.5395]},"geometry_name":"ge_ponto","properties":{"cd_identificador":40639,"cd_identificador_tema_equipamento":3,"nm_tema_equipamento":"CULTURA","cd_identificador_rede_equipamento":0,"nm_rede_equipamento":"SEM REDE","tx_rede_equipamento":"Sem descrição","cd_identificador_tipo_equipamento":7,"nm_tipo_equipamento":"Salas de Cinema ","tx_tipo_equipamento":"Salas de Cinema e Assentos","cd_identificador_classe_equipamento":4,"nm_classe_equipamento":"TEATRO-CINEMA-SHOW","tx_classe_equipamento":"TEATRO-CINEMA-SHOW","cd_identificador_esfera_administrativa_equipamento":4,"nm_esfera_administrativa_equipamento":"Particular","tx_esfera_administrativa_equipamento":"Entidade mantenedora: particular","cd_equipamento":null,"nm_equipamento":"CINÉPOLIS ITAQUERA - SALA 03","tx_endereco_equipamento":"Av. José Pinheiro Borges S/N, 0","nm_bairro_equipamento":"","cd_cep_equipamento":"08220-900","tx_horario_funcionamento":null,"tx_numero_telefone":null,"cd_equipamento_base_origem":null}},{"type":"Feature","id":"equipamento_cultura_teatro_cinema_show_v3.40640","geometry":{"type":"Point","coordinates":[350068.0784,7395927.5395]},"geometry_name":"ge_ponto","properties":{"cd_identificador":40640,"cd_identificador_tema_equipamento":3,"nm_tema_equipamento":"CULTURA","cd_identificador_rede_equipamento":0,"nm_rede_equipamento":"SEM REDE","tx_rede_equipamento":"Sem descrição","cd_identificador_tipo_equipamento":7,"nm_tipo_equipamento":"Salas de Cinema ","tx_tipo_equipamento":"Salas de Cinema e Assentos","cd_identificador_classe_equipamento":4,"nm_classe_equipamento":"TEATRO-CINEMA-SHOW","tx_classe_equipamento":"TEATRO-CINEMA-SHOW","cd_identificador_esfera_administrativa_equipamento":4,"nm_esfera_administrativa_equipamento":"Particular","tx_esfera_administrativa_equipamento":"Entidade mantenedora: particular","cd_equipamento":null,"nm_equipamento":"CINÉPOLIS ITAQUERA - SALA 04","tx_endereco_equipamento":"Av. José Pinheiro Borges S/N, 0","nm_bairro_equipamento":"","cd_cep_equipamento":"08220-900","tx_horario_funcionamento":null,"tx_numero_telefone":null,"cd_equipamento_base_origem":null}},{"type":"Feature","id":"equipamento_cultura_teatro_cinema_show_v3.40641","geometry":{"type":"Point","coordinates":[350068.0784,7395927.5395]},"geometry_name":"ge_ponto","properties":{"cd_identificador":40641,"cd_identificador_tema_equipamento":3,"nm_tema_equipamento":"CULTURA","cd_identificador_rede_equipamento":0,"nm_rede_equipamento":"SEM REDE","tx_rede_equipamento":"Sem descrição","cd_identificador_tipo_equipamento":7,"nm_tipo_equipamento":"Salas de Cinema ","tx_tipo_equipamento":"Salas de Cinema e Assentos","cd_identificador_classe_equipamento":4,"nm_classe_equipamento":"TEATRO-CINEMA-SHOW","tx_classe_equipamento":"TEATRO-CINEMA-SHOW","cd_identificador_esfera_administrativa_equipamento":4,"nm_esfera_administrativa_equipamento":"Particular","tx_esfera_administrativa_equipamento":"Entidade mantenedora: particular","cd_equipamento":null,"nm_equipamento":"CINÉPOLIS ITAQUERA - SALA 05","tx_endereco_equipamento":"Av. José Pinheiro Borges S/N, 0","nm_bairro_equipamento":"","cd_cep_equipamento":"08220-900","tx_horario_funcionamento":null,"tx_numero_telefone":null,"cd_equipamento_base_origem":null}},{"type":"Feature","id":"equipamento_cultura_teatro_cinema_show_v3.40642","geometry":{"type":"Point","coordinates":[350068.0784,7395927.5395]},"geometry_name":"ge_ponto","properties":{"cd_identificador":40642,"cd_identificador_tema_equipamento":3,"nm_tema_equipamento":"CULTURA","cd_identificador_rede_equipamento":0,"nm_rede_equipamento":"SEM REDE","tx_rede_equipamento":"Sem descrição","cd_identificador_tipo_equipamento":7,"nm_tipo_equipamento":"Salas de Cinema ","tx_tipo_equipamento":"Salas de Cinema e Assentos","cd_identificador_classe_equipamento":4,"nm_classe_equipamento":"TEATRO-CINEMA-SHOW","tx_classe_equipamento":"TEATRO-CINEMA-SHOW","cd_identificador_esfera_administrativa_equipamento":4,"nm_esfera_administrativa_equipamento":"Particular","tx_esfera_administrativa_equipamento":"Entidade mantenedora: particular","cd_equipamento":null,"nm_equipamento":"CINÉPOLIS ITAQUERA - SALA 06","tx_endereco_equipamento":"Av. José Pinheiro Borges S/N, 0","nm_bairro_equipamento":"","cd_cep_equipamento":"08220-900","tx_horario_funcionamento":null,"tx_numero_telefone":null,"cd_equipamento_base_origem":null}},{"type":"Feature","id":"equipamento_cultura_teatro_cinema_show_v3.40643","geometry":{"type":"Point","coordinates":[350068.0784,7395927.5395]},"geometry_name":"ge_ponto","properties":{"cd_identificador":40643,"cd_identificador_tema_equipamento":3,"nm_tema_equipamento":"CULTURA","cd_identificador_rede_equipamento":0,"nm_rede_equipamento":"SEM REDE","tx_rede_equipamento":"Sem descrição","cd_identificador_tipo_equipamento":7,"nm_tipo_equipamento":"Salas de Cinema ","tx_tipo_equipamento":"Salas de Cinema e Assentos","cd_identificador_classe_equipamento":4,"nm_classe_equipamento":"TEATRO-CINEMA-SHOW","tx_classe_equipamento":"TEATRO-CINEMA-SHOW","cd_identificador_esfera_administrativa_equipamento":4,"nm_esfera_administrativa_equipamento":"Particular","tx_esfera_administrativa_equipamento":"Entidade mantenedora: particular","cd_equipamento":null,"nm_equipamento":"CINÉPOLIS ITAQUERA - SALA 07","tx_endereco_equipamento":"Av. José Pinheiro Borges S/N, 0","nm_bairro_equipamento":"","cd_cep_equipamento":"08220-900","tx_horario_funcionamento":null,"tx_numero_telefone":null,"cd_equipamento_base_origem":null}},{"type":"Feature","id":"equipamento_cultura_teatro_cinema_show_v3.40644","geometry":{"type":"Point","coordinates":[350068.0784,7395927.5395]},"geometry_name":"ge_ponto","properties":{"cd_identificador":40644,"cd_identificador_tema_equipamento":3,"nm_tema_equipamento":"CULTURA","cd_identificador_rede_equipamento":0,"nm_rede_equipamento":"SEM REDE","tx_rede_equipamento":"Sem descrição","cd_identificador_tipo_equipamento":7,"nm_tipo_equipamento":"Salas de Cinema ","tx_tipo_equipamento":"Salas de Cinema e Assentos","cd_identificador_classe_equipamento":4,"nm_classe_equipamento":"TEATRO-CINEMA-SHOW","tx_classe_equipamento":"TEATRO-CINEMA-SHOW","cd_identificador_esfera_administrativa_equipamento":4,"nm_esfera_administrativa_equipamento":"Particular","tx_esfera_administrativa_equipamento":"Entidade mantenedora: particular","cd_equipamento":null,"nm_equipamento":"CINÉPOLIS ITAQUERA - SALA 08","tx_endereco_equipamento":"Av. José Pinheiro Borges S/N, 0","nm_bairro_equipamento":"","cd_cep_equipamento":"08220-900","tx_horario_funcionamento":null,"tx_numero_telefone":null,"cd_equipamento_base_origem":null}},{"type":"Feature","id":"equipamento_cultura_teatro_cinema_show_v3.40645","geometry":{"type":"Point","coordinates":[331316.171,7393128.1161]},"geometry_name":"ge_ponto","properties":{"cd_identificador":40645,"cd_identificador_tema_equipamento":3,"nm_tema_equipamento":"CULTURA","cd_identificador_rede_equipamento":0,"nm_rede_equipamento":"SEM REDE","tx_rede_equipamento":"Sem descrição","cd_identificador_tipo_equipamento":7,"nm_tipo_equipamento":"Salas de Cinema ","tx_tipo_equipamento":"Salas de Cinema e Assentos","cd_identificador_classe_equipamento":4,"nm_classe_equipamento":"TEATRO-CINEMA-SHOW","tx_classe_equipamento":"TEATRO-CINEMA-SHOW","cd_identificador_esfera_administrativa_equipamento":4,"nm_esfera_administrativa_equipamento":"Particular","tx_esfera_administrativa_equipamento":"Entidade mantenedora: particular","cd_equipamento":null,"nm_equipamento":"CINEMARK CIDADE SÃO PAULO - SALA 01","tx_endereco_equipamento":"Av. Paulista, 1230","nm_bairro_equipamento":"","cd_cep_equipamento":"01310-100","tx_horario_funcionamento":null,"tx_numero_telefone":null,"cd_equipamento_base_origem":null}},{"type":"Feature","id":"equipamento_cultura_teatro_cinema_show_v3.40646","geometry":{"type":"Point","coordinates":[331316.171,7393128.1161]},"geometry_name":"ge_ponto","properties":{"cd_identificador":40646,"cd_identificador_tema_equipamento":3,"nm_tema_equipamento":"CULTURA","cd_identificador_rede_equipamento":0,"nm_rede_equipamento":"SEM REDE","tx_rede_equipamento":"Sem descrição","cd_identificador_tipo_equipamento":7,"nm_tipo_equipamento":"Salas de Cinema ","tx_tipo_equipamento":"Salas de Cinema e Assentos","cd_identificador_classe_equipamento":4,"nm_classe_equipamento":"TEATRO-CINEMA-SHOW","tx_classe_equipamento":"TEATRO-CINEMA-SHOW","cd_identificador_esfera_administrativa_equipamento":4,"nm_esfera_administrativa_equipamento":"Particular","tx_esfera_administrativa_equipamento":"Entidade mantenedora: particular","cd_equipamento":null,"nm_equipamento":"CINEMARK CIDADE SÃO PAULO - SALA 02","tx_endereco_equipamento":"Av. Paulista, 1230","nm_bairro_equipamento":"","cd_cep_equipamento":"01310-100","tx_horario_funcionamento":null,"tx_numero_telefone":null,"cd_equipamento_base_origem":null}},{"type":"Feature","id":"equipamento_cultura_teatro_cinema_show_v3.40647","geometry":{"type":"Point","coordinates":[331316.171,7393128.1161]},"geometry_name":"ge_ponto","properties":{"cd_identificador":40647,"cd_identificador_tema_equipamento":3,"nm_tema_equipamento":"CULTURA","cd_identificador_rede_equipamento":0,"nm_rede_equipamento":"SEM REDE","tx_rede_equipamento":"Sem descrição","cd_identificador_tipo_equipamento":7,"nm_tipo_equipamento":"Salas de Cinema ","tx_tipo_equipamento":"Salas de Cinema e Assentos","cd_identificador_classe_equipamento":4,"nm_classe_equipamento":"TEATRO-CINEMA-SHOW","tx_classe_equipamento":"TEATRO-CINEMA-SHOW","cd_identificador_esfera_administrativa_equipamento":4,"nm_esfera_administrativa_equipamento":"Particular","tx_esfera_administrativa_equipamento":"Entidade mantenedora: particular","cd_equipamento":null,"nm_equipamento":"CINEMARK CIDADE SÃO PAULO - SALA 03","tx_endereco_equipamento":"Av. Paulista, 1230","nm_bairro_equipamento":"","cd_cep_equipamento":"01310-100","tx_horario_funcionamento":null,"tx_numero_telefone":null,"cd_equipamento_base_origem":null}},{"type":"Feature","id":"equipamento_cultura_teatro_cinema_show_v3.40648","geometry":{"type":"Point","coordinates":[331316.171,7393128.1161]},"geometry_name":"ge_ponto","properties":{"cd_identificador":40648,"cd_identificador_tema_equipamento":3,"nm_tema_equipamento":"CULTURA","cd_identificador_rede_equipamento":0,"nm_rede_equipamento":"SEM REDE","tx_rede_equipamento":"Sem descrição","cd_identificador_tipo_equipamento":7,"nm_tipo_equipamento":"Salas de Cinema ","tx_tipo_equipamento":"Salas de Cinema e Assentos","cd_identificador_classe_equipamento":4,"nm_classe_equipamento":"TEATRO-CINEMA-SHOW","tx_classe_equipamento":"TEATRO-CINEMA-SHOW","cd_identificador_esfera_administrativa_equipamento":4,"nm_esfera_administrativa_equipamento":"Particular","tx_esfera_administrativa_equipamento":"Entidade mantenedora: particular","cd_equipamento":null,"nm_equipamento":"CINEMARK CIDADE SÃO PAULO - SALA 04","tx_endereco_equipamento":"Av. Paulista, 1230","nm_bairro_equipamento":"","cd_cep_equipamento":"01310-100","tx_horario_funcionamento":null,"tx_numero_telefone":null,"cd_equipamento_base_origem":null}},{"type":"Feature","id":"equipamento_cultura_teatro_cinema_show_v3.40649","geometry":{"type":"Point","coordinates":[331316.171,7393128.1161]},"geometry_name":"ge_ponto","properties":{"cd_identificador":40649,"cd_identificador_tema_equipamento":3,"nm_tema_equipamento":"CULTURA","cd_identificador_rede_equipamento":0,"nm_rede_equipamento":"SEM REDE","tx_rede_equipamento":"Sem descrição","cd_identificador_tipo_equipamento":7,"nm_tipo_equipamento":"Salas de Cinema ","tx_tipo_equipamento":"Salas de Cinema e Assentos","cd_identificador_classe_equipamento":4,"nm_classe_equipamento":"TEATRO-CINEMA-SHOW","tx_classe_equipamento":"TEATRO-CINEMA-SHOW","cd_identificador_esfera_administrativa_equipamento":4,"nm_esfera_administrativa_equipamento":"Particular","tx_esfera_administrativa_equipamento":"Entidade mantenedora: particular","cd_equipamento":null,"nm_equipamento":"CINEMARK CIDADE SÃO PAULO - SALA 05","tx_endereco_equipamento":"Av. Paulista, 1230","nm_bairro_equipamento":"","cd_cep_equipamento":"01310-100","tx_horario_funcionamento":null,"tx_numero_telefone":null,"cd_equipamento_base_origem":null}},{"type":"Feature","id":"equipamento_cultura_teatro_cinema_show_v3.40650","geometry":{"type":"Point","coordinates":[331316.171,7393128.1161]},"geometry_name":"ge_ponto","properties":{"cd_identificador":40650,"cd_identificador_tema_equipamento":3,"nm_tema_equipamento":"CULTURA","cd_identificador_rede_equipamento":0,"nm_rede_equipamento":"SEM REDE","tx_rede_equipamento":"Sem descrição","cd_identificador_tipo_equipamento":7,"nm_tipo_equipamento":"Salas de Cinema ","tx_tipo_equipamento":"Salas de Cinema e Assentos","cd_identificador_classe_equipamento":4,"nm_classe_equipamento":"TEATRO-CINEMA-SHOW","tx_classe_equipamento":"TEATRO-CINEMA-SHOW","cd_identificador_esfera_administrativa_equipamento":4,"nm_esfera_administrativa_equipamento":"Particular","tx_esfera_administrativa_equipamento":"Entidade mantenedora: particular","cd_equipamento":null,"nm_equipamento":"CINEMARK CIDADE SÃO PAULO - SALA 06","tx_endereco_equipamento":"Av. Paulista, 1230","nm_bairro_equipamento":"","cd_cep_equipamento":"01310-100","tx_horario_funcionamento":null,"tx_numero_telefone":null,"cd_equipamento_base_origem":null}},{"type":"Feature","id":"equipamento_cultura_teatro_cinema_show_v3.40651","geometry":{"type":"Point","coordinates":[324553.3379,7399357.9566]},"geometry_name":"ge_ponto","properties":{"cd_identificador":40651,"cd_identificador_tema_equipamento":3,"nm_tema_equipamento":"CULTURA","cd_identificador_rede_equipamento":0,"nm_rede_equipamento":"SEM REDE","tx_rede_equipamento":"Sem descrição","cd_identificador_tipo_equipamento":7,"nm_tipo_equipamento":"Salas de Cinema ","tx_tipo_equipamento":"Salas de Cinema e Assentos","cd_identificador_classe_equipamento":4,"nm_classe_equipamento":"TEATRO-CINEMA-SHOW","tx_classe_equipamento":"TEATRO-CINEMA-SHOW","cd_identificador_esfera_administrativa_equipamento":4,"nm_esfera_administrativa_equipamento":"Particular","tx_esfera_administrativa_equipamento":"Entidade mantenedora: particular","cd_equipamento":null,"nm_equipamento":"CINEMARK TIETÊ PLAZA - SALA 01","tx_endereco_equipamento":"Av. Raimundo Pereira Magalhães, 1465","nm_bairro_equipamento":"","cd_cep_equipamento":"05145-000","tx_horario_funcionamento":null,"tx_numero_telefone":null,"cd_equipamento_base_origem":null}},{"type":"Feature","id":"equipamento_cultura_teatro_cinema_show_v3.40652","geometry":{"type":"Point","coordinates":[324553.3379,7399357.9566]},"geometry_name":"ge_ponto","properties":{"cd_identificador":40652,"cd_identificador_tema_equipamento":3,"nm_tema_equipamento":"CULTURA","cd_identificador_rede_equipamento":0,"nm_rede_equipamento":"SEM REDE","tx_rede_equipamento":"Sem descrição","cd_identificador_tipo_equipamento":7,"nm_tipo_equipamento":"Salas de Cinema ","tx_tipo_equipamento":"Salas de Cinema e Assentos","cd_identificador_classe_equipamento":4,"nm_classe_equipamento":"TEATRO-CINEMA-SHOW","tx_classe_equipamento":"TEATRO-CINEMA-SHOW","cd_identificador_esfera_administrativa_equipamento":4,"nm_esfera_administrativa_equipamento":"Particular","tx_esfera_administrativa_equipamento":"Entidade mantenedora: particular","cd_equipamento":null,"nm_equipamento":"CINEMARK TIETÊ PLAZA - SALA 02","tx_endereco_equipamento":"Av. Raimundo Pereira Magalhães, 1465","nm_bairro_equipamento":"","cd_cep_equipamento":"05145-000","tx_horario_funcionamento":null,"tx_numero_telefone":null,"cd_equipamento_base_origem":null}},{"type":"Feature","id":"equipamento_cultura_teatro_cinema_show_v3.40653","geometry":{"type":"Point","coordinates":[324553.3379,7399357.9566]},"geometry_name":"ge_ponto","properties":{"cd_identificador":40653,"cd_identificador_tema_equipamento":3,"nm_tema_equipamento":"CULTURA","cd_identificador_rede_equipamento":0,"nm_rede_equipamento":"SEM REDE","tx_rede_equipamento":"Sem descrição","cd_identificador_tipo_equipamento":7,"nm_tipo_equipamento":"Salas de Cinema ","tx_tipo_equipamento":"Salas de Cinema e Assentos","cd_identificador_classe_equipamento":4,"nm_classe_equipamento":"TEATRO-CINEMA-SHOW","tx_classe_equipamento":"TEATRO-CINEMA-SHOW","cd_identificador_esfera_administrativa_equipamento":4,"nm_esfera_administrativa_equipamento":"Particular","tx_esfera_administrativa_equipamento":"Entidade mantenedora: particular","cd_equipamento":null,"nm_equipamento":"CINEMARK TIETÊ PLAZA - SALA 03","tx_endereco_equipamento":"Av. Raimundo Pereira Magalhães, 1465","nm_bairro_equipamento":"","cd_cep_equipamento":"05145-000","tx_horario_funcionamento":null,"tx_numero_telefone":null,"cd_equipamento_base_origem":null}},{"type":"Feature","id":"equipamento_cultura_teatro_cinema_show_v3.40654","geometry":{"type":"Point","coordinates":[324553.3379,7399357.9566]},"geometry_name":"ge_ponto","properties":{"cd_identificador":40654,"cd_identificador_tema_equipamento":3,"nm_tema_equipamento":"CULTURA","cd_identificador_rede_equipamento":0,"nm_rede_equipamento":"SEM REDE","tx_rede_equipamento":"Sem descrição","cd_identificador_tipo_equipamento":7,"nm_tipo_equipamento":"Salas de Cinema ","tx_tipo_equipamento":"Salas de Cinema e Assentos","cd_identificador_classe_equipamento":4,"nm_classe_equipamento":"TEATRO-CINEMA-SHOW","tx_classe_equipamento":"TEATRO-CINEMA-SHOW","cd_identificador_esfera_administrativa_equipamento":4,"nm_esfera_administrativa_equipamento":"Particular","tx_esfera_administrativa_equipamento":"Entidade mantenedora: particular","cd_equipamento":null,"nm_equipamento":"CINEMARK TIETÊ PLAZA - SALA 04","tx_endereco_equipamento":"Av. Raimundo Pereira Magalhães, 1465","nm_bairro_equipamento":"","cd_cep_equipamento":"05145-000","tx_horario_funcionamento":null,"tx_numero_telefone":null,"cd_equipamento_base_origem":null}},{"type":"Feature","id":"equipamento_cultura_teatro_cinema_show_v3.40655","geometry":{"type":"Point","coordinates":[324553.3379,7399357.9566]},"geometry_name":"ge_ponto","properties":{"cd_identificador":40655,"cd_identificador_tema_equipamento":3,"nm_tema_equipamento":"CULTURA","cd_identificador_rede_equipamento":0,"nm_rede_equipamento":"SEM REDE","tx_rede_equipamento":"Sem descrição","cd_identificador_tipo_equipamento":7,"nm_tipo_equipamento":"Salas de Cinema ","tx_tipo_equipamento":"Salas de Cinema e Assentos","cd_identificador_classe_equipamento":4,"nm_classe_equipamento":"TEATRO-CINEMA-SHOW","tx_classe_equipamento":"TEATRO-CINEMA-SHOW","cd_identificador_esfera_administrativa_equipamento":4,"nm_esfera_administrativa_equipamento":"Particular","tx_esfera_administrativa_equipamento":"Entidade mantenedora: particular","cd_equipamento":null,"nm_equipamento":"CINEMARK TIETÊ PLAZA - SALA 05","tx_endereco_equipamento":"Av. Raimundo Pereira Magalhães, 1465","nm_bairro_equipamento":"","cd_cep_equipamento":"05145-000","tx_horario_funcionamento":null,"tx_numero_telefone":null,"cd_equipamento_base_origem":null}},{"type":"Feature","id":"equipamento_cultura_teatro_cinema_show_v3.40656","geometry":{"type":"Point","coordinates":[324553.3379,7399357.9566]},"geometry_name":"ge_ponto","properties":{"cd_identificador":40656,"cd_identificador_tema_equipamento":3,"nm_tema_equipamento":"CULTURA","cd_identificador_rede_equipamento":0,"nm_rede_equipamento":"SEM REDE","tx_rede_equipamento":"Sem descrição","cd_identificador_tipo_equipamento":7,"nm_tipo_equipamento":"Salas de Cinema ","tx_tipo_equipamento":"Salas de Cinema e Assentos","cd_identificador_classe_equipamento":4,"nm_classe_equipamento":"TEATRO-CINEMA-SHOW","tx_classe_equipamento":"TEATRO-CINEMA-SHOW","cd_identificador_esfera_administrativa_equipamento":4,"nm_esfera_administrativa_equipamento":"Particular","tx_esfera_administrativa_equipamento":"Entidade mantenedora: particular","cd_equipamento":null,"nm_equipamento":"CINEMARK TIETÊ PLAZA - SALA 06","tx_endereco_equipamento":"Av. Raimundo Pereira Magalhães, 1465","nm_bairro_equipamento":"","cd_cep_equipamento":"05145-000","tx_horario_funcionamento":null,"tx_numero_telefone":null,"cd_equipamento_base_origem":null}},{"type":"Feature","id":"equipamento_cultura_teatro_cinema_show_v3.40657","geometry":{"type":"Point","coordinates":[324553.3379,7399357.9566]},"geometry_name":"ge_ponto","properties":{"cd_identificador":40657,"cd_identificador_tema_equipamento":3,"nm_tema_equipamento":"CULTURA","cd_identificador_rede_equipamento":0,"nm_rede_equipamento":"SEM REDE","tx_rede_equipamento":"Sem descrição","cd_identificador_tipo_equipamento":7,"nm_tipo_equipamento":"Salas de Cinema ","tx_tipo_equipamento":"Salas de Cinema e Assentos","cd_identificador_classe_equipamento":4,"nm_classe_equipamento":"TEATRO-CINEMA-SHOW","tx_classe_equipamento":"TEATRO-CINEMA-SHOW","cd_identificador_esfera_administrativa_equipamento":4,"nm_esfera_administrativa_equipamento":"Particular","tx_esfera_administrativa_equipamento":"Entidade mantenedora: particular","cd_equipamento":null,"nm_equipamento":"CINEMARK TIETÊ PLAZA - SALA 07","tx_endereco_equipamento":"Av. Raimundo Pereira Magalhães, 1465","nm_bairro_equipamento":"","cd_cep_equipamento":"05145-000","tx_horario_funcionamento":null,"tx_numero_telefone":null,"cd_equipamento_base_origem":null}},{"type":"Feature","id":"equipamento_cultura_teatro_cinema_show_v3.40658","geometry":{"type":"Point","coordinates":[335016.8352,7398606.4994]},"geometry_name":"ge_ponto","properties":{"cd_identificador":40658,"cd_identificador_tema_equipamento":3,"nm_tema_equipamento":"CULTURA","cd_identificador_rede_equipamento":0,"nm_rede_equipamento":"SEM REDE","tx_rede_equipamento":"Sem descrição","cd_identificador_tipo_equipamento":7,"nm_tipo_equipamento":"Salas de Cinema ","tx_tipo_equipamento":"Salas de Cinema e Assentos","cd_identificador_classe_equipamento":4,"nm_classe_equipamento":"TEATRO-CINEMA-SHOW","tx_classe_equipamento":"TEATRO-CINEMA-SHOW","cd_identificador_esfera_administrativa_equipamento":4,"nm_esfera_administrativa_equipamento":"Particular","tx_esfera_administrativa_equipamento":"Entidade mantenedora: particular","cd_equipamento":null,"nm_equipamento":"CINEMARK LAR CENTER - SALA 01","tx_endereco_equipamento":"Av. Otto Baumgart, 500","nm_bairro_equipamento":"","cd_cep_equipamento":"02049-900","tx_horario_funcionamento":null,"tx_numero_telefone":null,"cd_equipamento_base_origem":null}},{"type":"Feature","id":"equipamento_cultura_teatro_cinema_show_v3.40659","geometry":{"type":"Point","coordinates":[335016.8352,7398606.4994]},"geometry_name":"ge_ponto","properties":{"cd_identificador":40659,"cd_identificador_tema_equipamento":3,"nm_tema_equipamento":"CULTURA","cd_identificador_rede_equipamento":0,"nm_rede_equipamento":"SEM REDE","tx_rede_equipamento":"Sem descrição","cd_identificador_tipo_equipamento":7,"nm_tipo_equipamento":"Salas de Cinema ","tx_tipo_equipamento":"Salas de Cinema e Assentos","cd_identificador_classe_equipamento":4,"nm_classe_equipamento":"TEATRO-CINEMA-SHOW","tx_classe_equipamento":"TEATRO-CINEMA-SHOW","cd_identificador_esfera_administrativa_equipamento":4,"nm_esfera_administrativa_equipamento":"Particular","tx_esfera_administrativa_equipamento":"Entidade mantenedora: particular","cd_equipamento":null,"nm_equipamento":"CINEMARK LAR CENTER - SALA 02","tx_endereco_equipamento":"Av. Otto Baumgart, 500","nm_bairro_equipamento":"","cd_cep_equipamento":"02049-900","tx_horario_funcionamento":null,"tx_numero_telefone":null,"cd_equipamento_base_origem":null}},{"type":"Feature","id":"equipamento_cultura_teatro_cinema_show_v3.40660","geometry":{"type":"Point","coordinates":[335016.8352,7398606.4994]},"geometry_name":"ge_ponto","properties":{"cd_identificador":40660,"cd_identificador_tema_equipamento":3,"nm_tema_equipamento":"CULTURA","cd_identificador_rede_equipamento":0,"nm_rede_equipamento":"SEM REDE","tx_rede_equipamento":"Sem descrição","cd_identificador_tipo_equipamento":7,"nm_tipo_equipamento":"Salas de Cinema ","tx_tipo_equipamento":"Salas de Cinema e Assentos","cd_identificador_classe_equipamento":4,"nm_classe_equipamento":"TEATRO-CINEMA-SHOW","tx_classe_equipamento":"TEATRO-CINEMA-SHOW","cd_identificador_esfera_administrativa_equipamento":4,"nm_esfera_administrativa_equipamento":"Particular","tx_esfera_administrativa_equipamento":"Entidade mantenedora: particular","cd_equipamento":null,"nm_equipamento":"CINEMARK LAR CENTER - SALA 03","tx_endereco_equipamento":"Av. Otto Baumgart, 500","nm_bairro_equipamento":"","cd_cep_equipamento":"02049-900","tx_horario_funcionamento":null,"tx_numero_telefone":null,"cd_equipamento_base_origem":null}},{"type":"Feature","id":"equipamento_cultura_teatro_cinema_show_v3.40661","geometry":{"type":"Point","coordinates":[330743.3212,7393870.2441]},"geometry_name":"ge_ponto","properties":{"cd_identificador":40661,"cd_identificador_tema_equipamento":3,"nm_tema_equipamento":"CULTURA","cd_identificador_rede_equipamento":0,"nm_rede_equipamento":"SEM REDE","tx_rede_equipamento":"Sem descrição","cd_identificador_tipo_equipamento":7,"nm_tipo_equipamento":"Salas de Cinema ","tx_tipo_equipamento":"Salas de Cinema e Assentos","cd_identificador_classe_equipamento":4,"nm_classe_equipamento":"TEATRO-CINEMA-SHOW","tx_classe_equipamento":"TEATRO-CINEMA-SHOW","cd_identificador_esfera_administrativa_equipamento":4,"nm_esfera_administrativa_equipamento":"Particular","tx_esfera_administrativa_equipamento":"Entidade mantenedora: particular","cd_equipamento":null,"nm_equipamento":"ESPAÇO ITAÚ AUGUSTA - SALA 01","tx_endereco_equipamento":"Rua Augusta, 1475","nm_bairro_equipamento":"","cd_cep_equipamento":"01305-100","tx_horario_funcionamento":null,"tx_numero_telefone":null,"cd_equipamento_base_origem":null}},{"type":"Feature","id":"equipamento_cultura_teatro_cinema_show_v3.40662","geometry":{"type":"Point","coordinates":[330743.3212,7393870.2441]},"geometry_name":"ge_ponto","properties":{"cd_identificador":40662,"cd_identificador_tema_equipamento":3,"nm_tema_equipamento":"CULTURA","cd_identificador_rede_equipamento":0,"nm_rede_equipamento":"SEM REDE","tx_rede_equipamento":"Sem descrição","cd_identificador_tipo_equipamento":7,"nm_tipo_equipamento":"Salas de Cinema ","tx_tipo_equipamento":"Salas de Cinema e Assentos","cd_identificador_classe_equipamento":4,"nm_classe_equipamento":"TEATRO-CINEMA-SHOW","tx_classe_equipamento":"TEATRO-CINEMA-SHOW","cd_identificador_esfera_administrativa_equipamento":4,"nm_esfera_administrativa_equipamento":"Particular","tx_esfera_administrativa_equipamento":"Entidade mantenedora: particular","cd_equipamento":null,"nm_equipamento":"ESPAÇO ITAÚ AUGUSTA - SALA 02","tx_endereco_equipamento":"Rua Augusta, 1475","nm_bairro_equipamento":"","cd_cep_equipamento":"01305-100","tx_horario_funcionamento":null,"tx_numero_telefone":null,"cd_equipamento_base_origem":null}},{"type":"Feature","id":"equipamento_cultura_teatro_cinema_show_v3.40663","geometry":{"type":"Point","coordinates":[330743.3212,7393870.2441]},"geometry_name":"ge_ponto","properties":{"cd_identificador":40663,"cd_identificador_tema_equipamento":3,"nm_tema_equipamento":"CULTURA","cd_identificador_rede_equipamento":0,"nm_rede_equipamento":"SEM REDE","tx_rede_equipamento":"Sem descrição","cd_identificador_tipo_equipamento":7,"nm_tipo_equipamento":"Salas de Cinema ","tx_tipo_equipamento":"Salas de Cinema e Assentos","cd_identificador_classe_equipamento":4,"nm_classe_equipamento":"TEATRO-CINEMA-SHOW","tx_classe_equipamento":"TEATRO-CINEMA-SHOW","cd_identificador_esfera_administrativa_equipamento":4,"nm_esfera_administrativa_equipamento":"Particular","tx_esfera_administrativa_equipamento":"Entidade mantenedora: particular","cd_equipamento":null,"nm_equipamento":"ESPAÇO ITAÚ AUGUSTA - SALA 03","tx_endereco_equipamento":"Rua Augusta, 1475","nm_bairro_equipamento":"","cd_cep_equipamento":"01305-100","tx_horario_funcionamento":null,"tx_numero_telefone":null,"cd_equipamento_base_origem":null}},{"type":"Feature","id":"equipamento_cultura_teatro_cinema_show_v3.40664","geometry":{"type":"Point","coordinates":[330743.3212,7393870.2441]},"geometry_name":"ge_ponto","properties":{"cd_identificador":40664,"cd_identificador_tema_equipamento":3,"nm_tema_equipamento":"CULTURA","cd_identificador_rede_equipamento":0,"nm_rede_equipamento":"SEM REDE","tx_rede_equipamento":"Sem descrição","cd_identificador_tipo_equipamento":7,"nm_tipo_equipamento":"Salas de Cinema ","tx_tipo_equipamento":"Salas de Cinema e Assentos","cd_identificador_classe_equipamento":4,"nm_classe_equipamento":"TEATRO-CINEMA-SHOW","tx_classe_equipamento":"TEATRO-CINEMA-SHOW","cd_identificador_esfera_administrativa_equipamento":4,"nm_esfera_administrativa_equipamento":"Particular","tx_esfera_administrativa_equipamento":"Entidade mantenedora: particular","cd_equipamento":null,"nm_equipamento":"ESPAÇO ITAÚ AUGUSTA - SALA 04 (ANEXO)","tx_endereco_equipamento":"Rua Augusta, 1475","nm_bairro_equipamento":"","cd_cep_equipamento":"01305-100","tx_horario_funcionamento":null,"tx_numero_telefone":null,"cd_equipamento_base_origem":null}},{"type":"Feature","id":"equipamento_cultura_teatro_cinema_show_v3.40665","geometry":{"type":"Point","coordinates":[330743.3212,7393870.2441]},"geometry_name":"ge_ponto","properties":{"cd_identificador":40665,"cd_identificador_tema_equipamento":3,"nm_tema_equipamento":"CULTURA","cd_identificador_rede_equipamento":0,"nm_rede_equipamento":"SEM REDE","tx_rede_equipamento":"Sem descrição","cd_identificador_tipo_equipamento":7,"nm_tipo_equipamento":"Salas de Cinema ","tx_tipo_equipamento":"Salas de Cinema e Assentos","cd_identificador_classe_equipamento":4,"nm_classe_equipamento":"TEATRO-CINEMA-SHOW","tx_classe_equipamento":"TEATRO-CINEMA-SHOW","cd_identificador_esfera_administrativa_equipamento":4,"nm_esfera_administrativa_equipamento":"Particular","tx_esfera_administrativa_equipamento":"Entidade mantenedora: particular","cd_equipamento":null,"nm_equipamento":"ESPAÇO ITAÚ AUGUSTA - SALA 05 (ANEXO)","tx_endereco_equipamento":"Rua Augusta, 1475","nm_bairro_equipamento":"","cd_cep_equipamento":"01305-100","tx_horario_funcionamento":null,"tx_numero_telefone":null,"cd_equipamento_base_origem":null}},{"type":"Feature","id":"equipamento_cultura_teatro_cinema_show_v3.40666","geometry":{"type":"Point","coordinates":[331881.5424,7394993.0658]},"geometry_name":"ge_ponto","properties":{"cd_identificador":40666,"cd_identificador_tema_equipamento":3,"nm_tema_equipamento":"CULTURA","cd_identificador_rede_equipamento":0,"nm_rede_equipamento":"SEM REDE","tx_rede_equipamento":"Sem descrição","cd_identificador_tipo_equipamento":7,"nm_tipo_equipamento":"Salas de Cinema ","tx_tipo_equipamento":"Salas de Cinema e Assentos","cd_identificador_classe_equipamento":4,"nm_classe_equipamento":"TEATRO-CINEMA-SHOW","tx_classe_equipamento":"TEATRO-CINEMA-SHOW","cd_identificador_esfera_administrativa_equipamento":4,"nm_esfera_administrativa_equipamento":"Particular","tx_esfera_administrativa_equipamento":"Entidade mantenedora: particular","cd_equipamento":null,"nm_equipamento":"MATILHA CULTURAL","tx_endereco_equipamento":"Rua Rego Freitas, 542","nm_bairro_equipamento":"","cd_cep_equipamento":"01220-010","tx_horario_funcionamento":null,"tx_numero_telefone":null,"cd_equipamento_base_origem":null}},{"type":"Feature","id":"equipamento_cultura_teatro_cinema_show_v3.40667","geometry":{"type":"Point","coordinates":[321403.2378,7390853.3678]},"geometry_name":"ge_ponto","properties":{"cd_identificador":40667,"cd_identificador_tema_equipamento":3,"nm_tema_equipamento":"CULTURA","cd_identificador_rede_equipamento":0,"nm_rede_equipamento":"SEM REDE","tx_rede_equipamento":"Sem descrição","cd_identificador_tipo_equipamento":7,"nm_tipo_equipamento":"Salas de Cinema ","tx_tipo_equipamento":"Salas de Cinema e Assentos","cd_identificador_classe_equipamento":4,"nm_classe_equipamento":"TEATRO-CINEMA-SHOW","tx_classe_equipamento":"TEATRO-CINEMA-SHOW","cd_identificador_esfera_administrativa_equipamento":1,"nm_esfera_administrativa_equipamento":"Municipal","tx_esfera_administrativa_equipamento":"Entidade mantenedora: PMSP","cd_equipamento":null,"nm_equipamento":"Salas Especiais SPcine - CEU Butantã","tx_endereco_equipamento":"Avenida Engenheiro Heitor Antônio Eiras Garcia, 1700","nm_bairro_equipamento":"","cd_cep_equipamento":"05588-001","tx_horario_funcionamento":null,"tx_numero_telefone":null,"cd_equipamento_base_origem":null}},{"type":"Feature","id":"equipamento_cultura_teatro_cinema_show_v3.40668","geometry":{"type":"Point","coordinates":[354730.4745,7396108.091]},"geometry_name":"ge_ponto","properties":{"cd_identificador":40668,"cd_identificador_tema_equipamento":3,"nm_tema_equipamento":"CULTURA","cd_identificador_rede_equipamento":0,"nm_rede_equipamento":"SEM REDE","tx_rede_equipamento":"Sem descrição","cd_identificador_tipo_equipamento":7,"nm_tipo_equipamento":"Salas de Cinema ","tx_tipo_equipamento":"Salas de Cinema e Assentos","cd_identificador_classe_equipamento":4,"nm_classe_equipamento":"TEATRO-CINEMA-SHOW","tx_classe_equipamento":"TEATRO-CINEMA-SHOW","cd_identificador_esfera_administrativa_equipamento":1,"nm_esfera_administrativa_equipamento":"Municipal","tx_esfera_administrativa_equipamento":"Entidade mantenedora: PMSP","cd_equipamento":null,"nm_equipamento":"Salas Especiais SPcine - CEU Jambeiro","tx_endereco_equipamento":"Avenida José Pinheiro Borges, 60","nm_bairro_equipamento":"","cd_cep_equipamento":"08420-092","tx_horario_funcionamento":null,"tx_numero_telefone":null,"cd_equipamento_base_origem":null}},{"type":"Feature","id":"equipamento_cultura_teatro_cinema_show_v3.40669","geometry":{"type":"Point","coordinates":[338344.1191,7386800.2919]},"geometry_name":"ge_ponto","properties":{"cd_identificador":40669,"cd_identificador_tema_equipamento":3,"nm_tema_equipamento":"CULTURA","cd_identificador_rede_equipamento":0,"nm_rede_equipamento":"SEM REDE","tx_rede_equipamento":"Sem descrição","cd_identificador_tipo_equipamento":7,"nm_tipo_equipamento":"Salas de Cinema ","tx_tipo_equipamento":"Salas de Cinema e Assentos","cd_identificador_classe_equipamento":4,"nm_classe_equipamento":"TEATRO-CINEMA-SHOW","tx_classe_equipamento":"TEATRO-CINEMA-SHOW","cd_identificador_esfera_administrativa_equipamento":1,"nm_esfera_administrativa_equipamento":"Municipal","tx_esfera_administrativa_equipamento":"Entidade mantenedora: PMSP","cd_equipamento":null,"nm_equipamento":"Salas Especiais Spcine - CEU Meninos","tx_endereco_equipamento":"Rua Barbinos, 111","nm_bairro_equipamento":"","cd_cep_equipamento":"04240-110","tx_horario_funcionamento":null,"tx_numero_telefone":null,"cd_equipamento_base_origem":null}},{"type":"Feature","id":"equipamento_cultura_teatro_cinema_show_v3.40670","geometry":{"type":"Point","coordinates":[320893.5532,7410484.962]},"geometry_name":"ge_ponto","properties":{"cd_identificador":40670,"cd_identificador_tema_equipamento":3,"nm_tema_equipamento":"CULTURA","cd_identificador_rede_equipamento":0,"nm_rede_equipamento":"SEM REDE","tx_rede_equipamento":"Sem descrição","cd_identificador_tipo_equipamento":7,"nm_tipo_equipamento":"Salas de Cinema ","tx_tipo_equipamento":"Salas de Cinema e Assentos","cd_identificador_classe_equipamento":4,"nm_classe_equipamento":"TEATRO-CINEMA-SHOW","tx_classe_equipamento":"TEATRO-CINEMA-SHOW","cd_identificador_esfera_administrativa_equipamento":1,"nm_esfera_administrativa_equipamento":"Municipal","tx_esfera_administrativa_equipamento":"Entidade mantenedora: PMSP","cd_equipamento":null,"nm_equipamento":"Salas Especiais SPcine - CEU Perus","tx_endereco_equipamento":"Rua Bernardo José de Lorena, s/n","nm_bairro_equipamento":"","cd_cep_equipamento":"05203-200","tx_horario_funcionamento":null,"tx_numero_telefone":"(11) 94107-0680","cd_equipamento_base_origem":null}},{"type":"Feature","id":"equipamento_cultura_teatro_cinema_show_v3.40671","geometry":{"type":"Point","coordinates":[318521.3258,7373997.4228]},"geometry_name":"ge_ponto","properties":{"cd_identificador":40671,"cd_identificador_tema_equipamento":3,"nm_tema_equipamento":"CULTURA","cd_identificador_rede_equipamento":0,"nm_rede_equipamento":"SEM REDE","tx_rede_equipamento":"Sem descrição","cd_identificador_tipo_equipamento":7,"nm_tipo_equipamento":"Salas de Cinema ","tx_tipo_equipamento":"Salas de Cinema e Assentos","cd_identificador_classe_equipamento":4,"nm_classe_equipamento":"TEATRO-CINEMA-SHOW","tx_classe_equipamento":"TEATRO-CINEMA-SHOW","cd_identificador_esfera_administrativa_equipamento":1,"nm_esfera_administrativa_equipamento":"Municipal","tx_esfera_administrativa_equipamento":"Entidade mantenedora: PMSP","cd_equipamento":null,"nm_equipamento":"Salas Especiais SPcine - CEU Vila do Sol","tx_endereco_equipamento":"Avenida Dos Funcionários Públicos, 369","nm_bairro_equipamento":"","cd_cep_equipamento":"04962-000","tx_horario_funcionamento":null,"tx_numero_telefone":null,"cd_equipamento_base_origem":null}},{"type":"Feature","id":"equipamento_cultura_teatro_cinema_show_v3.40672","geometry":{"type":"Point","coordinates":[323947.6751,7406180.0905]},"geometry_name":"ge_ponto","properties":{"cd_identificador":40672,"cd_identificador_tema_equipamento":3,"nm_tema_equipamento":"CULTURA","cd_identificador_rede_equipamento":0,"nm_rede_equipamento":"SEM REDE","tx_rede_equipamento":"Sem descrição","cd_identificador_tipo_equipamento":7,"nm_tipo_equipamento":"Salas de Cinema ","tx_tipo_equipamento":"Salas de Cinema e Assentos","cd_identificador_classe_equipamento":4,"nm_classe_equipamento":"TEATRO-CINEMA-SHOW","tx_classe_equipamento":"TEATRO-CINEMA-SHOW","cd_identificador_esfera_administrativa_equipamento":4,"nm_esfera_administrativa_equipamento":"Particular","tx_esfera_administrativa_equipamento":"Entidade mantenedora: particular","cd_equipamento":null,"nm_equipamento":"CINEFLIX CANTAREIRA - SALA 01","tx_endereco_equipamento":"Av. Raimundo Pereira De Magalhães, 11001","nm_bairro_equipamento":"","cd_cep_equipamento":"02984-035","tx_horario_funcionamento":null,"tx_numero_telefone":null,"cd_equipamento_base_origem":null}},{"type":"Feature","id":"equipamento_cultura_teatro_cinema_show_v3.40673","geometry":{"type":"Point","coordinates":[323947.6751,7406180.0905]},"geometry_name":"ge_ponto","properties":{"cd_identificador":40673,"cd_identificador_tema_equipamento":3,"nm_tema_equipamento":"CULTURA","cd_identificador_rede_equipamento":0,"nm_rede_equipamento":"SEM REDE","tx_rede_equipamento":"Sem descrição","cd_identificador_tipo_equipamento":7,"nm_tipo_equipamento":"Salas de Cinema ","tx_tipo_equipamento":"Salas de Cinema e Assentos","cd_identificador_classe_equipamento":4,"nm_classe_equipamento":"TEATRO-CINEMA-SHOW","tx_classe_equipamento":"TEATRO-CINEMA-SHOW","cd_identificador_esfera_administrativa_equipamento":4,"nm_esfera_administrativa_equipamento":"Particular","tx_esfera_administrativa_equipamento":"Entidade mantenedora: particular","cd_equipamento":null,"nm_equipamento":"CINEFLIX CANTAREIRA - SALA 02","tx_endereco_equipamento":"Av. Raimundo Pereira De Magalhães, 11001","nm_bairro_equipamento":"","cd_cep_equipamento":"02984-035","tx_horario_funcionamento":null,"tx_numero_telefone":null,"cd_equipamento_base_origem":null}},{"type":"Feature","id":"equipamento_cultura_teatro_cinema_show_v3.40674","geometry":{"type":"Point","coordinates":[323947.6751,7406180.0905]},"geometry_name":"ge_ponto","properties":{"cd_identificador":40674,"cd_identificador_tema_equipamento":3,"nm_tema_equipamento":"CULTURA","cd_identificador_rede_equipamento":0,"nm_rede_equipamento":"SEM REDE","tx_rede_equipamento":"Sem descrição","cd_identificador_tipo_equipamento":7,"nm_tipo_equipamento":"Salas de Cinema ","tx_tipo_equipamento":"Salas de Cinema e Assentos","cd_identificador_classe_equipamento":4,"nm_classe_equipamento":"TEATRO-CINEMA-SHOW","tx_classe_equipamento":"TEATRO-CINEMA-SHOW","cd_identificador_esfera_administrativa_equipamento":4,"nm_esfera_administrativa_equipamento":"Particular","tx_esfera_administrativa_equipamento":"Entidade mantenedora: particular","cd_equipamento":null,"nm_equipamento":"CINEFLIX CANTAREIRA - SALA 03","tx_endereco_equipamento":"Av. Raimundo Pereira De Magalhães, 11001","nm_bairro_equipamento":"","cd_cep_equipamento":"02984-035","tx_horario_funcionamento":null,"tx_numero_telefone":null,"cd_equipamento_base_origem":null}},{"type":"Feature","id":"equipamento_cultura_teatro_cinema_show_v3.40675","geometry":{"type":"Point","coordinates":[323947.6751,7406180.0905]},"geometry_name":"ge_ponto","properties":{"cd_identificador":40675,"cd_identificador_tema_equipamento":3,"nm_tema_equipamento":"CULTURA","cd_identificador_rede_equipamento":0,"nm_rede_equipamento":"SEM REDE","tx_rede_equipamento":"Sem descrição","cd_identificador_tipo_equipamento":7,"nm_tipo_equipamento":"Salas de Cinema ","tx_tipo_equipamento":"Salas de Cinema e Assentos","cd_identificador_classe_equipamento":4,"nm_classe_equipamento":"TEATRO-CINEMA-SHOW","tx_classe_equipamento":"TEATRO-CINEMA-SHOW","cd_identificador_esfera_administrativa_equipamento":4,"nm_esfera_administrativa_equipamento":"Particular","tx_esfera_administrativa_equipamento":"Entidade mantenedora: particular","cd_equipamento":null,"nm_equipamento":"CINEFLIX CANTAREIRA - SALA 04","tx_endereco_equipamento":"Av. Raimundo Pereira De Magalhães, 11001","nm_bairro_equipamento":"","cd_cep_equipamento":"02984-035","tx_horario_funcionamento":null,"tx_numero_telefone":null,"cd_equipamento_base_origem":null}},{"type":"Feature","id":"equipamento_cultura_teatro_cinema_show_v3.40676","geometry":{"type":"Point","coordinates":[323947.6751,7406180.0905]},"geometry_name":"ge_ponto","properties":{"cd_identificador":40676,"cd_identificador_tema_equipamento":3,"nm_tema_equipamento":"CULTURA","cd_identificador_rede_equipamento":0,"nm_rede_equipamento":"SEM REDE","tx_rede_equipamento":"Sem descrição","cd_identificador_tipo_equipamento":7,"nm_tipo_equipamento":"Salas de Cinema ","tx_tipo_equipamento":"Salas de Cinema e Assentos","cd_identificador_classe_equipamento":4,"nm_classe_equipamento":"TEATRO-CINEMA-SHOW","tx_classe_equipamento":"TEATRO-CINEMA-SHOW","cd_identificador_esfera_administrativa_equipamento":4,"nm_esfera_administrativa_equipamento":"Particular","tx_esfera_administrativa_equipamento":"Entidade mantenedora: particular","cd_equipamento":null,"nm_equipamento":"CINEFLIX CANTAREIRA - SALA 05","tx_endereco_equipamento":"Av. Raimundo Pereira De Magalhães, 11001","nm_bairro_equipamento":"","cd_cep_equipamento":"02984-035","tx_horario_funcionamento":null,"tx_numero_telefone":null,"cd_equipamento_base_origem":null}},{"type":"Feature","id":"equipamento_cultura_teatro_cinema_show_v3.40677","geometry":{"type":"Point","coordinates":[359048.8495,7402079.7396]},"geometry_name":"ge_ponto","properties":{"cd_identificador":40677,"cd_identificador_tema_equipamento":3,"nm_tema_equipamento":"CULTURA","cd_identificador_rede_equipamento":0,"nm_rede_equipamento":"SEM REDE","tx_rede_equipamento":"Sem descrição","cd_identificador_tipo_equipamento":7,"nm_tipo_equipamento":"Salas de Cinema ","tx_tipo_equipamento":"Salas de Cinema e Assentos","cd_identificador_classe_equipamento":4,"nm_classe_equipamento":"TEATRO-CINEMA-SHOW","tx_classe_equipamento":"TEATRO-CINEMA-SHOW","cd_identificador_esfera_administrativa_equipamento":4,"nm_esfera_administrativa_equipamento":"Particular","tx_esfera_administrativa_equipamento":"Entidade mantenedora: particular","cd_equipamento":null,"nm_equipamento":"CINE ITAIM PAULISTA - SALA 01","tx_endereco_equipamento":"Av. Marechal Tito, 7579","nm_bairro_equipamento":"","cd_cep_equipamento":"08115-100","tx_horario_funcionamento":null,"tx_numero_telefone":null,"cd_equipamento_base_origem":null}},{"type":"Feature","id":"equipamento_cultura_teatro_cinema_show_v3.40678","geometry":{"type":"Point","coordinates":[359048.8495,7402079.7396]},"geometry_name":"ge_ponto","properties":{"cd_identificador":40678,"cd_identificador_tema_equipamento":3,"nm_tema_equipamento":"CULTURA","cd_identificador_rede_equipamento":0,"nm_rede_equipamento":"SEM REDE","tx_rede_equipamento":"Sem descrição","cd_identificador_tipo_equipamento":7,"nm_tipo_equipamento":"Salas de Cinema ","tx_tipo_equipamento":"Salas de Cinema e Assentos","cd_identificador_classe_equipamento":4,"nm_classe_equipamento":"TEATRO-CINEMA-SHOW","tx_classe_equipamento":"TEATRO-CINEMA-SHOW","cd_identificador_esfera_administrativa_equipamento":4,"nm_esfera_administrativa_equipamento":"Particular","tx_esfera_administrativa_equipamento":"Entidade mantenedora: particular","cd_equipamento":null,"nm_equipamento":"CINE ITAIM PAULISTA - SALA 02","tx_endereco_equipamento":"Av. Marechal Tito, 7579","nm_bairro_equipamento":"","cd_cep_equipamento":"08115-100","tx_horario_funcionamento":null,"tx_numero_telefone":null,"cd_equipamento_base_origem":null}},{"type":"Feature","id":"equipamento_cultura_teatro_cinema_show_v3.40679","geometry":{"type":"Point","coordinates":[359048.8495,7402079.7396]},"geometry_name":"ge_ponto","properties":{"cd_identificador":40679,"cd_identificador_tema_equipamento":3,"nm_tema_equipamento":"CULTURA","cd_identificador_rede_equipamento":0,"nm_rede_equipamento":"SEM REDE","tx_rede_equipamento":"Sem descrição","cd_identificador_tipo_equipamento":7,"nm_tipo_equipamento":"Salas de Cinema ","tx_tipo_equipamento":"Salas de Cinema e Assentos","cd_identificador_classe_equipamento":4,"nm_classe_equipamento":"TEATRO-CINEMA-SHOW","tx_classe_equipamento":"TEATRO-CINEMA-SHOW","cd_identificador_esfera_administrativa_equipamento":4,"nm_esfera_administrativa_equipamento":"Particular","tx_esfera_administrativa_equipamento":"Entidade mantenedora: particular","cd_equipamento":null,"nm_equipamento":"CINE ITAIM PAULISTA - SALA 03","tx_endereco_equipamento":"Av. Marechal Tito, 7579","nm_bairro_equipamento":"","cd_cep_equipamento":"08115-100","tx_horario_funcionamento":null,"tx_numero_telefone":null,"cd_equipamento_base_origem":null}},{"type":"Feature","id":"equipamento_cultura_teatro_cinema_show_v3.40680","geometry":{"type":"Point","coordinates":[322726.4904,7385495.339]},"geometry_name":"ge_ponto","properties":{"cd_identificador":40680,"cd_identificador_tema_equipamento":3,"nm_tema_equipamento":"CULTURA","cd_identificador_rede_equipamento":0,"nm_rede_equipamento":"SEM REDE","tx_rede_equipamento":"Sem descrição","cd_identificador_tipo_equipamento":7,"nm_tipo_equipamento":"Salas de Cinema ","tx_tipo_equipamento":"Salas de Cinema e Assentos","cd_identificador_classe_equipamento":4,"nm_classe_equipamento":"TEATRO-CINEMA-SHOW","tx_classe_equipamento":"TEATRO-CINEMA-SHOW","cd_identificador_esfera_administrativa_equipamento":4,"nm_esfera_administrativa_equipamento":"Particular","tx_esfera_administrativa_equipamento":"Entidade mantenedora: particular","cd_equipamento":null,"nm_equipamento":"CINESYSTEM MORUMBI TOWN - SALA 01","tx_endereco_equipamento":"Av Giovanni Gronchi, 5930","nm_bairro_equipamento":"","cd_cep_equipamento":"05724-002","tx_horario_funcionamento":null,"tx_numero_telefone":null,"cd_equipamento_base_origem":null}},{"type":"Feature","id":"equipamento_cultura_teatro_cinema_show_v3.40681","geometry":{"type":"Point","coordinates":[322726.4904,7385495.339]},"geometry_name":"ge_ponto","properties":{"cd_identificador":40681,"cd_identificador_tema_equipamento":3,"nm_tema_equipamento":"CULTURA","cd_identificador_rede_equipamento":0,"nm_rede_equipamento":"SEM REDE","tx_rede_equipamento":"Sem descrição","cd_identificador_tipo_equipamento":7,"nm_tipo_equipamento":"Salas de Cinema ","tx_tipo_equipamento":"Salas de Cinema e Assentos","cd_identificador_classe_equipamento":4,"nm_classe_equipamento":"TEATRO-CINEMA-SHOW","tx_classe_equipamento":"TEATRO-CINEMA-SHOW","cd_identificador_esfera_administrativa_equipamento":4,"nm_esfera_administrativa_equipamento":"Particular","tx_esfera_administrativa_equipamento":"Entidade mantenedora: particular","cd_equipamento":null,"nm_equipamento":"CINESYSTEM MORUMBI TOWN - SALA 02","tx_endereco_equipamento":"Av Giovanni Gronchi, 5930","nm_bairro_equipamento":"","cd_cep_equipamento":"05724-002","tx_horario_funcionamento":null,"tx_numero_telefone":null,"cd_equipamento_base_origem":null}},{"type":"Feature","id":"equipamento_cultura_teatro_cinema_show_v3.40682","geometry":{"type":"Point","coordinates":[322726.4904,7385495.339]},"geometry_name":"ge_ponto","properties":{"cd_identificador":40682,"cd_identificador_tema_equipamento":3,"nm_tema_equipamento":"CULTURA","cd_identificador_rede_equipamento":0,"nm_rede_equipamento":"SEM REDE","tx_rede_equipamento":"Sem descrição","cd_identificador_tipo_equipamento":7,"nm_tipo_equipamento":"Salas de Cinema ","tx_tipo_equipamento":"Salas de Cinema e Assentos","cd_identificador_classe_equipamento":4,"nm_classe_equipamento":"TEATRO-CINEMA-SHOW","tx_classe_equipamento":"TEATRO-CINEMA-SHOW","cd_identificador_esfera_administrativa_equipamento":4,"nm_esfera_administrativa_equipamento":"Particular","tx_esfera_administrativa_equipamento":"Entidade mantenedora: particular","cd_equipamento":null,"nm_equipamento":"CINESYSTEM MORUMBI TOWN - SALA 03","tx_endereco_equipamento":"Av Giovanni Gronchi, 5930","nm_bairro_equipamento":"","cd_cep_equipamento":"05724-002","tx_horario_funcionamento":null,"tx_numero_telefone":null,"cd_equipamento_base_origem":null}},{"type":"Feature","id":"equipamento_cultura_teatro_cinema_show_v3.40683","geometry":{"type":"Point","coordinates":[322726.4904,7385495.339]},"geometry_name":"ge_ponto","properties":{"cd_identificador":40683,"cd_identificador_tema_equipamento":3,"nm_tema_equipamento":"CULTURA","cd_identificador_rede_equipamento":0,"nm_rede_equipamento":"SEM REDE","tx_rede_equipamento":"Sem descrição","cd_identificador_tipo_equipamento":7,"nm_tipo_equipamento":"Salas de Cinema ","tx_tipo_equipamento":"Salas de Cinema e Assentos","cd_identificador_classe_equipamento":4,"nm_classe_equipamento":"TEATRO-CINEMA-SHOW","tx_classe_equipamento":"TEATRO-CINEMA-SHOW","cd_identificador_esfera_administrativa_equipamento":4,"nm_esfera_administrativa_equipamento":"Particular","tx_esfera_administrativa_equipamento":"Entidade mantenedora: particular","cd_equipamento":null,"nm_equipamento":"CINESYSTEM MORUMBI TOWN - SALA 04","tx_endereco_equipamento":"Av Giovanni Gronchi, 5930","nm_bairro_equipamento":"","cd_cep_equipamento":"05724-002","tx_horario_funcionamento":null,"tx_numero_telefone":null,"cd_equipamento_base_origem":null}},{"type":"Feature","id":"equipamento_cultura_teatro_cinema_show_v3.40684","geometry":{"type":"Point","coordinates":[322726.4904,7385495.339]},"geometry_name":"ge_ponto","properties":{"cd_identificador":40684,"cd_identificador_tema_equipamento":3,"nm_tema_equipamento":"CULTURA","cd_identificador_rede_equipamento":0,"nm_rede_equipamento":"SEM REDE","tx_rede_equipamento":"Sem descrição","cd_identificador_tipo_equipamento":7,"nm_tipo_equipamento":"Salas de Cinema ","tx_tipo_equipamento":"Salas de Cinema e Assentos","cd_identificador_classe_equipamento":4,"nm_classe_equipamento":"TEATRO-CINEMA-SHOW","tx_classe_equipamento":"TEATRO-CINEMA-SHOW","cd_identificador_esfera_administrativa_equipamento":4,"nm_esfera_administrativa_equipamento":"Particular","tx_esfera_administrativa_equipamento":"Entidade mantenedora: particular","cd_equipamento":null,"nm_equipamento":"CINESYSTEM MORUMBI TOWN - SALA 05","tx_endereco_equipamento":"Av Giovanni Gronchi, 5930","nm_bairro_equipamento":"","cd_cep_equipamento":"05724-002","tx_horario_funcionamento":null,"tx_numero_telefone":null,"cd_equipamento_base_origem":null}},{"type":"Feature","id":"equipamento_cultura_teatro_cinema_show_v3.40685","geometry":{"type":"Point","coordinates":[322726.4904,7385495.339]},"geometry_name":"ge_ponto","properties":{"cd_identificador":40685,"cd_identificador_tema_equipamento":3,"nm_tema_equipamento":"CULTURA","cd_identificador_rede_equipamento":0,"nm_rede_equipamento":"SEM REDE","tx_rede_equipamento":"Sem descrição","cd_identificador_tipo_equipamento":7,"nm_tipo_equipamento":"Salas de Cinema ","tx_tipo_equipamento":"Salas de Cinema e Assentos","cd_identificador_classe_equipamento":4,"nm_classe_equipamento":"TEATRO-CINEMA-SHOW","tx_classe_equipamento":"TEATRO-CINEMA-SHOW","cd_identificador_esfera_administrativa_equipamento":4,"nm_esfera_administrativa_equipamento":"Particular","tx_esfera_administrativa_equipamento":"Entidade mantenedora: particular","cd_equipamento":null,"nm_equipamento":"CINESYSTEM MORUMBI TOWN - SALA 06","tx_endereco_equipamento":"Av Giovanni Gronchi, 5930","nm_bairro_equipamento":"","cd_cep_equipamento":"05724-002","tx_horario_funcionamento":null,"tx_numero_telefone":null,"cd_equipamento_base_origem":null}},{"type":"Feature","id":"equipamento_cultura_teatro_cinema_show_v3.40686","geometry":{"type":"Point","coordinates":[322726.4904,7385495.339]},"geometry_name":"ge_ponto","properties":{"cd_identificador":40686,"cd_identificador_tema_equipamento":3,"nm_tema_equipamento":"CULTURA","cd_identificador_rede_equipamento":0,"nm_rede_equipamento":"SEM REDE","tx_rede_equipamento":"Sem descrição","cd_identificador_tipo_equipamento":7,"nm_tipo_equipamento":"Salas de Cinema ","tx_tipo_equipamento":"Salas de Cinema e Assentos","cd_identificador_classe_equipamento":4,"nm_classe_equipamento":"TEATRO-CINEMA-SHOW","tx_classe_equipamento":"TEATRO-CINEMA-SHOW","cd_identificador_esfera_administrativa_equipamento":4,"nm_esfera_administrativa_equipamento":"Particular","tx_esfera_administrativa_equipamento":"Entidade mantenedora: particular","cd_equipamento":null,"nm_equipamento":"CINESYSTEM MORUMBI TOWN - SALA 07","tx_endereco_equipamento":"Av Giovanni Gronchi, 5930","nm_bairro_equipamento":"","cd_cep_equipamento":"05724-002","tx_horario_funcionamento":null,"tx_numero_telefone":null,"cd_equipamento_base_origem":null}},{"type":"Feature","id":"equipamento_cultura_teatro_cinema_show_v3.40687","geometry":{"type":"Point","coordinates":[322726.4904,7385495.339]},"geometry_name":"ge_ponto","properties":{"cd_identificador":40687,"cd_identificador_tema_equipamento":3,"nm_tema_equipamento":"CULTURA","cd_identificador_rede_equipamento":0,"nm_rede_equipamento":"SEM REDE","tx_rede_equipamento":"Sem descrição","cd_identificador_tipo_equipamento":7,"nm_tipo_equipamento":"Salas de Cinema ","tx_tipo_equipamento":"Salas de Cinema e Assentos","cd_identificador_classe_equipamento":4,"nm_classe_equipamento":"TEATRO-CINEMA-SHOW","tx_classe_equipamento":"TEATRO-CINEMA-SHOW","cd_identificador_esfera_administrativa_equipamento":4,"nm_esfera_administrativa_equipamento":"Particular","tx_esfera_administrativa_equipamento":"Entidade mantenedora: particular","cd_equipamento":null,"nm_equipamento":"CINESYSTEM MORUMBI TOWN - SALA 08","tx_endereco_equipamento":"Av Giovanni Gronchi, 5930","nm_bairro_equipamento":"","cd_cep_equipamento":"05724-002","tx_horario_funcionamento":null,"tx_numero_telefone":null,"cd_equipamento_base_origem":null}},{"type":"Feature","id":"equipamento_cultura_teatro_cinema_show_v3.40688","geometry":{"type":"Point","coordinates":[322726.4904,7385495.339]},"geometry_name":"ge_ponto","properties":{"cd_identificador":40688,"cd_identificador_tema_equipamento":3,"nm_tema_equipamento":"CULTURA","cd_identificador_rede_equipamento":0,"nm_rede_equipamento":"SEM REDE","tx_rede_equipamento":"Sem descrição","cd_identificador_tipo_equipamento":7,"nm_tipo_equipamento":"Salas de Cinema ","tx_tipo_equipamento":"Salas de Cinema e Assentos","cd_identificador_classe_equipamento":4,"nm_classe_equipamento":"TEATRO-CINEMA-SHOW","tx_classe_equipamento":"TEATRO-CINEMA-SHOW","cd_identificador_esfera_administrativa_equipamento":4,"nm_esfera_administrativa_equipamento":"Particular","tx_esfera_administrativa_equipamento":"Entidade mantenedora: particular","cd_equipamento":null,"nm_equipamento":"CINESYSTEM MORUMBI TOWN - SALA 09","tx_endereco_equipamento":"Av Giovanni Gronchi, 5930","nm_bairro_equipamento":"","cd_cep_equipamento":"05724-002","tx_horario_funcionamento":null,"tx_numero_telefone":null,"cd_equipamento_base_origem":null}},{"type":"Feature","id":"equipamento_cultura_teatro_cinema_show_v3.40689","geometry":{"type":"Point","coordinates":[330357.5161,7393428.8288]},"geometry_name":"ge_ponto","properties":{"cd_identificador":40689,"cd_identificador_tema_equipamento":3,"nm_tema_equipamento":"CULTURA","cd_identificador_rede_equipamento":0,"nm_rede_equipamento":"SEM REDE","tx_rede_equipamento":"Sem descrição","cd_identificador_tipo_equipamento":7,"nm_tipo_equipamento":"Salas de Cinema ","tx_tipo_equipamento":"Salas de Cinema e Assentos","cd_identificador_classe_equipamento":4,"nm_classe_equipamento":"TEATRO-CINEMA-SHOW","tx_classe_equipamento":"TEATRO-CINEMA-SHOW","cd_identificador_esfera_administrativa_equipamento":4,"nm_esfera_administrativa_equipamento":"Particular","tx_esfera_administrativa_equipamento":"Entidade mantenedora: particular","cd_equipamento":null,"nm_equipamento":"CINESESC - AUDITÓRIO (fechado temporariamente)","tx_endereco_equipamento":"Rua Augusta, 2075","nm_bairro_equipamento":"","cd_cep_equipamento":"01413-000","tx_horario_funcionamento":null,"tx_numero_telefone":null,"cd_equipamento_base_origem":null}},{"type":"Feature","id":"equipamento_cultura_teatro_cinema_show_v3.40690","geometry":{"type":"Point","coordinates":[329081.8984,7397182.2934]},"geometry_name":"ge_ponto","properties":{"cd_identificador":40690,"cd_identificador_tema_equipamento":3,"nm_tema_equipamento":"CULTURA","cd_identificador_rede_equipamento":0,"nm_rede_equipamento":"SEM REDE","tx_rede_equipamento":"Sem descrição","cd_identificador_tipo_equipamento":7,"nm_tipo_equipamento":"Salas de Cinema ","tx_tipo_equipamento":"Salas de Cinema e Assentos","cd_identificador_classe_equipamento":4,"nm_classe_equipamento":"TEATRO-CINEMA-SHOW","tx_classe_equipamento":"TEATRO-CINEMA-SHOW","cd_identificador_esfera_administrativa_equipamento":4,"nm_esfera_administrativa_equipamento":"Particular","tx_esfera_administrativa_equipamento":"Entidade mantenedora: particular","cd_equipamento":null,"nm_equipamento":"CINEMARK WEST PLAZA - SALA 01","tx_endereco_equipamento":"Avenida Antartica, 408","nm_bairro_equipamento":"","cd_cep_equipamento":"05003-020","tx_horario_funcionamento":null,"tx_numero_telefone":null,"cd_equipamento_base_origem":null}},{"type":"Feature","id":"equipamento_cultura_teatro_cinema_show_v3.40691","geometry":{"type":"Point","coordinates":[329081.8984,7397182.2934]},"geometry_name":"ge_ponto","properties":{"cd_identificador":40691,"cd_identificador_tema_equipamento":3,"nm_tema_equipamento":"CULTURA","cd_identificador_rede_equipamento":0,"nm_rede_equipamento":"SEM REDE","tx_rede_equipamento":"Sem descrição","cd_identificador_tipo_equipamento":7,"nm_tipo_equipamento":"Salas de Cinema ","tx_tipo_equipamento":"Salas de Cinema e Assentos","cd_identificador_classe_equipamento":4,"nm_classe_equipamento":"TEATRO-CINEMA-SHOW","tx_classe_equipamento":"TEATRO-CINEMA-SHOW","cd_identificador_esfera_administrativa_equipamento":4,"nm_esfera_administrativa_equipamento":"Particular","tx_esfera_administrativa_equipamento":"Entidade mantenedora: particular","cd_equipamento":null,"nm_equipamento":"CINEMARK WEST PLAZA - SALA 02","tx_endereco_equipamento":"Avenida Antartica, 408","nm_bairro_equipamento":"","cd_cep_equipamento":"05003-020","tx_horario_funcionamento":null,"tx_numero_telefone":null,"cd_equipamento_base_origem":null}},{"type":"Feature","id":"equipamento_cultura_teatro_cinema_show_v3.40692","geometry":{"type":"Point","coordinates":[329081.8984,7397182.2934]},"geometry_name":"ge_ponto","properties":{"cd_identificador":40692,"cd_identificador_tema_equipamento":3,"nm_tema_equipamento":"CULTURA","cd_identificador_rede_equipamento":0,"nm_rede_equipamento":"SEM REDE","tx_rede_equipamento":"Sem descrição","cd_identificador_tipo_equipamento":7,"nm_tipo_equipamento":"Salas de Cinema ","tx_tipo_equipamento":"Salas de Cinema e Assentos","cd_identificador_classe_equipamento":4,"nm_classe_equipamento":"TEATRO-CINEMA-SHOW","tx_classe_equipamento":"TEATRO-CINEMA-SHOW","cd_identificador_esfera_administrativa_equipamento":4,"nm_esfera_administrativa_equipamento":"Particular","tx_esfera_administrativa_equipamento":"Entidade mantenedora: particular","cd_equipamento":null,"nm_equipamento":"CINEMARK WEST PLAZA - SALA 03","tx_endereco_equipamento":"Avenida Antartica, 408","nm_bairro_equipamento":"","cd_cep_equipamento":"05003-020","tx_horario_funcionamento":null,"tx_numero_telefone":null,"cd_equipamento_base_origem":null}},{"type":"Feature","id":"equipamento_cultura_teatro_cinema_show_v3.40693","geometry":{"type":"Point","coordinates":[329081.8984,7397182.2934]},"geometry_name":"ge_ponto","properties":{"cd_identificador":40693,"cd_identificador_tema_equipamento":3,"nm_tema_equipamento":"CULTURA","cd_identificador_rede_equipamento":0,"nm_rede_equipamento":"SEM REDE","tx_rede_equipamento":"Sem descrição","cd_identificador_tipo_equipamento":7,"nm_tipo_equipamento":"Salas de Cinema ","tx_tipo_equipamento":"Salas de Cinema e Assentos","cd_identificador_classe_equipamento":4,"nm_classe_equipamento":"TEATRO-CINEMA-SHOW","tx_classe_equipamento":"TEATRO-CINEMA-SHOW","cd_identificador_esfera_administrativa_equipamento":4,"nm_esfera_administrativa_equipamento":"Particular","tx_esfera_administrativa_equipamento":"Entidade mantenedora: particular","cd_equipamento":null,"nm_equipamento":"CINEMARK WEST PLAZA - SALA 04","tx_endereco_equipamento":"Avenida Antartica, 408","nm_bairro_equipamento":"","cd_cep_equipamento":"05003-020","tx_horario_funcionamento":null,"tx_numero_telefone":null,"cd_equipamento_base_origem":null}},{"type":"Feature","id":"equipamento_cultura_teatro_cinema_show_v3.40694","geometry":{"type":"Point","coordinates":[329081.8984,7397182.2934]},"geometry_name":"ge_ponto","properties":{"cd_identificador":40694,"cd_identificador_tema_equipamento":3,"nm_tema_equipamento":"CULTURA","cd_identificador_rede_equipamento":0,"nm_rede_equipamento":"SEM REDE","tx_rede_equipamento":"Sem descrição","cd_identificador_tipo_equipamento":7,"nm_tipo_equipamento":"Salas de Cinema ","tx_tipo_equipamento":"Salas de Cinema e Assentos","cd_identificador_classe_equipamento":4,"nm_classe_equipamento":"TEATRO-CINEMA-SHOW","tx_classe_equipamento":"TEATRO-CINEMA-SHOW","cd_identificador_esfera_administrativa_equipamento":4,"nm_esfera_administrativa_equipamento":"Particular","tx_esfera_administrativa_equipamento":"Entidade mantenedora: particular","cd_equipamento":null,"nm_equipamento":"CINEMARK WEST PLAZA - SALA 05","tx_endereco_equipamento":"Avenida Antartica, 408","nm_bairro_equipamento":"","cd_cep_equipamento":"05003-020","tx_horario_funcionamento":null,"tx_numero_telefone":null,"cd_equipamento_base_origem":null}},{"type":"Feature","id":"equipamento_cultura_teatro_cinema_show_v3.40695","geometry":{"type":"Point","coordinates":[329081.8984,7397182.2934]},"geometry_name":"ge_ponto","properties":{"cd_identificador":40695,"cd_identificador_tema_equipamento":3,"nm_tema_equipamento":"CULTURA","cd_identificador_rede_equipamento":0,"nm_rede_equipamento":"SEM REDE","tx_rede_equipamento":"Sem descrição","cd_identificador_tipo_equipamento":7,"nm_tipo_equipamento":"Salas de Cinema ","tx_tipo_equipamento":"Salas de Cinema e Assentos","cd_identificador_classe_equipamento":4,"nm_classe_equipamento":"TEATRO-CINEMA-SHOW","tx_classe_equipamento":"TEATRO-CINEMA-SHOW","cd_identificador_esfera_administrativa_equipamento":4,"nm_esfera_administrativa_equipamento":"Particular","tx_esfera_administrativa_equipamento":"Entidade mantenedora: particular","cd_equipamento":null,"nm_equipamento":"CINEMARK WEST PLAZA - SALA 06","tx_endereco_equipamento":"Avenida Antartica, 408","nm_bairro_equipamento":"","cd_cep_equipamento":"05003-020","tx_horario_funcionamento":null,"tx_numero_telefone":null,"cd_equipamento_base_origem":null}},{"type":"Feature","id":"equipamento_cultura_teatro_cinema_show_v3.40696","geometry":{"type":"Point","coordinates":[329081.8984,7397182.2934]},"geometry_name":"ge_ponto","properties":{"cd_identificador":40696,"cd_identificador_tema_equipamento":3,"nm_tema_equipamento":"CULTURA","cd_identificador_rede_equipamento":0,"nm_rede_equipamento":"SEM REDE","tx_rede_equipamento":"Sem descrição","cd_identificador_tipo_equipamento":7,"nm_tipo_equipamento":"Salas de Cinema ","tx_tipo_equipamento":"Salas de Cinema e Assentos","cd_identificador_classe_equipamento":4,"nm_classe_equipamento":"TEATRO-CINEMA-SHOW","tx_classe_equipamento":"TEATRO-CINEMA-SHOW","cd_identificador_esfera_administrativa_equipamento":4,"nm_esfera_administrativa_equipamento":"Particular","tx_esfera_administrativa_equipamento":"Entidade mantenedora: particular","cd_equipamento":null,"nm_equipamento":"CINEMARK WEST PLAZA - SALA 07","tx_endereco_equipamento":"Avenida Antartica, 408","nm_bairro_equipamento":"","cd_cep_equipamento":"05003-020","tx_horario_funcionamento":null,"tx_numero_telefone":null,"cd_equipamento_base_origem":null}},{"type":"Feature","id":"equipamento_cultura_teatro_cinema_show_v3.40697","geometry":{"type":"Point","coordinates":[330394.1847,7393939.4015]},"geometry_name":"ge_ponto","properties":{"cd_identificador":40697,"cd_identificador_tema_equipamento":3,"nm_tema_equipamento":"CULTURA","cd_identificador_rede_equipamento":0,"nm_rede_equipamento":"SEM REDE","tx_rede_equipamento":"Sem descrição","cd_identificador_tipo_equipamento":7,"nm_tipo_equipamento":"Salas de Cinema ","tx_tipo_equipamento":"Salas de Cinema e Assentos","cd_identificador_classe_equipamento":4,"nm_classe_equipamento":"TEATRO-CINEMA-SHOW","tx_classe_equipamento":"TEATRO-CINEMA-SHOW","cd_identificador_esfera_administrativa_equipamento":4,"nm_esfera_administrativa_equipamento":"Particular","tx_esfera_administrativa_equipamento":"Entidade mantenedora: particular","cd_equipamento":null,"nm_equipamento":"INSTITUTO PAULISTA","tx_endereco_equipamento":"Avenida  Paulista, 2424","nm_bairro_equipamento":"","cd_cep_equipamento":"01311-300","tx_horario_funcionamento":null,"tx_numero_telefone":null,"cd_equipamento_base_origem":null}},{"type":"Feature","id":"equipamento_cultura_teatro_cinema_show_v3.40698","geometry":{"type":"Point","coordinates":[327783.3272,7391626.1523]},"geometry_name":"ge_ponto","properties":{"cd_identificador":40698,"cd_identificador_tema_equipamento":3,"nm_tema_equipamento":"CULTURA","cd_identificador_rede_equipamento":0,"nm_rede_equipamento":"SEM REDE","tx_rede_equipamento":"Sem descrição","cd_identificador_tipo_equipamento":7,"nm_tipo_equipamento":"Salas de Cinema ","tx_tipo_equipamento":"Salas de Cinema e Assentos","cd_identificador_classe_equipamento":4,"nm_classe_equipamento":"TEATRO-CINEMA-SHOW","tx_classe_equipamento":"TEATRO-CINEMA-SHOW","cd_identificador_esfera_administrativa_equipamento":4,"nm_esfera_administrativa_equipamento":"Particular","tx_esfera_administrativa_equipamento":"Entidade mantenedora: particular","cd_equipamento":null,"nm_equipamento":"CINEMARK SHOPPING IGUATEMI SP - SALA 01","tx_endereco_equipamento":"Avenida Brigadeiro Faria Lima, 2232","nm_bairro_equipamento":"","cd_cep_equipamento":"01489-900","tx_horario_funcionamento":null,"tx_numero_telefone":null,"cd_equipamento_base_origem":null}},{"type":"Feature","id":"equipamento_cultura_teatro_cinema_show_v3.40699","geometry":{"type":"Point","coordinates":[327783.3272,7391626.1523]},"geometry_name":"ge_ponto","properties":{"cd_identificador":40699,"cd_identificador_tema_equipamento":3,"nm_tema_equipamento":"CULTURA","cd_identificador_rede_equipamento":0,"nm_rede_equipamento":"SEM REDE","tx_rede_equipamento":"Sem descrição","cd_identificador_tipo_equipamento":7,"nm_tipo_equipamento":"Salas de Cinema ","tx_tipo_equipamento":"Salas de Cinema e Assentos","cd_identificador_classe_equipamento":4,"nm_classe_equipamento":"TEATRO-CINEMA-SHOW","tx_classe_equipamento":"TEATRO-CINEMA-SHOW","cd_identificador_esfera_administrativa_equipamento":4,"nm_esfera_administrativa_equipamento":"Particular","tx_esfera_administrativa_equipamento":"Entidade mantenedora: particular","cd_equipamento":null,"nm_equipamento":"CINEMARK SHOPPING IGUATEMI SP - SALA 02","tx_endereco_equipamento":"Avenida Brigadeiro Faria Lima, 2232","nm_bairro_equipamento":"","cd_cep_equipamento":"01489-900","tx_horario_funcionamento":null,"tx_numero_telefone":null,"cd_equipamento_base_origem":null}},{"type":"Feature","id":"equipamento_cultura_teatro_cinema_show_v3.40700","geometry":{"type":"Point","coordinates":[327783.3272,7391626.1523]},"geometry_name":"ge_ponto","properties":{"cd_identificador":40700,"cd_identificador_tema_equipamento":3,"nm_tema_equipamento":"CULTURA","cd_identificador_rede_equipamento":0,"nm_rede_equipamento":"SEM REDE","tx_rede_equipamento":"Sem descrição","cd_identificador_tipo_equipamento":7,"nm_tipo_equipamento":"Salas de Cinema ","tx_tipo_equipamento":"Salas de Cinema e Assentos","cd_identificador_classe_equipamento":4,"nm_classe_equipamento":"TEATRO-CINEMA-SHOW","tx_classe_equipamento":"TEATRO-CINEMA-SHOW","cd_identificador_esfera_administrativa_equipamento":4,"nm_esfera_administrativa_equipamento":"Particular","tx_esfera_administrativa_equipamento":"Entidade mantenedora: particular","cd_equipamento":null,"nm_equipamento":"CINEMARK SHOPPING IGUATEMI SP - SALA 03","tx_endereco_equipamento":"Avenida Brigadeiro Faria Lima, 2232","nm_bairro_equipamento":"","cd_cep_equipamento":"01489-900","tx_horario_funcionamento":null,"tx_numero_telefone":null,"cd_equipamento_base_origem":null}},{"type":"Feature","id":"equipamento_cultura_teatro_cinema_show_v3.40701","geometry":{"type":"Point","coordinates":[327783.3272,7391626.1523]},"geometry_name":"ge_ponto","properties":{"cd_identificador":40701,"cd_identificador_tema_equipamento":3,"nm_tema_equipamento":"CULTURA","cd_identificador_rede_equipamento":0,"nm_rede_equipamento":"SEM REDE","tx_rede_equipamento":"Sem descrição","cd_identificador_tipo_equipamento":7,"nm_tipo_equipamento":"Salas de Cinema ","tx_tipo_equipamento":"Salas de Cinema e Assentos","cd_identificador_classe_equipamento":4,"nm_classe_equipamento":"TEATRO-CINEMA-SHOW","tx_classe_equipamento":"TEATRO-CINEMA-SHOW","cd_identificador_esfera_administrativa_equipamento":4,"nm_esfera_administrativa_equipamento":"Particular","tx_esfera_administrativa_equipamento":"Entidade mantenedora: particular","cd_equipamento":null,"nm_equipamento":"CINEMARK SHOPPING IGUATEMI SP - SALA 04","tx_endereco_equipamento":"Avenida Brigadeiro Faria Lima, 2232","nm_bairro_equipamento":"","cd_cep_equipamento":"01489-900","tx_horario_funcionamento":null,"tx_numero_telefone":null,"cd_equipamento_base_origem":null}},{"type":"Feature","id":"equipamento_cultura_teatro_cinema_show_v3.40702","geometry":{"type":"Point","coordinates":[327783.3272,7391626.1523]},"geometry_name":"ge_ponto","properties":{"cd_identificador":40702,"cd_identificador_tema_equipamento":3,"nm_tema_equipamento":"CULTURA","cd_identificador_rede_equipamento":0,"nm_rede_equipamento":"SEM REDE","tx_rede_equipamento":"Sem descrição","cd_identificador_tipo_equipamento":7,"nm_tipo_equipamento":"Salas de Cinema ","tx_tipo_equipamento":"Salas de Cinema e Assentos","cd_identificador_classe_equipamento":4,"nm_classe_equipamento":"TEATRO-CINEMA-SHOW","tx_classe_equipamento":"TEATRO-CINEMA-SHOW","cd_identificador_esfera_administrativa_equipamento":4,"nm_esfera_administrativa_equipamento":"Particular","tx_esfera_administrativa_equipamento":"Entidade mantenedora: particular","cd_equipamento":null,"nm_equipamento":"CINEMARK SHOPPING IGUATEMI SP - SALA 05","tx_endereco_equipamento":"Avenida Brigadeiro Faria Lima, 2232","nm_bairro_equipamento":"","cd_cep_equipamento":"01489-900","tx_horario_funcionamento":null,"tx_numero_telefone":null,"cd_equipamento_base_origem":null}},{"type":"Feature","id":"equipamento_cultura_teatro_cinema_show_v3.40703","geometry":{"type":"Point","coordinates":[327783.3272,7391626.1523]},"geometry_name":"ge_ponto","properties":{"cd_identificador":40703,"cd_identificador_tema_equipamento":3,"nm_tema_equipamento":"CULTURA","cd_identificador_rede_equipamento":0,"nm_rede_equipamento":"SEM REDE","tx_rede_equipamento":"Sem descrição","cd_identificador_tipo_equipamento":7,"nm_tipo_equipamento":"Salas de Cinema ","tx_tipo_equipamento":"Salas de Cinema e Assentos","cd_identificador_classe_equipamento":4,"nm_classe_equipamento":"TEATRO-CINEMA-SHOW","tx_classe_equipamento":"TEATRO-CINEMA-SHOW","cd_identificador_esfera_administrativa_equipamento":4,"nm_esfera_administrativa_equipamento":"Particular","tx_esfera_administrativa_equipamento":"Entidade mantenedora: particular","cd_equipamento":null,"nm_equipamento":"CINEMARK SHOPPING IGUATEMI SP - SALA 06","tx_endereco_equipamento":"Avenida Brigadeiro Faria Lima, 2232","nm_bairro_equipamento":"","cd_cep_equipamento":"01489-900","tx_horario_funcionamento":null,"tx_numero_telefone":null,"cd_equipamento_base_origem":null}},{"type":"Feature","id":"equipamento_cultura_teatro_cinema_show_v3.40704","geometry":{"type":"Point","coordinates":[332489.0373,7395460.5311]},"geometry_name":"ge_ponto","properties":{"cd_identificador":40704,"cd_identificador_tema_equipamento":3,"nm_tema_equipamento":"CULTURA","cd_identificador_rede_equipamento":0,"nm_rede_equipamento":"SEM REDE","tx_rede_equipamento":"Sem descrição","cd_identificador_tipo_equipamento":7,"nm_tipo_equipamento":"Salas de Cinema ","tx_tipo_equipamento":"Salas de Cinema e Assentos","cd_identificador_classe_equipamento":4,"nm_classe_equipamento":"TEATRO-CINEMA-SHOW","tx_classe_equipamento":"TEATRO-CINEMA-SHOW","cd_identificador_esfera_administrativa_equipamento":4,"nm_esfera_administrativa_equipamento":"Particular","tx_esfera_administrativa_equipamento":"Entidade mantenedora: particular","cd_equipamento":null,"nm_equipamento":"COMPLEXO CINEMATOGRÁFICO MARABA MULTIPLEX - SALA 01","tx_endereco_equipamento":"Av Ipiranga, 757","nm_bairro_equipamento":"","cd_cep_equipamento":"01039-000","tx_horario_funcionamento":null,"tx_numero_telefone":null,"cd_equipamento_base_origem":null}},{"type":"Feature","id":"equipamento_cultura_teatro_cinema_show_v3.40705","geometry":{"type":"Point","coordinates":[332489.0373,7395460.5311]},"geometry_name":"ge_ponto","properties":{"cd_identificador":40705,"cd_identificador_tema_equipamento":3,"nm_tema_equipamento":"CULTURA","cd_identificador_rede_equipamento":0,"nm_rede_equipamento":"SEM REDE","tx_rede_equipamento":"Sem descrição","cd_identificador_tipo_equipamento":7,"nm_tipo_equipamento":"Salas de Cinema ","tx_tipo_equipamento":"Salas de Cinema e Assentos","cd_identificador_classe_equipamento":4,"nm_classe_equipamento":"TEATRO-CINEMA-SHOW","tx_classe_equipamento":"TEATRO-CINEMA-SHOW","cd_identificador_esfera_administrativa_equipamento":4,"nm_esfera_administrativa_equipamento":"Particular","tx_esfera_administrativa_equipamento":"Entidade mantenedora: particular","cd_equipamento":null,"nm_equipamento":"COMPLEXO CINEMATOGRÁFICO MARABA MULTIPLEX - SALA 02","tx_endereco_equipamento":"Av Ipiranga, 757","nm_bairro_equipamento":"","cd_cep_equipamento":"01039-000","tx_horario_funcionamento":null,"tx_numero_telefone":null,"cd_equipamento_base_origem":null}},{"type":"Feature","id":"equipamento_cultura_teatro_cinema_show_v3.40706","geometry":{"type":"Point","coordinates":[332489.0373,7395460.5311]},"geometry_name":"ge_ponto","properties":{"cd_identificador":40706,"cd_identificador_tema_equipamento":3,"nm_tema_equipamento":"CULTURA","cd_identificador_rede_equipamento":0,"nm_rede_equipamento":"SEM REDE","tx_rede_equipamento":"Sem descrição","cd_identificador_tipo_equipamento":7,"nm_tipo_equipamento":"Salas de Cinema ","tx_tipo_equipamento":"Salas de Cinema e Assentos","cd_identificador_classe_equipamento":4,"nm_classe_equipamento":"TEATRO-CINEMA-SHOW","tx_classe_equipamento":"TEATRO-CINEMA-SHOW","cd_identificador_esfera_administrativa_equipamento":4,"nm_esfera_administrativa_equipamento":"Particular","tx_esfera_administrativa_equipamento":"Entidade mantenedora: particular","cd_equipamento":null,"nm_equipamento":"COMPLEXO CINEMATOGRÁFICO MARABA MULTIPLEX - SALA 03","tx_endereco_equipamento":"Av Ipiranga, 757","nm_bairro_equipamento":"","cd_cep_equipamento":"01039-000","tx_horario_funcionamento":null,"tx_numero_telefone":null,"cd_equipamento_base_origem":null}},{"type":"Feature","id":"equipamento_cultura_teatro_cinema_show_v3.40707","geometry":{"type":"Point","coordinates":[332489.0373,7395460.5311]},"geometry_name":"ge_ponto","properties":{"cd_identificador":40707,"cd_identificador_tema_equipamento":3,"nm_tema_equipamento":"CULTURA","cd_identificador_rede_equipamento":0,"nm_rede_equipamento":"SEM REDE","tx_rede_equipamento":"Sem descrição","cd_identificador_tipo_equipamento":7,"nm_tipo_equipamento":"Salas de Cinema ","tx_tipo_equipamento":"Salas de Cinema e Assentos","cd_identificador_classe_equipamento":4,"nm_classe_equipamento":"TEATRO-CINEMA-SHOW","tx_classe_equipamento":"TEATRO-CINEMA-SHOW","cd_identificador_esfera_administrativa_equipamento":4,"nm_esfera_administrativa_equipamento":"Particular","tx_esfera_administrativa_equipamento":"Entidade mantenedora: particular","cd_equipamento":null,"nm_equipamento":"COMPLEXO CINEMATOGRÁFICO MARABA MULTIPLEX - SALA 04","tx_endereco_equipamento":"Av Ipiranga, 757","nm_bairro_equipamento":"","cd_cep_equipamento":"01039-000","tx_horario_funcionamento":null,"tx_numero_telefone":null,"cd_equipamento_base_origem":null}},{"type":"Feature","id":"equipamento_cultura_teatro_cinema_show_v3.40708","geometry":{"type":"Point","coordinates":[332489.0373,7395460.5311]},"geometry_name":"ge_ponto","properties":{"cd_identificador":40708,"cd_identificador_tema_equipamento":3,"nm_tema_equipamento":"CULTURA","cd_identificador_rede_equipamento":0,"nm_rede_equipamento":"SEM REDE","tx_rede_equipamento":"Sem descrição","cd_identificador_tipo_equipamento":7,"nm_tipo_equipamento":"Salas de Cinema ","tx_tipo_equipamento":"Salas de Cinema e Assentos","cd_identificador_classe_equipamento":4,"nm_classe_equipamento":"TEATRO-CINEMA-SHOW","tx_classe_equipamento":"TEATRO-CINEMA-SHOW","cd_identificador_esfera_administrativa_equipamento":4,"nm_esfera_administrativa_equipamento":"Particular","tx_esfera_administrativa_equipamento":"Entidade mantenedora: particular","cd_equipamento":null,"nm_equipamento":"COMPLEXO CINEMATOGRÁFICO MARABA MULTIPLEX - SALA 05","tx_endereco_equipamento":"Av Ipiranga, 757","nm_bairro_equipamento":"","cd_cep_equipamento":"01039-000","tx_horario_funcionamento":null,"tx_numero_telefone":null,"cd_equipamento_base_origem":null}},{"type":"Feature","id":"equipamento_cultura_teatro_cinema_show_v3.40709","geometry":{"type":"Point","coordinates":[328404.9053,7397192.0034]},"geometry_name":"ge_ponto","properties":{"cd_identificador":40709,"cd_identificador_tema_equipamento":3,"nm_tema_equipamento":"CULTURA","cd_identificador_rede_equipamento":0,"nm_rede_equipamento":"SEM REDE","tx_rede_equipamento":"Sem descrição","cd_identificador_tipo_equipamento":7,"nm_tipo_equipamento":"Salas de Cinema ","tx_tipo_equipamento":"Salas de Cinema e Assentos","cd_identificador_classe_equipamento":4,"nm_classe_equipamento":"TEATRO-CINEMA-SHOW","tx_classe_equipamento":"TEATRO-CINEMA-SHOW","cd_identificador_esfera_administrativa_equipamento":4,"nm_esfera_administrativa_equipamento":"Particular","tx_esfera_administrativa_equipamento":"Entidade mantenedora: particular","cd_equipamento":null,"nm_equipamento":"ESPAÇO ITAÚ POMPÉIA - SALA IMAX","tx_endereco_equipamento":"Rua Palestra Itália, 500","nm_bairro_equipamento":"","cd_cep_equipamento":"05005-030","tx_horario_funcionamento":null,"tx_numero_telefone":null,"cd_equipamento_base_origem":null}},{"type":"Feature","id":"equipamento_cultura_teatro_cinema_show_v3.40710","geometry":{"type":"Point","coordinates":[328404.9053,7397192.0034]},"geometry_name":"ge_ponto","properties":{"cd_identificador":40710,"cd_identificador_tema_equipamento":3,"nm_tema_equipamento":"CULTURA","cd_identificador_rede_equipamento":0,"nm_rede_equipamento":"SEM REDE","tx_rede_equipamento":"Sem descrição","cd_identificador_tipo_equipamento":7,"nm_tipo_equipamento":"Salas de Cinema ","tx_tipo_equipamento":"Salas de Cinema e Assentos","cd_identificador_classe_equipamento":4,"nm_classe_equipamento":"TEATRO-CINEMA-SHOW","tx_classe_equipamento":"TEATRO-CINEMA-SHOW","cd_identificador_esfera_administrativa_equipamento":4,"nm_esfera_administrativa_equipamento":"Particular","tx_esfera_administrativa_equipamento":"Entidade mantenedora: particular","cd_equipamento":null,"nm_equipamento":"ESPAÇO ITAÚ POMPÉIA - SALA 01","tx_endereco_equipamento":"Rua Palestra Itália, 500","nm_bairro_equipamento":"","cd_cep_equipamento":"05005-030","tx_horario_funcionamento":null,"tx_numero_telefone":null,"cd_equipamento_base_origem":null}},{"type":"Feature","id":"equipamento_cultura_teatro_cinema_show_v3.40711","geometry":{"type":"Point","coordinates":[328404.9053,7397192.0034]},"geometry_name":"ge_ponto","properties":{"cd_identificador":40711,"cd_identificador_tema_equipamento":3,"nm_tema_equipamento":"CULTURA","cd_identificador_rede_equipamento":0,"nm_rede_equipamento":"SEM REDE","tx_rede_equipamento":"Sem descrição","cd_identificador_tipo_equipamento":7,"nm_tipo_equipamento":"Salas de Cinema ","tx_tipo_equipamento":"Salas de Cinema e Assentos","cd_identificador_classe_equipamento":4,"nm_classe_equipamento":"TEATRO-CINEMA-SHOW","tx_classe_equipamento":"TEATRO-CINEMA-SHOW","cd_identificador_esfera_administrativa_equipamento":4,"nm_esfera_administrativa_equipamento":"Particular","tx_esfera_administrativa_equipamento":"Entidade mantenedora: particular","cd_equipamento":null,"nm_equipamento":"ESPAÇO ITAÚ POMPÉIA - SALA 02","tx_endereco_equipamento":"Rua Palestra Itália, 500","nm_bairro_equipamento":"","cd_cep_equipamento":"05005-030","tx_horario_funcionamento":null,"tx_numero_telefone":null,"cd_equipamento_base_origem":null}},{"type":"Feature","id":"equipamento_cultura_teatro_cinema_show_v3.40712","geometry":{"type":"Point","coordinates":[328404.9053,7397192.0034]},"geometry_name":"ge_ponto","properties":{"cd_identificador":40712,"cd_identificador_tema_equipamento":3,"nm_tema_equipamento":"CULTURA","cd_identificador_rede_equipamento":0,"nm_rede_equipamento":"SEM REDE","tx_rede_equipamento":"Sem descrição","cd_identificador_tipo_equipamento":7,"nm_tipo_equipamento":"Salas de Cinema ","tx_tipo_equipamento":"Salas de Cinema e Assentos","cd_identificador_classe_equipamento":4,"nm_classe_equipamento":"TEATRO-CINEMA-SHOW","tx_classe_equipamento":"TEATRO-CINEMA-SHOW","cd_identificador_esfera_administrativa_equipamento":4,"nm_esfera_administrativa_equipamento":"Particular","tx_esfera_administrativa_equipamento":"Entidade mantenedora: particular","cd_equipamento":null,"nm_equipamento":"ESPAÇO ITAÚ POMPÉIA - SALA 03","tx_endereco_equipamento":"Rua Palestra Itália, 500","nm_bairro_equipamento":"","cd_cep_equipamento":"05005-030","tx_horario_funcionamento":null,"tx_numero_telefone":null,"cd_equipamento_base_origem":null}},{"type":"Feature","id":"equipamento_cultura_teatro_cinema_show_v3.40713","geometry":{"type":"Point","coordinates":[328404.9053,7397192.0034]},"geometry_name":"ge_ponto","properties":{"cd_identificador":40713,"cd_identificador_tema_equipamento":3,"nm_tema_equipamento":"CULTURA","cd_identificador_rede_equipamento":0,"nm_rede_equipamento":"SEM REDE","tx_rede_equipamento":"Sem descrição","cd_identificador_tipo_equipamento":7,"nm_tipo_equipamento":"Salas de Cinema ","tx_tipo_equipamento":"Salas de Cinema e Assentos","cd_identificador_classe_equipamento":4,"nm_classe_equipamento":"TEATRO-CINEMA-SHOW","tx_classe_equipamento":"TEATRO-CINEMA-SHOW","cd_identificador_esfera_administrativa_equipamento":4,"nm_esfera_administrativa_equipamento":"Particular","tx_esfera_administrativa_equipamento":"Entidade mantenedora: particular","cd_equipamento":null,"nm_equipamento":"ESPAÇO ITAÚ POMPÉIA - SALA 04","tx_endereco_equipamento":"Rua Palestra Itália, 500","nm_bairro_equipamento":"","cd_cep_equipamento":"05005-030","tx_horario_funcionamento":null,"tx_numero_telefone":null,"cd_equipamento_base_origem":null}},{"type":"Feature","id":"equipamento_cultura_teatro_cinema_show_v3.40714","geometry":{"type":"Point","coordinates":[328404.9053,7397192.0034]},"geometry_name":"ge_ponto","properties":{"cd_identificador":40714,"cd_identificador_tema_equipamento":3,"nm_tema_equipamento":"CULTURA","cd_identificador_rede_equipamento":0,"nm_rede_equipamento":"SEM REDE","tx_rede_equipamento":"Sem descrição","cd_identificador_tipo_equipamento":7,"nm_tipo_equipamento":"Salas de Cinema ","tx_tipo_equipamento":"Salas de Cinema e Assentos","cd_identificador_classe_equipamento":4,"nm_classe_equipamento":"TEATRO-CINEMA-SHOW","tx_classe_equipamento":"TEATRO-CINEMA-SHOW","cd_identificador_esfera_administrativa_equipamento":4,"nm_esfera_administrativa_equipamento":"Particular","tx_esfera_administrativa_equipamento":"Entidade mantenedora: particular","cd_equipamento":null,"nm_equipamento":"ESPAÇO ITAÚ POMPÉIA - SALA 05","tx_endereco_equipamento":"Rua Palestra Itália, 500","nm_bairro_equipamento":"","cd_cep_equipamento":"05005-030","tx_horario_funcionamento":null,"tx_numero_telefone":null,"cd_equipamento_base_origem":null}},{"type":"Feature","id":"equipamento_cultura_teatro_cinema_show_v3.40715","geometry":{"type":"Point","coordinates":[328404.9053,7397192.0034]},"geometry_name":"ge_ponto","properties":{"cd_identificador":40715,"cd_identificador_tema_equipamento":3,"nm_tema_equipamento":"CULTURA","cd_identificador_rede_equipamento":0,"nm_rede_equipamento":"SEM REDE","tx_rede_equipamento":"Sem descrição","cd_identificador_tipo_equipamento":7,"nm_tipo_equipamento":"Salas de Cinema ","tx_tipo_equipamento":"Salas de Cinema e Assentos","cd_identificador_classe_equipamento":4,"nm_classe_equipamento":"TEATRO-CINEMA-SHOW","tx_classe_equipamento":"TEATRO-CINEMA-SHOW","cd_identificador_esfera_administrativa_equipamento":4,"nm_esfera_administrativa_equipamento":"Particular","tx_esfera_administrativa_equipamento":"Entidade mantenedora: particular","cd_equipamento":null,"nm_equipamento":"ESPAÇO ITAÚ POMPÉIA - SALA 06","tx_endereco_equipamento":"Rua Palestra Itália, 500","nm_bairro_equipamento":"","cd_cep_equipamento":"05005-030","tx_horario_funcionamento":null,"tx_numero_telefone":null,"cd_equipamento_base_origem":null}},{"type":"Feature","id":"equipamento_cultura_teatro_cinema_show_v3.40716","geometry":{"type":"Point","coordinates":[328404.9053,7397192.0034]},"geometry_name":"ge_ponto","properties":{"cd_identificador":40716,"cd_identificador_tema_equipamento":3,"nm_tema_equipamento":"CULTURA","cd_identificador_rede_equipamento":0,"nm_rede_equipamento":"SEM REDE","tx_rede_equipamento":"Sem descrição","cd_identificador_tipo_equipamento":7,"nm_tipo_equipamento":"Salas de Cinema ","tx_tipo_equipamento":"Salas de Cinema e Assentos","cd_identificador_classe_equipamento":4,"nm_classe_equipamento":"TEATRO-CINEMA-SHOW","tx_classe_equipamento":"TEATRO-CINEMA-SHOW","cd_identificador_esfera_administrativa_equipamento":4,"nm_esfera_administrativa_equipamento":"Particular","tx_esfera_administrativa_equipamento":"Entidade mantenedora: particular","cd_equipamento":null,"nm_equipamento":"ESPAÇO ITAÚ POMPÉIA - SALA 07","tx_endereco_equipamento":"Rua Palestra Itália, 500","nm_bairro_equipamento":"","cd_cep_equipamento":"05005-030","tx_horario_funcionamento":null,"tx_numero_telefone":null,"cd_equipamento_base_origem":null}},{"type":"Feature","id":"equipamento_cultura_teatro_cinema_show_v3.40717","geometry":{"type":"Point","coordinates":[328404.9053,7397192.0034]},"geometry_name":"ge_ponto","properties":{"cd_identificador":40717,"cd_identificador_tema_equipamento":3,"nm_tema_equipamento":"CULTURA","cd_identificador_rede_equipamento":0,"nm_rede_equipamento":"SEM REDE","tx_rede_equipamento":"Sem descrição","cd_identificador_tipo_equipamento":7,"nm_tipo_equipamento":"Salas de Cinema ","tx_tipo_equipamento":"Salas de Cinema e Assentos","cd_identificador_classe_equipamento":4,"nm_classe_equipamento":"TEATRO-CINEMA-SHOW","tx_classe_equipamento":"TEATRO-CINEMA-SHOW","cd_identificador_esfera_administrativa_equipamento":4,"nm_esfera_administrativa_equipamento":"Particular","tx_esfera_administrativa_equipamento":"Entidade mantenedora: particular","cd_equipamento":null,"nm_equipamento":"ESPAÇO ITAÚ POMPÉIA - SALA 08","tx_endereco_equipamento":"Rua Palestra Itália, 500","nm_bairro_equipamento":"","cd_cep_equipamento":"05005-030","tx_horario_funcionamento":null,"tx_numero_telefone":null,"cd_equipamento_base_origem":null}},{"type":"Feature","id":"equipamento_cultura_teatro_cinema_show_v3.40718","geometry":{"type":"Point","coordinates":[328404.9053,7397192.0034]},"geometry_name":"ge_ponto","properties":{"cd_identificador":40718,"cd_identificador_tema_equipamento":3,"nm_tema_equipamento":"CULTURA","cd_identificador_rede_equipamento":0,"nm_rede_equipamento":"SEM REDE","tx_rede_equipamento":"Sem descrição","cd_identificador_tipo_equipamento":7,"nm_tipo_equipamento":"Salas de Cinema ","tx_tipo_equipamento":"Salas de Cinema e Assentos","cd_identificador_classe_equipamento":4,"nm_classe_equipamento":"TEATRO-CINEMA-SHOW","tx_classe_equipamento":"TEATRO-CINEMA-SHOW","cd_identificador_esfera_administrativa_equipamento":4,"nm_esfera_administrativa_equipamento":"Particular","tx_esfera_administrativa_equipamento":"Entidade mantenedora: particular","cd_equipamento":null,"nm_equipamento":"ESPAÇO ITAÚ POMPÉIA - SALA 09","tx_endereco_equipamento":"Rua Palestra Itália, 500","nm_bairro_equipamento":"","cd_cep_equipamento":"05005-030","tx_horario_funcionamento":null,"tx_numero_telefone":null,"cd_equipamento_base_origem":null}},{"type":"Feature","id":"equipamento_cultura_teatro_cinema_show_v3.40719","geometry":{"type":"Point","coordinates":[328404.9053,7397192.0034]},"geometry_name":"ge_ponto","properties":{"cd_identificador":40719,"cd_identificador_tema_equipamento":3,"nm_tema_equipamento":"CULTURA","cd_identificador_rede_equipamento":0,"nm_rede_equipamento":"SEM REDE","tx_rede_equipamento":"Sem descrição","cd_identificador_tipo_equipamento":7,"nm_tipo_equipamento":"Salas de Cinema ","tx_tipo_equipamento":"Salas de Cinema e Assentos","cd_identificador_classe_equipamento":4,"nm_classe_equipamento":"TEATRO-CINEMA-SHOW","tx_classe_equipamento":"TEATRO-CINEMA-SHOW","cd_identificador_esfera_administrativa_equipamento":4,"nm_esfera_administrativa_equipamento":"Particular","tx_esfera_administrativa_equipamento":"Entidade mantenedora: particular","cd_equipamento":null,"nm_equipamento":"ESPAÇO ITAÚ POMPÉIA - SALA 10","tx_endereco_equipamento":"Rua Palestra Itália, 500","nm_bairro_equipamento":"","cd_cep_equipamento":"05005-030","tx_horario_funcionamento":null,"tx_numero_telefone":null,"cd_equipamento_base_origem":null}},{"type":"Feature","id":"equipamento_cultura_teatro_cinema_show_v3.40720","geometry":{"type":"Point","coordinates":[329950.0142,7387929.8685]},"geometry_name":"ge_ponto","properties":{"cd_identificador":40720,"cd_identificador_tema_equipamento":3,"nm_tema_equipamento":"CULTURA","cd_identificador_rede_equipamento":0,"nm_rede_equipamento":"SEM REDE","tx_rede_equipamento":"Sem descrição","cd_identificador_tipo_equipamento":7,"nm_tipo_equipamento":"Salas de Cinema ","tx_tipo_equipamento":"Salas de Cinema e Assentos","cd_identificador_classe_equipamento":4,"nm_classe_equipamento":"TEATRO-CINEMA-SHOW","tx_classe_equipamento":"TEATRO-CINEMA-SHOW","cd_identificador_esfera_administrativa_equipamento":4,"nm_esfera_administrativa_equipamento":"Particular","tx_esfera_administrativa_equipamento":"Entidade mantenedora: particular","cd_equipamento":null,"nm_equipamento":"COMPLEXO CINEMATOGRÁFICO IBIRAPUERA MULTIPLEX - SALA 01","tx_endereco_equipamento":"Avenida Ibirapuera, 3103","nm_bairro_equipamento":"","cd_cep_equipamento":"04029-902","tx_horario_funcionamento":null,"tx_numero_telefone":null,"cd_equipamento_base_origem":null}},{"type":"Feature","id":"equipamento_cultura_teatro_cinema_show_v3.40721","geometry":{"type":"Point","coordinates":[329950.0142,7387929.8685]},"geometry_name":"ge_ponto","properties":{"cd_identificador":40721,"cd_identificador_tema_equipamento":3,"nm_tema_equipamento":"CULTURA","cd_identificador_rede_equipamento":0,"nm_rede_equipamento":"SEM REDE","tx_rede_equipamento":"Sem descrição","cd_identificador_tipo_equipamento":7,"nm_tipo_equipamento":"Salas de Cinema ","tx_tipo_equipamento":"Salas de Cinema e Assentos","cd_identificador_classe_equipamento":4,"nm_classe_equipamento":"TEATRO-CINEMA-SHOW","tx_classe_equipamento":"TEATRO-CINEMA-SHOW","cd_identificador_esfera_administrativa_equipamento":4,"nm_esfera_administrativa_equipamento":"Particular","tx_esfera_administrativa_equipamento":"Entidade mantenedora: particular","cd_equipamento":null,"nm_equipamento":"COMPLEXO CINEMATOGRÁFICO IBIRAPUERA MULTIPLEX - SALA 02","tx_endereco_equipamento":"Avenida Ibirapuera, 3103","nm_bairro_equipamento":"","cd_cep_equipamento":"04029-902","tx_horario_funcionamento":null,"tx_numero_telefone":null,"cd_equipamento_base_origem":null}},{"type":"Feature","id":"equipamento_cultura_teatro_cinema_show_v3.40722","geometry":{"type":"Point","coordinates":[329950.0142,7387929.8685]},"geometry_name":"ge_ponto","properties":{"cd_identificador":40722,"cd_identificador_tema_equipamento":3,"nm_tema_equipamento":"CULTURA","cd_identificador_rede_equipamento":0,"nm_rede_equipamento":"SEM REDE","tx_rede_equipamento":"Sem descrição","cd_identificador_tipo_equipamento":7,"nm_tipo_equipamento":"Salas de Cinema ","tx_tipo_equipamento":"Salas de Cinema e Assentos","cd_identificador_classe_equipamento":4,"nm_classe_equipamento":"TEATRO-CINEMA-SHOW","tx_classe_equipamento":"TEATRO-CINEMA-SHOW","cd_identificador_esfera_administrativa_equipamento":4,"nm_esfera_administrativa_equipamento":"Particular","tx_esfera_administrativa_equipamento":"Entidade mantenedora: particular","cd_equipamento":null,"nm_equipamento":"COMPLEXO CINEMATOGRÁFICO IBIRAPUERA MULTIPLEX - SALA 03","tx_endereco_equipamento":"Avenida Ibirapuera, 3103","nm_bairro_equipamento":"","cd_cep_equipamento":"04029-902","tx_horario_funcionamento":null,"tx_numero_telefone":null,"cd_equipamento_base_origem":null}},{"type":"Feature","id":"equipamento_cultura_teatro_cinema_show_v3.40723","geometry":{"type":"Point","coordinates":[329950.0142,7387929.8685]},"geometry_name":"ge_ponto","properties":{"cd_identificador":40723,"cd_identificador_tema_equipamento":3,"nm_tema_equipamento":"CULTURA","cd_identificador_rede_equipamento":0,"nm_rede_equipamento":"SEM REDE","tx_rede_equipamento":"Sem descrição","cd_identificador_tipo_equipamento":7,"nm_tipo_equipamento":"Salas de Cinema ","tx_tipo_equipamento":"Salas de Cinema e Assentos","cd_identificador_classe_equipamento":4,"nm_classe_equipamento":"TEATRO-CINEMA-SHOW","tx_classe_equipamento":"TEATRO-CINEMA-SHOW","cd_identificador_esfera_administrativa_equipamento":4,"nm_esfera_administrativa_equipamento":"Particular","tx_esfera_administrativa_equipamento":"Entidade mantenedora: particular","cd_equipamento":null,"nm_equipamento":"COMPLEXO CINEMATOGRÁFICO IBIRAPUERA MULTIPLEX - SALA 04","tx_endereco_equipamento":"Avenida Ibirapuera, 3103","nm_bairro_equipamento":"","cd_cep_equipamento":"04029-902","tx_horario_funcionamento":null,"tx_numero_telefone":null,"cd_equipamento_base_origem":null}},{"type":"Feature","id":"equipamento_cultura_teatro_cinema_show_v3.40724","geometry":{"type":"Point","coordinates":[329950.0142,7387929.8685]},"geometry_name":"ge_ponto","properties":{"cd_identificador":40724,"cd_identificador_tema_equipamento":3,"nm_tema_equipamento":"CULTURA","cd_identificador_rede_equipamento":0,"nm_rede_equipamento":"SEM REDE","tx_rede_equipamento":"Sem descrição","cd_identificador_tipo_equipamento":7,"nm_tipo_equipamento":"Salas de Cinema ","tx_tipo_equipamento":"Salas de Cinema e Assentos","cd_identificador_classe_equipamento":4,"nm_classe_equipamento":"TEATRO-CINEMA-SHOW","tx_classe_equipamento":"TEATRO-CINEMA-SHOW","cd_identificador_esfera_administrativa_equipamento":4,"nm_esfera_administrativa_equipamento":"Particular","tx_esfera_administrativa_equipamento":"Entidade mantenedora: particular","cd_equipamento":null,"nm_equipamento":"COMPLEXO CINEMATOGRÁFICO IBIRAPUERA MULTIPLEX - SALA 05","tx_endereco_equipamento":"Avenida Ibirapuera, 3103","nm_bairro_equipamento":"","cd_cep_equipamento":"04029-902","tx_horario_funcionamento":null,"tx_numero_telefone":null,"cd_equipamento_base_origem":null}},{"type":"Feature","id":"equipamento_cultura_teatro_cinema_show_v3.40725","geometry":{"type":"Point","coordinates":[329950.0142,7387929.8685]},"geometry_name":"ge_ponto","properties":{"cd_identificador":40725,"cd_identificador_tema_equipamento":3,"nm_tema_equipamento":"CULTURA","cd_identificador_rede_equipamento":0,"nm_rede_equipamento":"SEM REDE","tx_rede_equipamento":"Sem descrição","cd_identificador_tipo_equipamento":7,"nm_tipo_equipamento":"Salas de Cinema ","tx_tipo_equipamento":"Salas de Cinema e Assentos","cd_identificador_classe_equipamento":4,"nm_classe_equipamento":"TEATRO-CINEMA-SHOW","tx_classe_equipamento":"TEATRO-CINEMA-SHOW","cd_identificador_esfera_administrativa_equipamento":4,"nm_esfera_administrativa_equipamento":"Particular","tx_esfera_administrativa_equipamento":"Entidade mantenedora: particular","cd_equipamento":null,"nm_equipamento":"COMPLEXO CINEMATOGRÁFICO IBIRAPUERA MULTIPLEX - SALA 06","tx_endereco_equipamento":"Avenida Ibirapuera, 3103","nm_bairro_equipamento":"","cd_cep_equipamento":"04029-902","tx_horario_funcionamento":null,"tx_numero_telefone":null,"cd_equipamento_base_origem":null}},{"type":"Feature","id":"equipamento_cultura_teatro_cinema_show_v3.40726","geometry":{"type":"Point","coordinates":[326200.3955,7386252.43]},"geometry_name":"ge_ponto","properties":{"cd_identificador":40726,"cd_identificador_tema_equipamento":3,"nm_tema_equipamento":"CULTURA","cd_identificador_rede_equipamento":0,"nm_rede_equipamento":"SEM REDE","tx_rede_equipamento":"Sem descrição","cd_identificador_tipo_equipamento":7,"nm_tipo_equipamento":"Salas de Cinema ","tx_tipo_equipamento":"Salas de Cinema e Assentos","cd_identificador_classe_equipamento":4,"nm_classe_equipamento":"TEATRO-CINEMA-SHOW","tx_classe_equipamento":"TEATRO-CINEMA-SHOW","cd_identificador_esfera_administrativa_equipamento":4,"nm_esfera_administrativa_equipamento":"Particular","tx_esfera_administrativa_equipamento":"Entidade mantenedora: particular","cd_equipamento":null,"nm_equipamento":"KINOPLEX PARQUE DA CIDADE - SALA 01","tx_endereco_equipamento":"Avenida Das Nações Unidas, 14401","nm_bairro_equipamento":"","cd_cep_equipamento":"04794-000","tx_horario_funcionamento":null,"tx_numero_telefone":null,"cd_equipamento_base_origem":null}},{"type":"Feature","id":"equipamento_cultura_teatro_cinema_show_v3.40727","geometry":{"type":"Point","coordinates":[326200.3955,7386252.43]},"geometry_name":"ge_ponto","properties":{"cd_identificador":40727,"cd_identificador_tema_equipamento":3,"nm_tema_equipamento":"CULTURA","cd_identificador_rede_equipamento":0,"nm_rede_equipamento":"SEM REDE","tx_rede_equipamento":"Sem descrição","cd_identificador_tipo_equipamento":7,"nm_tipo_equipamento":"Salas de Cinema ","tx_tipo_equipamento":"Salas de Cinema e Assentos","cd_identificador_classe_equipamento":4,"nm_classe_equipamento":"TEATRO-CINEMA-SHOW","tx_classe_equipamento":"TEATRO-CINEMA-SHOW","cd_identificador_esfera_administrativa_equipamento":4,"nm_esfera_administrativa_equipamento":"Particular","tx_esfera_administrativa_equipamento":"Entidade mantenedora: particular","cd_equipamento":null,"nm_equipamento":"KINOPLEX PARQUE DA CIDADE - SALA 02","tx_endereco_equipamento":"Avenida Das Nações Unidas, 14401","nm_bairro_equipamento":"","cd_cep_equipamento":"04794-000","tx_horario_funcionamento":null,"tx_numero_telefone":null,"cd_equipamento_base_origem":null}},{"type":"Feature","id":"equipamento_cultura_teatro_cinema_show_v3.40728","geometry":{"type":"Point","coordinates":[326200.3955,7386252.43]},"geometry_name":"ge_ponto","properties":{"cd_identificador":40728,"cd_identificador_tema_equipamento":3,"nm_tema_equipamento":"CULTURA","cd_identificador_rede_equipamento":0,"nm_rede_equipamento":"SEM REDE","tx_rede_equipamento":"Sem descrição","cd_identificador_tipo_equipamento":7,"nm_tipo_equipamento":"Salas de Cinema ","tx_tipo_equipamento":"Salas de Cinema e Assentos","cd_identificador_classe_equipamento":4,"nm_classe_equipamento":"TEATRO-CINEMA-SHOW","tx_classe_equipamento":"TEATRO-CINEMA-SHOW","cd_identificador_esfera_administrativa_equipamento":4,"nm_esfera_administrativa_equipamento":"Particular","tx_esfera_administrativa_equipamento":"Entidade mantenedora: particular","cd_equipamento":null,"nm_equipamento":"KINOPLEX PARQUE DA CIDADE - SALA 03","tx_endereco_equipamento":"Avenida Das Nações Unidas, 14401","nm_bairro_equipamento":"","cd_cep_equipamento":"04794-000","tx_horario_funcionamento":null,"tx_numero_telefone":null,"cd_equipamento_base_origem":null}},{"type":"Feature","id":"equipamento_cultura_teatro_cinema_show_v3.40729","geometry":{"type":"Point","coordinates":[326200.3955,7386252.43]},"geometry_name":"ge_ponto","properties":{"cd_identificador":40729,"cd_identificador_tema_equipamento":3,"nm_tema_equipamento":"CULTURA","cd_identificador_rede_equipamento":0,"nm_rede_equipamento":"SEM REDE","tx_rede_equipamento":"Sem descrição","cd_identificador_tipo_equipamento":7,"nm_tipo_equipamento":"Salas de Cinema ","tx_tipo_equipamento":"Salas de Cinema e Assentos","cd_identificador_classe_equipamento":4,"nm_classe_equipamento":"TEATRO-CINEMA-SHOW","tx_classe_equipamento":"TEATRO-CINEMA-SHOW","cd_identificador_esfera_administrativa_equipamento":4,"nm_esfera_administrativa_equipamento":"Particular","tx_esfera_administrativa_equipamento":"Entidade mantenedora: particular","cd_equipamento":null,"nm_equipamento":"KINOPLEX PARQUE DA CIDADE - SALA 04","tx_endereco_equipamento":"Avenida Das Nações Unidas, 14401","nm_bairro_equipamento":"","cd_cep_equipamento":"04794-000","tx_horario_funcionamento":null,"tx_numero_telefone":null,"cd_equipamento_base_origem":null}},{"type":"Feature","id":"equipamento_cultura_teatro_cinema_show_v3.40730","geometry":{"type":"Point","coordinates":[326200.3955,7386252.43]},"geometry_name":"ge_ponto","properties":{"cd_identificador":40730,"cd_identificador_tema_equipamento":3,"nm_tema_equipamento":"CULTURA","cd_identificador_rede_equipamento":0,"nm_rede_equipamento":"SEM REDE","tx_rede_equipamento":"Sem descrição","cd_identificador_tipo_equipamento":7,"nm_tipo_equipamento":"Salas de Cinema ","tx_tipo_equipamento":"Salas de Cinema e Assentos","cd_identificador_classe_equipamento":4,"nm_classe_equipamento":"TEATRO-CINEMA-SHOW","tx_classe_equipamento":"TEATRO-CINEMA-SHOW","cd_identificador_esfera_administrativa_equipamento":4,"nm_esfera_administrativa_equipamento":"Particular","tx_esfera_administrativa_equipamento":"Entidade mantenedora: particular","cd_equipamento":null,"nm_equipamento":"KINOPLEX PARQUE DA CIDADE - SALA 05","tx_endereco_equipamento":"Avenida Das Nações Unidas, 14401","nm_bairro_equipamento":"","cd_cep_equipamento":"04794-000","tx_horario_funcionamento":null,"tx_numero_telefone":null,"cd_equipamento_base_origem":null}},{"type":"Feature","id":"equipamento_cultura_teatro_cinema_show_v3.40731","geometry":{"type":"Point","coordinates":[326200.3955,7386252.43]},"geometry_name":"ge_ponto","properties":{"cd_identificador":40731,"cd_identificador_tema_equipamento":3,"nm_tema_equipamento":"CULTURA","cd_identificador_rede_equipamento":0,"nm_rede_equipamento":"SEM REDE","tx_rede_equipamento":"Sem descrição","cd_identificador_tipo_equipamento":7,"nm_tipo_equipamento":"Salas de Cinema ","tx_tipo_equipamento":"Salas de Cinema e Assentos","cd_identificador_classe_equipamento":4,"nm_classe_equipamento":"TEATRO-CINEMA-SHOW","tx_classe_equipamento":"TEATRO-CINEMA-SHOW","cd_identificador_esfera_administrativa_equipamento":4,"nm_esfera_administrativa_equipamento":"Particular","tx_esfera_administrativa_equipamento":"Entidade mantenedora: particular","cd_equipamento":null,"nm_equipamento":"KINOPLEX PARQUE DA CIDADE - SALA 06 (fechado temporariamente)","tx_endereco_equipamento":"Avenida Das Nações Unidas, 14401","nm_bairro_equipamento":"","cd_cep_equipamento":"04794-000","tx_horario_funcionamento":null,"tx_numero_telefone":null,"cd_equipamento_base_origem":null}},{"type":"Feature","id":"equipamento_cultura_teatro_cinema_show_v3.40732","geometry":{"type":"Point","coordinates":[330456.4492,7392345.8047]},"geometry_name":"ge_ponto","properties":{"cd_identificador":40732,"cd_identificador_tema_equipamento":3,"nm_tema_equipamento":"CULTURA","cd_identificador_rede_equipamento":0,"nm_rede_equipamento":"SEM REDE","tx_rede_equipamento":"Sem descrição","cd_identificador_tipo_equipamento":7,"nm_tipo_equipamento":"Salas de Cinema ","tx_tipo_equipamento":"Salas de Cinema e Assentos","cd_identificador_classe_equipamento":4,"nm_classe_equipamento":"TEATRO-CINEMA-SHOW","tx_classe_equipamento":"TEATRO-CINEMA-SHOW","cd_identificador_esfera_administrativa_equipamento":4,"nm_esfera_administrativa_equipamento":"Particular","tx_esfera_administrativa_equipamento":"Entidade mantenedora: particular","cd_equipamento":null,"nm_equipamento":"CINÉPOLIS JARDIM PAMPLONA - SALA 01 - VIP","tx_endereco_equipamento":"Rua Pamplona, 1704","nm_bairro_equipamento":"","cd_cep_equipamento":"01405-002","tx_horario_funcionamento":null,"tx_numero_telefone":null,"cd_equipamento_base_origem":null}},{"type":"Feature","id":"equipamento_cultura_teatro_cinema_show_v3.40733","geometry":{"type":"Point","coordinates":[330456.4492,7392345.8047]},"geometry_name":"ge_ponto","properties":{"cd_identificador":40733,"cd_identificador_tema_equipamento":3,"nm_tema_equipamento":"CULTURA","cd_identificador_rede_equipamento":0,"nm_rede_equipamento":"SEM REDE","tx_rede_equipamento":"Sem descrição","cd_identificador_tipo_equipamento":7,"nm_tipo_equipamento":"Salas de Cinema ","tx_tipo_equipamento":"Salas de Cinema e Assentos","cd_identificador_classe_equipamento":4,"nm_classe_equipamento":"TEATRO-CINEMA-SHOW","tx_classe_equipamento":"TEATRO-CINEMA-SHOW","cd_identificador_esfera_administrativa_equipamento":4,"nm_esfera_administrativa_equipamento":"Particular","tx_esfera_administrativa_equipamento":"Entidade mantenedora: particular","cd_equipamento":null,"nm_equipamento":"CINÉPOLIS JARDIM PAMPLONA - SALA 02 - VIP","tx_endereco_equipamento":"Rua Pamplona, 1704","nm_bairro_equipamento":"","cd_cep_equipamento":"01405-002","tx_horario_funcionamento":null,"tx_numero_telefone":null,"cd_equipamento_base_origem":null}},{"type":"Feature","id":"equipamento_cultura_teatro_cinema_show_v3.40734","geometry":{"type":"Point","coordinates":[330456.4492,7392345.8047]},"geometry_name":"ge_ponto","properties":{"cd_identificador":40734,"cd_identificador_tema_equipamento":3,"nm_tema_equipamento":"CULTURA","cd_identificador_rede_equipamento":0,"nm_rede_equipamento":"SEM REDE","tx_rede_equipamento":"Sem descrição","cd_identificador_tipo_equipamento":7,"nm_tipo_equipamento":"Salas de Cinema ","tx_tipo_equipamento":"Salas de Cinema e Assentos","cd_identificador_classe_equipamento":4,"nm_classe_equipamento":"TEATRO-CINEMA-SHOW","tx_classe_equipamento":"TEATRO-CINEMA-SHOW","cd_identificador_esfera_administrativa_equipamento":4,"nm_esfera_administrativa_equipamento":"Particular","tx_esfera_administrativa_equipamento":"Entidade mantenedora: particular","cd_equipamento":null,"nm_equipamento":"CINÉPOLIS JARDIM PAMPLONA - SALA 03 - VIP","tx_endereco_equipamento":"Rua Pamplona, 1704","nm_bairro_equipamento":"","cd_cep_equipamento":"01405-002","tx_horario_funcionamento":null,"tx_numero_telefone":null,"cd_equipamento_base_origem":null}},{"type":"Feature","id":"equipamento_cultura_teatro_cinema_show_v3.40735","geometry":{"type":"Point","coordinates":[330456.4492,7392345.8047]},"geometry_name":"ge_ponto","properties":{"cd_identificador":40735,"cd_identificador_tema_equipamento":3,"nm_tema_equipamento":"CULTURA","cd_identificador_rede_equipamento":0,"nm_rede_equipamento":"SEM REDE","tx_rede_equipamento":"Sem descrição","cd_identificador_tipo_equipamento":7,"nm_tipo_equipamento":"Salas de Cinema ","tx_tipo_equipamento":"Salas de Cinema e Assentos","cd_identificador_classe_equipamento":4,"nm_classe_equipamento":"TEATRO-CINEMA-SHOW","tx_classe_equipamento":"TEATRO-CINEMA-SHOW","cd_identificador_esfera_administrativa_equipamento":4,"nm_esfera_administrativa_equipamento":"Particular","tx_esfera_administrativa_equipamento":"Entidade mantenedora: particular","cd_equipamento":null,"nm_equipamento":"CINÉPOLIS JARDIM PAMPLONA - SALA 04 - VIP","tx_endereco_equipamento":"Rua Pamplona, 1704","nm_bairro_equipamento":"","cd_cep_equipamento":"01405-002","tx_horario_funcionamento":null,"tx_numero_telefone":null,"cd_equipamento_base_origem":null}},{"type":"Feature","id":"equipamento_cultura_teatro_cinema_show_v3.40736","geometry":{"type":"Point","coordinates":[330456.4492,7392345.8047]},"geometry_name":"ge_ponto","properties":{"cd_identificador":40736,"cd_identificador_tema_equipamento":3,"nm_tema_equipamento":"CULTURA","cd_identificador_rede_equipamento":0,"nm_rede_equipamento":"SEM REDE","tx_rede_equipamento":"Sem descrição","cd_identificador_tipo_equipamento":7,"nm_tipo_equipamento":"Salas de Cinema ","tx_tipo_equipamento":"Salas de Cinema e Assentos","cd_identificador_classe_equipamento":4,"nm_classe_equipamento":"TEATRO-CINEMA-SHOW","tx_classe_equipamento":"TEATRO-CINEMA-SHOW","cd_identificador_esfera_administrativa_equipamento":4,"nm_esfera_administrativa_equipamento":"Particular","tx_esfera_administrativa_equipamento":"Entidade mantenedora: particular","cd_equipamento":null,"nm_equipamento":"CINÉPOLIS JARDIM PAMPLONA - SALA 05 - VIP","tx_endereco_equipamento":"Rua Pamplona, 1704","nm_bairro_equipamento":"","cd_cep_equipamento":"01405-002","tx_horario_funcionamento":null,"tx_numero_telefone":null,"cd_equipamento_base_origem":null}},{"type":"Feature","id":"equipamento_cultura_teatro_cinema_show_v3.40737","geometry":{"type":"Point","coordinates":[331988.8534,7394802.6477]},"geometry_name":"ge_ponto","properties":{"cd_identificador":40737,"cd_identificador_tema_equipamento":3,"nm_tema_equipamento":"CULTURA","cd_identificador_rede_equipamento":0,"nm_rede_equipamento":"SEM REDE","tx_rede_equipamento":"Sem descrição","cd_identificador_tipo_equipamento":7,"nm_tipo_equipamento":"Salas de Cinema ","tx_tipo_equipamento":"Salas de Cinema e Assentos","cd_identificador_classe_equipamento":4,"nm_classe_equipamento":"TEATRO-CINEMA-SHOW","tx_classe_equipamento":"TEATRO-CINEMA-SHOW","cd_identificador_esfera_administrativa_equipamento":4,"nm_esfera_administrativa_equipamento":"Particular","tx_esfera_administrativa_equipamento":"Entidade mantenedora: particular","cd_equipamento":null,"nm_equipamento":"CINE BIJOU","tx_endereco_equipamento":"Praça Franklin Roosevelt, 172","nm_bairro_equipamento":"","cd_cep_equipamento":"01303-020","tx_horario_funcionamento":null,"tx_numero_telefone":null,"cd_equipamento_base_origem":null}},{"type":"Feature","id":"equipamento_cultura_teatro_cinema_show_v3.40738","geometry":{"type":"Point","coordinates":[327882.6222,7393071.0362]},"geometry_name":"ge_ponto","properties":{"cd_identificador":40738,"cd_identificador_tema_equipamento":3,"nm_tema_equipamento":"CULTURA","cd_identificador_rede_equipamento":0,"nm_rede_equipamento":"SEM REDE","tx_rede_equipamento":"Sem descrição","cd_identificador_tipo_equipamento":7,"nm_tipo_equipamento":"Salas de Cinema ","tx_tipo_equipamento":"Salas de Cinema e Assentos","cd_identificador_classe_equipamento":4,"nm_classe_equipamento":"TEATRO-CINEMA-SHOW","tx_classe_equipamento":"TEATRO-CINEMA-SHOW","cd_identificador_esfera_administrativa_equipamento":4,"nm_esfera_administrativa_equipamento":"Particular","tx_esfera_administrativa_equipamento":"Entidade mantenedora: particular","cd_equipamento":null,"nm_equipamento":"CINESALA","tx_endereco_equipamento":"Rua Fradique Coutinho, 361","nm_bairro_equipamento":"","cd_cep_equipamento":"05416-010","tx_horario_funcionamento":null,"tx_numero_telefone":null,"cd_equipamento_base_origem":null}},{"type":"Feature","id":"equipamento_cultura_teatro_cinema_show_v3.40739","geometry":{"type":"Point","coordinates":[330546.0915,7393613.4293]},"geometry_name":"ge_ponto","properties":{"cd_identificador":40739,"cd_identificador_tema_equipamento":3,"nm_tema_equipamento":"CULTURA","cd_identificador_rede_equipamento":0,"nm_rede_equipamento":"SEM REDE","tx_rede_equipamento":"Sem descrição","cd_identificador_tipo_equipamento":7,"nm_tipo_equipamento":"Salas de Cinema ","tx_tipo_equipamento":"Salas de Cinema e Assentos","cd_identificador_classe_equipamento":4,"nm_classe_equipamento":"TEATRO-CINEMA-SHOW","tx_classe_equipamento":"TEATRO-CINEMA-SHOW","cd_identificador_esfera_administrativa_equipamento":4,"nm_esfera_administrativa_equipamento":"Particular","tx_esfera_administrativa_equipamento":"Entidade mantenedora: particular","cd_equipamento":null,"nm_equipamento":"CINE MARQUISE - SALA 01","tx_endereco_equipamento":"Av. Paulista, 2073","nm_bairro_equipamento":"","cd_cep_equipamento":"01311-940","tx_horario_funcionamento":null,"tx_numero_telefone":null,"cd_equipamento_base_origem":null}},{"type":"Feature","id":"equipamento_cultura_teatro_cinema_show_v3.40740","geometry":{"type":"Point","coordinates":[330546.0915,7393613.4293]},"geometry_name":"ge_ponto","properties":{"cd_identificador":40740,"cd_identificador_tema_equipamento":3,"nm_tema_equipamento":"CULTURA","cd_identificador_rede_equipamento":0,"nm_rede_equipamento":"SEM REDE","tx_rede_equipamento":"Sem descrição","cd_identificador_tipo_equipamento":7,"nm_tipo_equipamento":"Salas de Cinema ","tx_tipo_equipamento":"Salas de Cinema e Assentos","cd_identificador_classe_equipamento":4,"nm_classe_equipamento":"TEATRO-CINEMA-SHOW","tx_classe_equipamento":"TEATRO-CINEMA-SHOW","cd_identificador_esfera_administrativa_equipamento":4,"nm_esfera_administrativa_equipamento":"Particular","tx_esfera_administrativa_equipamento":"Entidade mantenedora: particular","cd_equipamento":null,"nm_equipamento":"CINE MARQUISE - SALA 02","tx_endereco_equipamento":"Av. Paulista, 2073","nm_bairro_equipamento":"","cd_cep_equipamento":"01311-940","tx_horario_funcionamento":null,"tx_numero_telefone":null,"cd_equipamento_base_origem":null}},{"type":"Feature","id":"equipamento_cultura_teatro_cinema_show_v3.40741","geometry":{"type":"Point","coordinates":[330321.4184,7393988.1822]},"geometry_name":"ge_ponto","properties":{"cd_identificador":40741,"cd_identificador_tema_equipamento":3,"nm_tema_equipamento":"CULTURA","cd_identificador_rede_equipamento":0,"nm_rede_equipamento":"SEM REDE","tx_rede_equipamento":"Sem descrição","cd_identificador_tipo_equipamento":7,"nm_tipo_equipamento":"Salas de Cinema ","tx_tipo_equipamento":"Salas de Cinema e Assentos","cd_identificador_classe_equipamento":4,"nm_classe_equipamento":"TEATRO-CINEMA-SHOW","tx_classe_equipamento":"TEATRO-CINEMA-SHOW","cd_identificador_esfera_administrativa_equipamento":4,"nm_esfera_administrativa_equipamento":"Particular","tx_esfera_administrativa_equipamento":"Entidade mantenedora: particular","cd_equipamento":null,"nm_equipamento":"CENTRO DE CULTURA BELAS ARTES CINEMA - SALA 01 - VILLA LOBOS","tx_endereco_equipamento":"Rua Da Consolação, 2423","nm_bairro_equipamento":"","cd_cep_equipamento":"01301-100","tx_horario_funcionamento":null,"tx_numero_telefone":null,"cd_equipamento_base_origem":null}},{"type":"Feature","id":"equipamento_cultura_teatro_cinema_show_v3.40742","geometry":{"type":"Point","coordinates":[330321.4184,7393988.1822]},"geometry_name":"ge_ponto","properties":{"cd_identificador":40742,"cd_identificador_tema_equipamento":3,"nm_tema_equipamento":"CULTURA","cd_identificador_rede_equipamento":0,"nm_rede_equipamento":"SEM REDE","tx_rede_equipamento":"Sem descrição","cd_identificador_tipo_equipamento":7,"nm_tipo_equipamento":"Salas de Cinema ","tx_tipo_equipamento":"Salas de Cinema e Assentos","cd_identificador_classe_equipamento":4,"nm_classe_equipamento":"TEATRO-CINEMA-SHOW","tx_classe_equipamento":"TEATRO-CINEMA-SHOW","cd_identificador_esfera_administrativa_equipamento":4,"nm_esfera_administrativa_equipamento":"Particular","tx_esfera_administrativa_equipamento":"Entidade mantenedora: particular","cd_equipamento":null,"nm_equipamento":"CENTRO DE CULTURA BELAS ARTES CINEMA - SALA 02 - LEON CAKOFF","tx_endereco_equipamento":"Rua Da Consolação, 2423","nm_bairro_equipamento":"","cd_cep_equipamento":"01301-100","tx_horario_funcionamento":null,"tx_numero_telefone":null,"cd_equipamento_base_origem":null}},{"type":"Feature","id":"equipamento_cultura_teatro_cinema_show_v3.40743","geometry":{"type":"Point","coordinates":[330321.4184,7393988.1822]},"geometry_name":"ge_ponto","properties":{"cd_identificador":40743,"cd_identificador_tema_equipamento":3,"nm_tema_equipamento":"CULTURA","cd_identificador_rede_equipamento":0,"nm_rede_equipamento":"SEM REDE","tx_rede_equipamento":"Sem descrição","cd_identificador_tipo_equipamento":7,"nm_tipo_equipamento":"Salas de Cinema ","tx_tipo_equipamento":"Salas de Cinema e Assentos","cd_identificador_classe_equipamento":4,"nm_classe_equipamento":"TEATRO-CINEMA-SHOW","tx_classe_equipamento":"TEATRO-CINEMA-SHOW","cd_identificador_esfera_administrativa_equipamento":4,"nm_esfera_administrativa_equipamento":"Particular","tx_esfera_administrativa_equipamento":"Entidade mantenedora: particular","cd_equipamento":null,"nm_equipamento":"CENTRO DE CULTURA BELAS ARTES CINEMA - SALA 03 - RUBENS EWALD FILHO","tx_endereco_equipamento":"Rua Da Consolação, 2423","nm_bairro_equipamento":"","cd_cep_equipamento":"01301-100","tx_horario_funcionamento":null,"tx_numero_telefone":null,"cd_equipamento_base_origem":null}},{"type":"Feature","id":"equipamento_cultura_teatro_cinema_show_v3.40744","geometry":{"type":"Point","coordinates":[330321.4184,7393988.1822]},"geometry_name":"ge_ponto","properties":{"cd_identificador":40744,"cd_identificador_tema_equipamento":3,"nm_tema_equipamento":"CULTURA","cd_identificador_rede_equipamento":0,"nm_rede_equipamento":"SEM REDE","tx_rede_equipamento":"Sem descrição","cd_identificador_tipo_equipamento":7,"nm_tipo_equipamento":"Salas de Cinema ","tx_tipo_equipamento":"Salas de Cinema e Assentos","cd_identificador_classe_equipamento":4,"nm_classe_equipamento":"TEATRO-CINEMA-SHOW","tx_classe_equipamento":"TEATRO-CINEMA-SHOW","cd_identificador_esfera_administrativa_equipamento":4,"nm_esfera_administrativa_equipamento":"Particular","tx_esfera_administrativa_equipamento":"Entidade mantenedora: particular","cd_equipamento":null,"nm_equipamento":"CENTRO DE CULTURA BELAS ARTES CINEMA - SALA 04 - ALEIJADINHO","tx_endereco_equipamento":"Rua Da Consolação, 2423","nm_bairro_equipamento":"","cd_cep_equipamento":"01301-100","tx_horario_funcionamento":null,"tx_numero_telefone":null,"cd_equipamento_base_origem":null}},{"type":"Feature","id":"equipamento_cultura_teatro_cinema_show_v3.40745","geometry":{"type":"Point","coordinates":[330321.4184,7393988.1822]},"geometry_name":"ge_ponto","properties":{"cd_identificador":40745,"cd_identificador_tema_equipamento":3,"nm_tema_equipamento":"CULTURA","cd_identificador_rede_equipamento":0,"nm_rede_equipamento":"SEM REDE","tx_rede_equipamento":"Sem descrição","cd_identificador_tipo_equipamento":7,"nm_tipo_equipamento":"Salas de Cinema ","tx_tipo_equipamento":"Salas de Cinema e Assentos","cd_identificador_classe_equipamento":4,"nm_classe_equipamento":"TEATRO-CINEMA-SHOW","tx_classe_equipamento":"TEATRO-CINEMA-SHOW","cd_identificador_esfera_administrativa_equipamento":4,"nm_esfera_administrativa_equipamento":"Particular","tx_esfera_administrativa_equipamento":"Entidade mantenedora: particular","cd_equipamento":null,"nm_equipamento":"CENTRO DE CULTURA BELAS ARTES CINEMA - SALA 05 - CARMEN MIRANDA","tx_endereco_equipamento":"Rua Da Consolação, 2423","nm_bairro_equipamento":"","cd_cep_equipamento":"01301-100","tx_horario_funcionamento":null,"tx_numero_telefone":null,"cd_equipamento_base_origem":null}},{"type":"Feature","id":"equipamento_cultura_teatro_cinema_show_v3.40746","geometry":{"type":"Point","coordinates":[330321.4184,7393988.1822]},"geometry_name":"ge_ponto","properties":{"cd_identificador":40746,"cd_identificador_tema_equipamento":3,"nm_tema_equipamento":"CULTURA","cd_identificador_rede_equipamento":0,"nm_rede_equipamento":"SEM REDE","tx_rede_equipamento":"Sem descrição","cd_identificador_tipo_equipamento":7,"nm_tipo_equipamento":"Salas de Cinema ","tx_tipo_equipamento":"Salas de Cinema e Assentos","cd_identificador_classe_equipamento":4,"nm_classe_equipamento":"TEATRO-CINEMA-SHOW","tx_classe_equipamento":"TEATRO-CINEMA-SHOW","cd_identificador_esfera_administrativa_equipamento":4,"nm_esfera_administrativa_equipamento":"Particular","tx_esfera_administrativa_equipamento":"Entidade mantenedora: particular","cd_equipamento":null,"nm_equipamento":"CENTRO DE CULTURA BELAS ARTES CINEMA - SALA 06 - MARIO DE ANDRADE","tx_endereco_equipamento":"Rua Da Consolação, 2423","nm_bairro_equipamento":"","cd_cep_equipamento":"01301-100","tx_horario_funcionamento":null,"tx_numero_telefone":null,"cd_equipamento_base_origem":null}},{"type":"Feature","id":"equipamento_cultura_teatro_cinema_show_v3.40747","geometry":{"type":"Point","coordinates":[326040.4406,7382959.1414]},"geometry_name":"ge_ponto","properties":{"cd_identificador":40747,"cd_identificador_tema_equipamento":3,"nm_tema_equipamento":"CULTURA","cd_identificador_rede_equipamento":0,"nm_rede_equipamento":"SEM REDE","tx_rede_equipamento":"Sem descrição","cd_identificador_tipo_equipamento":7,"nm_tipo_equipamento":"Salas de Cinema ","tx_tipo_equipamento":"Salas de Cinema e Assentos","cd_identificador_classe_equipamento":4,"nm_classe_equipamento":"TEATRO-CINEMA-SHOW","tx_classe_equipamento":"TEATRO-CINEMA-SHOW","cd_identificador_esfera_administrativa_equipamento":4,"nm_esfera_administrativa_equipamento":"Particular","tx_esfera_administrativa_equipamento":"Entidade mantenedora: particular","cd_equipamento":null,"nm_equipamento":"CINE PLAZA","tx_endereco_equipamento":"Rua Senador Flaquer, 168","nm_bairro_equipamento":"","cd_cep_equipamento":"04744-030","tx_horario_funcionamento":null,"tx_numero_telefone":null,"cd_equipamento_base_origem":null}},{"type":"Feature","id":"equipamento_cultura_teatro_cinema_show_v3.40748","geometry":{"type":"Point","coordinates":[334035.2241,7386905.9799]},"geometry_name":"ge_ponto","properties":{"cd_identificador":40748,"cd_identificador_tema_equipamento":3,"nm_tema_equipamento":"CULTURA","cd_identificador_rede_equipamento":0,"nm_rede_equipamento":"SEM REDE","tx_rede_equipamento":"Sem descrição","cd_identificador_tipo_equipamento":7,"nm_tipo_equipamento":"Salas de Cinema ","tx_tipo_equipamento":"Salas de Cinema e Assentos","cd_identificador_classe_equipamento":4,"nm_classe_equipamento":"TEATRO-CINEMA-SHOW","tx_classe_equipamento":"TEATRO-CINEMA-SHOW","cd_identificador_esfera_administrativa_equipamento":4,"nm_esfera_administrativa_equipamento":"Particular","tx_esfera_administrativa_equipamento":"Entidade mantenedora: particular","cd_equipamento":null,"nm_equipamento":"UCI PLAZA SUL - SALA 01","tx_endereco_equipamento":"Praça Leonor Kaupa, 100","nm_bairro_equipamento":"","cd_cep_equipamento":"04151-100","tx_horario_funcionamento":null,"tx_numero_telefone":null,"cd_equipamento_base_origem":null}},{"type":"Feature","id":"equipamento_cultura_teatro_cinema_show_v3.40749","geometry":{"type":"Point","coordinates":[334035.2241,7386905.9799]},"geometry_name":"ge_ponto","properties":{"cd_identificador":40749,"cd_identificador_tema_equipamento":3,"nm_tema_equipamento":"CULTURA","cd_identificador_rede_equipamento":0,"nm_rede_equipamento":"SEM REDE","tx_rede_equipamento":"Sem descrição","cd_identificador_tipo_equipamento":7,"nm_tipo_equipamento":"Salas de Cinema ","tx_tipo_equipamento":"Salas de Cinema e Assentos","cd_identificador_classe_equipamento":4,"nm_classe_equipamento":"TEATRO-CINEMA-SHOW","tx_classe_equipamento":"TEATRO-CINEMA-SHOW","cd_identificador_esfera_administrativa_equipamento":4,"nm_esfera_administrativa_equipamento":"Particular","tx_esfera_administrativa_equipamento":"Entidade mantenedora: particular","cd_equipamento":null,"nm_equipamento":"UCI PLAZA SUL - SALA 02","tx_endereco_equipamento":"Praça Leonor Kaupa, 100","nm_bairro_equipamento":"","cd_cep_equipamento":"04151-100","tx_horario_funcionamento":null,"tx_numero_telefone":null,"cd_equipamento_base_origem":null}},{"type":"Feature","id":"equipamento_cultura_teatro_cinema_show_v3.40750","geometry":{"type":"Point","coordinates":[334035.2241,7386905.9799]},"geometry_name":"ge_ponto","properties":{"cd_identificador":40750,"cd_identificador_tema_equipamento":3,"nm_tema_equipamento":"CULTURA","cd_identificador_rede_equipamento":0,"nm_rede_equipamento":"SEM REDE","tx_rede_equipamento":"Sem descrição","cd_identificador_tipo_equipamento":7,"nm_tipo_equipamento":"Salas de Cinema ","tx_tipo_equipamento":"Salas de Cinema e Assentos","cd_identificador_classe_equipamento":4,"nm_classe_equipamento":"TEATRO-CINEMA-SHOW","tx_classe_equipamento":"TEATRO-CINEMA-SHOW","cd_identificador_esfera_administrativa_equipamento":4,"nm_esfera_administrativa_equipamento":"Particular","tx_esfera_administrativa_equipamento":"Entidade mantenedora: particular","cd_equipamento":null,"nm_equipamento":"UCI PLAZA SUL - SALA 03","tx_endereco_equipamento":"Praça Leonor Kaupa, 100","nm_bairro_equipamento":"","cd_cep_equipamento":"04151-100","tx_horario_funcionamento":null,"tx_numero_telefone":null,"cd_equipamento_base_origem":null}},{"type":"Feature","id":"equipamento_cultura_teatro_cinema_show_v3.40751","geometry":{"type":"Point","coordinates":[334035.2241,7386905.9799]},"geometry_name":"ge_ponto","properties":{"cd_identificador":40751,"cd_identificador_tema_equipamento":3,"nm_tema_equipamento":"CULTURA","cd_identificador_rede_equipamento":0,"nm_rede_equipamento":"SEM REDE","tx_rede_equipamento":"Sem descrição","cd_identificador_tipo_equipamento":7,"nm_tipo_equipamento":"Salas de Cinema ","tx_tipo_equipamento":"Salas de Cinema e Assentos","cd_identificador_classe_equipamento":4,"nm_classe_equipamento":"TEATRO-CINEMA-SHOW","tx_classe_equipamento":"TEATRO-CINEMA-SHOW","cd_identificador_esfera_administrativa_equipamento":4,"nm_esfera_administrativa_equipamento":"Particular","tx_esfera_administrativa_equipamento":"Entidade mantenedora: particular","cd_equipamento":null,"nm_equipamento":"UCI PLAZA SUL - SALA 04","tx_endereco_equipamento":"Praça Leonor Kaupa, 100","nm_bairro_equipamento":"","cd_cep_equipamento":"04151-100","tx_horario_funcionamento":null,"tx_numero_telefone":null,"cd_equipamento_base_origem":null}},{"type":"Feature","id":"equipamento_cultura_teatro_cinema_show_v3.40752","geometry":{"type":"Point","coordinates":[334035.2241,7386905.9799]},"geometry_name":"ge_ponto","properties":{"cd_identificador":40752,"cd_identificador_tema_equipamento":3,"nm_tema_equipamento":"CULTURA","cd_identificador_rede_equipamento":0,"nm_rede_equipamento":"SEM REDE","tx_rede_equipamento":"Sem descrição","cd_identificador_tipo_equipamento":7,"nm_tipo_equipamento":"Salas de Cinema ","tx_tipo_equipamento":"Salas de Cinema e Assentos","cd_identificador_classe_equipamento":4,"nm_classe_equipamento":"TEATRO-CINEMA-SHOW","tx_classe_equipamento":"TEATRO-CINEMA-SHOW","cd_identificador_esfera_administrativa_equipamento":4,"nm_esfera_administrativa_equipamento":"Particular","tx_esfera_administrativa_equipamento":"Entidade mantenedora: particular","cd_equipamento":null,"nm_equipamento":"UCI PLAZA SUL - SALA 05","tx_endereco_equipamento":"Praça Leonor Kaupa, 100","nm_bairro_equipamento":"","cd_cep_equipamento":"04151-100","tx_horario_funcionamento":null,"tx_numero_telefone":null,"cd_equipamento_base_origem":null}},{"type":"Feature","id":"equipamento_cultura_teatro_cinema_show_v3.40753","geometry":{"type":"Point","coordinates":[334035.2241,7386905.9799]},"geometry_name":"ge_ponto","properties":{"cd_identificador":40753,"cd_identificador_tema_equipamento":3,"nm_tema_equipamento":"CULTURA","cd_identificador_rede_equipamento":0,"nm_rede_equipamento":"SEM REDE","tx_rede_equipamento":"Sem descrição","cd_identificador_tipo_equipamento":7,"nm_tipo_equipamento":"Salas de Cinema ","tx_tipo_equipamento":"Salas de Cinema e Assentos","cd_identificador_classe_equipamento":4,"nm_classe_equipamento":"TEATRO-CINEMA-SHOW","tx_classe_equipamento":"TEATRO-CINEMA-SHOW","cd_identificador_esfera_administrativa_equipamento":4,"nm_esfera_administrativa_equipamento":"Particular","tx_esfera_administrativa_equipamento":"Entidade mantenedora: particular","cd_equipamento":null,"nm_equipamento":"UCI PLAZA SUL - SALA 06","tx_endereco_equipamento":"Praça Leonor Kaupa, 100","nm_bairro_equipamento":"","cd_cep_equipamento":"04151-100","tx_horario_funcionamento":null,"tx_numero_telefone":null,"cd_equipamento_base_origem":null}},{"type":"Feature","id":"equipamento_cultura_teatro_cinema_show_v3.40754","geometry":{"type":"Point","coordinates":[326357.3921,7397744.8592]},"geometry_name":"ge_ponto","properties":{"cd_identificador":40754,"cd_identificador_tema_equipamento":3,"nm_tema_equipamento":"CULTURA","cd_identificador_rede_equipamento":0,"nm_rede_equipamento":"SEM REDE","tx_rede_equipamento":"Sem descrição","cd_identificador_tipo_equipamento":7,"nm_tipo_equipamento":"Salas de Cinema ","tx_tipo_equipamento":"Salas de Cinema e Assentos","cd_identificador_classe_equipamento":4,"nm_classe_equipamento":"TEATRO-CINEMA-SHOW","tx_classe_equipamento":"TEATRO-CINEMA-SHOW","cd_identificador_esfera_administrativa_equipamento":4,"nm_esfera_administrativa_equipamento":"Particular","tx_esfera_administrativa_equipamento":"Entidade mantenedora: particular","cd_equipamento":null,"nm_equipamento":"GRUPOCINE LAPA - SALA 01","tx_endereco_equipamento":"Rua Catao, 72","nm_bairro_equipamento":"","cd_cep_equipamento":"05049-901","tx_horario_funcionamento":null,"tx_numero_telefone":null,"cd_equipamento_base_origem":null}},{"type":"Feature","id":"equipamento_cultura_teatro_cinema_show_v3.40755","geometry":{"type":"Point","coordinates":[326357.3921,7397744.8592]},"geometry_name":"ge_ponto","properties":{"cd_identificador":40755,"cd_identificador_tema_equipamento":3,"nm_tema_equipamento":"CULTURA","cd_identificador_rede_equipamento":0,"nm_rede_equipamento":"SEM REDE","tx_rede_equipamento":"Sem descrição","cd_identificador_tipo_equipamento":7,"nm_tipo_equipamento":"Salas de Cinema ","tx_tipo_equipamento":"Salas de Cinema e Assentos","cd_identificador_classe_equipamento":4,"nm_classe_equipamento":"TEATRO-CINEMA-SHOW","tx_classe_equipamento":"TEATRO-CINEMA-SHOW","cd_identificador_esfera_administrativa_equipamento":4,"nm_esfera_administrativa_equipamento":"Particular","tx_esfera_administrativa_equipamento":"Entidade mantenedora: particular","cd_equipamento":null,"nm_equipamento":"GRUPOCINE LAPA - SALA 02","tx_endereco_equipamento":"Rua Catao, 72","nm_bairro_equipamento":"","cd_cep_equipamento":"05049-901","tx_horario_funcionamento":null,"tx_numero_telefone":null,"cd_equipamento_base_origem":null}},{"type":"Feature","id":"equipamento_cultura_teatro_cinema_show_v3.40756","geometry":{"type":"Point","coordinates":[326357.3921,7397744.8592]},"geometry_name":"ge_ponto","properties":{"cd_identificador":40756,"cd_identificador_tema_equipamento":3,"nm_tema_equipamento":"CULTURA","cd_identificador_rede_equipamento":0,"nm_rede_equipamento":"SEM REDE","tx_rede_equipamento":"Sem descrição","cd_identificador_tipo_equipamento":7,"nm_tipo_equipamento":"Salas de Cinema ","tx_tipo_equipamento":"Salas de Cinema e Assentos","cd_identificador_classe_equipamento":4,"nm_classe_equipamento":"TEATRO-CINEMA-SHOW","tx_classe_equipamento":"TEATRO-CINEMA-SHOW","cd_identificador_esfera_administrativa_equipamento":4,"nm_esfera_administrativa_equipamento":"Particular","tx_esfera_administrativa_equipamento":"Entidade mantenedora: particular","cd_equipamento":null,"nm_equipamento":"GRUPOCINE LAPA - SALA 03 (fechado temporariamente)","tx_endereco_equipamento":"Rua Catao, 72","nm_bairro_equipamento":"","cd_cep_equipamento":"05049-901","tx_horario_funcionamento":null,"tx_numero_telefone":null,"cd_equipamento_base_origem":null}},{"type":"Feature","id":"equipamento_cultura_teatro_cinema_show_v3.40757","geometry":{"type":"Point","coordinates":[320627.9892,7394752.5679]},"geometry_name":"ge_ponto","properties":{"cd_identificador":40757,"cd_identificador_tema_equipamento":3,"nm_tema_equipamento":"CULTURA","cd_identificador_rede_equipamento":0,"nm_rede_equipamento":"SEM REDE","tx_rede_equipamento":"Sem descrição","cd_identificador_tipo_equipamento":7,"nm_tipo_equipamento":"Salas de Cinema ","tx_tipo_equipamento":"Salas de Cinema e Assentos","cd_identificador_classe_equipamento":4,"nm_classe_equipamento":"TEATRO-CINEMA-SHOW","tx_classe_equipamento":"TEATRO-CINEMA-SHOW","cd_identificador_esfera_administrativa_equipamento":4,"nm_esfera_administrativa_equipamento":"Particular","tx_esfera_administrativa_equipamento":"Entidade mantenedora: particular","cd_equipamento":null,"nm_equipamento":"CINE A CONTINENTAL - SALA 01","tx_endereco_equipamento":"Av. Leão Machado, 100","nm_bairro_equipamento":"","cd_cep_equipamento":"05328-020","tx_horario_funcionamento":null,"tx_numero_telefone":null,"cd_equipamento_base_origem":null}},{"type":"Feature","id":"equipamento_cultura_teatro_cinema_show_v3.40758","geometry":{"type":"Point","coordinates":[320627.9892,7394752.5679]},"geometry_name":"ge_ponto","properties":{"cd_identificador":40758,"cd_identificador_tema_equipamento":3,"nm_tema_equipamento":"CULTURA","cd_identificador_rede_equipamento":0,"nm_rede_equipamento":"SEM REDE","tx_rede_equipamento":"Sem descrição","cd_identificador_tipo_equipamento":7,"nm_tipo_equipamento":"Salas de Cinema ","tx_tipo_equipamento":"Salas de Cinema e Assentos","cd_identificador_classe_equipamento":4,"nm_classe_equipamento":"TEATRO-CINEMA-SHOW","tx_classe_equipamento":"TEATRO-CINEMA-SHOW","cd_identificador_esfera_administrativa_equipamento":4,"nm_esfera_administrativa_equipamento":"Particular","tx_esfera_administrativa_equipamento":"Entidade mantenedora: particular","cd_equipamento":null,"nm_equipamento":"CINE A CONTINENTAL - SALA 02","tx_endereco_equipamento":"Av. Leão Machado, 100","nm_bairro_equipamento":"","cd_cep_equipamento":"05328-020","tx_horario_funcionamento":null,"tx_numero_telefone":null,"cd_equipamento_base_origem":null}},{"type":"Feature","id":"equipamento_cultura_teatro_cinema_show_v3.40759","geometry":{"type":"Point","coordinates":[320627.9892,7394752.5679]},"geometry_name":"ge_ponto","properties":{"cd_identificador":40759,"cd_identificador_tema_equipamento":3,"nm_tema_equipamento":"CULTURA","cd_identificador_rede_equipamento":0,"nm_rede_equipamento":"SEM REDE","tx_rede_equipamento":"Sem descrição","cd_identificador_tipo_equipamento":7,"nm_tipo_equipamento":"Salas de Cinema ","tx_tipo_equipamento":"Salas de Cinema e Assentos","cd_identificador_classe_equipamento":4,"nm_classe_equipamento":"TEATRO-CINEMA-SHOW","tx_classe_equipamento":"TEATRO-CINEMA-SHOW","cd_identificador_esfera_administrativa_equipamento":4,"nm_esfera_administrativa_equipamento":"Particular","tx_esfera_administrativa_equipamento":"Entidade mantenedora: particular","cd_equipamento":null,"nm_equipamento":"CINE A CONTINENTAL - SALA 03","tx_endereco_equipamento":"Av. Leão Machado, 100","nm_bairro_equipamento":"","cd_cep_equipamento":"05328-020","tx_horario_funcionamento":null,"tx_numero_telefone":null,"cd_equipamento_base_origem":null}},{"type":"Feature","id":"equipamento_cultura_teatro_cinema_show_v3.40760","geometry":{"type":"Point","coordinates":[320627.9892,7394752.5679]},"geometry_name":"ge_ponto","properties":{"cd_identificador":40760,"cd_identificador_tema_equipamento":3,"nm_tema_equipamento":"CULTURA","cd_identificador_rede_equipamento":0,"nm_rede_equipamento":"SEM REDE","tx_rede_equipamento":"Sem descrição","cd_identificador_tipo_equipamento":7,"nm_tipo_equipamento":"Salas de Cinema ","tx_tipo_equipamento":"Salas de Cinema e Assentos","cd_identificador_classe_equipamento":4,"nm_classe_equipamento":"TEATRO-CINEMA-SHOW","tx_classe_equipamento":"TEATRO-CINEMA-SHOW","cd_identificador_esfera_administrativa_equipamento":4,"nm_esfera_administrativa_equipamento":"Particular","tx_esfera_administrativa_equipamento":"Entidade mantenedora: particular","cd_equipamento":null,"nm_equipamento":"CINE A CONTINENTAL - SALA 04","tx_endereco_equipamento":"Av. Leão Machado, 100","nm_bairro_equipamento":"","cd_cep_equipamento":"05328-020","tx_horario_funcionamento":null,"tx_numero_telefone":null,"cd_equipamento_base_origem":null}},{"type":"Feature","id":"equipamento_cultura_teatro_cinema_show_v3.40761","geometry":{"type":"Point","coordinates":[320627.9892,7394752.5679]},"geometry_name":"ge_ponto","properties":{"cd_identificador":40761,"cd_identificador_tema_equipamento":3,"nm_tema_equipamento":"CULTURA","cd_identificador_rede_equipamento":0,"nm_rede_equipamento":"SEM REDE","tx_rede_equipamento":"Sem descrição","cd_identificador_tipo_equipamento":7,"nm_tipo_equipamento":"Salas de Cinema ","tx_tipo_equipamento":"Salas de Cinema e Assentos","cd_identificador_classe_equipamento":4,"nm_classe_equipamento":"TEATRO-CINEMA-SHOW","tx_classe_equipamento":"TEATRO-CINEMA-SHOW","cd_identificador_esfera_administrativa_equipamento":4,"nm_esfera_administrativa_equipamento":"Particular","tx_esfera_administrativa_equipamento":"Entidade mantenedora: particular","cd_equipamento":null,"nm_equipamento":"CINE A CONTINENTAL - SALA 05","tx_endereco_equipamento":"Av. Leão Machado, 100","nm_bairro_equipamento":"","cd_cep_equipamento":"05328-020","tx_horario_funcionamento":null,"tx_numero_telefone":null,"cd_equipamento_base_origem":null}},{"type":"Feature","id":"equipamento_cultura_teatro_cinema_show_v3.40762","geometry":{"type":"Point","coordinates":[320743.7359,7383445.8765]},"geometry_name":"ge_ponto","properties":{"cd_identificador":40762,"cd_identificador_tema_equipamento":3,"nm_tema_equipamento":"CULTURA","cd_identificador_rede_equipamento":0,"nm_rede_equipamento":"SEM REDE","tx_rede_equipamento":"Sem descrição","cd_identificador_tipo_equipamento":7,"nm_tipo_equipamento":"Salas de Cinema ","tx_tipo_equipamento":"Salas de Cinema e Assentos","cd_identificador_classe_equipamento":4,"nm_classe_equipamento":"TEATRO-CINEMA-SHOW","tx_classe_equipamento":"TEATRO-CINEMA-SHOW","cd_identificador_esfera_administrativa_equipamento":4,"nm_esfera_administrativa_equipamento":"Particular","tx_esfera_administrativa_equipamento":"Entidade mantenedora: particular","cd_equipamento":null,"nm_equipamento":"MULTIPLEX SHOPPING CAMPO LIMPO - SALA VI","tx_endereco_equipamento":"Estrada De Campo Limpo, 459","nm_bairro_equipamento":"","cd_cep_equipamento":"05787-000","tx_horario_funcionamento":null,"tx_numero_telefone":null,"cd_equipamento_base_origem":null}},{"type":"Feature","id":"equipamento_cultura_teatro_cinema_show_v3.40763","geometry":{"type":"Point","coordinates":[330546.0915,7393613.4293]},"geometry_name":"ge_ponto","properties":{"cd_identificador":40763,"cd_identificador_tema_equipamento":3,"nm_tema_equipamento":"CULTURA","cd_identificador_rede_equipamento":0,"nm_rede_equipamento":"SEM REDE","tx_rede_equipamento":"Sem descrição","cd_identificador_tipo_equipamento":7,"nm_tipo_equipamento":"Salas de Cinema ","tx_tipo_equipamento":"Salas de Cinema e Assentos","cd_identificador_classe_equipamento":4,"nm_classe_equipamento":"TEATRO-CINEMA-SHOW","tx_classe_equipamento":"TEATRO-CINEMA-SHOW","cd_identificador_esfera_administrativa_equipamento":4,"nm_esfera_administrativa_equipamento":"Particular","tx_esfera_administrativa_equipamento":"Entidade mantenedora: particular","cd_equipamento":null,"nm_equipamento":"CINE MARQUISE - SALA 03","tx_endereco_equipamento":"Av. Paulista, 2073","nm_bairro_equipamento":"","cd_cep_equipamento":"01311-940","tx_horario_funcionamento":null,"tx_numero_telefone":null,"cd_equipamento_base_origem":null}},{"type":"Feature","id":"equipamento_cultura_teatro_cinema_show_v3.40764","geometry":{"type":"Point","coordinates":[328826.761,7396482.5973]},"geometry_name":"ge_ponto","properties":{"cd_identificador":40764,"cd_identificador_tema_equipamento":3,"nm_tema_equipamento":"CULTURA","cd_identificador_rede_equipamento":0,"nm_rede_equipamento":"SEM REDE","tx_rede_equipamento":"Sem descrição","cd_identificador_tipo_equipamento":7,"nm_tipo_equipamento":"Salas de Cinema ","tx_tipo_equipamento":"Salas de Cinema e Assentos","cd_identificador_classe_equipamento":4,"nm_classe_equipamento":"TEATRO-CINEMA-SHOW","tx_classe_equipamento":"TEATRO-CINEMA-SHOW","cd_identificador_esfera_administrativa_equipamento":4,"nm_esfera_administrativa_equipamento":"Particular","tx_esfera_administrativa_equipamento":"Entidade mantenedora: particular","cd_equipamento":null,"nm_equipamento":"CINE LT3","tx_endereco_equipamento":"Rua Apinajes, 135","nm_bairro_equipamento":"","cd_cep_equipamento":"05017-000","tx_horario_funcionamento":null,"tx_numero_telefone":null,"cd_equipamento_base_origem":null}},{"type":"Feature","id":"equipamento_cultura_teatro_cinema_show_v3.40765","geometry":{"type":"Point","coordinates":[332092.3396,7393707.1763]},"geometry_name":"ge_ponto","properties":{"cd_identificador":40765,"cd_identificador_tema_equipamento":3,"nm_tema_equipamento":"CULTURA","cd_identificador_rede_equipamento":0,"nm_rede_equipamento":"SEM REDE","tx_rede_equipamento":"Sem descrição","cd_identificador_tipo_equipamento":7,"nm_tipo_equipamento":"Salas de Cinema ","tx_tipo_equipamento":"Salas de Cinema e Assentos","cd_identificador_classe_equipamento":4,"nm_classe_equipamento":"TEATRO-CINEMA-SHOW","tx_classe_equipamento":"TEATRO-CINEMA-SHOW","cd_identificador_esfera_administrativa_equipamento":4,"nm_esfera_administrativa_equipamento":"Particular","tx_esfera_administrativa_equipamento":"Entidade mantenedora: particular","cd_equipamento":null,"nm_equipamento":"CINE-TEATRO DENOY DE OLIVEIRA","tx_endereco_equipamento":"Rua Rui Barbosa, 323","nm_bairro_equipamento":"","cd_cep_equipamento":"01326-010","tx_horario_funcionamento":null,"tx_numero_telefone":null,"cd_equipamento_base_origem":null}},{"type":"Feature","id":"equipamento_cultura_teatro_cinema_show_v3.40766","geometry":{"type":"Point","coordinates":[351422.8,7387049]},"geometry_name":"ge_ponto","properties":{"cd_identificador":40766,"cd_identificador_tema_equipamento":3,"nm_tema_equipamento":"CULTURA","cd_identificador_rede_equipamento":0,"nm_rede_equipamento":"SEM REDE","tx_rede_equipamento":"Sem descrição","cd_identificador_tipo_equipamento":7,"nm_tipo_equipamento":"Salas de Cinema ","tx_tipo_equipamento":"Salas de Cinema e Assentos","cd_identificador_classe_equipamento":4,"nm_classe_equipamento":"TEATRO-CINEMA-SHOW","tx_classe_equipamento":"TEATRO-CINEMA-SHOW","cd_identificador_esfera_administrativa_equipamento":1,"nm_esfera_administrativa_equipamento":"Municipal","tx_esfera_administrativa_equipamento":"Entidade mantenedora: PMSP","cd_equipamento":null,"nm_equipamento":"Salas Especiais SPcine - CEU São Rafael","tx_endereco_equipamento":"Rua Cinira Polônio, 100","nm_bairro_equipamento":"","cd_cep_equipamento":"08395-320","tx_horario_funcionamento":null,"tx_numero_telefone":"(11) 95640-4867","cd_equipamento_base_origem":null}},{"type":"Feature","id":"equipamento_cultura_teatro_cinema_show_v3.40767","geometry":{"type":"Point","coordinates":[332602.3012,7392281.018]},"geometry_name":"ge_ponto","properties":{"cd_identificador":40767,"cd_identificador_tema_equipamento":3,"nm_tema_equipamento":"CULTURA","cd_identificador_rede_equipamento":0,"nm_rede_equipamento":"SEM REDE","tx_rede_equipamento":"Sem descrição","cd_identificador_tipo_equipamento":7,"nm_tipo_equipamento":"Salas de Cinema ","tx_tipo_equipamento":"Salas de Cinema e Assentos","cd_identificador_classe_equipamento":4,"nm_classe_equipamento":"TEATRO-CINEMA-SHOW","tx_classe_equipamento":"TEATRO-CINEMA-SHOW","cd_identificador_esfera_administrativa_equipamento":1,"nm_esfera_administrativa_equipamento":"Municipal","tx_esfera_administrativa_equipamento":"Entidade mantenedora: PMSP","cd_equipamento":null,"nm_equipamento":"Sala de Cinema SPCINE - Lima Barreto","tx_endereco_equipamento":"Rua Vergueiro, 1000","nm_bairro_equipamento":"","cd_cep_equipamento":null,"tx_horario_funcionamento":null,"tx_numero_telefone":"(11) 3397-4001 / (11) 3397-4002","cd_equipamento_base_origem":null}},{"type":"Feature","id":"equipamento_cultura_teatro_cinema_show_v3.40768","geometry":{"type":"Point","coordinates":[332602.3012,7392281.018]},"geometry_name":"ge_ponto","properties":{"cd_identificador":40768,"cd_identificador_tema_equipamento":3,"nm_tema_equipamento":"CULTURA","cd_identificador_rede_equipamento":0,"nm_rede_equipamento":"SEM REDE","tx_rede_equipamento":"Sem descrição","cd_identificador_tipo_equipamento":7,"nm_tipo_equipamento":"Salas de Cinema ","tx_tipo_equipamento":"Salas de Cinema e Assentos","cd_identificador_classe_equipamento":4,"nm_classe_equipamento":"TEATRO-CINEMA-SHOW","tx_classe_equipamento":"TEATRO-CINEMA-SHOW","cd_identificador_esfera_administrativa_equipamento":1,"nm_esfera_administrativa_equipamento":"Municipal","tx_esfera_administrativa_equipamento":"Entidade mantenedora: PMSP","cd_equipamento":null,"nm_equipamento":"Sala de Cinema SPCINE - Paulo Emílio","tx_endereco_equipamento":"Rua Vergueiro, 1000","nm_bairro_equipamento":"","cd_cep_equipamento":null,"tx_horario_funcionamento":null,"tx_numero_telefone":"(11) 3397-4001 / (11) 3397-4002","cd_equipamento_base_origem":null}},{"type":"Feature","id":"equipamento_cultura_teatro_cinema_show_v3.40769","geometry":{"type":"Point","coordinates":[332602.3012,7392281.018]},"geometry_name":"ge_ponto","properties":{"cd_identificador":40769,"cd_identificador_tema_equipamento":3,"nm_tema_equipamento":"CULTURA","cd_identificador_rede_equipamento":0,"nm_rede_equipamento":"SEM REDE","tx_rede_equipamento":"Sem descrição","cd_identificador_tipo_equipamento":8,"nm_tipo_equipamento":"Salas de Teatro ","tx_tipo_equipamento":"Salas de Teatro e Assentos","cd_identificador_classe_equipamento":4,"nm_classe_equipamento":"TEATRO-CINEMA-SHOW","tx_classe_equipamento":"TEATRO-CINEMA-SHOW","cd_identificador_esfera_administrativa_equipamento":1,"nm_esfera_administrativa_equipamento":"Municipal","tx_esfera_administrativa_equipamento":"Entidade mantenedora: PMSP","cd_equipamento":null,"nm_equipamento":"Teatro Adoniran Barbosa","tx_endereco_equipamento":"Rua Vergueiro, 1000","nm_bairro_equipamento":"","cd_cep_equipamento":null,"tx_horario_funcionamento":null,"tx_numero_telefone":"(11) 3397-4001 / (11) 3397-4002","cd_equipamento_base_origem":null}},{"type":"Feature","id":"equipamento_cultura_teatro_cinema_show_v3.40770","geometry":{"type":"Point","coordinates":[332602.3012,7392281.018]},"geometry_name":"ge_ponto","properties":{"cd_identificador":40770,"cd_identificador_tema_equipamento":3,"nm_tema_equipamento":"CULTURA","cd_identificador_rede_equipamento":0,"nm_rede_equipamento":"SEM REDE","tx_rede_equipamento":"Sem descrição","cd_identificador_tipo_equipamento":8,"nm_tipo_equipamento":"Salas de Teatro ","tx_tipo_equipamento":"Salas de Teatro e Assentos","cd_identificador_classe_equipamento":4,"nm_classe_equipamento":"TEATRO-CINEMA-SHOW","tx_classe_equipamento":"TEATRO-CINEMA-SHOW","cd_identificador_esfera_administrativa_equipamento":1,"nm_esfera_administrativa_equipamento":"Municipal","tx_esfera_administrativa_equipamento":"Entidade mantenedora: PMSP","cd_equipamento":null,"nm_equipamento":"Teatro Jardel Filho","tx_endereco_equipamento":"Rua Vergueiro, 1000","nm_bairro_equipamento":"","cd_cep_equipamento":null,"tx_horario_funcionamento":null,"tx_numero_telefone":"(11) 3397-4001 / (11) 3397-4002","cd_equipamento_base_origem":null}},{"type":"Feature","id":"equipamento_cultura_teatro_cinema_show_v3.40771","geometry":{"type":"Point","coordinates":[332602.3012,7392281.018]},"geometry_name":"ge_ponto","properties":{"cd_identificador":40771,"cd_identificador_tema_equipamento":3,"nm_tema_equipamento":"CULTURA","cd_identificador_rede_equipamento":0,"nm_rede_equipamento":"SEM REDE","tx_rede_equipamento":"Sem descrição","cd_identificador_tipo_equipamento":8,"nm_tipo_equipamento":"Salas de Teatro ","tx_tipo_equipamento":"Salas de Teatro e Assentos","cd_identificador_classe_equipamento":4,"nm_classe_equipamento":"TEATRO-CINEMA-SHOW","tx_classe_equipamento":"TEATRO-CINEMA-SHOW","cd_identificador_esfera_administrativa_equipamento":1,"nm_esfera_administrativa_equipamento":"Municipal","tx_esfera_administrativa_equipamento":"Entidade mantenedora: PMSP","cd_equipamento":null,"nm_equipamento":"Espaço Cênico Ademar Guerra","tx_endereco_equipamento":"Rua Vergueiro, 1000","nm_bairro_equipamento":"","cd_cep_equipamento":null,"tx_horario_funcionamento":null,"tx_numero_telefone":"(11) 3397-4001 / (11) 3397-4002","cd_equipamento_base_origem":null}},{"type":"Feature","id":"equipamento_cultura_teatro_cinema_show_v3.40772","geometry":{"type":"Point","coordinates":[338272.6161,7404954.3396]},"geometry_name":"ge_ponto","properties":{"cd_identificador":40772,"cd_identificador_tema_equipamento":3,"nm_tema_equipamento":"CULTURA","cd_identificador_rede_equipamento":0,"nm_rede_equipamento":"SEM REDE","tx_rede_equipamento":"Sem descrição","cd_identificador_tipo_equipamento":7,"nm_tipo_equipamento":"Salas de Cinema ","tx_tipo_equipamento":"Salas de Cinema e Assentos","cd_identificador_classe_equipamento":4,"nm_classe_equipamento":"TEATRO-CINEMA-SHOW","tx_classe_equipamento":"TEATRO-CINEMA-SHOW","cd_identificador_esfera_administrativa_equipamento":1,"nm_esfera_administrativa_equipamento":"Municipal","tx_esfera_administrativa_equipamento":"Entidade mantenedora: PMSP","cd_equipamento":null,"nm_equipamento":"Salas Especiais SPcine - CEU Jaçanã","tx_endereco_equipamento":"Rua Francisca Espósito Tonetti, 105","nm_bairro_equipamento":"","cd_cep_equipamento":"02276-010","tx_horario_funcionamento":null,"tx_numero_telefone":"(11) 94111-4188","cd_equipamento_base_origem":null}},{"type":"Feature","id":"equipamento_cultura_teatro_cinema_show_v3.40773","geometry":{"type":"Point","coordinates":[325705.6653,7383979.5609]},"geometry_name":"ge_ponto","properties":{"cd_identificador":40773,"cd_identificador_tema_equipamento":3,"nm_tema_equipamento":"CULTURA","cd_identificador_rede_equipamento":0,"nm_rede_equipamento":"SEM REDE","tx_rede_equipamento":"Sem descrição","cd_identificador_tipo_equipamento":8,"nm_tipo_equipamento":"Salas de Teatro ","tx_tipo_equipamento":"Salas de Teatro e Assentos","cd_identificador_classe_equipamento":4,"nm_classe_equipamento":"TEATRO-CINEMA-SHOW","tx_classe_equipamento":"TEATRO-CINEMA-SHOW","cd_identificador_esfera_administrativa_equipamento":1,"nm_esfera_administrativa_equipamento":"Municipal","tx_esfera_administrativa_equipamento":"Entidade mantenedora: PMSP","cd_equipamento":null,"nm_equipamento":"Teatro Leopoldo Froes","tx_endereco_equipamento":"Rua Antônio Bandeira, 114","nm_bairro_equipamento":"","cd_cep_equipamento":null,"tx_horario_funcionamento":null,"tx_numero_telefone":"(11) 5687-0513","cd_equipamento_base_origem":null}},{"type":"Feature","id":"equipamento_cultura_teatro_cinema_show_v3.40774","geometry":{"type":"Point","coordinates":[327497.9084,7405857.0461]},"geometry_name":"ge_ponto","properties":{"cd_identificador":40774,"cd_identificador_tema_equipamento":3,"nm_tema_equipamento":"CULTURA","cd_identificador_rede_equipamento":0,"nm_rede_equipamento":"SEM REDE","tx_rede_equipamento":"Sem descrição","cd_identificador_tipo_equipamento":7,"nm_tipo_equipamento":"Salas de Cinema ","tx_tipo_equipamento":"Salas de Cinema e Assentos","cd_identificador_classe_equipamento":4,"nm_classe_equipamento":"TEATRO-CINEMA-SHOW","tx_classe_equipamento":"TEATRO-CINEMA-SHOW","cd_identificador_esfera_administrativa_equipamento":1,"nm_esfera_administrativa_equipamento":"Municipal","tx_esfera_administrativa_equipamento":"Entidade mantenedora: PMSP","cd_equipamento":null,"nm_equipamento":"Salas Especiais SPcine - CEU Paz","tx_endereco_equipamento":"Rua Daniel Cerri, 1549","nm_bairro_equipamento":"","cd_cep_equipamento":"02876-170","tx_horario_funcionamento":null,"tx_numero_telefone":"(11) 94107-8321","cd_equipamento_base_origem":null}},{"type":"Feature","id":"equipamento_cultura_teatro_cinema_show_v3.40775","geometry":{"type":"Point","coordinates":[342807.0999,7392342.0705]},"geometry_name":"ge_ponto","properties":{"cd_identificador":40775,"cd_identificador_tema_equipamento":3,"nm_tema_equipamento":"CULTURA","cd_identificador_rede_equipamento":0,"nm_rede_equipamento":"SEM REDE","tx_rede_equipamento":"Sem descrição","cd_identificador_tipo_equipamento":8,"nm_tipo_equipamento":"Salas de Teatro ","tx_tipo_equipamento":"Salas de Teatro e Assentos","cd_identificador_classe_equipamento":4,"nm_classe_equipamento":"TEATRO-CINEMA-SHOW","tx_classe_equipamento":"TEATRO-CINEMA-SHOW","cd_identificador_esfera_administrativa_equipamento":1,"nm_esfera_administrativa_equipamento":"Municipal","tx_esfera_administrativa_equipamento":"Entidade mantenedora: PMSP","cd_equipamento":null,"nm_equipamento":"Teatro Zanoni Ferrite","tx_endereco_equipamento":"Avenida Renata, 163","nm_bairro_equipamento":"","cd_cep_equipamento":null,"tx_horario_funcionamento":null,"tx_numero_telefone":"(11) 2216-1520","cd_equipamento_base_origem":null}},{"type":"Feature","id":"equipamento_cultura_teatro_cinema_show_v3.40776","geometry":{"type":"Point","coordinates":[333753.3987,7398887.9787]},"geometry_name":"ge_ponto","properties":{"cd_identificador":40776,"cd_identificador_tema_equipamento":3,"nm_tema_equipamento":"CULTURA","cd_identificador_rede_equipamento":0,"nm_rede_equipamento":"SEM REDE","tx_rede_equipamento":"Sem descrição","cd_identificador_tipo_equipamento":8,"nm_tipo_equipamento":"Salas de Teatro ","tx_tipo_equipamento":"Salas de Teatro e Assentos","cd_identificador_classe_equipamento":4,"nm_classe_equipamento":"TEATRO-CINEMA-SHOW","tx_classe_equipamento":"TEATRO-CINEMA-SHOW","cd_identificador_esfera_administrativa_equipamento":1,"nm_esfera_administrativa_equipamento":"Municipal","tx_esfera_administrativa_equipamento":"Entidade mantenedora: PMSP","cd_equipamento":null,"nm_equipamento":"Teatro Alfredo Mesquita","tx_endereco_equipamento":"Avenida Santos Dumont, 1770","nm_bairro_equipamento":"","cd_cep_equipamento":null,"tx_horario_funcionamento":null,"tx_numero_telefone":"(11) 2221-3657","cd_equipamento_base_origem":null}},{"type":"Feature","id":"equipamento_cultura_teatro_cinema_show_v3.40777","geometry":{"type":"Point","coordinates":[341920.2372,7397415.0411]},"geometry_name":"ge_ponto","properties":{"cd_identificador":40777,"cd_identificador_tema_equipamento":3,"nm_tema_equipamento":"CULTURA","cd_identificador_rede_equipamento":0,"nm_rede_equipamento":"SEM REDE","tx_rede_equipamento":"Sem descrição","cd_identificador_tipo_equipamento":8,"nm_tipo_equipamento":"Salas de Teatro ","tx_tipo_equipamento":"Salas de Teatro e Assentos","cd_identificador_classe_equipamento":4,"nm_classe_equipamento":"TEATRO-CINEMA-SHOW","tx_classe_equipamento":"TEATRO-CINEMA-SHOW","cd_identificador_esfera_administrativa_equipamento":1,"nm_esfera_administrativa_equipamento":"Municipal","tx_esfera_administrativa_equipamento":"Entidade mantenedora: PMSP","cd_equipamento":null,"nm_equipamento":"Teatro Martins Penna","tx_endereco_equipamento":"Largo do Rosário, 20","nm_bairro_equipamento":"","cd_cep_equipamento":null,"tx_horario_funcionamento":null,"tx_numero_telefone":"(11) 2095-6480","cd_equipamento_base_origem":null}},{"type":"Feature","id":"equipamento_cultura_teatro_cinema_show_v3.40778","geometry":{"type":"Point","coordinates":[326833.239,7396962.133]},"geometry_name":"ge_ponto","properties":{"cd_identificador":40778,"cd_identificador_tema_equipamento":3,"nm_tema_equipamento":"CULTURA","cd_identificador_rede_equipamento":0,"nm_rede_equipamento":"SEM REDE","tx_rede_equipamento":"Sem descrição","cd_identificador_tipo_equipamento":8,"nm_tipo_equipamento":"Salas de Teatro ","tx_tipo_equipamento":"Salas de Teatro e Assentos","cd_identificador_classe_equipamento":4,"nm_classe_equipamento":"TEATRO-CINEMA-SHOW","tx_classe_equipamento":"TEATRO-CINEMA-SHOW","cd_identificador_esfera_administrativa_equipamento":1,"nm_esfera_administrativa_equipamento":"Municipal","tx_esfera_administrativa_equipamento":"Entidade mantenedora: PMSP","cd_equipamento":null,"nm_equipamento":"Teatro Cacilda Becker","tx_endereco_equipamento":"Rua Tito, 295","nm_bairro_equipamento":"","cd_cep_equipamento":null,"tx_horario_funcionamento":null,"tx_numero_telefone":"(11) 3864-4513","cd_equipamento_base_origem":null}},{"type":"Feature","id":"equipamento_cultura_teatro_cinema_show_v3.40779","geometry":{"type":"Point","coordinates":[332988.1945,7395005.8526]},"geometry_name":"ge_ponto","properties":{"cd_identificador":40779,"cd_identificador_tema_equipamento":3,"nm_tema_equipamento":"CULTURA","cd_identificador_rede_equipamento":0,"nm_rede_equipamento":"SEM REDE","tx_rede_equipamento":"Sem descrição","cd_identificador_tipo_equipamento":8,"nm_tipo_equipamento":"Salas de Teatro ","tx_tipo_equipamento":"Salas de Teatro e Assentos","cd_identificador_classe_equipamento":4,"nm_classe_equipamento":"TEATRO-CINEMA-SHOW","tx_classe_equipamento":"TEATRO-CINEMA-SHOW","cd_identificador_esfera_administrativa_equipamento":1,"nm_esfera_administrativa_equipamento":"Municipal","tx_esfera_administrativa_equipamento":"Entidade mantenedora: PMSP","cd_equipamento":null,"nm_equipamento":"Auditório Conpresp - Sampaio Moreira","tx_endereco_equipamento":"R. Líbero Badaró, 340","nm_bairro_equipamento":"","cd_cep_equipamento":null,"tx_horario_funcionamento":null,"tx_numero_telefone":"(11) 3397-0116 / (11) 3397-0117 / (11) 3397-0118","cd_equipamento_base_origem":null}},{"type":"Feature","id":"equipamento_cultura_teatro_cinema_show_v3.40780","geometry":{"type":"Point","coordinates":[358108.5,7398971.9]},"geometry_name":"ge_ponto","properties":{"cd_identificador":40780,"cd_identificador_tema_equipamento":3,"nm_tema_equipamento":"CULTURA","cd_identificador_rede_equipamento":0,"nm_rede_equipamento":"SEM REDE","tx_rede_equipamento":"Sem descrição","cd_identificador_tipo_equipamento":7,"nm_tipo_equipamento":"Salas de Cinema ","tx_tipo_equipamento":"Salas de Cinema e Assentos","cd_identificador_classe_equipamento":4,"nm_classe_equipamento":"TEATRO-CINEMA-SHOW","tx_classe_equipamento":"TEATRO-CINEMA-SHOW","cd_identificador_esfera_administrativa_equipamento":1,"nm_esfera_administrativa_equipamento":"Municipal","tx_esfera_administrativa_equipamento":"Entidade mantenedora: PMSP","cd_equipamento":null,"nm_equipamento":"Salas Especiais SPcine - CEU Parque Veredas","tx_endereco_equipamento":"Rua Daniel Muller, 347","nm_bairro_equipamento":"","cd_cep_equipamento":"08141-290","tx_horario_funcionamento":null,"tx_numero_telefone":"(11) 95301-8717","cd_equipamento_base_origem":null}},{"type":"Feature","id":"equipamento_cultura_teatro_cinema_show_v3.40781","geometry":{"type":"Point","coordinates":[329457.1118,7402815.2605]},"geometry_name":"ge_ponto","properties":{"cd_identificador":40781,"cd_identificador_tema_equipamento":3,"nm_tema_equipamento":"CULTURA","cd_identificador_rede_equipamento":0,"nm_rede_equipamento":"SEM REDE","tx_rede_equipamento":"Sem descrição","cd_identificador_tipo_equipamento":8,"nm_tipo_equipamento":"Salas de Teatro ","tx_tipo_equipamento":"Salas de Teatro e Assentos","cd_identificador_classe_equipamento":4,"nm_classe_equipamento":"TEATRO-CINEMA-SHOW","tx_classe_equipamento":"TEATRO-CINEMA-SHOW","cd_identificador_esfera_administrativa_equipamento":1,"nm_esfera_administrativa_equipamento":"Municipal","tx_esfera_administrativa_equipamento":"Entidade mantenedora: PMSP","cd_equipamento":null,"nm_equipamento":"Anfiteatro do Centro Cultural da Juventude (fechado temporariamente)","tx_endereco_equipamento":"Avenida Deputado Emílio Carlos, 3641","nm_bairro_equipamento":"","cd_cep_equipamento":null,"tx_horario_funcionamento":null,"tx_numero_telefone":"(11) 3343-8972","cd_equipamento_base_origem":null}},{"type":"Feature","id":"equipamento_cultura_teatro_cinema_show_v3.40782","geometry":{"type":"Point","coordinates":[317006.2637,7379361.6346]},"geometry_name":"ge_ponto","properties":{"cd_identificador":40782,"cd_identificador_tema_equipamento":3,"nm_tema_equipamento":"CULTURA","cd_identificador_rede_equipamento":0,"nm_rede_equipamento":"SEM REDE","tx_rede_equipamento":"Sem descrição","cd_identificador_tipo_equipamento":7,"nm_tipo_equipamento":"Salas de Cinema ","tx_tipo_equipamento":"Salas de Cinema e Assentos","cd_identificador_classe_equipamento":4,"nm_classe_equipamento":"TEATRO-CINEMA-SHOW","tx_classe_equipamento":"TEATRO-CINEMA-SHOW","cd_identificador_esfera_administrativa_equipamento":1,"nm_esfera_administrativa_equipamento":"Municipal","tx_esfera_administrativa_equipamento":"Entidade mantenedora: PMSP","cd_equipamento":null,"nm_equipamento":"Salas Especiais SPcine - CEU Feitiço da Vila","tx_endereco_equipamento":"Rua Feitiço da Vila, 399","nm_bairro_equipamento":"","cd_cep_equipamento":"05879-000","tx_horario_funcionamento":null,"tx_numero_telefone":"(11) 94102-5743","cd_equipamento_base_origem":null}},{"type":"Feature","id":"equipamento_cultura_teatro_cinema_show_v3.40783","geometry":{"type":"Point","coordinates":[332228.9642,7383454.0122]},"geometry_name":"ge_ponto","properties":{"cd_identificador":40783,"cd_identificador_tema_equipamento":3,"nm_tema_equipamento":"CULTURA","cd_identificador_rede_equipamento":0,"nm_rede_equipamento":"SEM REDE","tx_rede_equipamento":"Sem descrição","cd_identificador_tipo_equipamento":8,"nm_tipo_equipamento":"Salas de Teatro ","tx_tipo_equipamento":"Salas de Teatro e Assentos","cd_identificador_classe_equipamento":4,"nm_classe_equipamento":"TEATRO-CINEMA-SHOW","tx_classe_equipamento":"TEATRO-CINEMA-SHOW","cd_identificador_esfera_administrativa_equipamento":1,"nm_esfera_administrativa_equipamento":"Municipal","tx_esfera_administrativa_equipamento":"Entidade mantenedora: PMSP","cd_equipamento":null,"nm_equipamento":"Anfiteatro do Centro de Culturas Negras Jabaquara","tx_endereco_equipamento":"Rua Arsênio Tavolieri, 45","nm_bairro_equipamento":"","cd_cep_equipamento":null,"tx_horario_funcionamento":null,"tx_numero_telefone":"(11) 5011-2421","cd_equipamento_base_origem":null}},{"type":"Feature","id":"equipamento_cultura_teatro_cinema_show_v3.40784","geometry":{"type":"Point","coordinates":[328169.4381,7390470.5965]},"geometry_name":"ge_ponto","properties":{"cd_identificador":40784,"cd_identificador_tema_equipamento":3,"nm_tema_equipamento":"CULTURA","cd_identificador_rede_equipamento":0,"nm_rede_equipamento":"SEM REDE","tx_rede_equipamento":"Sem descrição","cd_identificador_tipo_equipamento":8,"nm_tipo_equipamento":"Salas de Teatro ","tx_tipo_equipamento":"Salas de Teatro e Assentos","cd_identificador_classe_equipamento":4,"nm_classe_equipamento":"TEATRO-CINEMA-SHOW","tx_classe_equipamento":"TEATRO-CINEMA-SHOW","cd_identificador_esfera_administrativa_equipamento":1,"nm_esfera_administrativa_equipamento":"Municipal","tx_esfera_administrativa_equipamento":"Entidade mantenedora: PMSP","cd_equipamento":null,"nm_equipamento":"Teatro Décio de Almeida Prado - Centro Cultural Diversidade","tx_endereco_equipamento":"Rua Lopes Neto, 206","nm_bairro_equipamento":"","cd_cep_equipamento":null,"tx_horario_funcionamento":null,"tx_numero_telefone":"(11) 3079-3438","cd_equipamento_base_origem":null}},{"type":"Feature","id":"equipamento_cultura_teatro_cinema_show_v3.40785","geometry":{"type":"Point","coordinates":[332692.032,7395362.1323]},"geometry_name":"ge_ponto","properties":{"cd_identificador":40785,"cd_identificador_tema_equipamento":3,"nm_tema_equipamento":"CULTURA","cd_identificador_rede_equipamento":0,"nm_rede_equipamento":"SEM REDE","tx_rede_equipamento":"Sem descrição","cd_identificador_tipo_equipamento":7,"nm_tipo_equipamento":"Salas de Cinema ","tx_tipo_equipamento":"Salas de Cinema e Assentos","cd_identificador_classe_equipamento":4,"nm_classe_equipamento":"TEATRO-CINEMA-SHOW","tx_classe_equipamento":"TEATRO-CINEMA-SHOW","cd_identificador_esfera_administrativa_equipamento":1,"nm_esfera_administrativa_equipamento":"Municipal","tx_esfera_administrativa_equipamento":"Entidade mantenedora: PMSP","cd_equipamento":null,"nm_equipamento":"Sala Especial SPcine - Galeria Olido (fechado temporariamente)","tx_endereco_equipamento":"Avenida São João, 473","nm_bairro_equipamento":"","cd_cep_equipamento":null,"tx_horario_funcionamento":null,"tx_numero_telefone":"(11) 2899-7374","cd_equipamento_base_origem":null}},{"type":"Feature","id":"equipamento_cultura_teatro_cinema_show_v3.40786","geometry":{"type":"Point","coordinates":[332692.032,7395362.1323]},"geometry_name":"ge_ponto","properties":{"cd_identificador":40786,"cd_identificador_tema_equipamento":3,"nm_tema_equipamento":"CULTURA","cd_identificador_rede_equipamento":0,"nm_rede_equipamento":"SEM REDE","tx_rede_equipamento":"Sem descrição","cd_identificador_tipo_equipamento":8,"nm_tipo_equipamento":"Salas de Teatro ","tx_tipo_equipamento":"Salas de Teatro e Assentos","cd_identificador_classe_equipamento":4,"nm_classe_equipamento":"TEATRO-CINEMA-SHOW","tx_classe_equipamento":"TEATRO-CINEMA-SHOW","cd_identificador_esfera_administrativa_equipamento":1,"nm_esfera_administrativa_equipamento":"Municipal","tx_esfera_administrativa_equipamento":"Entidade mantenedora: PMSP","cd_equipamento":null,"nm_equipamento":"Sala Olido - Galeria Olido (fechado temporariamente)","tx_endereco_equipamento":"Avenida São João, 473","nm_bairro_equipamento":"","cd_cep_equipamento":null,"tx_horario_funcionamento":null,"tx_numero_telefone":"(11) 2899-7374","cd_equipamento_base_origem":null}},{"type":"Feature","id":"equipamento_cultura_teatro_cinema_show_v3.40787","geometry":{"type":"Point","coordinates":[332766.525,7395387.6937]},"geometry_name":"ge_ponto","properties":{"cd_identificador":40787,"cd_identificador_tema_equipamento":3,"nm_tema_equipamento":"CULTURA","cd_identificador_rede_equipamento":0,"nm_rede_equipamento":"SEM REDE","tx_rede_equipamento":"Sem descrição","cd_identificador_tipo_equipamento":8,"nm_tipo_equipamento":"Salas de Teatro ","tx_tipo_equipamento":"Salas de Teatro e Assentos","cd_identificador_classe_equipamento":4,"nm_classe_equipamento":"TEATRO-CINEMA-SHOW","tx_classe_equipamento":"TEATRO-CINEMA-SHOW","cd_identificador_esfera_administrativa_equipamento":1,"nm_esfera_administrativa_equipamento":"Municipal","tx_esfera_administrativa_equipamento":"Entidade mantenedora: PMSP","cd_equipamento":null,"nm_equipamento":"Sala Paissandu - Galeria Olido","tx_endereco_equipamento":"Avenida São João, 474","nm_bairro_equipamento":"","cd_cep_equipamento":null,"tx_horario_funcionamento":null,"tx_numero_telefone":null,"cd_equipamento_base_origem":null}},{"type":"Feature","id":"equipamento_cultura_teatro_cinema_show_v3.40788","geometry":{"type":"Point","coordinates":[327455.9343,7373941.9501]},"geometry_name":"ge_ponto","properties":{"cd_identificador":40788,"cd_identificador_tema_equipamento":3,"nm_tema_equipamento":"CULTURA","cd_identificador_rede_equipamento":0,"nm_rede_equipamento":"SEM REDE","tx_rede_equipamento":"Sem descrição","cd_identificador_tipo_equipamento":8,"nm_tipo_equipamento":"Salas de Teatro ","tx_tipo_equipamento":"Salas de Teatro e Assentos","cd_identificador_classe_equipamento":4,"nm_classe_equipamento":"TEATRO-CINEMA-SHOW","tx_classe_equipamento":"TEATRO-CINEMA-SHOW","cd_identificador_esfera_administrativa_equipamento":1,"nm_esfera_administrativa_equipamento":"Municipal","tx_esfera_administrativa_equipamento":"Entidade mantenedora: PMSP","cd_equipamento":null,"nm_equipamento":"Anfiteatro do Centro Cultural Grajaú","tx_endereco_equipamento":"Rua Professor Oscar Barreto Filho, 50","nm_bairro_equipamento":"","cd_cep_equipamento":null,"tx_horario_funcionamento":null,"tx_numero_telefone":"(11) 5925-4943","cd_equipamento_base_origem":null}},{"type":"Feature","id":"equipamento_cultura_teatro_cinema_show_v3.40789","geometry":{"type":"Point","coordinates":[327455.9343,7373941.9501]},"geometry_name":"ge_ponto","properties":{"cd_identificador":40789,"cd_identificador_tema_equipamento":3,"nm_tema_equipamento":"CULTURA","cd_identificador_rede_equipamento":0,"nm_rede_equipamento":"SEM REDE","tx_rede_equipamento":"Sem descrição","cd_identificador_tipo_equipamento":7,"nm_tipo_equipamento":"Salas de Cinema ","tx_tipo_equipamento":"Salas de Cinema e Assentos","cd_identificador_classe_equipamento":4,"nm_classe_equipamento":"TEATRO-CINEMA-SHOW","tx_classe_equipamento":"TEATRO-CINEMA-SHOW","cd_identificador_esfera_administrativa_equipamento":1,"nm_esfera_administrativa_equipamento":"Municipal","tx_esfera_administrativa_equipamento":"Entidade mantenedora: PMSP","cd_equipamento":null,"nm_equipamento":"Sala Especial SPcine - Cine Sabotage","tx_endereco_equipamento":"Rua Professor Oscar Barreto Filho, 50","nm_bairro_equipamento":"","cd_cep_equipamento":null,"tx_horario_funcionamento":null,"tx_numero_telefone":"(11) 5925-4943","cd_equipamento_base_origem":null}},{"type":"Feature","id":"equipamento_cultura_teatro_cinema_show_v3.40790","geometry":{"type":"Point","coordinates":[336488.8749,7390514.91]},"geometry_name":"ge_ponto","properties":{"cd_identificador":40790,"cd_identificador_tema_equipamento":3,"nm_tema_equipamento":"CULTURA","cd_identificador_rede_equipamento":0,"nm_rede_equipamento":"SEM REDE","tx_rede_equipamento":"Sem descrição","cd_identificador_tipo_equipamento":7,"nm_tipo_equipamento":"Salas de Cinema ","tx_tipo_equipamento":"Salas de Cinema e Assentos","cd_identificador_classe_equipamento":4,"nm_classe_equipamento":"TEATRO-CINEMA-SHOW","tx_classe_equipamento":"TEATRO-CINEMA-SHOW","cd_identificador_esfera_administrativa_equipamento":1,"nm_esfera_administrativa_equipamento":"Municipal","tx_esfera_administrativa_equipamento":"Entidade mantenedora: PMSP","cd_equipamento":null,"nm_equipamento":"Sala Especial SPcine - Roberto Santos","tx_endereco_equipamento":"Rua Cisplatina, 505","nm_bairro_equipamento":"","cd_cep_equipamento":null,"tx_horario_funcionamento":null,"tx_numero_telefone":"(11) 2273-2390 / (11) 2063-0901","cd_equipamento_base_origem":null}},{"type":"Feature","id":"equipamento_cultura_teatro_cinema_show_v3.40791","geometry":{"type":"Point","coordinates":[333118.9384,7381678.8598]},"geometry_name":"ge_ponto","properties":{"cd_identificador":40791,"cd_identificador_tema_equipamento":3,"nm_tema_equipamento":"CULTURA","cd_identificador_rede_equipamento":0,"nm_rede_equipamento":"SEM REDE","tx_rede_equipamento":"Sem descrição","cd_identificador_tipo_equipamento":7,"nm_tipo_equipamento":"Salas de Cinema ","tx_tipo_equipamento":"Salas de Cinema e Assentos","cd_identificador_classe_equipamento":4,"nm_classe_equipamento":"TEATRO-CINEMA-SHOW","tx_classe_equipamento":"TEATRO-CINEMA-SHOW","cd_identificador_esfera_administrativa_equipamento":1,"nm_esfera_administrativa_equipamento":"Municipal","tx_esfera_administrativa_equipamento":"Entidade mantenedora: PMSP","cd_equipamento":null,"nm_equipamento":"Salas Especiais SPcine - CEU Caminho do Mar","tx_endereco_equipamento":"Rua Engenheiro Armando de Arruda Pereira, 5241","nm_bairro_equipamento":"","cd_cep_equipamento":"04325-001","tx_horario_funcionamento":null,"tx_numero_telefone":"(11) 94111-1906","cd_equipamento_base_origem":null}},{"type":"Feature","id":"equipamento_cultura_teatro_cinema_show_v3.40792","geometry":{"type":"Point","coordinates":[347191.4291,7400441.568]},"geometry_name":"ge_ponto","properties":{"cd_identificador":40792,"cd_identificador_tema_equipamento":3,"nm_tema_equipamento":"CULTURA","cd_identificador_rede_equipamento":0,"nm_rede_equipamento":"SEM REDE","tx_rede_equipamento":"Sem descrição","cd_identificador_tipo_equipamento":7,"nm_tipo_equipamento":"Salas de Cinema ","tx_tipo_equipamento":"Salas de Cinema e Assentos","cd_identificador_classe_equipamento":4,"nm_classe_equipamento":"TEATRO-CINEMA-SHOW","tx_classe_equipamento":"TEATRO-CINEMA-SHOW","cd_identificador_esfera_administrativa_equipamento":1,"nm_esfera_administrativa_equipamento":"Municipal","tx_esfera_administrativa_equipamento":"Entidade mantenedora: PMSP","cd_equipamento":null,"nm_equipamento":"Salas Especiais SPcine - CEU Quinta do Sol","tx_endereco_equipamento":"Av. Luiz Imparato, 564","nm_bairro_equipamento":"","cd_cep_equipamento":"03819-160","tx_horario_funcionamento":null,"tx_numero_telefone":"(11) 94102-5823","cd_equipamento_base_origem":null}},{"type":"Feature","id":"equipamento_cultura_teatro_cinema_show_v3.40793","geometry":{"type":"Point","coordinates":[346579.4182,7392538.6089]},"geometry_name":"ge_ponto","properties":{"cd_identificador":40793,"cd_identificador_tema_equipamento":3,"nm_tema_equipamento":"CULTURA","cd_identificador_rede_equipamento":0,"nm_rede_equipamento":"SEM REDE","tx_rede_equipamento":"Sem descrição","cd_identificador_tipo_equipamento":7,"nm_tipo_equipamento":"Salas de Cinema ","tx_tipo_equipamento":"Salas de Cinema e Assentos","cd_identificador_classe_equipamento":4,"nm_classe_equipamento":"TEATRO-CINEMA-SHOW","tx_classe_equipamento":"TEATRO-CINEMA-SHOW","cd_identificador_esfera_administrativa_equipamento":1,"nm_esfera_administrativa_equipamento":"Municipal","tx_esfera_administrativa_equipamento":"Entidade mantenedora: PMSP","cd_equipamento":null,"nm_equipamento":"Salas Especiais SPcine - CEU Aricanduva","tx_endereco_equipamento":"Av. Olga Fadel Abarca, 5825","nm_bairro_equipamento":"","cd_cep_equipamento":null,"tx_horario_funcionamento":null,"tx_numero_telefone":"(11) 95630-9162","cd_equipamento_base_origem":null}},{"type":"Feature","id":"equipamento_cultura_teatro_cinema_show_v3.40794","geometry":{"type":"Point","coordinates":[358142.9359,7391529.5953]},"geometry_name":"ge_ponto","properties":{"cd_identificador":40794,"cd_identificador_tema_equipamento":3,"nm_tema_equipamento":"CULTURA","cd_identificador_rede_equipamento":0,"nm_rede_equipamento":"SEM REDE","tx_rede_equipamento":"Sem descrição","cd_identificador_tipo_equipamento":8,"nm_tipo_equipamento":"Salas de Teatro ","tx_tipo_equipamento":"Salas de Teatro e Assentos","cd_identificador_classe_equipamento":4,"nm_classe_equipamento":"TEATRO-CINEMA-SHOW","tx_classe_equipamento":"TEATRO-CINEMA-SHOW","cd_identificador_esfera_administrativa_equipamento":1,"nm_esfera_administrativa_equipamento":"Municipal","tx_esfera_administrativa_equipamento":"Entidade mantenedora: PMSP","cd_equipamento":null,"nm_equipamento":"Sala de Teatro do Centro de Formação Cultural da Cidade de Tiradentes","tx_endereco_equipamento":"R. Inácio Monteiro, 6900","nm_bairro_equipamento":"","cd_cep_equipamento":null,"tx_horario_funcionamento":null,"tx_numero_telefone":"(11) 2392-2011","cd_equipamento_base_origem":null}},{"type":"Feature","id":"equipamento_cultura_teatro_cinema_show_v3.40795","geometry":{"type":"Point","coordinates":[358142.9359,7391529.5953]},"geometry_name":"ge_ponto","properties":{"cd_identificador":40795,"cd_identificador_tema_equipamento":3,"nm_tema_equipamento":"CULTURA","cd_identificador_rede_equipamento":0,"nm_rede_equipamento":"SEM REDE","tx_rede_equipamento":"Sem descrição","cd_identificador_tipo_equipamento":7,"nm_tipo_equipamento":"Salas de Cinema ","tx_tipo_equipamento":"Salas de Cinema e Assentos","cd_identificador_classe_equipamento":4,"nm_classe_equipamento":"TEATRO-CINEMA-SHOW","tx_classe_equipamento":"TEATRO-CINEMA-SHOW","cd_identificador_esfera_administrativa_equipamento":1,"nm_esfera_administrativa_equipamento":"Municipal","tx_esfera_administrativa_equipamento":"Entidade mantenedora: PMSP","cd_equipamento":null,"nm_equipamento":"Sala Especial SPcine - Centro de Formação Cultural da Cidade de Tiradentes","tx_endereco_equipamento":"R. Inácio Monteiro, 6900","nm_bairro_equipamento":"","cd_cep_equipamento":null,"tx_horario_funcionamento":null,"tx_numero_telefone":null,"cd_equipamento_base_origem":null}},{"type":"Feature","id":"equipamento_cultura_teatro_cinema_show_v3.40796","geometry":{"type":"Point","coordinates":[344479.2823,7400196.156]},"geometry_name":"ge_ponto","properties":{"cd_identificador":40796,"cd_identificador_tema_equipamento":3,"nm_tema_equipamento":"CULTURA","cd_identificador_rede_equipamento":0,"nm_rede_equipamento":"SEM REDE","tx_rede_equipamento":"Sem descrição","cd_identificador_tipo_equipamento":8,"nm_tipo_equipamento":"Salas de Teatro ","tx_tipo_equipamento":"Salas de Teatro e Assentos","cd_identificador_classe_equipamento":4,"nm_classe_equipamento":"TEATRO-CINEMA-SHOW","tx_classe_equipamento":"TEATRO-CINEMA-SHOW","cd_identificador_esfera_administrativa_equipamento":1,"nm_esfera_administrativa_equipamento":"Municipal","tx_esfera_administrativa_equipamento":"Entidade mantenedora: PMSP","cd_equipamento":null,"nm_equipamento":"Teatro Flávio Império","tx_endereco_equipamento":"Rua Professor Alves Pedroso, 600","nm_bairro_equipamento":"","cd_cep_equipamento":null,"tx_horario_funcionamento":null,"tx_numero_telefone":"(11) 2621-2719","cd_equipamento_base_origem":null}},{"type":"Feature","id":"equipamento_cultura_teatro_cinema_show_v3.40797","geometry":{"type":"Point","coordinates":[332347.5273,7389446.3216]},"geometry_name":"ge_ponto","properties":{"cd_identificador":40797,"cd_identificador_tema_equipamento":3,"nm_tema_equipamento":"CULTURA","cd_identificador_rede_equipamento":0,"nm_rede_equipamento":"SEM REDE","tx_rede_equipamento":"Sem descrição","cd_identificador_tipo_equipamento":8,"nm_tipo_equipamento":"Salas de Teatro ","tx_tipo_equipamento":"Salas de Teatro e Assentos","cd_identificador_classe_equipamento":4,"nm_classe_equipamento":"TEATRO-CINEMA-SHOW","tx_classe_equipamento":"TEATRO-CINEMA-SHOW","cd_identificador_esfera_administrativa_equipamento":1,"nm_esfera_administrativa_equipamento":"Municipal","tx_esfera_administrativa_equipamento":"Entidade mantenedora: PMSP","cd_equipamento":null,"nm_equipamento":"Teatro João Caetano (fechado temporariamente)","tx_endereco_equipamento":"Rua Borges Lagoa, 650","nm_bairro_equipamento":"","cd_cep_equipamento":null,"tx_horario_funcionamento":null,"tx_numero_telefone":"(11) 5573-3774","cd_equipamento_base_origem":null}},{"type":"Feature","id":"equipamento_cultura_teatro_cinema_show_v3.40798","geometry":{"type":"Point","coordinates":[326794.2788,7397714.5809]},"geometry_name":"ge_ponto","properties":{"cd_identificador":40798,"cd_identificador_tema_equipamento":3,"nm_tema_equipamento":"CULTURA","cd_identificador_rede_equipamento":0,"nm_rede_equipamento":"SEM REDE","tx_rede_equipamento":"Sem descrição","cd_identificador_tipo_equipamento":8,"nm_tipo_equipamento":"Salas de Teatro ","tx_tipo_equipamento":"Salas de Teatro e Assentos","cd_identificador_classe_equipamento":4,"nm_classe_equipamento":"TEATRO-CINEMA-SHOW","tx_classe_equipamento":"TEATRO-CINEMA-SHOW","cd_identificador_esfera_administrativa_equipamento":1,"nm_esfera_administrativa_equipamento":"Municipal","tx_esfera_administrativa_equipamento":"Entidade mantenedora: PMSP","cd_equipamento":null,"nm_equipamento":"Anfiteatro do Centro Cultural Tendal da Lapa","tx_endereco_equipamento":"Rua Constança, 72","nm_bairro_equipamento":"","cd_cep_equipamento":null,"tx_horario_funcionamento":null,"tx_numero_telefone":"(11) 3862-1837","cd_equipamento_base_origem":null}},{"type":"Feature","id":"equipamento_cultura_teatro_cinema_show_v3.40799","geometry":{"type":"Point","coordinates":[326355.6801,7383843.7784]},"geometry_name":"ge_ponto","properties":{"cd_identificador":40799,"cd_identificador_tema_equipamento":3,"nm_tema_equipamento":"CULTURA","cd_identificador_rede_equipamento":0,"nm_rede_equipamento":"SEM REDE","tx_rede_equipamento":"Sem descrição","cd_identificador_tipo_equipamento":8,"nm_tipo_equipamento":"Salas de Teatro ","tx_tipo_equipamento":"Salas de Teatro e Assentos","cd_identificador_classe_equipamento":4,"nm_classe_equipamento":"TEATRO-CINEMA-SHOW","tx_classe_equipamento":"TEATRO-CINEMA-SHOW","cd_identificador_esfera_administrativa_equipamento":1,"nm_esfera_administrativa_equipamento":"Municipal","tx_esfera_administrativa_equipamento":"Entidade mantenedora: PMSP","cd_equipamento":null,"nm_equipamento":"Teatro Paulo Eiró","tx_endereco_equipamento":"Avenida Adolfo Pinheiro, 765","nm_bairro_equipamento":"","cd_cep_equipamento":null,"tx_horario_funcionamento":null,"tx_numero_telefone":"(11) 5686-8440","cd_equipamento_base_origem":null}},{"type":"Feature","id":"equipamento_cultura_teatro_cinema_show_v3.40800","geometry":{"type":"Point","coordinates":[319977.977,7402086.3407]},"geometry_name":"ge_ponto","properties":{"cd_identificador":40800,"cd_identificador_tema_equipamento":3,"nm_tema_equipamento":"CULTURA","cd_identificador_rede_equipamento":0,"nm_rede_equipamento":"SEM REDE","tx_rede_equipamento":"Sem descrição","cd_identificador_tipo_equipamento":7,"nm_tipo_equipamento":"Salas de Cinema ","tx_tipo_equipamento":"Salas de Cinema e Assentos","cd_identificador_classe_equipamento":4,"nm_classe_equipamento":"TEATRO-CINEMA-SHOW","tx_classe_equipamento":"TEATRO-CINEMA-SHOW","cd_identificador_esfera_administrativa_equipamento":1,"nm_esfera_administrativa_equipamento":"Municipal","tx_esfera_administrativa_equipamento":"Entidade mantenedora: PMSP","cd_equipamento":null,"nm_equipamento":"Salas Especiais SPcine - CEU Vila Atlântica","tx_endereco_equipamento":"Rua Coronel José Venâncio Dias, 840","nm_bairro_equipamento":"","cd_cep_equipamento":"05160-030","tx_horario_funcionamento":null,"tx_numero_telefone":"(11) 96920-7848","cd_equipamento_base_origem":null}},{"type":"Feature","id":"equipamento_cultura_teatro_cinema_show_v3.40801","geometry":{"type":"Point","coordinates":[337009.2571,7393237.1665]},"geometry_name":"ge_ponto","properties":{"cd_identificador":40801,"cd_identificador_tema_equipamento":3,"nm_tema_equipamento":"CULTURA","cd_identificador_rede_equipamento":0,"nm_rede_equipamento":"SEM REDE","tx_rede_equipamento":"Sem descrição","cd_identificador_tipo_equipamento":8,"nm_tipo_equipamento":"Salas de Teatro ","tx_tipo_equipamento":"Salas de Teatro e Assentos","cd_identificador_classe_equipamento":4,"nm_classe_equipamento":"TEATRO-CINEMA-SHOW","tx_classe_equipamento":"TEATRO-CINEMA-SHOW","cd_identificador_esfera_administrativa_equipamento":1,"nm_esfera_administrativa_equipamento":"Municipal","tx_esfera_administrativa_equipamento":"Entidade mantenedora: PMSP","cd_equipamento":null,"nm_equipamento":"Teatro Arthur Azevedo","tx_endereco_equipamento":"Avenida Paes de Barros, 955","nm_bairro_equipamento":"","cd_cep_equipamento":null,"tx_horario_funcionamento":null,"tx_numero_telefone":"(11) 2605-8007","cd_equipamento_base_origem":null}},{"type":"Feature","id":"equipamento_cultura_teatro_cinema_show_v3.40802","geometry":{"type":"Point","coordinates":[328728.4068,7370523.847]},"geometry_name":"ge_ponto","properties":{"cd_identificador":40802,"cd_identificador_tema_equipamento":3,"nm_tema_equipamento":"CULTURA","cd_identificador_rede_equipamento":0,"nm_rede_equipamento":"SEM REDE","tx_rede_equipamento":"Sem descrição","cd_identificador_tipo_equipamento":7,"nm_tipo_equipamento":"Salas de Cinema ","tx_tipo_equipamento":"Salas de Cinema e Assentos","cd_identificador_classe_equipamento":4,"nm_classe_equipamento":"TEATRO-CINEMA-SHOW","tx_classe_equipamento":"TEATRO-CINEMA-SHOW","cd_identificador_esfera_administrativa_equipamento":1,"nm_esfera_administrativa_equipamento":"Municipal","tx_esfera_administrativa_equipamento":"Entidade mantenedora: PMSP","cd_equipamento":null,"nm_equipamento":"Salas Especiais SPcine - CEU Três Lagos","tx_endereco_equipamento":"Av. Carlos Barbosa Santo, s/n","nm_bairro_equipamento":"","cd_cep_equipamento":null,"tx_horario_funcionamento":null,"tx_numero_telefone":"(11) 95610-1429","cd_equipamento_base_origem":null}},{"type":"Feature","id":"equipamento_cultura_teatro_cinema_show_v3.40803","geometry":{"type":"Point","coordinates":[332738.1831,7395167.0437]},"geometry_name":"ge_ponto","properties":{"cd_identificador":40803,"cd_identificador_tema_equipamento":3,"nm_tema_equipamento":"CULTURA","cd_identificador_rede_equipamento":0,"nm_rede_equipamento":"SEM REDE","tx_rede_equipamento":"Sem descrição","cd_identificador_tipo_equipamento":8,"nm_tipo_equipamento":"Salas de Teatro ","tx_tipo_equipamento":"Salas de Teatro e Assentos","cd_identificador_classe_equipamento":4,"nm_classe_equipamento":"TEATRO-CINEMA-SHOW","tx_classe_equipamento":"TEATRO-CINEMA-SHOW","cd_identificador_esfera_administrativa_equipamento":1,"nm_esfera_administrativa_equipamento":"Municipal","tx_esfera_administrativa_equipamento":"Entidade mantenedora: PMSP","cd_equipamento":null,"nm_equipamento":"Theatro Municipal de São Paulo","tx_endereco_equipamento":"Praça Ramos de Azevedo, s/n","nm_bairro_equipamento":"","cd_cep_equipamento":null,"tx_horario_funcionamento":null,"tx_numero_telefone":null,"cd_equipamento_base_origem":null}},{"type":"Feature","id":"equipamento_cultura_teatro_cinema_show_v3.40804","geometry":{"type":"Point","coordinates":[330958.4677,7390693.8431]},"geometry_name":"ge_ponto","properties":{"cd_identificador":40804,"cd_identificador_tema_equipamento":3,"nm_tema_equipamento":"CULTURA","cd_identificador_rede_equipamento":0,"nm_rede_equipamento":"SEM REDE","tx_rede_equipamento":"Sem descrição","cd_identificador_tipo_equipamento":8,"nm_tipo_equipamento":"Salas de Teatro ","tx_tipo_equipamento":"Salas de Teatro e Assentos","cd_identificador_classe_equipamento":4,"nm_classe_equipamento":"TEATRO-CINEMA-SHOW","tx_classe_equipamento":"TEATRO-CINEMA-SHOW","cd_identificador_esfera_administrativa_equipamento":1,"nm_esfera_administrativa_equipamento":"Municipal","tx_esfera_administrativa_equipamento":"Entidade mantenedora: PMSP","cd_equipamento":null,"nm_equipamento":"Auditório do Ibirapuera","tx_endereco_equipamento":"Rua Pedro Álvares Cabral, s/n","nm_bairro_equipamento":"","cd_cep_equipamento":null,"tx_horario_funcionamento":null,"tx_numero_telefone":null,"cd_equipamento_base_origem":null}}],"totalFeatures":410,"numberMatched":410,"numberReturned":410,"timeStamp":"2026-05-17T01:43:21.955Z","crs":{"type":"name","properties":{"name":"urn:ogc:def:crs:EPSG::31983"}}}