{"type":"FeatureCollection","features":[{"type":"Feature","id":"equipamento_saude_ubs_posto_centro_v2.120031","geometry":{"type":"Point","coordinates":[338714.702,7394301.385]},"geometry_name":"ge_ponto","properties":{"cd_identificador":120031,"cd_identificador_tema_equipamento":6,"nm_tema_equipamento":"SAUDE","cd_identificador_rede_equipamento":0,"nm_rede_equipamento":"SEM REDE","tx_rede_equipamento":"Sem descrição","cd_identificador_tipo_equipamento":45,"nm_tipo_equipamento":"Unidade Básica de Saúde","tx_tipo_equipamento":"Atendimento básico em Pediatria, Ginecologia, Clínica Geral, Enfermagem e Odontologia. Principais serviços oferecidos: consultas médicas, inalações, injeções, curativos, vacinas, coleta de exames laboratoriais, tratamento odontológico, encaminhamentos par","cd_identificador_classe_equipamento":5,"nm_classe_equipamento":"UBS/POSTO DE SAÚDE/CENTRO DE SAÚDE","tx_classe_equipamento":"O PRIMEIRO CONTATO DO PACIENTE COM O SUS.","cd_identificador_esfera_administrativa_equipamento":1,"nm_esfera_administrativa_equipamento":"Municipal","tx_esfera_administrativa_equipamento":"Administração municipal","cd_equipamento":"580","nm_equipamento":"AMA/UBS ÁGUA RASA - DR. MARCOS ANDRADE CORSATO","tx_endereco_equipamento":"R. SERRA DE JAIRE, 1480","nm_bairro_equipamento":"ÁGUA RASA","cd_cep_equipamento":"03175-001","tx_horario_funcionamento":null,"tx_numero_telefone":"2605-5307","cd_equipamento_base_origem":null}},{"type":"Feature","id":"equipamento_saude_ubs_posto_centro_v2.120032","geometry":{"type":"Point","coordinates":[350002.697,7397919.976]},"geometry_name":"ge_ponto","properties":{"cd_identificador":120032,"cd_identificador_tema_equipamento":6,"nm_tema_equipamento":"SAUDE","cd_identificador_rede_equipamento":0,"nm_rede_equipamento":"SEM REDE","tx_rede_equipamento":"Sem descrição","cd_identificador_tipo_equipamento":45,"nm_tipo_equipamento":"Unidade Básica de Saúde","tx_tipo_equipamento":"Atendimento básico em Pediatria, Ginecologia, Clínica Geral, Enfermagem e Odontologia. Principais serviços oferecidos: consultas médicas, inalações, injeções, curativos, vacinas, coleta de exames laboratoriais, tratamento odontológico, encaminhamentos par","cd_identificador_classe_equipamento":5,"nm_classe_equipamento":"UBS/POSTO DE SAÚDE/CENTRO DE SAÚDE","tx_classe_equipamento":"O PRIMEIRO CONTATO DO PACIENTE COM O SUS.","cd_identificador_esfera_administrativa_equipamento":1,"nm_esfera_administrativa_equipamento":"Municipal","tx_esfera_administrativa_equipamento":"Administração municipal","cd_equipamento":"429","nm_equipamento":"AMA/UBS AGUIA DE HAIA","tx_endereco_equipamento":"R. TANTAS PALAVRAS, 59","nm_bairro_equipamento":"COHAB ÁGUIA DE HAIA","cd_cep_equipamento":"08223-510","tx_horario_funcionamento":null,"tx_numero_telefone":"3756-3264","cd_equipamento_base_origem":null}},{"type":"Feature","id":"equipamento_saude_ubs_posto_centro_v2.120033","geometry":{"type":"Point","coordinates":[332320.555,7381898.805]},"geometry_name":"ge_ponto","properties":{"cd_identificador":120033,"cd_identificador_tema_equipamento":6,"nm_tema_equipamento":"SAUDE","cd_identificador_rede_equipamento":0,"nm_rede_equipamento":"SEM REDE","tx_rede_equipamento":"Sem descrição","cd_identificador_tipo_equipamento":45,"nm_tipo_equipamento":"Unidade Básica de Saúde","tx_tipo_equipamento":"Atendimento básico em Pediatria, Ginecologia, Clínica Geral, Enfermagem e Odontologia. Principais serviços oferecidos: consultas médicas, inalações, injeções, curativos, vacinas, coleta de exames laboratoriais, tratamento odontológico, encaminhamentos par","cd_identificador_classe_equipamento":5,"nm_classe_equipamento":"UBS/POSTO DE SAÚDE/CENTRO DE SAÚDE","tx_classe_equipamento":"O PRIMEIRO CONTATO DO PACIENTE COM O SUS.","cd_identificador_esfera_administrativa_equipamento":1,"nm_esfera_administrativa_equipamento":"Municipal","tx_esfera_administrativa_equipamento":"Administração municipal","cd_equipamento":"464","nm_equipamento":"AMA/UBS AMERICANOPOLIS","tx_endereco_equipamento":"R. CIDADE DE SANTOS, 46","nm_bairro_equipamento":"AMERICANÓPOLIS","cd_cep_equipamento":"04336-050","tx_horario_funcionamento":null,"tx_numero_telefone":"5562-1476","cd_equipamento_base_origem":null}},{"type":"Feature","id":"equipamento_saude_ubs_posto_centro_v2.120034","geometry":{"type":"Point","coordinates":[320353.04,7401235.976]},"geometry_name":"ge_ponto","properties":{"cd_identificador":120034,"cd_identificador_tema_equipamento":6,"nm_tema_equipamento":"SAUDE","cd_identificador_rede_equipamento":0,"nm_rede_equipamento":"SEM REDE","tx_rede_equipamento":"Sem descrição","cd_identificador_tipo_equipamento":45,"nm_tipo_equipamento":"Unidade Básica de Saúde","tx_tipo_equipamento":"Atendimento básico em Pediatria, Ginecologia, Clínica Geral, Enfermagem e Odontologia. Principais serviços oferecidos: consultas médicas, inalações, injeções, curativos, vacinas, coleta de exames laboratoriais, tratamento odontológico, encaminhamentos par","cd_identificador_classe_equipamento":5,"nm_classe_equipamento":"UBS/POSTO DE SAÚDE/CENTRO DE SAÚDE","tx_classe_equipamento":"O PRIMEIRO CONTATO DO PACIENTE COM O SUS.","cd_identificador_esfera_administrativa_equipamento":1,"nm_esfera_administrativa_equipamento":"Municipal","tx_esfera_administrativa_equipamento":"Administração municipal","cd_equipamento":"763","nm_equipamento":"AMA/UBS ANHANGUERA","tx_endereco_equipamento":"R. MARCELA ALVES DE CASSIA, 175","nm_bairro_equipamento":"JARDIM JARAGUÁ","cd_cep_equipamento":"05158-400","tx_horario_funcionamento":null,"tx_numero_telefone":"3904-8999","cd_equipamento_base_origem":null}},{"type":"Feature","id":"equipamento_saude_ubs_posto_centro_v2.120035","geometry":{"type":"Point","coordinates":[344704.413,7399701.174]},"geometry_name":"ge_ponto","properties":{"cd_identificador":120035,"cd_identificador_tema_equipamento":6,"nm_tema_equipamento":"SAUDE","cd_identificador_rede_equipamento":0,"nm_rede_equipamento":"SEM REDE","tx_rede_equipamento":"Sem descrição","cd_identificador_tipo_equipamento":45,"nm_tipo_equipamento":"Unidade Básica de Saúde","tx_tipo_equipamento":"Atendimento básico em Pediatria, Ginecologia, Clínica Geral, Enfermagem e Odontologia. Principais serviços oferecidos: consultas médicas, inalações, injeções, curativos, vacinas, coleta de exames laboratoriais, tratamento odontológico, encaminhamentos par","cd_identificador_classe_equipamento":5,"nm_classe_equipamento":"UBS/POSTO DE SAÚDE/CENTRO DE SAÚDE","tx_classe_equipamento":"O PRIMEIRO CONTATO DO PACIENTE COM O SUS.","cd_identificador_esfera_administrativa_equipamento":1,"nm_esfera_administrativa_equipamento":"Municipal","tx_esfera_administrativa_equipamento":"Administração municipal","cd_equipamento":"648","nm_equipamento":"AMA/UBS CANGAÍBA - DR. CARLOS GENTILE DE MELLO","tx_endereco_equipamento":"AV. CANGAIBA, 3722","nm_bairro_equipamento":"CANGAÍBA","cd_cep_equipamento":"03712-000","tx_horario_funcionamento":null,"tx_numero_telefone":"2621-6523","cd_equipamento_base_origem":null}},{"type":"Feature","id":"equipamento_saude_ubs_posto_centro_v2.120036","geometry":{"type":"Point","coordinates":[343676.805,7398777.15]},"geometry_name":"ge_ponto","properties":{"cd_identificador":120036,"cd_identificador_tema_equipamento":6,"nm_tema_equipamento":"SAUDE","cd_identificador_rede_equipamento":0,"nm_rede_equipamento":"SEM REDE","tx_rede_equipamento":"Sem descrição","cd_identificador_tipo_equipamento":45,"nm_tipo_equipamento":"Unidade Básica de Saúde","tx_tipo_equipamento":"Atendimento básico em Pediatria, Ginecologia, Clínica Geral, Enfermagem e Odontologia. Principais serviços oferecidos: consultas médicas, inalações, injeções, curativos, vacinas, coleta de exames laboratoriais, tratamento odontológico, encaminhamentos par","cd_identificador_classe_equipamento":5,"nm_classe_equipamento":"UBS/POSTO DE SAÚDE/CENTRO DE SAÚDE","tx_classe_equipamento":"O PRIMEIRO CONTATO DO PACIENTE COM O SUS.","cd_identificador_esfera_administrativa_equipamento":1,"nm_esfera_administrativa_equipamento":"Municipal","tx_esfera_administrativa_equipamento":"Administração municipal","cd_equipamento":"650","nm_equipamento":"AMA/UBS CHACARA CRUZEIRO DO SUL - ZELIA L M DORO","tx_endereco_equipamento":"R. MERCEDES LOPES, 986","nm_bairro_equipamento":"VILA SANTANA","cd_cep_equipamento":"03614-000","tx_horario_funcionamento":null,"tx_numero_telefone":"2641-5130","cd_equipamento_base_origem":null}},{"type":"Feature","id":"equipamento_saude_ubs_posto_centro_v2.120037","geometry":{"type":"Point","coordinates":[332947.127,7383312.592]},"geometry_name":"ge_ponto","properties":{"cd_identificador":120037,"cd_identificador_tema_equipamento":6,"nm_tema_equipamento":"SAUDE","cd_identificador_rede_equipamento":0,"nm_rede_equipamento":"SEM REDE","tx_rede_equipamento":"Sem descrição","cd_identificador_tipo_equipamento":45,"nm_tipo_equipamento":"Unidade Básica de Saúde","tx_tipo_equipamento":"Atendimento básico em Pediatria, Ginecologia, Clínica Geral, Enfermagem e Odontologia. Principais serviços oferecidos: consultas médicas, inalações, injeções, curativos, vacinas, coleta de exames laboratoriais, tratamento odontológico, encaminhamentos par","cd_identificador_classe_equipamento":5,"nm_classe_equipamento":"UBS/POSTO DE SAÚDE/CENTRO DE SAÚDE","tx_classe_equipamento":"O PRIMEIRO CONTATO DO PACIENTE COM O SUS.","cd_identificador_esfera_administrativa_equipamento":1,"nm_esfera_administrativa_equipamento":"Municipal","tx_esfera_administrativa_equipamento":"Administração municipal","cd_equipamento":"470","nm_equipamento":"AMA/UBS DR. GERALDO DA SILVA FERREIRA","tx_endereco_equipamento":"AV. ENG ARMANDO DE ARRUDA PEREIRA, 2944","nm_bairro_equipamento":"VILA DO ENCONTRO","cd_cep_equipamento":"04308-001","tx_horario_funcionamento":null,"tx_numero_telefone":"5588-2366","cd_equipamento_base_origem":null}},{"type":"Feature","id":"equipamento_saude_ubs_posto_centro_v2.120038","geometry":{"type":"Point","coordinates":[324876.651,7406030.352]},"geometry_name":"ge_ponto","properties":{"cd_identificador":120038,"cd_identificador_tema_equipamento":6,"nm_tema_equipamento":"SAUDE","cd_identificador_rede_equipamento":0,"nm_rede_equipamento":"SEM REDE","tx_rede_equipamento":"Sem descrição","cd_identificador_tipo_equipamento":45,"nm_tipo_equipamento":"Unidade Básica de Saúde","tx_tipo_equipamento":"Atendimento básico em Pediatria, Ginecologia, Clínica Geral, Enfermagem e Odontologia. Principais serviços oferecidos: consultas médicas, inalações, injeções, curativos, vacinas, coleta de exames laboratoriais, tratamento odontológico, encaminhamentos par","cd_identificador_classe_equipamento":5,"nm_classe_equipamento":"UBS/POSTO DE SAÚDE/CENTRO DE SAÚDE","tx_classe_equipamento":"O PRIMEIRO CONTATO DO PACIENTE COM O SUS.","cd_identificador_esfera_administrativa_equipamento":1,"nm_esfera_administrativa_equipamento":"Municipal","tx_esfera_administrativa_equipamento":"Administração municipal","cd_equipamento":"734","nm_equipamento":"AMA/UBS ELISIO TEIXEIRA LEITE","tx_endereco_equipamento":"R. JOÃO AMADO COUTINHO, 400","nm_bairro_equipamento":"JARAGUÁ","cd_cep_equipamento":"02815-000","tx_horario_funcionamento":null,"tx_numero_telefone":"3972-0333","cd_equipamento_base_origem":null}},{"type":"Feature","id":"equipamento_saude_ubs_posto_centro_v2.120039","geometry":{"type":"Point","coordinates":[355244.733,7393198.08]},"geometry_name":"ge_ponto","properties":{"cd_identificador":120039,"cd_identificador_tema_equipamento":6,"nm_tema_equipamento":"SAUDE","cd_identificador_rede_equipamento":0,"nm_rede_equipamento":"SEM REDE","tx_rede_equipamento":"Sem descrição","cd_identificador_tipo_equipamento":45,"nm_tipo_equipamento":"Unidade Básica de Saúde","tx_tipo_equipamento":"Atendimento básico em Pediatria, Ginecologia, Clínica Geral, Enfermagem e Odontologia. Principais serviços oferecidos: consultas médicas, inalações, injeções, curativos, vacinas, coleta de exames laboratoriais, tratamento odontológico, encaminhamentos par","cd_identificador_classe_equipamento":5,"nm_classe_equipamento":"UBS/POSTO DE SAÚDE/CENTRO DE SAÚDE","tx_classe_equipamento":"O PRIMEIRO CONTATO DO PACIENTE COM O SUS.","cd_identificador_esfera_administrativa_equipamento":1,"nm_esfera_administrativa_equipamento":"Municipal","tx_esfera_administrativa_equipamento":"Administração municipal","cd_equipamento":"221","nm_equipamento":"AMA/UBS FAZENDA DO CARMO","tx_endereco_equipamento":"R. FRANCISCO CARDOSO JR., 10","nm_bairro_equipamento":"CIDADE TIRADENTES","cd_cep_equipamento":"08421-105","tx_horario_funcionamento":null,"tx_numero_telefone":"2556-7600 / 2518-2152","cd_equipamento_base_origem":null}},{"type":"Feature","id":"equipamento_saude_ubs_posto_centro_v2.120040","geometry":{"type":"Point","coordinates":[322680.006,7379930.072]},"geometry_name":"ge_ponto","properties":{"cd_identificador":120040,"cd_identificador_tema_equipamento":6,"nm_tema_equipamento":"SAUDE","cd_identificador_rede_equipamento":0,"nm_rede_equipamento":"SEM REDE","tx_rede_equipamento":"Sem descrição","cd_identificador_tipo_equipamento":45,"nm_tipo_equipamento":"Unidade Básica de Saúde","tx_tipo_equipamento":"Atendimento básico em Pediatria, Ginecologia, Clínica Geral, Enfermagem e Odontologia. Principais serviços oferecidos: consultas médicas, inalações, injeções, curativos, vacinas, coleta de exames laboratoriais, tratamento odontológico, encaminhamentos par","cd_identificador_classe_equipamento":5,"nm_classe_equipamento":"UBS/POSTO DE SAÚDE/CENTRO DE SAÚDE","tx_classe_equipamento":"O PRIMEIRO CONTATO DO PACIENTE COM O SUS.","cd_identificador_esfera_administrativa_equipamento":1,"nm_esfera_administrativa_equipamento":"Municipal","tx_esfera_administrativa_equipamento":"Administração municipal","cd_equipamento":"566","nm_equipamento":"AMA/UBS JARDIM ALFREDO","tx_endereco_equipamento":"R. DINAR, 51","nm_bairro_equipamento":"JD ALFREDO","cd_cep_equipamento":"04913-120","tx_horario_funcionamento":null,"tx_numero_telefone":"5514-6355","cd_equipamento_base_origem":null}},{"type":"Feature","id":"equipamento_saude_ubs_posto_centro_v2.120041","geometry":{"type":"Point","coordinates":[338982.257,7401787.212]},"geometry_name":"ge_ponto","properties":{"cd_identificador":120041,"cd_identificador_tema_equipamento":6,"nm_tema_equipamento":"SAUDE","cd_identificador_rede_equipamento":0,"nm_rede_equipamento":"SEM REDE","tx_rede_equipamento":"Sem descrição","cd_identificador_tipo_equipamento":45,"nm_tipo_equipamento":"Unidade Básica de Saúde","tx_tipo_equipamento":"Atendimento básico em Pediatria, Ginecologia, Clínica Geral, Enfermagem e Odontologia. Principais serviços oferecidos: consultas médicas, inalações, injeções, curativos, vacinas, coleta de exames laboratoriais, tratamento odontológico, encaminhamentos par","cd_identificador_classe_equipamento":5,"nm_classe_equipamento":"UBS/POSTO DE SAÚDE/CENTRO DE SAÚDE","tx_classe_equipamento":"O PRIMEIRO CONTATO DO PACIENTE COM O SUS.","cd_identificador_esfera_administrativa_equipamento":1,"nm_esfera_administrativa_equipamento":"Municipal","tx_esfera_administrativa_equipamento":"Administração municipal","cd_equipamento":"1010","nm_equipamento":"AMA/UBS JARDIM BRASIL","tx_endereco_equipamento":"R. FRANCISCO PEIXOTO BEZERRA, 400","nm_bairro_equipamento":"JARDIM BRASIL","cd_cep_equipamento":"02222-010","tx_horario_funcionamento":null,"tx_numero_telefone":"3475-8851","cd_equipamento_base_origem":null}},{"type":"Feature","id":"equipamento_saude_ubs_posto_centro_v2.120042","geometry":{"type":"Point","coordinates":[347723.458,7394275.326]},"geometry_name":"ge_ponto","properties":{"cd_identificador":120042,"cd_identificador_tema_equipamento":6,"nm_tema_equipamento":"SAUDE","cd_identificador_rede_equipamento":0,"nm_rede_equipamento":"SEM REDE","tx_rede_equipamento":"Sem descrição","cd_identificador_tipo_equipamento":45,"nm_tipo_equipamento":"Unidade Básica de Saúde","tx_tipo_equipamento":"Atendimento básico em Pediatria, Ginecologia, Clínica Geral, Enfermagem e Odontologia. Principais serviços oferecidos: consultas médicas, inalações, injeções, curativos, vacinas, coleta de exames laboratoriais, tratamento odontológico, encaminhamentos par","cd_identificador_classe_equipamento":5,"nm_classe_equipamento":"UBS/POSTO DE SAÚDE/CENTRO DE SAÚDE","tx_classe_equipamento":"O PRIMEIRO CONTATO DO PACIENTE COM O SUS.","cd_identificador_esfera_administrativa_equipamento":1,"nm_esfera_administrativa_equipamento":"Municipal","tx_esfera_administrativa_equipamento":"Administração municipal","cd_equipamento":"406","nm_equipamento":"AMA/UBS JARDIM BRASILIA","tx_endereco_equipamento":"AV. OSVALDO VALLE CORDEIRO, 245","nm_bairro_equipamento":"JD BRASILIA","cd_cep_equipamento":"03584-000","tx_horario_funcionamento":null,"tx_numero_telefone":"2741-6938 / 2743-9476","cd_equipamento_base_origem":null}},{"type":"Feature","id":"equipamento_saude_ubs_posto_centro_v2.120043","geometry":{"type":"Point","coordinates":[317665.115,7374466.653]},"geometry_name":"ge_ponto","properties":{"cd_identificador":120043,"cd_identificador_tema_equipamento":6,"nm_tema_equipamento":"SAUDE","cd_identificador_rede_equipamento":0,"nm_rede_equipamento":"SEM REDE","tx_rede_equipamento":"Sem descrição","cd_identificador_tipo_equipamento":45,"nm_tipo_equipamento":"Unidade Básica de Saúde","tx_tipo_equipamento":"Atendimento básico em Pediatria, Ginecologia, Clínica Geral, Enfermagem e Odontologia. Principais serviços oferecidos: consultas médicas, inalações, injeções, curativos, vacinas, coleta de exames laboratoriais, tratamento odontológico, encaminhamentos par","cd_identificador_classe_equipamento":5,"nm_classe_equipamento":"UBS/POSTO DE SAÚDE/CENTRO DE SAÚDE","tx_classe_equipamento":"O PRIMEIRO CONTATO DO PACIENTE COM O SUS.","cd_identificador_esfera_administrativa_equipamento":1,"nm_esfera_administrativa_equipamento":"Municipal","tx_esfera_administrativa_equipamento":"Administração municipal","cd_equipamento":"532","nm_equipamento":"AMA/UBS JARDIM CAPELA","tx_endereco_equipamento":"R. BARAO DE PAIVA MANSO, 200","nm_bairro_equipamento":"JARDIM CAPELA","cd_cep_equipamento":"04960-110","tx_horario_funcionamento":null,"tx_numero_telefone":"5896-1143","cd_equipamento_base_origem":null}},{"type":"Feature","id":"equipamento_saude_ubs_posto_centro_v2.120044","geometry":{"type":"Point","coordinates":[328119.574,7373258.532]},"geometry_name":"ge_ponto","properties":{"cd_identificador":120044,"cd_identificador_tema_equipamento":6,"nm_tema_equipamento":"SAUDE","cd_identificador_rede_equipamento":0,"nm_rede_equipamento":"SEM REDE","tx_rede_equipamento":"Sem descrição","cd_identificador_tipo_equipamento":45,"nm_tipo_equipamento":"Unidade Básica de Saúde","tx_tipo_equipamento":"Atendimento básico em Pediatria, Ginecologia, Clínica Geral, Enfermagem e Odontologia. Principais serviços oferecidos: consultas médicas, inalações, injeções, curativos, vacinas, coleta de exames laboratoriais, tratamento odontológico, encaminhamentos par","cd_identificador_classe_equipamento":5,"nm_classe_equipamento":"UBS/POSTO DE SAÚDE/CENTRO DE SAÚDE","tx_classe_equipamento":"O PRIMEIRO CONTATO DO PACIENTE COM O SUS.","cd_identificador_esfera_administrativa_equipamento":1,"nm_esfera_administrativa_equipamento":"Municipal","tx_esfera_administrativa_equipamento":"Administração municipal","cd_equipamento":"152","nm_equipamento":"AMA/UBS JARDIM CASTRO ALVES - DRA MARIA CRISTINA F","tx_endereco_equipamento":"AV. JOÃO PAULO BARRETO, 131","nm_bairro_equipamento":"JD CASTRO ALVES","cd_cep_equipamento":"04842-150","tx_horario_funcionamento":null,"tx_numero_telefone":"5971-2157","cd_equipamento_base_origem":null}},{"type":"Feature","id":"equipamento_saude_ubs_posto_centro_v2.120045","geometry":{"type":"Point","coordinates":[351778.857,7388317.546]},"geometry_name":"ge_ponto","properties":{"cd_identificador":120045,"cd_identificador_tema_equipamento":6,"nm_tema_equipamento":"SAUDE","cd_identificador_rede_equipamento":0,"nm_rede_equipamento":"SEM REDE","tx_rede_equipamento":"Sem descrição","cd_identificador_tipo_equipamento":45,"nm_tipo_equipamento":"Unidade Básica de Saúde","tx_tipo_equipamento":"Atendimento básico em Pediatria, Ginecologia, Clínica Geral, Enfermagem e Odontologia. Principais serviços oferecidos: consultas médicas, inalações, injeções, curativos, vacinas, coleta de exames laboratoriais, tratamento odontológico, encaminhamentos par","cd_identificador_classe_equipamento":5,"nm_classe_equipamento":"UBS/POSTO DE SAÚDE/CENTRO DE SAÚDE","tx_classe_equipamento":"O PRIMEIRO CONTATO DO PACIENTE COM O SUS.","cd_identificador_esfera_administrativa_equipamento":1,"nm_esfera_administrativa_equipamento":"Municipal","tx_esfera_administrativa_equipamento":"Administração municipal","cd_equipamento":"827","nm_equipamento":"AMA/UBS JARDIM DA CONQUISTA III","tx_endereco_equipamento":"TRAVESSA SOMOS TODOS IGUAIS, 330","nm_bairro_equipamento":"SÃO MATEUS","cd_cep_equipamento":"08343-000","tx_horario_funcionamento":null,"tx_numero_telefone":"2736-7092 / 2736-2079","cd_equipamento_base_origem":null}},{"type":"Feature","id":"equipamento_saude_ubs_posto_centro_v2.120046","geometry":{"type":"Point","coordinates":[354096.967,7388901.599]},"geometry_name":"ge_ponto","properties":{"cd_identificador":120046,"cd_identificador_tema_equipamento":6,"nm_tema_equipamento":"SAUDE","cd_identificador_rede_equipamento":0,"nm_rede_equipamento":"SEM REDE","tx_rede_equipamento":"Sem descrição","cd_identificador_tipo_equipamento":45,"nm_tipo_equipamento":"Unidade Básica de Saúde","tx_tipo_equipamento":"Atendimento básico em Pediatria, Ginecologia, Clínica Geral, Enfermagem e Odontologia. Principais serviços oferecidos: consultas médicas, inalações, injeções, curativos, vacinas, coleta de exames laboratoriais, tratamento odontológico, encaminhamentos par","cd_identificador_classe_equipamento":5,"nm_classe_equipamento":"UBS/POSTO DE SAÚDE/CENTRO DE SAÚDE","tx_classe_equipamento":"O PRIMEIRO CONTATO DO PACIENTE COM O SUS.","cd_identificador_esfera_administrativa_equipamento":1,"nm_esfera_administrativa_equipamento":"Municipal","tx_esfera_administrativa_equipamento":"Administração municipal","cd_equipamento":"829","nm_equipamento":"AMA/UBS JARDIM DAS LARANJEIRAS","tx_endereco_equipamento":"R. BENTO GUELFI, 1100","nm_bairro_equipamento":"JD DA LARANJEIRAS","cd_cep_equipamento":"08381-001","tx_horario_funcionamento":null,"tx_numero_telefone":"2731-7252","cd_equipamento_base_origem":null}},{"type":"Feature","id":"equipamento_saude_ubs_posto_centro_v2.120047","geometry":{"type":"Point","coordinates":[359041.761,7400981.291]},"geometry_name":"ge_ponto","properties":{"cd_identificador":120047,"cd_identificador_tema_equipamento":6,"nm_tema_equipamento":"SAUDE","cd_identificador_rede_equipamento":0,"nm_rede_equipamento":"SEM REDE","tx_rede_equipamento":"Sem descrição","cd_identificador_tipo_equipamento":45,"nm_tipo_equipamento":"Unidade Básica de Saúde","tx_tipo_equipamento":"Atendimento básico em Pediatria, Ginecologia, Clínica Geral, Enfermagem e Odontologia. Principais serviços oferecidos: consultas médicas, inalações, injeções, curativos, vacinas, coleta de exames laboratoriais, tratamento odontológico, encaminhamentos par","cd_identificador_classe_equipamento":5,"nm_classe_equipamento":"UBS/POSTO DE SAÚDE/CENTRO DE SAÚDE","tx_classe_equipamento":"O PRIMEIRO CONTATO DO PACIENTE COM O SUS.","cd_identificador_esfera_administrativa_equipamento":1,"nm_esfera_administrativa_equipamento":"Municipal","tx_esfera_administrativa_equipamento":"Administração municipal","cd_equipamento":"388","nm_equipamento":"AMA/UBS JARDIM DAS OLIVEIRAS","tx_endereco_equipamento":"R. JOSÉ DA CRUZ CAMARGO, 174","nm_bairro_equipamento":"ITAIM PAULISTA","cd_cep_equipamento":"08122-100","tx_horario_funcionamento":null,"tx_numero_telefone":"2572-0367","cd_equipamento_base_origem":null}},{"type":"Feature","id":"equipamento_saude_ubs_posto_centro_v2.120048","geometry":{"type":"Point","coordinates":[346035.695,7386892.571]},"geometry_name":"ge_ponto","properties":{"cd_identificador":120048,"cd_identificador_tema_equipamento":6,"nm_tema_equipamento":"SAUDE","cd_identificador_rede_equipamento":0,"nm_rede_equipamento":"SEM REDE","tx_rede_equipamento":"Sem descrição","cd_identificador_tipo_equipamento":45,"nm_tipo_equipamento":"Unidade Básica de Saúde","tx_tipo_equipamento":"Atendimento básico em Pediatria, Ginecologia, Clínica Geral, Enfermagem e Odontologia. Principais serviços oferecidos: consultas médicas, inalações, injeções, curativos, vacinas, coleta de exames laboratoriais, tratamento odontológico, encaminhamentos par","cd_identificador_classe_equipamento":5,"nm_classe_equipamento":"UBS/POSTO DE SAÚDE/CENTRO DE SAÚDE","tx_classe_equipamento":"O PRIMEIRO CONTATO DO PACIENTE COM O SUS.","cd_identificador_esfera_administrativa_equipamento":1,"nm_esfera_administrativa_equipamento":"Municipal","tx_esfera_administrativa_equipamento":"Administração municipal","cd_equipamento":"918","nm_equipamento":"AMA/UBS JARDIM ELBA - HUMBERTO GASTÃO BODRA","tx_endereco_equipamento":"R. BATISTA FERGUSIO, 1016","nm_bairro_equipamento":"VILA CARDOSO FRANCO","cd_cep_equipamento":"03978-180","tx_horario_funcionamento":null,"tx_numero_telefone":"2704-8997","cd_equipamento_base_origem":null}},{"type":"Feature","id":"equipamento_saude_ubs_posto_centro_v2.120049","geometry":{"type":"Point","coordinates":[345275.784,7390127.097]},"geometry_name":"ge_ponto","properties":{"cd_identificador":120049,"cd_identificador_tema_equipamento":6,"nm_tema_equipamento":"SAUDE","cd_identificador_rede_equipamento":0,"nm_rede_equipamento":"SEM REDE","tx_rede_equipamento":"Sem descrição","cd_identificador_tipo_equipamento":45,"nm_tipo_equipamento":"Unidade Básica de Saúde","tx_tipo_equipamento":"Atendimento básico em Pediatria, Ginecologia, Clínica Geral, Enfermagem e Odontologia. Principais serviços oferecidos: consultas médicas, inalações, injeções, curativos, vacinas, coleta de exames laboratoriais, tratamento odontológico, encaminhamentos par","cd_identificador_classe_equipamento":5,"nm_classe_equipamento":"UBS/POSTO DE SAÚDE/CENTRO DE SAÚDE","tx_classe_equipamento":"O PRIMEIRO CONTATO DO PACIENTE COM O SUS.","cd_identificador_esfera_administrativa_equipamento":1,"nm_esfera_administrativa_equipamento":"Municipal","tx_esfera_administrativa_equipamento":"Administração municipal","cd_equipamento":"910","nm_equipamento":"AMA/UBS JARDIM GRIMALDI","tx_endereco_equipamento":"R. PEDRO DE CASTRO VELHO, 523","nm_bairro_equipamento":"VILA BANCÁRIA","cd_cep_equipamento":"03921-000","tx_horario_funcionamento":null,"tx_numero_telefone":"2216-8076","cd_equipamento_base_origem":null}},{"type":"Feature","id":"equipamento_saude_ubs_posto_centro_v2.120050","geometry":{"type":"Point","coordinates":[340795.931,7390450.955]},"geometry_name":"ge_ponto","properties":{"cd_identificador":120050,"cd_identificador_tema_equipamento":6,"nm_tema_equipamento":"SAUDE","cd_identificador_rede_equipamento":0,"nm_rede_equipamento":"SEM REDE","tx_rede_equipamento":"Sem descrição","cd_identificador_tipo_equipamento":45,"nm_tipo_equipamento":"Unidade Básica de Saúde","tx_tipo_equipamento":"Atendimento básico em Pediatria, Ginecologia, Clínica Geral, Enfermagem e Odontologia. Principais serviços oferecidos: consultas médicas, inalações, injeções, curativos, vacinas, coleta de exames laboratoriais, tratamento odontológico, encaminhamentos par","cd_identificador_classe_equipamento":5,"nm_classe_equipamento":"UBS/POSTO DE SAÚDE/CENTRO DE SAÚDE","tx_classe_equipamento":"O PRIMEIRO CONTATO DO PACIENTE COM O SUS.","cd_identificador_esfera_administrativa_equipamento":1,"nm_esfera_administrativa_equipamento":"Municipal","tx_esfera_administrativa_equipamento":"Administração municipal","cd_equipamento":"1050","nm_equipamento":"AMA/UBS JARDIM INDEPENDÊNCIA - HERMENEGILDO MORBIN JR","tx_endereco_equipamento":"R. PLANALTO DE CONQUISTA, 80","nm_bairro_equipamento":"JD INDEPENDÊNCIA","cd_cep_equipamento":"03223-170","tx_horario_funcionamento":null,"tx_numero_telefone":"2211-2772","cd_equipamento_base_origem":null}},{"type":"Feature","id":"equipamento_saude_ubs_posto_centro_v2.120051","geometry":{"type":"Point","coordinates":[321329.538,7405983.695]},"geometry_name":"ge_ponto","properties":{"cd_identificador":120051,"cd_identificador_tema_equipamento":6,"nm_tema_equipamento":"SAUDE","cd_identificador_rede_equipamento":0,"nm_rede_equipamento":"SEM REDE","tx_rede_equipamento":"Sem descrição","cd_identificador_tipo_equipamento":45,"nm_tipo_equipamento":"Unidade Básica de Saúde","tx_tipo_equipamento":"Atendimento básico em Pediatria, Ginecologia, Clínica Geral, Enfermagem e Odontologia. Principais serviços oferecidos: consultas médicas, inalações, injeções, curativos, vacinas, coleta de exames laboratoriais, tratamento odontológico, encaminhamentos par","cd_identificador_classe_equipamento":5,"nm_classe_equipamento":"UBS/POSTO DE SAÚDE/CENTRO DE SAÚDE","tx_classe_equipamento":"O PRIMEIRO CONTATO DO PACIENTE COM O SUS.","cd_identificador_esfera_administrativa_equipamento":1,"nm_esfera_administrativa_equipamento":"Municipal","tx_esfera_administrativa_equipamento":"Administração municipal","cd_equipamento":"730","nm_equipamento":"AMA/UBS JARDIM IPANEMA","tx_endereco_equipamento":"R. PEDRO RAVARA, 11","nm_bairro_equipamento":"JARDIM IPANEMA","cd_cep_equipamento":"05187-300","tx_horario_funcionamento":null,"tx_numero_telefone":"3941-2119","cd_equipamento_base_origem":null}},{"type":"Feature","id":"equipamento_saude_ubs_posto_centro_v2.120052","geometry":{"type":"Point","coordinates":[336969.511,7405888.815]},"geometry_name":"ge_ponto","properties":{"cd_identificador":120052,"cd_identificador_tema_equipamento":6,"nm_tema_equipamento":"SAUDE","cd_identificador_rede_equipamento":0,"nm_rede_equipamento":"SEM REDE","tx_rede_equipamento":"Sem descrição","cd_identificador_tipo_equipamento":45,"nm_tipo_equipamento":"Unidade Básica de Saúde","tx_tipo_equipamento":"Atendimento básico em Pediatria, Ginecologia, Clínica Geral, Enfermagem e Odontologia. Principais serviços oferecidos: consultas médicas, inalações, injeções, curativos, vacinas, coleta de exames laboratoriais, tratamento odontológico, encaminhamentos par","cd_identificador_classe_equipamento":5,"nm_classe_equipamento":"UBS/POSTO DE SAÚDE/CENTRO DE SAÚDE","tx_classe_equipamento":"O PRIMEIRO CONTATO DO PACIENTE COM O SUS.","cd_identificador_esfera_administrativa_equipamento":1,"nm_esfera_administrativa_equipamento":"Municipal","tx_esfera_administrativa_equipamento":"Administração municipal","cd_equipamento":"495","nm_equipamento":"AMA/UBS JARDIM JOAMAR","tx_endereco_equipamento":"R. ADAUTO BEZERRA DELGADO, 230","nm_bairro_equipamento":"JD JOAMAR","cd_cep_equipamento":"02320-110","tx_horario_funcionamento":null,"tx_numero_telefone":"2991-5308","cd_equipamento_base_origem":null}},{"type":"Feature","id":"equipamento_saude_ubs_posto_centro_v2.120053","geometry":{"type":"Point","coordinates":[329081.834,7404473.46]},"geometry_name":"ge_ponto","properties":{"cd_identificador":120053,"cd_identificador_tema_equipamento":6,"nm_tema_equipamento":"SAUDE","cd_identificador_rede_equipamento":0,"nm_rede_equipamento":"SEM REDE","tx_rede_equipamento":"Sem descrição","cd_identificador_tipo_equipamento":45,"nm_tipo_equipamento":"Unidade Básica de Saúde","tx_tipo_equipamento":"Atendimento básico em Pediatria, Ginecologia, Clínica Geral, Enfermagem e Odontologia. Principais serviços oferecidos: consultas médicas, inalações, injeções, curativos, vacinas, coleta de exames laboratoriais, tratamento odontológico, encaminhamentos par","cd_identificador_classe_equipamento":5,"nm_classe_equipamento":"UBS/POSTO DE SAÚDE/CENTRO DE SAÚDE","tx_classe_equipamento":"O PRIMEIRO CONTATO DO PACIENTE COM O SUS.","cd_identificador_esfera_administrativa_equipamento":1,"nm_esfera_administrativa_equipamento":"Municipal","tx_esfera_administrativa_equipamento":"Administração municipal","cd_equipamento":"281","nm_equipamento":"AMA/UBS JARDIM LADEIRA ROSA","tx_endereco_equipamento":"R. JOSÉ DA COSTA GAVIÃO, 150","nm_bairro_equipamento":"PARQUE TIETÊ","cd_cep_equipamento":"02872-000","tx_horario_funcionamento":null,"tx_numero_telefone":"3982-6380","cd_equipamento_base_origem":null}},{"type":"Feature","id":"equipamento_saude_ubs_posto_centro_v2.120054","geometry":{"type":"Point","coordinates":[332308.222,7380393.391]},"geometry_name":"ge_ponto","properties":{"cd_identificador":120054,"cd_identificador_tema_equipamento":6,"nm_tema_equipamento":"SAUDE","cd_identificador_rede_equipamento":0,"nm_rede_equipamento":"SEM REDE","tx_rede_equipamento":"Sem descrição","cd_identificador_tipo_equipamento":45,"nm_tipo_equipamento":"Unidade Básica de Saúde","tx_tipo_equipamento":"Atendimento básico em Pediatria, Ginecologia, Clínica Geral, Enfermagem e Odontologia. Principais serviços oferecidos: consultas médicas, inalações, injeções, curativos, vacinas, coleta de exames laboratoriais, tratamento odontológico, encaminhamentos par","cd_identificador_classe_equipamento":5,"nm_classe_equipamento":"UBS/POSTO DE SAÚDE/CENTRO DE SAÚDE","tx_classe_equipamento":"O PRIMEIRO CONTATO DO PACIENTE COM O SUS.","cd_identificador_esfera_administrativa_equipamento":1,"nm_esfera_administrativa_equipamento":"Municipal","tx_esfera_administrativa_equipamento":"Administração municipal","cd_equipamento":"196","nm_equipamento":"AMA/UBS JARDIM MIRIAM - MANOEL SOARES DE OLIVEIRA","tx_endereco_equipamento":"AV. SANTO AFONSO, 419","nm_bairro_equipamento":"AMERICANOPOLIS","cd_cep_equipamento":"04426-000","tx_horario_funcionamento":null,"tx_numero_telefone":"5626-7158","cd_equipamento_base_origem":null}},{"type":"Feature","id":"equipamento_saude_ubs_posto_centro_v2.120055","geometry":{"type":"Point","coordinates":[327137.764,7370042.376]},"geometry_name":"ge_ponto","properties":{"cd_identificador":120055,"cd_identificador_tema_equipamento":6,"nm_tema_equipamento":"SAUDE","cd_identificador_rede_equipamento":0,"nm_rede_equipamento":"SEM REDE","tx_rede_equipamento":"Sem descrição","cd_identificador_tipo_equipamento":45,"nm_tipo_equipamento":"Unidade Básica de Saúde","tx_tipo_equipamento":"Atendimento básico em Pediatria, Ginecologia, Clínica Geral, Enfermagem e Odontologia. Principais serviços oferecidos: consultas médicas, inalações, injeções, curativos, vacinas, coleta de exames laboratoriais, tratamento odontológico, encaminhamentos par","cd_identificador_classe_equipamento":5,"nm_classe_equipamento":"UBS/POSTO DE SAÚDE/CENTRO DE SAÚDE","tx_classe_equipamento":"O PRIMEIRO CONTATO DO PACIENTE COM O SUS.","cd_identificador_esfera_administrativa_equipamento":1,"nm_esfera_administrativa_equipamento":"Municipal","tx_esfera_administrativa_equipamento":"Administração municipal","cd_equipamento":"139","nm_equipamento":"AMA/UBS JARDIM MIRNA","tx_endereco_equipamento":"R. DR JUVENAL HUDSON FERREIRA, 13","nm_bairro_equipamento":"JARDIM MIRNA","cd_cep_equipamento":"04856-140","tx_horario_funcionamento":null,"tx_numero_telefone":"5527-8798","cd_equipamento_base_origem":null}},{"type":"Feature","id":"equipamento_saude_ubs_posto_centro_v2.120056","geometry":{"type":"Point","coordinates":[325440.721,7404355.312]},"geometry_name":"ge_ponto","properties":{"cd_identificador":120056,"cd_identificador_tema_equipamento":6,"nm_tema_equipamento":"SAUDE","cd_identificador_rede_equipamento":0,"nm_rede_equipamento":"SEM REDE","tx_rede_equipamento":"Sem descrição","cd_identificador_tipo_equipamento":45,"nm_tipo_equipamento":"Unidade Básica de Saúde","tx_tipo_equipamento":"Atendimento básico em Pediatria, Ginecologia, Clínica Geral, Enfermagem e Odontologia. Principais serviços oferecidos: consultas médicas, inalações, injeções, curativos, vacinas, coleta de exames laboratoriais, tratamento odontológico, encaminhamentos par","cd_identificador_classe_equipamento":5,"nm_classe_equipamento":"UBS/POSTO DE SAÚDE/CENTRO DE SAÚDE","tx_classe_equipamento":"O PRIMEIRO CONTATO DO PACIENTE COM O SUS.","cd_identificador_esfera_administrativa_equipamento":1,"nm_esfera_administrativa_equipamento":"Municipal","tx_esfera_administrativa_equipamento":"Administração municipal","cd_equipamento":"285","nm_equipamento":"AMA/UBS JARDIM PAULISTANO","tx_endereco_equipamento":"R. ENCRUZILHADA DO SUL, 946","nm_bairro_equipamento":"JARDIM PAULISTANO","cd_cep_equipamento":"02816-010","tx_horario_funcionamento":null,"tx_numero_telefone":"3993-2931","cd_equipamento_base_origem":null}},{"type":"Feature","id":"equipamento_saude_ubs_posto_centro_v2.120057","geometry":{"type":"Point","coordinates":[352759.102,7385885.127]},"geometry_name":"ge_ponto","properties":{"cd_identificador":120057,"cd_identificador_tema_equipamento":6,"nm_tema_equipamento":"SAUDE","cd_identificador_rede_equipamento":0,"nm_rede_equipamento":"SEM REDE","tx_rede_equipamento":"Sem descrição","cd_identificador_tipo_equipamento":45,"nm_tipo_equipamento":"Unidade Básica de Saúde","tx_tipo_equipamento":"Atendimento básico em Pediatria, Ginecologia, Clínica Geral, Enfermagem e Odontologia. Principais serviços oferecidos: consultas médicas, inalações, injeções, curativos, vacinas, coleta de exames laboratoriais, tratamento odontológico, encaminhamentos par","cd_identificador_classe_equipamento":5,"nm_classe_equipamento":"UBS/POSTO DE SAÚDE/CENTRO DE SAÚDE","tx_classe_equipamento":"O PRIMEIRO CONTATO DO PACIENTE COM O SUS.","cd_identificador_esfera_administrativa_equipamento":1,"nm_esfera_administrativa_equipamento":"Municipal","tx_esfera_administrativa_equipamento":"Administração municipal","cd_equipamento":"858","nm_equipamento":"AMA/UBS JARDIM SANTO ANDRÉ","tx_endereco_equipamento":"R. MIGUEL FERREIRA DE MELO, 497","nm_bairro_equipamento":"JARDIM SANTO ANDRE","cd_cep_equipamento":"08390-000","tx_horario_funcionamento":null,"tx_numero_telefone":"2751-4339","cd_equipamento_base_origem":null}},{"type":"Feature","id":"equipamento_saude_ubs_posto_centro_v2.120058","geometry":{"type":"Point","coordinates":[351267.729,7385842.411]},"geometry_name":"ge_ponto","properties":{"cd_identificador":120058,"cd_identificador_tema_equipamento":6,"nm_tema_equipamento":"SAUDE","cd_identificador_rede_equipamento":0,"nm_rede_equipamento":"SEM REDE","tx_rede_equipamento":"Sem descrição","cd_identificador_tipo_equipamento":45,"nm_tipo_equipamento":"Unidade Básica de Saúde","tx_tipo_equipamento":"Atendimento básico em Pediatria, Ginecologia, Clínica Geral, Enfermagem e Odontologia. Principais serviços oferecidos: consultas médicas, inalações, injeções, curativos, vacinas, coleta de exames laboratoriais, tratamento odontológico, encaminhamentos par","cd_identificador_classe_equipamento":5,"nm_classe_equipamento":"UBS/POSTO DE SAÚDE/CENTRO DE SAÚDE","tx_classe_equipamento":"O PRIMEIRO CONTATO DO PACIENTE COM O SUS.","cd_identificador_esfera_administrativa_equipamento":1,"nm_esfera_administrativa_equipamento":"Municipal","tx_esfera_administrativa_equipamento":"Administração municipal","cd_equipamento":"860","nm_equipamento":"AMA/UBS JARDIM SAO FRANCISCO II","tx_endereco_equipamento":"R. BANDEIRA DE ARACAMBI, 704","nm_bairro_equipamento":"JARDIM RODOLFO PIRANI","cd_cep_equipamento":"08310-010","tx_horario_funcionamento":null,"tx_numero_telefone":"2751-6712","cd_equipamento_base_origem":null}},{"type":"Feature","id":"equipamento_saude_ubs_posto_centro_v2.120059","geometry":{"type":"Point","coordinates":[317984.172,7389740.452]},"geometry_name":"ge_ponto","properties":{"cd_identificador":120059,"cd_identificador_tema_equipamento":6,"nm_tema_equipamento":"SAUDE","cd_identificador_rede_equipamento":0,"nm_rede_equipamento":"SEM REDE","tx_rede_equipamento":"Sem descrição","cd_identificador_tipo_equipamento":45,"nm_tipo_equipamento":"Unidade Básica de Saúde","tx_tipo_equipamento":"Atendimento básico em Pediatria, Ginecologia, Clínica Geral, Enfermagem e Odontologia. Principais serviços oferecidos: consultas médicas, inalações, injeções, curativos, vacinas, coleta de exames laboratoriais, tratamento odontológico, encaminhamentos par","cd_identificador_classe_equipamento":5,"nm_classe_equipamento":"UBS/POSTO DE SAÚDE/CENTRO DE SAÚDE","tx_classe_equipamento":"O PRIMEIRO CONTATO DO PACIENTE COM O SUS.","cd_identificador_esfera_administrativa_equipamento":1,"nm_esfera_administrativa_equipamento":"Municipal","tx_esfera_administrativa_equipamento":"Administração municipal","cd_equipamento":"38","nm_equipamento":"AMA/UBS JARDIM SÃO JORGE - DR. PAULO EDUARDO ELIAS","tx_endereco_equipamento":"R. ANGELO APARECIDO DOS SANTOS DIAS, 331","nm_bairro_equipamento":"JARDIM SÃO JORGE","cd_cep_equipamento":"05568-090","tx_horario_funcionamento":null,"tx_numero_telefone":"3781-3817","cd_equipamento_base_origem":null}},{"type":"Feature","id":"equipamento_saude_ubs_posto_centro_v2.120060","geometry":{"type":"Point","coordinates":[347471.315,7389401.993]},"geometry_name":"ge_ponto","properties":{"cd_identificador":120060,"cd_identificador_tema_equipamento":6,"nm_tema_equipamento":"SAUDE","cd_identificador_rede_equipamento":0,"nm_rede_equipamento":"SEM REDE","tx_rede_equipamento":"Sem descrição","cd_identificador_tipo_equipamento":45,"nm_tipo_equipamento":"Unidade Básica de Saúde","tx_tipo_equipamento":"Atendimento básico em Pediatria, Ginecologia, Clínica Geral, Enfermagem e Odontologia. Principais serviços oferecidos: consultas médicas, inalações, injeções, curativos, vacinas, coleta de exames laboratoriais, tratamento odontológico, encaminhamentos par","cd_identificador_classe_equipamento":5,"nm_classe_equipamento":"UBS/POSTO DE SAÚDE/CENTRO DE SAÚDE","tx_classe_equipamento":"O PRIMEIRO CONTATO DO PACIENTE COM O SUS.","cd_identificador_esfera_administrativa_equipamento":1,"nm_esfera_administrativa_equipamento":"Municipal","tx_esfera_administrativa_equipamento":"Administração municipal","cd_equipamento":"845","nm_equipamento":"AMA/UBS JARDIM TIETE I - OSCAR PEREIRA DA SILVA","tx_endereco_equipamento":"AV. ENGENHO NOVO, 120","nm_bairro_equipamento":"JARDIM TIETÊ","cd_cep_equipamento":"03943-020","tx_horario_funcionamento":null,"tx_numero_telefone":"2017-1431","cd_equipamento_base_origem":null}},{"type":"Feature","id":"equipamento_saude_ubs_posto_centro_v2.120061","geometry":{"type":"Point","coordinates":[347653.093,7398291.426]},"geometry_name":"ge_ponto","properties":{"cd_identificador":120061,"cd_identificador_tema_equipamento":6,"nm_tema_equipamento":"SAUDE","cd_identificador_rede_equipamento":0,"nm_rede_equipamento":"SEM REDE","tx_rede_equipamento":"Sem descrição","cd_identificador_tipo_equipamento":45,"nm_tipo_equipamento":"Unidade Básica de Saúde","tx_tipo_equipamento":"Atendimento básico em Pediatria, Ginecologia, Clínica Geral, Enfermagem e Odontologia. Principais serviços oferecidos: consultas médicas, inalações, injeções, curativos, vacinas, coleta de exames laboratoriais, tratamento odontológico, encaminhamentos par","cd_identificador_classe_equipamento":5,"nm_classe_equipamento":"UBS/POSTO DE SAÚDE/CENTRO DE SAÚDE","tx_classe_equipamento":"O PRIMEIRO CONTATO DO PACIENTE COM O SUS.","cd_identificador_esfera_administrativa_equipamento":1,"nm_esfera_administrativa_equipamento":"Municipal","tx_esfera_administrativa_equipamento":"Administração municipal","cd_equipamento":"263","nm_equipamento":"AMA/UBS JARDIM TRÊS MARIAS - DR. MAURICIO ZAMIJOVSKY","tx_endereco_equipamento":"R. BRENO ACCIOLI, 19","nm_bairro_equipamento":"VILA SÃO FRANCISCO","cd_cep_equipamento":"03676-040","tx_horario_funcionamento":null,"tx_numero_telefone":"2280-4388","cd_equipamento_base_origem":null}},{"type":"Feature","id":"equipamento_saude_ubs_posto_centro_v2.120062","geometry":{"type":"Point","coordinates":[353914.353,7395657.171]},"geometry_name":"ge_ponto","properties":{"cd_identificador":120062,"cd_identificador_tema_equipamento":6,"nm_tema_equipamento":"SAUDE","cd_identificador_rede_equipamento":0,"nm_rede_equipamento":"SEM REDE","tx_rede_equipamento":"Sem descrição","cd_identificador_tipo_equipamento":45,"nm_tipo_equipamento":"Unidade Básica de Saúde","tx_tipo_equipamento":"Atendimento básico em Pediatria, Ginecologia, Clínica Geral, Enfermagem e Odontologia. Principais serviços oferecidos: consultas médicas, inalações, injeções, curativos, vacinas, coleta de exames laboratoriais, tratamento odontológico, encaminhamentos par","cd_identificador_classe_equipamento":5,"nm_classe_equipamento":"UBS/POSTO DE SAÚDE/CENTRO DE SAÚDE","tx_classe_equipamento":"O PRIMEIRO CONTATO DO PACIENTE COM O SUS.","cd_identificador_esfera_administrativa_equipamento":1,"nm_esfera_administrativa_equipamento":"Municipal","tx_esfera_administrativa_equipamento":"Administração municipal","cd_equipamento":"444","nm_equipamento":"AMA/UBS JOSÉ BONIFÁCIO I","tx_endereco_equipamento":"AV. PROF. OSVALDO DE OLIVEIRA, 610","nm_bairro_equipamento":"JD HELENA","cd_cep_equipamento":"08420-280","tx_horario_funcionamento":null,"tx_numero_telefone":"2557-5136","cd_equipamento_base_origem":null}},{"type":"Feature","id":"equipamento_saude_ubs_posto_centro_v2.120063","geometry":{"type":"Point","coordinates":[332333.608,7402914.985]},"geometry_name":"ge_ponto","properties":{"cd_identificador":120063,"cd_identificador_tema_equipamento":6,"nm_tema_equipamento":"SAUDE","cd_identificador_rede_equipamento":0,"nm_rede_equipamento":"SEM REDE","tx_rede_equipamento":"Sem descrição","cd_identificador_tipo_equipamento":45,"nm_tipo_equipamento":"Unidade Básica de Saúde","tx_tipo_equipamento":"Atendimento básico em Pediatria, Ginecologia, Clínica Geral, Enfermagem e Odontologia. Principais serviços oferecidos: consultas médicas, inalações, injeções, curativos, vacinas, coleta de exames laboratoriais, tratamento odontológico, encaminhamentos par","cd_identificador_classe_equipamento":5,"nm_classe_equipamento":"UBS/POSTO DE SAÚDE/CENTRO DE SAÚDE","tx_classe_equipamento":"O PRIMEIRO CONTATO DO PACIENTE COM O SUS.","cd_identificador_esfera_administrativa_equipamento":1,"nm_esfera_administrativa_equipamento":"Municipal","tx_esfera_administrativa_equipamento":"Administração municipal","cd_equipamento":"767","nm_equipamento":"AMA/UBS LAUZANE PAULISTA","tx_endereco_equipamento":"R. VALORBE, 80","nm_bairro_equipamento":"LAUZANE PAULISTA","cd_cep_equipamento":"02442-140","tx_horario_funcionamento":null,"tx_numero_telefone":"2231-8619 / 2258-5818","cd_equipamento_base_origem":null}},{"type":"Feature","id":"equipamento_saude_ubs_posto_centro_v2.120064","geometry":{"type":"Point","coordinates":[330932.572,7401627.7]},"geometry_name":"ge_ponto","properties":{"cd_identificador":120064,"cd_identificador_tema_equipamento":6,"nm_tema_equipamento":"SAUDE","cd_identificador_rede_equipamento":0,"nm_rede_equipamento":"SEM REDE","tx_rede_equipamento":"Sem descrição","cd_identificador_tipo_equipamento":45,"nm_tipo_equipamento":"Unidade Básica de Saúde","tx_tipo_equipamento":"Atendimento básico em Pediatria, Ginecologia, Clínica Geral, Enfermagem e Odontologia. Principais serviços oferecidos: consultas médicas, inalações, injeções, curativos, vacinas, coleta de exames laboratoriais, tratamento odontológico, encaminhamentos par","cd_identificador_classe_equipamento":5,"nm_classe_equipamento":"UBS/POSTO DE SAÚDE/CENTRO DE SAÚDE","tx_classe_equipamento":"O PRIMEIRO CONTATO DO PACIENTE COM O SUS.","cd_identificador_esfera_administrativa_equipamento":1,"nm_esfera_administrativa_equipamento":"Municipal","tx_esfera_administrativa_equipamento":"Administração municipal","cd_equipamento":"171","nm_equipamento":"AMA/UBS MASSAGISTA MÁRIO AMÉRICO","tx_endereco_equipamento":"R. OSCAR DE MOURA LACERDA, 231","nm_bairro_equipamento":"SITIO DO MANDAQUI","cd_cep_equipamento":"02541-070","tx_horario_funcionamento":null,"tx_numero_telefone":"2239-2222","cd_equipamento_base_origem":null}},{"type":"Feature","id":"equipamento_saude_ubs_posto_centro_v2.120065","geometry":{"type":"Point","coordinates":[348217.924,7395364.879]},"geometry_name":"ge_ponto","properties":{"cd_identificador":120065,"cd_identificador_tema_equipamento":6,"nm_tema_equipamento":"SAUDE","cd_identificador_rede_equipamento":0,"nm_rede_equipamento":"SEM REDE","tx_rede_equipamento":"Sem descrição","cd_identificador_tipo_equipamento":45,"nm_tipo_equipamento":"Unidade Básica de Saúde","tx_tipo_equipamento":"Atendimento básico em Pediatria, Ginecologia, Clínica Geral, Enfermagem e Odontologia. Principais serviços oferecidos: consultas médicas, inalações, injeções, curativos, vacinas, coleta de exames laboratoriais, tratamento odontológico, encaminhamentos par","cd_identificador_classe_equipamento":5,"nm_classe_equipamento":"UBS/POSTO DE SAÚDE/CENTRO DE SAÚDE","tx_classe_equipamento":"O PRIMEIRO CONTATO DO PACIENTE COM O SUS.","cd_identificador_esfera_administrativa_equipamento":1,"nm_esfera_administrativa_equipamento":"Municipal","tx_esfera_administrativa_equipamento":"Administração municipal","cd_equipamento":"639","nm_equipamento":"AMA/UBS PADRE MANOEL DA NÓBREGA","tx_endereco_equipamento":"AV. PADRE FRANCISCO DE TOLEDO, 545","nm_bairro_equipamento":"ARTUR ALVIM","cd_cep_equipamento":"03590-120","tx_horario_funcionamento":null,"tx_numero_telefone":"2741-7296","cd_equipamento_base_origem":null}},{"type":"Feature","id":"equipamento_saude_ubs_posto_centro_v2.120066","geometry":{"type":"Point","coordinates":[334515.706,7397316.008]},"geometry_name":"ge_ponto","properties":{"cd_identificador":120066,"cd_identificador_tema_equipamento":6,"nm_tema_equipamento":"SAUDE","cd_identificador_rede_equipamento":0,"nm_rede_equipamento":"SEM REDE","tx_rede_equipamento":"Sem descrição","cd_identificador_tipo_equipamento":45,"nm_tipo_equipamento":"Unidade Básica de Saúde","tx_tipo_equipamento":"Atendimento básico em Pediatria, Ginecologia, Clínica Geral, Enfermagem e Odontologia. Principais serviços oferecidos: consultas médicas, inalações, injeções, curativos, vacinas, coleta de exames laboratoriais, tratamento odontológico, encaminhamentos par","cd_identificador_classe_equipamento":5,"nm_classe_equipamento":"UBS/POSTO DE SAÚDE/CENTRO DE SAÚDE","tx_classe_equipamento":"O PRIMEIRO CONTATO DO PACIENTE COM O SUS.","cd_identificador_esfera_administrativa_equipamento":1,"nm_esfera_administrativa_equipamento":"Municipal","tx_esfera_administrativa_equipamento":"Administração municipal","cd_equipamento":"602","nm_equipamento":"AMA/UBS PARI","tx_endereco_equipamento":"R. DAS OLARIAS, 503","nm_bairro_equipamento":"CANINDÉ","cd_cep_equipamento":"03030-020","tx_horario_funcionamento":null,"tx_numero_telefone":"3329-9873 / 3227-0081","cd_equipamento_base_origem":null}},{"type":"Feature","id":"equipamento_saude_ubs_posto_centro_v2.120067","geometry":{"type":"Point","coordinates":[317377.37,7407626.007]},"geometry_name":"ge_ponto","properties":{"cd_identificador":120067,"cd_identificador_tema_equipamento":6,"nm_tema_equipamento":"SAUDE","cd_identificador_rede_equipamento":0,"nm_rede_equipamento":"SEM REDE","tx_rede_equipamento":"Sem descrição","cd_identificador_tipo_equipamento":45,"nm_tipo_equipamento":"Unidade Básica de Saúde","tx_tipo_equipamento":"Atendimento básico em Pediatria, Ginecologia, Clínica Geral, Enfermagem e Odontologia. Principais serviços oferecidos: consultas médicas, inalações, injeções, curativos, vacinas, coleta de exames laboratoriais, tratamento odontológico, encaminhamentos par","cd_identificador_classe_equipamento":5,"nm_classe_equipamento":"UBS/POSTO DE SAÚDE/CENTRO DE SAÚDE","tx_classe_equipamento":"O PRIMEIRO CONTATO DO PACIENTE COM O SUS.","cd_identificador_esfera_administrativa_equipamento":1,"nm_esfera_administrativa_equipamento":"Municipal","tx_esfera_administrativa_equipamento":"Administração municipal","cd_equipamento":"674","nm_equipamento":"AMA/UBS PARQUE ANHANGUERA","tx_endereco_equipamento":"AV. PIERRE RENOIR - VIA ANHANGUERA KM 24,5, 100","nm_bairro_equipamento":"JARDIM BRITANIA","cd_cep_equipamento":"05269-000","tx_horario_funcionamento":null,"tx_numero_telefone":"3916-6160","cd_equipamento_base_origem":null}},{"type":"Feature","id":"equipamento_saude_ubs_posto_centro_v2.120068","geometry":{"type":"Point","coordinates":[347478.704,7400094.53]},"geometry_name":"ge_ponto","properties":{"cd_identificador":120068,"cd_identificador_tema_equipamento":6,"nm_tema_equipamento":"SAUDE","cd_identificador_rede_equipamento":0,"nm_rede_equipamento":"SEM REDE","tx_rede_equipamento":"Sem descrição","cd_identificador_tipo_equipamento":45,"nm_tipo_equipamento":"Unidade Básica de Saúde","tx_tipo_equipamento":"Atendimento básico em Pediatria, Ginecologia, Clínica Geral, Enfermagem e Odontologia. Principais serviços oferecidos: consultas médicas, inalações, injeções, curativos, vacinas, coleta de exames laboratoriais, tratamento odontológico, encaminhamentos par","cd_identificador_classe_equipamento":5,"nm_classe_equipamento":"UBS/POSTO DE SAÚDE/CENTRO DE SAÚDE","tx_classe_equipamento":"O PRIMEIRO CONTATO DO PACIENTE COM O SUS.","cd_identificador_esfera_administrativa_equipamento":1,"nm_esfera_administrativa_equipamento":"Municipal","tx_esfera_administrativa_equipamento":"Administração municipal","cd_equipamento":"256","nm_equipamento":"AMA/UBS PARQUE BOTURUSSU PROF. DR. HUMBERTO CERRUTI","tx_endereco_equipamento":"AV. OLAVO EGÍDIO DE SOUZA ARANHA, 704","nm_bairro_equipamento":"VL CISPER","cd_cep_equipamento":"03822-000","tx_horario_funcionamento":null,"tx_numero_telefone":"2943-9991","cd_equipamento_base_origem":null}},{"type":"Feature","id":"equipamento_saude_ubs_posto_centro_v2.120069","geometry":{"type":"Point","coordinates":[335755.236,7383682.331]},"geometry_name":"ge_ponto","properties":{"cd_identificador":120069,"cd_identificador_tema_equipamento":6,"nm_tema_equipamento":"SAUDE","cd_identificador_rede_equipamento":0,"nm_rede_equipamento":"SEM REDE","tx_rede_equipamento":"Sem descrição","cd_identificador_tipo_equipamento":45,"nm_tipo_equipamento":"Unidade Básica de Saúde","tx_tipo_equipamento":"Atendimento básico em Pediatria, Ginecologia, Clínica Geral, Enfermagem e Odontologia. Principais serviços oferecidos: consultas médicas, inalações, injeções, curativos, vacinas, coleta de exames laboratoriais, tratamento odontológico, encaminhamentos par","cd_identificador_classe_equipamento":5,"nm_classe_equipamento":"UBS/POSTO DE SAÚDE/CENTRO DE SAÚDE","tx_classe_equipamento":"O PRIMEIRO CONTATO DO PACIENTE COM O SUS.","cd_identificador_esfera_administrativa_equipamento":1,"nm_esfera_administrativa_equipamento":"Municipal","tx_esfera_administrativa_equipamento":"Administração municipal","cd_equipamento":"370","nm_equipamento":"AMA/UBS PARQUE BRISTOL","tx_endereco_equipamento":"R. FRANCOIS BUNEL, 194","nm_bairro_equipamento":"PARQUE BRISTOL","cd_cep_equipamento":"04193-310","tx_horario_funcionamento":null,"tx_numero_telefone":"2331-3089","cd_equipamento_base_origem":null}},{"type":"Feature","id":"equipamento_saude_ubs_posto_centro_v2.120070","geometry":{"type":"Point","coordinates":[317245.241,7380510.862]},"geometry_name":"ge_ponto","properties":{"cd_identificador":120070,"cd_identificador_tema_equipamento":6,"nm_tema_equipamento":"SAUDE","cd_identificador_rede_equipamento":0,"nm_rede_equipamento":"SEM REDE","tx_rede_equipamento":"Sem descrição","cd_identificador_tipo_equipamento":45,"nm_tipo_equipamento":"Unidade Básica de Saúde","tx_tipo_equipamento":"Atendimento básico em Pediatria, Ginecologia, Clínica Geral, Enfermagem e Odontologia. Principais serviços oferecidos: consultas médicas, inalações, injeções, curativos, vacinas, coleta de exames laboratoriais, tratamento odontológico, encaminhamentos par","cd_identificador_classe_equipamento":5,"nm_classe_equipamento":"UBS/POSTO DE SAÚDE/CENTRO DE SAÚDE","tx_classe_equipamento":"O PRIMEIRO CONTATO DO PACIENTE COM O SUS.","cd_identificador_esfera_administrativa_equipamento":1,"nm_esfera_administrativa_equipamento":"Municipal","tx_esfera_administrativa_equipamento":"Administração municipal","cd_equipamento":"91","nm_equipamento":"AMA/UBS PARQUE FERNANDA","tx_endereco_equipamento":"R. ERNESTO SOARES FILHO, 301","nm_bairro_equipamento":"PARQUE FERNANDA","cd_cep_equipamento":"05888-070","tx_horario_funcionamento":null,"tx_numero_telefone":"5822-6100","cd_equipamento_base_origem":null}},{"type":"Feature","id":"equipamento_saude_ubs_posto_centro_v2.120071","geometry":{"type":"Point","coordinates":[320917.824,7382624.236]},"geometry_name":"ge_ponto","properties":{"cd_identificador":120071,"cd_identificador_tema_equipamento":6,"nm_tema_equipamento":"SAUDE","cd_identificador_rede_equipamento":0,"nm_rede_equipamento":"SEM REDE","tx_rede_equipamento":"Sem descrição","cd_identificador_tipo_equipamento":45,"nm_tipo_equipamento":"Unidade Básica de Saúde","tx_tipo_equipamento":"Atendimento básico em Pediatria, Ginecologia, Clínica Geral, Enfermagem e Odontologia. Principais serviços oferecidos: consultas médicas, inalações, injeções, curativos, vacinas, coleta de exames laboratoriais, tratamento odontológico, encaminhamentos par","cd_identificador_classe_equipamento":5,"nm_classe_equipamento":"UBS/POSTO DE SAÚDE/CENTRO DE SAÚDE","tx_classe_equipamento":"O PRIMEIRO CONTATO DO PACIENTE COM O SUS.","cd_identificador_esfera_administrativa_equipamento":1,"nm_esfera_administrativa_equipamento":"Municipal","tx_esfera_administrativa_equipamento":"Administração municipal","cd_equipamento":"561","nm_equipamento":"AMA/UBS PARQUE SANTO ANTONIO","tx_endereco_equipamento":"R. MANUEL BORDALO PINHEIRO, 100","nm_bairro_equipamento":"PARQUE SANTO ANTONIO","cd_cep_equipamento":"05850-230","tx_horario_funcionamento":null,"tx_numero_telefone":"5511-4249","cd_equipamento_base_origem":null}},{"type":"Feature","id":"equipamento_saude_ubs_posto_centro_v2.120072","geometry":{"type":"Point","coordinates":[316825.676,7388699.417]},"geometry_name":"ge_ponto","properties":{"cd_identificador":120072,"cd_identificador_tema_equipamento":6,"nm_tema_equipamento":"SAUDE","cd_identificador_rede_equipamento":0,"nm_rede_equipamento":"SEM REDE","tx_rede_equipamento":"Sem descrição","cd_identificador_tipo_equipamento":45,"nm_tipo_equipamento":"Unidade Básica de Saúde","tx_tipo_equipamento":"Atendimento básico em Pediatria, Ginecologia, Clínica Geral, Enfermagem e Odontologia. Principais serviços oferecidos: consultas médicas, inalações, injeções, curativos, vacinas, coleta de exames laboratoriais, tratamento odontológico, encaminhamentos par","cd_identificador_classe_equipamento":5,"nm_classe_equipamento":"UBS/POSTO DE SAÚDE/CENTRO DE SAÚDE","tx_classe_equipamento":"O PRIMEIRO CONTATO DO PACIENTE COM O SUS.","cd_identificador_esfera_administrativa_equipamento":1,"nm_esfera_administrativa_equipamento":"Municipal","tx_esfera_administrativa_equipamento":"Administração municipal","cd_equipamento":"39","nm_equipamento":"AMA/UBS PAULO VI","tx_endereco_equipamento":"AV. VATICANO, 69","nm_bairro_equipamento":"JARDIM JOÃO XXIII","cd_cep_equipamento":"05569-120","tx_horario_funcionamento":null,"tx_numero_telefone":"3782-0838","cd_equipamento_base_origem":null}},{"type":"Feature","id":"equipamento_saude_ubs_posto_centro_v2.120073","geometry":{"type":"Point","coordinates":[320443.64,7410048.248]},"geometry_name":"ge_ponto","properties":{"cd_identificador":120073,"cd_identificador_tema_equipamento":6,"nm_tema_equipamento":"SAUDE","cd_identificador_rede_equipamento":0,"nm_rede_equipamento":"SEM REDE","tx_rede_equipamento":"Sem descrição","cd_identificador_tipo_equipamento":45,"nm_tipo_equipamento":"Unidade Básica de Saúde","tx_tipo_equipamento":"Atendimento básico em Pediatria, Ginecologia, Clínica Geral, Enfermagem e Odontologia. Principais serviços oferecidos: consultas médicas, inalações, injeções, curativos, vacinas, coleta de exames laboratoriais, tratamento odontológico, encaminhamentos par","cd_identificador_classe_equipamento":5,"nm_classe_equipamento":"UBS/POSTO DE SAÚDE/CENTRO DE SAÚDE","tx_classe_equipamento":"O PRIMEIRO CONTATO DO PACIENTE COM O SUS.","cd_identificador_esfera_administrativa_equipamento":1,"nm_esfera_administrativa_equipamento":"Municipal","tx_esfera_administrativa_equipamento":"Administração municipal","cd_equipamento":"687","nm_equipamento":"AMA/UBS PERUS","tx_endereco_equipamento":"PRAÇA VIGARIO JOÃO GONÇALVES DE LIMA, 239","nm_bairro_equipamento":"PERUS","cd_cep_equipamento":"05208-260","tx_horario_funcionamento":null,"tx_numero_telefone":"3978-7588","cd_equipamento_base_origem":null}},{"type":"Feature","id":"equipamento_saude_ubs_posto_centro_v2.120074","geometry":{"type":"Point","coordinates":[335819.288,7390138.476]},"geometry_name":"ge_ponto","properties":{"cd_identificador":120074,"cd_identificador_tema_equipamento":6,"nm_tema_equipamento":"SAUDE","cd_identificador_rede_equipamento":0,"nm_rede_equipamento":"SEM REDE","tx_rede_equipamento":"Sem descrição","cd_identificador_tipo_equipamento":45,"nm_tipo_equipamento":"Unidade Básica de Saúde","tx_tipo_equipamento":"Atendimento básico em Pediatria, Ginecologia, Clínica Geral, Enfermagem e Odontologia. Principais serviços oferecidos: consultas médicas, inalações, injeções, curativos, vacinas, coleta de exames laboratoriais, tratamento odontológico, encaminhamentos par","cd_identificador_classe_equipamento":5,"nm_classe_equipamento":"UBS/POSTO DE SAÚDE/CENTRO DE SAÚDE","tx_classe_equipamento":"O PRIMEIRO CONTATO DO PACIENTE COM O SUS.","cd_identificador_esfera_administrativa_equipamento":1,"nm_esfera_administrativa_equipamento":"Municipal","tx_esfera_administrativa_equipamento":"Administração municipal","cd_equipamento":"355","nm_equipamento":"AMA/UBS SÃO VICENTE DE PAULA","tx_endereco_equipamento":"R. VICENTE DA COSTA, 289","nm_bairro_equipamento":"IPIRANGA","cd_cep_equipamento":"04266-050","tx_horario_funcionamento":null,"tx_numero_telefone":"2273-4592","cd_equipamento_base_origem":null}},{"type":"Feature","id":"equipamento_saude_ubs_posto_centro_v2.120075","geometry":{"type":"Point","coordinates":[352305.576,7399272.61]},"geometry_name":"ge_ponto","properties":{"cd_identificador":120075,"cd_identificador_tema_equipamento":6,"nm_tema_equipamento":"SAUDE","cd_identificador_rede_equipamento":0,"nm_rede_equipamento":"SEM REDE","tx_rede_equipamento":"Sem descrição","cd_identificador_tipo_equipamento":45,"nm_tipo_equipamento":"Unidade Básica de Saúde","tx_tipo_equipamento":"Atendimento básico em Pediatria, Ginecologia, Clínica Geral, Enfermagem e Odontologia. Principais serviços oferecidos: consultas médicas, inalações, injeções, curativos, vacinas, coleta de exames laboratoriais, tratamento odontológico, encaminhamentos par","cd_identificador_classe_equipamento":5,"nm_classe_equipamento":"UBS/POSTO DE SAÚDE/CENTRO DE SAÚDE","tx_classe_equipamento":"O PRIMEIRO CONTATO DO PACIENTE COM O SUS.","cd_identificador_esfera_administrativa_equipamento":1,"nm_esfera_administrativa_equipamento":"Municipal","tx_esfera_administrativa_equipamento":"Administração municipal","cd_equipamento":"890","nm_equipamento":"AMA/UBS SÍTIO DA CASA PINTADA","tx_endereco_equipamento":"AV. MARIA SANTANA, 1069","nm_bairro_equipamento":"JARDIM CASA PINTADA","cd_cep_equipamento":"08050-130","tx_horario_funcionamento":null,"tx_numero_telefone":"2053-0800","cd_equipamento_base_origem":null}},{"type":"Feature","id":"equipamento_saude_ubs_posto_centro_v2.120076","geometry":{"type":"Point","coordinates":[345307.97,7392186.887]},"geometry_name":"ge_ponto","properties":{"cd_identificador":120076,"cd_identificador_tema_equipamento":6,"nm_tema_equipamento":"SAUDE","cd_identificador_rede_equipamento":0,"nm_rede_equipamento":"SEM REDE","tx_rede_equipamento":"Sem descrição","cd_identificador_tipo_equipamento":45,"nm_tipo_equipamento":"Unidade Básica de Saúde","tx_tipo_equipamento":"Atendimento básico em Pediatria, Ginecologia, Clínica Geral, Enfermagem e Odontologia. Principais serviços oferecidos: consultas médicas, inalações, injeções, curativos, vacinas, coleta de exames laboratoriais, tratamento odontológico, encaminhamentos par","cd_identificador_classe_equipamento":5,"nm_classe_equipamento":"UBS/POSTO DE SAÚDE/CENTRO DE SAÚDE","tx_classe_equipamento":"O PRIMEIRO CONTATO DO PACIENTE COM O SUS.","cd_identificador_esfera_administrativa_equipamento":1,"nm_esfera_administrativa_equipamento":"Municipal","tx_esfera_administrativa_equipamento":"Administração municipal","cd_equipamento":"3","nm_equipamento":"AMA/UBS VILA ANTONIETA","tx_endereco_equipamento":"R. CORONEL JOÃO DE OLIVEIRA MELO, 440","nm_bairro_equipamento":"VILA ANTONIETA","cd_cep_equipamento":"03474-020","tx_horario_funcionamento":null,"tx_numero_telefone":"2725-3997","cd_equipamento_base_origem":null}},{"type":"Feature","id":"equipamento_saude_ubs_posto_centro_v2.120077","geometry":{"type":"Point","coordinates":[329394.744,7399546.447]},"geometry_name":"ge_ponto","properties":{"cd_identificador":120077,"cd_identificador_tema_equipamento":6,"nm_tema_equipamento":"SAUDE","cd_identificador_rede_equipamento":0,"nm_rede_equipamento":"SEM REDE","tx_rede_equipamento":"Sem descrição","cd_identificador_tipo_equipamento":45,"nm_tipo_equipamento":"Unidade Básica de Saúde","tx_tipo_equipamento":"Atendimento básico em Pediatria, Ginecologia, Clínica Geral, Enfermagem e Odontologia. Principais serviços oferecidos: consultas médicas, inalações, injeções, curativos, vacinas, coleta de exames laboratoriais, tratamento odontológico, encaminhamentos par","cd_identificador_classe_equipamento":5,"nm_classe_equipamento":"UBS/POSTO DE SAÚDE/CENTRO DE SAÚDE","tx_classe_equipamento":"O PRIMEIRO CONTATO DO PACIENTE COM O SUS.","cd_identificador_esfera_administrativa_equipamento":1,"nm_esfera_administrativa_equipamento":"Municipal","tx_esfera_administrativa_equipamento":"Administração municipal","cd_equipamento":"178","nm_equipamento":"AMA/UBS VILA BARBOSA","tx_endereco_equipamento":"AV. MANDAQUI, 197","nm_bairro_equipamento":"LIMÃO","cd_cep_equipamento":"02550-000","tx_horario_funcionamento":null,"tx_numero_telefone":"3966-1302 / 3951-6457","cd_equipamento_base_origem":null}},{"type":"Feature","id":"equipamento_saude_ubs_posto_centro_v2.120078","geometry":{"type":"Point","coordinates":[341327.977,7388623.625]},"geometry_name":"ge_ponto","properties":{"cd_identificador":120078,"cd_identificador_tema_equipamento":6,"nm_tema_equipamento":"SAUDE","cd_identificador_rede_equipamento":0,"nm_rede_equipamento":"SEM REDE","tx_rede_equipamento":"Sem descrição","cd_identificador_tipo_equipamento":45,"nm_tipo_equipamento":"Unidade Básica de Saúde","tx_tipo_equipamento":"Atendimento básico em Pediatria, Ginecologia, Clínica Geral, Enfermagem e Odontologia. Principais serviços oferecidos: consultas médicas, inalações, injeções, curativos, vacinas, coleta de exames laboratoriais, tratamento odontológico, encaminhamentos par","cd_identificador_classe_equipamento":5,"nm_classe_equipamento":"UBS/POSTO DE SAÚDE/CENTRO DE SAÚDE","tx_classe_equipamento":"O PRIMEIRO CONTATO DO PACIENTE COM O SUS.","cd_identificador_esfera_administrativa_equipamento":1,"nm_esfera_administrativa_equipamento":"Municipal","tx_esfera_administrativa_equipamento":"Administração municipal","cd_equipamento":"1066","nm_equipamento":"AMA/UBS VILA CALIFORNIA - ZEILIVAL BRUSCAGIN","tx_endereco_equipamento":"PRAÇA CONDE DE SÃO JANUÁRIO, 91","nm_bairro_equipamento":"VILA CALIFORNIA","cd_cep_equipamento":"03215-080","tx_horario_funcionamento":null,"tx_numero_telefone":"2917-1117","cd_equipamento_base_origem":null}},{"type":"Feature","id":"equipamento_saude_ubs_posto_centro_v2.120079","geometry":{"type":"Point","coordinates":[333012.115,7381089.719]},"geometry_name":"ge_ponto","properties":{"cd_identificador":120079,"cd_identificador_tema_equipamento":6,"nm_tema_equipamento":"SAUDE","cd_identificador_rede_equipamento":0,"nm_rede_equipamento":"SEM REDE","tx_rede_equipamento":"Sem descrição","cd_identificador_tipo_equipamento":45,"nm_tipo_equipamento":"Unidade Básica de Saúde","tx_tipo_equipamento":"Atendimento básico em Pediatria, Ginecologia, Clínica Geral, Enfermagem e Odontologia. Principais serviços oferecidos: consultas médicas, inalações, injeções, curativos, vacinas, coleta de exames laboratoriais, tratamento odontológico, encaminhamentos par","cd_identificador_classe_equipamento":5,"nm_classe_equipamento":"UBS/POSTO DE SAÚDE/CENTRO DE SAÚDE","tx_classe_equipamento":"O PRIMEIRO CONTATO DO PACIENTE COM O SUS.","cd_identificador_esfera_administrativa_equipamento":1,"nm_esfera_administrativa_equipamento":"Municipal","tx_esfera_administrativa_equipamento":"Administração municipal","cd_equipamento":"456","nm_equipamento":"AMA/UBS VILA CLARA","tx_endereco_equipamento":"R. ROLANDO CURTI, 701","nm_bairro_equipamento":"VL CLARA","cd_cep_equipamento":"04414-000","tx_horario_funcionamento":null,"tx_numero_telefone":"5623-6883 / 5626-9979","cd_equipamento_base_origem":null}},{"type":"Feature","id":"equipamento_saude_ubs_posto_centro_v2.120080","geometry":{"type":"Point","coordinates":[331796.958,7381012.369]},"geometry_name":"ge_ponto","properties":{"cd_identificador":120080,"cd_identificador_tema_equipamento":6,"nm_tema_equipamento":"SAUDE","cd_identificador_rede_equipamento":0,"nm_rede_equipamento":"SEM REDE","tx_rede_equipamento":"Sem descrição","cd_identificador_tipo_equipamento":45,"nm_tipo_equipamento":"Unidade Básica de Saúde","tx_tipo_equipamento":"Atendimento básico em Pediatria, Ginecologia, Clínica Geral, Enfermagem e Odontologia. Principais serviços oferecidos: consultas médicas, inalações, injeções, curativos, vacinas, coleta de exames laboratoriais, tratamento odontológico, encaminhamentos par","cd_identificador_classe_equipamento":5,"nm_classe_equipamento":"UBS/POSTO DE SAÚDE/CENTRO DE SAÚDE","tx_classe_equipamento":"O PRIMEIRO CONTATO DO PACIENTE COM O SUS.","cd_identificador_esfera_administrativa_equipamento":1,"nm_esfera_administrativa_equipamento":"Municipal","tx_esfera_administrativa_equipamento":"Administração municipal","cd_equipamento":"194","nm_equipamento":"AMA/UBS VILA IMPÉRIO","tx_endereco_equipamento":"R. CATARINA GABRIELLI, 236","nm_bairro_equipamento":"AMERICANÓPOLIS","cd_cep_equipamento":"04408-090","tx_horario_funcionamento":null,"tx_numero_telefone":"5624-6554","cd_equipamento_base_origem":null}},{"type":"Feature","id":"equipamento_saude_ubs_posto_centro_v2.120081","geometry":{"type":"Point","coordinates":[338112.229,7401066.411]},"geometry_name":"ge_ponto","properties":{"cd_identificador":120081,"cd_identificador_tema_equipamento":6,"nm_tema_equipamento":"SAUDE","cd_identificador_rede_equipamento":0,"nm_rede_equipamento":"SEM REDE","tx_rede_equipamento":"Sem descrição","cd_identificador_tipo_equipamento":45,"nm_tipo_equipamento":"Unidade Básica de Saúde","tx_tipo_equipamento":"Atendimento básico em Pediatria, Ginecologia, Clínica Geral, Enfermagem e Odontologia. Principais serviços oferecidos: consultas médicas, inalações, injeções, curativos, vacinas, coleta de exames laboratoriais, tratamento odontológico, encaminhamentos par","cd_identificador_classe_equipamento":5,"nm_classe_equipamento":"UBS/POSTO DE SAÚDE/CENTRO DE SAÚDE","tx_classe_equipamento":"O PRIMEIRO CONTATO DO PACIENTE COM O SUS.","cd_identificador_esfera_administrativa_equipamento":1,"nm_esfera_administrativa_equipamento":"Municipal","tx_esfera_administrativa_equipamento":"Administração municipal","cd_equipamento":"1013","nm_equipamento":"AMA/UBS VILA MEDEIROS","tx_endereco_equipamento":"R. EURICO SODRE, 353","nm_bairro_equipamento":"VILA MEDEIROS","cd_cep_equipamento":"02215-010","tx_horario_funcionamento":null,"tx_numero_telefone":"3478-6365","cd_equipamento_base_origem":null}},{"type":"Feature","id":"equipamento_saude_ubs_posto_centro_v2.120082","geometry":{"type":"Point","coordinates":[331797.74,7379233.867]},"geometry_name":"ge_ponto","properties":{"cd_identificador":120082,"cd_identificador_tema_equipamento":6,"nm_tema_equipamento":"SAUDE","cd_identificador_rede_equipamento":0,"nm_rede_equipamento":"SEM REDE","tx_rede_equipamento":"Sem descrição","cd_identificador_tipo_equipamento":45,"nm_tipo_equipamento":"Unidade Básica de Saúde","tx_tipo_equipamento":"Atendimento básico em Pediatria, Ginecologia, Clínica Geral, Enfermagem e Odontologia. Principais serviços oferecidos: consultas médicas, inalações, injeções, curativos, vacinas, coleta de exames laboratoriais, tratamento odontológico, encaminhamentos par","cd_identificador_classe_equipamento":5,"nm_classe_equipamento":"UBS/POSTO DE SAÚDE/CENTRO DE SAÚDE","tx_classe_equipamento":"O PRIMEIRO CONTATO DO PACIENTE COM O SUS.","cd_identificador_esfera_administrativa_equipamento":1,"nm_esfera_administrativa_equipamento":"Municipal","tx_esfera_administrativa_equipamento":"Administração municipal","cd_equipamento":"191","nm_equipamento":"AMA/UBS VILA MISSIONÁRIA","tx_endereco_equipamento":"R. RAINHA DAS MISSOES, 515","nm_bairro_equipamento":"VILA MISSIONARIA","cd_cep_equipamento":"04430-010","tx_horario_funcionamento":null,"tx_numero_telefone":"5611-3439","cd_equipamento_base_origem":null}},{"type":"Feature","id":"equipamento_saude_ubs_posto_centro_v2.120083","geometry":{"type":"Point","coordinates":[321924.677,7395262.54]},"geometry_name":"ge_ponto","properties":{"cd_identificador":120083,"cd_identificador_tema_equipamento":6,"nm_tema_equipamento":"SAUDE","cd_identificador_rede_equipamento":0,"nm_rede_equipamento":"SEM REDE","tx_rede_equipamento":"Sem descrição","cd_identificador_tipo_equipamento":45,"nm_tipo_equipamento":"Unidade Básica de Saúde","tx_tipo_equipamento":"Atendimento básico em Pediatria, Ginecologia, Clínica Geral, Enfermagem e Odontologia. Principais serviços oferecidos: consultas médicas, inalações, injeções, curativos, vacinas, coleta de exames laboratoriais, tratamento odontológico, encaminhamentos par","cd_identificador_classe_equipamento":5,"nm_classe_equipamento":"UBS/POSTO DE SAÚDE/CENTRO DE SAÚDE","tx_classe_equipamento":"O PRIMEIRO CONTATO DO PACIENTE COM O SUS.","cd_identificador_esfera_administrativa_equipamento":1,"nm_esfera_administrativa_equipamento":"Municipal","tx_esfera_administrativa_equipamento":"Administração municipal","cd_equipamento":"499","nm_equipamento":"AMA/UBS VILA NOVA JAGUARÉ","tx_endereco_equipamento":"R. SALATIEL DE CAMPOS, 222","nm_bairro_equipamento":"JAGUARÉ","cd_cep_equipamento":"05333-010","tx_horario_funcionamento":null,"tx_numero_telefone":"3768-1527 / 3714-2461","cd_equipamento_base_origem":null}},{"type":"Feature","id":"equipamento_saude_ubs_posto_centro_v2.120084","geometry":{"type":"Point","coordinates":[340902.529,7392059.972]},"geometry_name":"ge_ponto","properties":{"cd_identificador":120084,"cd_identificador_tema_equipamento":6,"nm_tema_equipamento":"SAUDE","cd_identificador_rede_equipamento":0,"nm_rede_equipamento":"SEM REDE","tx_rede_equipamento":"Sem descrição","cd_identificador_tipo_equipamento":45,"nm_tipo_equipamento":"Unidade Básica de Saúde","tx_tipo_equipamento":"Atendimento básico em Pediatria, Ginecologia, Clínica Geral, Enfermagem e Odontologia. Principais serviços oferecidos: consultas médicas, inalações, injeções, curativos, vacinas, coleta de exames laboratoriais, tratamento odontológico, encaminhamentos par","cd_identificador_classe_equipamento":5,"nm_classe_equipamento":"UBS/POSTO DE SAÚDE/CENTRO DE SAÚDE","tx_classe_equipamento":"O PRIMEIRO CONTATO DO PACIENTE COM O SUS.","cd_identificador_esfera_administrativa_equipamento":1,"nm_esfera_administrativa_equipamento":"Municipal","tx_esfera_administrativa_equipamento":"Administração municipal","cd_equipamento":"579","nm_equipamento":"AMA/UBS VILA ORATÓRIO - DR. TITO PEDRO MASCELANI","tx_endereco_equipamento":"R. JOÃO FIALHO DE CARVALHO, 35","nm_bairro_equipamento":"VL DIVA","cd_cep_equipamento":"03345-010","tx_horario_funcionamento":null,"tx_numero_telefone":"2301-2979","cd_equipamento_base_origem":null}},{"type":"Feature","id":"equipamento_saude_ubs_posto_centro_v2.120085","geometry":{"type":"Point","coordinates":[325028.644,7401437.558]},"geometry_name":"ge_ponto","properties":{"cd_identificador":120085,"cd_identificador_tema_equipamento":6,"nm_tema_equipamento":"SAUDE","cd_identificador_rede_equipamento":0,"nm_rede_equipamento":"SEM REDE","tx_rede_equipamento":"Sem descrição","cd_identificador_tipo_equipamento":45,"nm_tipo_equipamento":"Unidade Básica de Saúde","tx_tipo_equipamento":"Atendimento básico em Pediatria, Ginecologia, Clínica Geral, Enfermagem e Odontologia. Principais serviços oferecidos: consultas médicas, inalações, injeções, curativos, vacinas, coleta de exames laboratoriais, tratamento odontológico, encaminhamentos par","cd_identificador_classe_equipamento":5,"nm_classe_equipamento":"UBS/POSTO DE SAÚDE/CENTRO DE SAÚDE","tx_classe_equipamento":"O PRIMEIRO CONTATO DO PACIENTE COM O SUS.","cd_identificador_esfera_administrativa_equipamento":1,"nm_esfera_administrativa_equipamento":"Municipal","tx_esfera_administrativa_equipamento":"Administração municipal","cd_equipamento":"739","nm_equipamento":"AMA/UBS VILA PEREIRA BARRETO","tx_endereco_equipamento":"R. DOM MANOEL D ELBOUX, 76","nm_bairro_equipamento":"JARDIM SÃO JOSE","cd_cep_equipamento":"02932-110","tx_horario_funcionamento":null,"tx_numero_telefone":"3977-8098 / 3975-9019","cd_equipamento_base_origem":null}},{"type":"Feature","id":"equipamento_saude_ubs_posto_centro_v2.120086","geometry":{"type":"Point","coordinates":[320167.313,7399761.378]},"geometry_name":"ge_ponto","properties":{"cd_identificador":120086,"cd_identificador_tema_equipamento":6,"nm_tema_equipamento":"SAUDE","cd_identificador_rede_equipamento":0,"nm_rede_equipamento":"SEM REDE","tx_rede_equipamento":"Sem descrição","cd_identificador_tipo_equipamento":45,"nm_tipo_equipamento":"Unidade Básica de Saúde","tx_tipo_equipamento":"Atendimento básico em Pediatria, Ginecologia, Clínica Geral, Enfermagem e Odontologia. Principais serviços oferecidos: consultas médicas, inalações, injeções, curativos, vacinas, coleta de exames laboratoriais, tratamento odontológico, encaminhamentos par","cd_identificador_classe_equipamento":5,"nm_classe_equipamento":"UBS/POSTO DE SAÚDE/CENTRO DE SAÚDE","tx_classe_equipamento":"O PRIMEIRO CONTATO DO PACIENTE COM O SUS.","cd_identificador_esfera_administrativa_equipamento":1,"nm_esfera_administrativa_equipamento":"Municipal","tx_esfera_administrativa_equipamento":"Administração municipal","cd_equipamento":"497","nm_equipamento":"AMA/UBS VILA PIAUÍ","tx_endereco_equipamento":"PRAÇA CAMILO CASTELO BRANCO, 10","nm_bairro_equipamento":"VL PIAUÍ","cd_cep_equipamento":"05109-270","tx_horario_funcionamento":null,"tx_numero_telefone":"3621-9840","cd_equipamento_base_origem":null}},{"type":"Feature","id":"equipamento_saude_ubs_posto_centro_v2.120087","geometry":{"type":"Point","coordinates":[321085.613,7383607.753]},"geometry_name":"ge_ponto","properties":{"cd_identificador":120087,"cd_identificador_tema_equipamento":6,"nm_tema_equipamento":"SAUDE","cd_identificador_rede_equipamento":0,"nm_rede_equipamento":"SEM REDE","tx_rede_equipamento":"Sem descrição","cd_identificador_tipo_equipamento":45,"nm_tipo_equipamento":"Unidade Básica de Saúde","tx_tipo_equipamento":"Atendimento básico em Pediatria, Ginecologia, Clínica Geral, Enfermagem e Odontologia. Principais serviços oferecidos: consultas médicas, inalações, injeções, curativos, vacinas, coleta de exames laboratoriais, tratamento odontológico, encaminhamentos par","cd_identificador_classe_equipamento":5,"nm_classe_equipamento":"UBS/POSTO DE SAÚDE/CENTRO DE SAÚDE","tx_classe_equipamento":"O PRIMEIRO CONTATO DO PACIENTE COM O SUS.","cd_identificador_esfera_administrativa_equipamento":1,"nm_esfera_administrativa_equipamento":"Municipal","tx_esfera_administrativa_equipamento":"Administração municipal","cd_equipamento":"54","nm_equipamento":"AMA/UBS VILA PREL - ANTONIO BERNARDES DE OLIVEIRA","tx_endereco_equipamento":"R. TEREZA MAIA PINTO, 11","nm_bairro_equipamento":"VILA PREL","cd_cep_equipamento":"05780-390","tx_horario_funcionamento":null,"tx_numero_telefone":"5816-5563 / 5817-8002","cd_equipamento_base_origem":null}},{"type":"Feature","id":"equipamento_saude_ubs_posto_centro_v2.120088","geometry":{"type":"Point","coordinates":[346382.584,7401267.177]},"geometry_name":"ge_ponto","properties":{"cd_identificador":120088,"cd_identificador_tema_equipamento":6,"nm_tema_equipamento":"SAUDE","cd_identificador_rede_equipamento":0,"nm_rede_equipamento":"SEM REDE","tx_rede_equipamento":"Sem descrição","cd_identificador_tipo_equipamento":45,"nm_tipo_equipamento":"Unidade Básica de Saúde","tx_tipo_equipamento":"Atendimento básico em Pediatria, Ginecologia, Clínica Geral, Enfermagem e Odontologia. Principais serviços oferecidos: consultas médicas, inalações, injeções, curativos, vacinas, coleta de exames laboratoriais, tratamento odontológico, encaminhamentos par","cd_identificador_classe_equipamento":5,"nm_classe_equipamento":"UBS/POSTO DE SAÚDE/CENTRO DE SAÚDE","tx_classe_equipamento":"O PRIMEIRO CONTATO DO PACIENTE COM O SUS.","cd_identificador_esfera_administrativa_equipamento":1,"nm_esfera_administrativa_equipamento":"Municipal","tx_esfera_administrativa_equipamento":"Administração municipal","cd_equipamento":"645","nm_equipamento":"AMA/UBS VILA SILVIA","tx_endereco_equipamento":"R. BELEM SANTOS, 222","nm_bairro_equipamento":"VILA SILVIA","cd_cep_equipamento":"03821-170","tx_horario_funcionamento":null,"tx_numero_telefone":"2545-8181 / 2545-6838","cd_equipamento_base_origem":null}},{"type":"Feature","id":"equipamento_saude_ubs_posto_centro_v2.120089","geometry":{"type":"Point","coordinates":[322988.455,7389246.402]},"geometry_name":"ge_ponto","properties":{"cd_identificador":120089,"cd_identificador_tema_equipamento":6,"nm_tema_equipamento":"SAUDE","cd_identificador_rede_equipamento":0,"nm_rede_equipamento":"SEM REDE","tx_rede_equipamento":"Sem descrição","cd_identificador_tipo_equipamento":45,"nm_tipo_equipamento":"Unidade Básica de Saúde","tx_tipo_equipamento":"Atendimento básico em Pediatria, Ginecologia, Clínica Geral, Enfermagem e Odontologia. Principais serviços oferecidos: consultas médicas, inalações, injeções, curativos, vacinas, coleta de exames laboratoriais, tratamento odontológico, encaminhamentos par","cd_identificador_classe_equipamento":5,"nm_classe_equipamento":"UBS/POSTO DE SAÚDE/CENTRO DE SAÚDE","tx_classe_equipamento":"O PRIMEIRO CONTATO DO PACIENTE COM O SUS.","cd_identificador_esfera_administrativa_equipamento":1,"nm_esfera_administrativa_equipamento":"Municipal","tx_esfera_administrativa_equipamento":"Administração municipal","cd_equipamento":"51","nm_equipamento":"AMA/UBS VILA SONIA","tx_endereco_equipamento":"R. ABRAÃO CALIL REZEK, 91","nm_bairro_equipamento":"VL SONIA","cd_cep_equipamento":"05625-050","tx_horario_funcionamento":null,"tx_numero_telefone":"3742-9844 / 3744-2982","cd_equipamento_base_origem":null}},{"type":"Feature","id":"equipamento_saude_ubs_posto_centro_v2.120090","geometry":{"type":"Point","coordinates":[336254.865,7403662.825]},"geometry_name":"ge_ponto","properties":{"cd_identificador":120090,"cd_identificador_tema_equipamento":6,"nm_tema_equipamento":"SAUDE","cd_identificador_rede_equipamento":0,"nm_rede_equipamento":"SEM REDE","tx_rede_equipamento":"Sem descrição","cd_identificador_tipo_equipamento":45,"nm_tipo_equipamento":"Unidade Básica de Saúde","tx_tipo_equipamento":"Atendimento básico em Pediatria, Ginecologia, Clínica Geral, Enfermagem e Odontologia. Principais serviços oferecidos: consultas médicas, inalações, injeções, curativos, vacinas, coleta de exames laboratoriais, tratamento odontológico, encaminhamentos par","cd_identificador_classe_equipamento":5,"nm_classe_equipamento":"UBS/POSTO DE SAÚDE/CENTRO DE SAÚDE","tx_classe_equipamento":"O PRIMEIRO CONTATO DO PACIENTE COM O SUS.","cd_identificador_esfera_administrativa_equipamento":1,"nm_esfera_administrativa_equipamento":"Municipal","tx_esfera_administrativa_equipamento":"Administração municipal","cd_equipamento":"792","nm_equipamento":"AMA/UBS WAMBERTO DIAS DA COSTA","tx_endereco_equipamento":"R. PAULO CESAR, 60","nm_bairro_equipamento":"JARDIM TREMEMBE","cd_cep_equipamento":"02311-240","tx_horario_funcionamento":null,"tx_numero_telefone":"2203-9305 / 2952-0679","cd_equipamento_base_origem":null}},{"type":"Feature","id":"equipamento_saude_ubs_posto_centro_v2.120359","geometry":{"type":"Point","coordinates":[330648.4947,7397766.3683]},"geometry_name":"ge_ponto","properties":{"cd_identificador":120359,"cd_identificador_tema_equipamento":6,"nm_tema_equipamento":"SAUDE","cd_identificador_rede_equipamento":0,"nm_rede_equipamento":"SEM REDE","tx_rede_equipamento":"Sem descrição","cd_identificador_tipo_equipamento":59,"nm_tipo_equipamento":"SEM TIPO","tx_tipo_equipamento":"SEM TIPO","cd_identificador_classe_equipamento":5,"nm_classe_equipamento":"UBS/POSTO DE SAÚDE/CENTRO DE SAÚDE","tx_classe_equipamento":"O PRIMEIRO CONTATO DO PACIENTE COM O SUS.","cd_identificador_esfera_administrativa_equipamento":4,"nm_esfera_administrativa_equipamento":"Privado","tx_esfera_administrativa_equipamento":"Administração privada (inclui estabelecimentos particulares, filantrópricos, conveniados ou não com a Prefeitura)","cd_equipamento":"964","nm_equipamento":"CS ESCOLA BARRA FUNDA - ALEXANDRE VRANJAC","tx_endereco_equipamento":"AV. DR ABRAAO RIBEIRO, 283","nm_bairro_equipamento":"BARRA FUNDA","cd_cep_equipamento":"01133-020","tx_horario_funcionamento":null,"tx_numero_telefone":"3466-2502 / 3466-2547","cd_equipamento_base_origem":null}},{"type":"Feature","id":"equipamento_saude_ubs_posto_centro_v2.120360","geometry":{"type":"Point","coordinates":[329180.491,7394228.063]},"geometry_name":"ge_ponto","properties":{"cd_identificador":120360,"cd_identificador_tema_equipamento":6,"nm_tema_equipamento":"SAUDE","cd_identificador_rede_equipamento":0,"nm_rede_equipamento":"SEM REDE","tx_rede_equipamento":"Sem descrição","cd_identificador_tipo_equipamento":59,"nm_tipo_equipamento":"SEM TIPO","tx_tipo_equipamento":"SEM TIPO","cd_identificador_classe_equipamento":5,"nm_classe_equipamento":"UBS/POSTO DE SAÚDE/CENTRO DE SAÚDE","tx_classe_equipamento":"O PRIMEIRO CONTATO DO PACIENTE COM O SUS.","cd_identificador_esfera_administrativa_equipamento":2,"nm_esfera_administrativa_equipamento":"Estadual","tx_esfera_administrativa_equipamento":"Administração estadual vinculada à Secretaria de Estado da Saúde","cd_equipamento":"704","nm_equipamento":"CS ESCOLA GERALDO DE PAULA SOUZA","tx_endereco_equipamento":"AV. DR ARNALDO, 925","nm_bairro_equipamento":"PACAEMBU","cd_cep_equipamento":"01255-000","tx_horario_funcionamento":null,"tx_numero_telefone":"3085-1134","cd_equipamento_base_origem":null}},{"type":"Feature","id":"equipamento_saude_ubs_posto_centro_v2.120361","geometry":{"type":"Point","coordinates":[324786.053,7392513.181]},"geometry_name":"ge_ponto","properties":{"cd_identificador":120361,"cd_identificador_tema_equipamento":6,"nm_tema_equipamento":"SAUDE","cd_identificador_rede_equipamento":0,"nm_rede_equipamento":"SEM REDE","tx_rede_equipamento":"Sem descrição","cd_identificador_tipo_equipamento":59,"nm_tipo_equipamento":"SEM TIPO","tx_tipo_equipamento":"SEM TIPO","cd_identificador_classe_equipamento":5,"nm_classe_equipamento":"UBS/POSTO DE SAÚDE/CENTRO DE SAÚDE","tx_classe_equipamento":"O PRIMEIRO CONTATO DO PACIENTE COM O SUS.","cd_identificador_esfera_administrativa_equipamento":2,"nm_esfera_administrativa_equipamento":"Estadual","tx_esfera_administrativa_equipamento":"Administração estadual vinculada à Secretaria de Estado da Saúde","cd_equipamento":"20","nm_equipamento":"CS ESCOLA SAMUEL BARNSLEY PESSOA","tx_endereco_equipamento":"AV. VITAL BRASIL, 1490","nm_bairro_equipamento":"BUTANTA","cd_cep_equipamento":"05503-000","tx_horario_funcionamento":null,"tx_numero_telefone":"3061-8583","cd_equipamento_base_origem":null}},{"type":"Feature","id":"equipamento_saude_ubs_posto_centro_v2.120480","geometry":{"type":"Point","coordinates":[325347.06,7374621.419]},"geometry_name":"ge_ponto","properties":{"cd_identificador":120480,"cd_identificador_tema_equipamento":6,"nm_tema_equipamento":"SAUDE","cd_identificador_rede_equipamento":0,"nm_rede_equipamento":"SEM REDE","tx_rede_equipamento":"Sem descrição","cd_identificador_tipo_equipamento":59,"nm_tipo_equipamento":"SEM TIPO","tx_tipo_equipamento":"SEM TIPO","cd_identificador_classe_equipamento":5,"nm_classe_equipamento":"UBS/POSTO DE SAÚDE/CENTRO DE SAÚDE","tx_classe_equipamento":"O PRIMEIRO CONTATO DO PACIENTE COM O SUS.","cd_identificador_esfera_administrativa_equipamento":4,"nm_esfera_administrativa_equipamento":"Privado","tx_esfera_administrativa_equipamento":"Administração privada (inclui estabelecimentos particulares, filantrópricos, conveniados ou não com a Prefeitura)","cd_equipamento":"112","nm_equipamento":"OSEC","tx_endereco_equipamento":"R. CASSIO DE CAMPOS NOGUEIRA, 365","nm_bairro_equipamento":"JARDIM DAS IMBUIAS","cd_cep_equipamento":"04829-310","tx_horario_funcionamento":null,"tx_numero_telefone":"2141-8838","cd_equipamento_base_origem":null}},{"type":"Feature","id":"equipamento_saude_ubs_posto_centro_v2.120561","geometry":{"type":"Point","coordinates":[334127.924,7385752.812]},"geometry_name":"ge_ponto","properties":{"cd_identificador":120561,"cd_identificador_tema_equipamento":6,"nm_tema_equipamento":"SAUDE","cd_identificador_rede_equipamento":0,"nm_rede_equipamento":"SEM REDE","tx_rede_equipamento":"Sem descrição","cd_identificador_tipo_equipamento":45,"nm_tipo_equipamento":"Unidade Básica de Saúde","tx_tipo_equipamento":"Atendimento básico em Pediatria, Ginecologia, Clínica Geral, Enfermagem e Odontologia. Principais serviços oferecidos: consultas médicas, inalações, injeções, curativos, vacinas, coleta de exames laboratoriais, tratamento odontológico, encaminhamentos par","cd_identificador_classe_equipamento":5,"nm_classe_equipamento":"UBS/POSTO DE SAÚDE/CENTRO DE SAÚDE","tx_classe_equipamento":"O PRIMEIRO CONTATO DO PACIENTE COM O SUS.","cd_identificador_esfera_administrativa_equipamento":1,"nm_esfera_administrativa_equipamento":"Municipal","tx_esfera_administrativa_equipamento":"Administração municipal","cd_equipamento":"339","nm_equipamento":"UBS ÁGUA FUNDA","tx_endereco_equipamento":"R. ROSA DE MORAES, 91","nm_bairro_equipamento":"VL ÁGUA FUNDA","cd_cep_equipamento":"04155-000","tx_horario_funcionamento":null,"tx_numero_telefone":"5073-6253","cd_equipamento_base_origem":null}},{"type":"Feature","id":"equipamento_saude_ubs_posto_centro_v2.120562","geometry":{"type":"Point","coordinates":[331946.624,7370397.918]},"geometry_name":"ge_ponto","properties":{"cd_identificador":120562,"cd_identificador_tema_equipamento":6,"nm_tema_equipamento":"SAUDE","cd_identificador_rede_equipamento":0,"nm_rede_equipamento":"SEM REDE","tx_rede_equipamento":"Sem descrição","cd_identificador_tipo_equipamento":45,"nm_tipo_equipamento":"Unidade Básica de Saúde","tx_tipo_equipamento":"Atendimento básico em Pediatria, Ginecologia, Clínica Geral, Enfermagem e Odontologia. Principais serviços oferecidos: consultas médicas, inalações, injeções, curativos, vacinas, coleta de exames laboratoriais, tratamento odontológico, encaminhamentos par","cd_identificador_classe_equipamento":5,"nm_classe_equipamento":"UBS/POSTO DE SAÚDE/CENTRO DE SAÚDE","tx_classe_equipamento":"O PRIMEIRO CONTATO DO PACIENTE COM O SUS.","cd_identificador_esfera_administrativa_equipamento":1,"nm_esfera_administrativa_equipamento":"Municipal","tx_esfera_administrativa_equipamento":"Administração municipal","cd_equipamento":"132","nm_equipamento":"UBS ALCINA PIMENTEL PIZA","tx_endereco_equipamento":"ESTRADA DE ITAQUAQUECETUBA, 8855","nm_bairro_equipamento":"ILHA DO BORORÉ","cd_cep_equipamento":"04846-010","tx_horario_funcionamento":null,"tx_numero_telefone":"5974-2289 / 5974-9764","cd_equipamento_base_origem":null}},{"type":"Feature","id":"equipamento_saude_ubs_posto_centro_v2.120563","geometry":{"type":"Point","coordinates":[337156.9,7388730.63]},"geometry_name":"ge_ponto","properties":{"cd_identificador":120563,"cd_identificador_tema_equipamento":6,"nm_tema_equipamento":"SAUDE","cd_identificador_rede_equipamento":0,"nm_rede_equipamento":"SEM REDE","tx_rede_equipamento":"Sem descrição","cd_identificador_tipo_equipamento":45,"nm_tipo_equipamento":"Unidade Básica de Saúde","tx_tipo_equipamento":"Atendimento básico em Pediatria, Ginecologia, Clínica Geral, Enfermagem e Odontologia. Principais serviços oferecidos: consultas médicas, inalações, injeções, curativos, vacinas, coleta de exames laboratoriais, tratamento odontológico, encaminhamentos par","cd_identificador_classe_equipamento":5,"nm_classe_equipamento":"UBS/POSTO DE SAÚDE/CENTRO DE SAÚDE","tx_classe_equipamento":"O PRIMEIRO CONTATO DO PACIENTE COM O SUS.","cd_identificador_esfera_administrativa_equipamento":1,"nm_esfera_administrativa_equipamento":"Municipal","tx_esfera_administrativa_equipamento":"Administração municipal","cd_equipamento":"346","nm_equipamento":"UBS ALMIRANTE DELLAMARE","tx_endereco_equipamento":"R. ALM. MARIATH, 62","nm_bairro_equipamento":"VL HELIÓPOLIS","cd_cep_equipamento":"04218-040","tx_horario_funcionamento":null,"tx_numero_telefone":"2062-8018","cd_equipamento_base_origem":null}},{"type":"Feature","id":"equipamento_saude_ubs_posto_centro_v2.120564","geometry":{"type":"Point","coordinates":[320852.402,7405917.748]},"geometry_name":"ge_ponto","properties":{"cd_identificador":120564,"cd_identificador_tema_equipamento":6,"nm_tema_equipamento":"SAUDE","cd_identificador_rede_equipamento":0,"nm_rede_equipamento":"SEM REDE","tx_rede_equipamento":"Sem descrição","cd_identificador_tipo_equipamento":45,"nm_tipo_equipamento":"Unidade Básica de Saúde","tx_tipo_equipamento":"Atendimento básico em Pediatria, Ginecologia, Clínica Geral, Enfermagem e Odontologia. Principais serviços oferecidos: consultas médicas, inalações, injeções, curativos, vacinas, coleta de exames laboratoriais, tratamento odontológico, encaminhamentos par","cd_identificador_classe_equipamento":5,"nm_classe_equipamento":"UBS/POSTO DE SAÚDE/CENTRO DE SAÚDE","tx_classe_equipamento":"O PRIMEIRO CONTATO DO PACIENTE COM O SUS.","cd_identificador_esfera_administrativa_equipamento":1,"nm_esfera_administrativa_equipamento":"Municipal","tx_esfera_administrativa_equipamento":"Administração municipal","cd_equipamento":"728","nm_equipamento":"UBS ALPES DO JARAGUÁ","tx_endereco_equipamento":"ALAMEDA DAS LIMEIRAS, 46","nm_bairro_equipamento":"ALPES DO JARAGUA","cd_cep_equipamento":"05187-634","tx_horario_funcionamento":null,"tx_numero_telefone":"3941-1169","cd_equipamento_base_origem":null}},{"type":"Feature","id":"equipamento_saude_ubs_posto_centro_v2.120565","geometry":{"type":"Point","coordinates":[319809.313,7377921.661]},"geometry_name":"ge_ponto","properties":{"cd_identificador":120565,"cd_identificador_tema_equipamento":6,"nm_tema_equipamento":"SAUDE","cd_identificador_rede_equipamento":0,"nm_rede_equipamento":"SEM REDE","tx_rede_equipamento":"Sem descrição","cd_identificador_tipo_equipamento":45,"nm_tipo_equipamento":"Unidade Básica de Saúde","tx_tipo_equipamento":"Atendimento básico em Pediatria, Ginecologia, Clínica Geral, Enfermagem e Odontologia. Principais serviços oferecidos: consultas médicas, inalações, injeções, curativos, vacinas, coleta de exames laboratoriais, tratamento odontológico, encaminhamentos par","cd_identificador_classe_equipamento":5,"nm_classe_equipamento":"UBS/POSTO DE SAÚDE/CENTRO DE SAÚDE","tx_classe_equipamento":"O PRIMEIRO CONTATO DO PACIENTE COM O SUS.","cd_identificador_esfera_administrativa_equipamento":1,"nm_esfera_administrativa_equipamento":"Municipal","tx_esfera_administrativa_equipamento":"Administração municipal","cd_equipamento":"538","nm_equipamento":"UBS ALTO DA RIVIERA","tx_endereco_equipamento":"AV. PROF. MÁRIO MAZAGAO, 194","nm_bairro_equipamento":"ALTO DA RIVIERA","cd_cep_equipamento":"04929-080","tx_horario_funcionamento":null,"tx_numero_telefone":"5898-5757","cd_equipamento_base_origem":null}},{"type":"Feature","id":"equipamento_saude_ubs_posto_centro_v2.120566","geometry":{"type":"Point","coordinates":[324219.244,7395911.404]},"geometry_name":"ge_ponto","properties":{"cd_identificador":120566,"cd_identificador_tema_equipamento":6,"nm_tema_equipamento":"SAUDE","cd_identificador_rede_equipamento":0,"nm_rede_equipamento":"SEM REDE","tx_rede_equipamento":"Sem descrição","cd_identificador_tipo_equipamento":45,"nm_tipo_equipamento":"Unidade Básica de Saúde","tx_tipo_equipamento":"Atendimento básico em Pediatria, Ginecologia, Clínica Geral, Enfermagem e Odontologia. Principais serviços oferecidos: consultas médicas, inalações, injeções, curativos, vacinas, coleta de exames laboratoriais, tratamento odontológico, encaminhamentos par","cd_identificador_classe_equipamento":5,"nm_classe_equipamento":"UBS/POSTO DE SAÚDE/CENTRO DE SAÚDE","tx_classe_equipamento":"O PRIMEIRO CONTATO DO PACIENTE COM O SUS.","cd_identificador_esfera_administrativa_equipamento":1,"nm_esfera_administrativa_equipamento":"Municipal","tx_esfera_administrativa_equipamento":"Administração municipal","cd_equipamento":"689","nm_equipamento":"UBS ALTO DE PINHEIROS - DR SUEL ABUJAMRA","tx_endereco_equipamento":"AV. QUEIROZ FILHO, 313","nm_bairro_equipamento":"ALTO DE PINHEIROS","cd_cep_equipamento":"05319-000","tx_horario_funcionamento":null,"tx_numero_telefone":"3022-7074","cd_equipamento_base_origem":null}},{"type":"Feature","id":"equipamento_saude_ubs_posto_centro_v2.120567","geometry":{"type":"Point","coordinates":[319213.732,7383826.653]},"geometry_name":"ge_ponto","properties":{"cd_identificador":120567,"cd_identificador_tema_equipamento":6,"nm_tema_equipamento":"SAUDE","cd_identificador_rede_equipamento":0,"nm_rede_equipamento":"SEM REDE","tx_rede_equipamento":"Sem descrição","cd_identificador_tipo_equipamento":45,"nm_tipo_equipamento":"Unidade Básica de Saúde","tx_tipo_equipamento":"Atendimento básico em Pediatria, Ginecologia, Clínica Geral, Enfermagem e Odontologia. Principais serviços oferecidos: consultas médicas, inalações, injeções, curativos, vacinas, coleta de exames laboratoriais, tratamento odontológico, encaminhamentos par","cd_identificador_classe_equipamento":5,"nm_classe_equipamento":"UBS/POSTO DE SAÚDE/CENTRO DE SAÚDE","tx_classe_equipamento":"O PRIMEIRO CONTATO DO PACIENTE COM O SUS.","cd_identificador_esfera_administrativa_equipamento":1,"nm_esfera_administrativa_equipamento":"Municipal","tx_esfera_administrativa_equipamento":"Administração municipal","cd_equipamento":"62","nm_equipamento":"UBS ALTO DO UMUARAMA","tx_endereco_equipamento":"R. ODEMIS, 468","nm_bairro_equipamento":"JD UMUARAMA","cd_cep_equipamento":"05783-180","tx_horario_funcionamento":null,"tx_numero_telefone":"5512-6614","cd_equipamento_base_origem":null}},{"type":"Feature","id":"equipamento_saude_ubs_posto_centro_v2.120568","geometry":{"type":"Point","coordinates":[328379.815,7371152.463]},"geometry_name":"ge_ponto","properties":{"cd_identificador":120568,"cd_identificador_tema_equipamento":6,"nm_tema_equipamento":"SAUDE","cd_identificador_rede_equipamento":0,"nm_rede_equipamento":"SEM REDE","tx_rede_equipamento":"Sem descrição","cd_identificador_tipo_equipamento":45,"nm_tipo_equipamento":"Unidade Básica de Saúde","tx_tipo_equipamento":"Atendimento básico em Pediatria, Ginecologia, Clínica Geral, Enfermagem e Odontologia. Principais serviços oferecidos: consultas médicas, inalações, injeções, curativos, vacinas, coleta de exames laboratoriais, tratamento odontológico, encaminhamentos par","cd_identificador_classe_equipamento":5,"nm_classe_equipamento":"UBS/POSTO DE SAÚDE/CENTRO DE SAÚDE","tx_classe_equipamento":"O PRIMEIRO CONTATO DO PACIENTE COM O SUS.","cd_identificador_esfera_administrativa_equipamento":1,"nm_esfera_administrativa_equipamento":"Municipal","tx_esfera_administrativa_equipamento":"Administração municipal","cd_equipamento":"143","nm_equipamento":"UBS ANCHIETA","tx_endereco_equipamento":"R. ALZIRO PINHEIRO MAGALHAES, 638","nm_bairro_equipamento":"PQ SÃO RAFAEL","cd_cep_equipamento":"04855-000","tx_horario_funcionamento":null,"tx_numero_telefone":"5928-1837","cd_equipamento_base_origem":null}},{"type":"Feature","id":"equipamento_saude_ubs_posto_centro_v2.120569","geometry":{"type":"Point","coordinates":[349307.602,7396012.807]},"geometry_name":"ge_ponto","properties":{"cd_identificador":120569,"cd_identificador_tema_equipamento":6,"nm_tema_equipamento":"SAUDE","cd_identificador_rede_equipamento":0,"nm_rede_equipamento":"SEM REDE","tx_rede_equipamento":"Sem descrição","cd_identificador_tipo_equipamento":45,"nm_tipo_equipamento":"Unidade Básica de Saúde","tx_tipo_equipamento":"Atendimento básico em Pediatria, Ginecologia, Clínica Geral, Enfermagem e Odontologia. Principais serviços oferecidos: consultas médicas, inalações, injeções, curativos, vacinas, coleta de exames laboratoriais, tratamento odontológico, encaminhamentos par","cd_identificador_classe_equipamento":5,"nm_classe_equipamento":"UBS/POSTO DE SAÚDE/CENTRO DE SAÚDE","tx_classe_equipamento":"O PRIMEIRO CONTATO DO PACIENTE COM O SUS.","cd_identificador_esfera_administrativa_equipamento":1,"nm_esfera_administrativa_equipamento":"Municipal","tx_esfera_administrativa_equipamento":"Administração municipal","cd_equipamento":"636","nm_equipamento":"UBS ANTONIO ESTEVÃO DE CARVALHO","tx_endereco_equipamento":"R. JAPANI, 7","nm_bairro_equipamento":"CIDADE AE CARVALHO","cd_cep_equipamento":"08220-130","tx_horario_funcionamento":null,"tx_numero_telefone":"2280-2373","cd_equipamento_base_origem":null}},{"type":"Feature","id":"equipamento_saude_ubs_posto_centro_v2.120570","geometry":{"type":"Point","coordinates":[318832.68,7385151.73]},"geometry_name":"ge_ponto","properties":{"cd_identificador":120570,"cd_identificador_tema_equipamento":6,"nm_tema_equipamento":"SAUDE","cd_identificador_rede_equipamento":0,"nm_rede_equipamento":"SEM REDE","tx_rede_equipamento":"Sem descrição","cd_identificador_tipo_equipamento":45,"nm_tipo_equipamento":"Unidade Básica de Saúde","tx_tipo_equipamento":"Atendimento básico em Pediatria, Ginecologia, Clínica Geral, Enfermagem e Odontologia. Principais serviços oferecidos: consultas médicas, inalações, injeções, curativos, vacinas, coleta de exames laboratoriais, tratamento odontológico, encaminhamentos par","cd_identificador_classe_equipamento":5,"nm_classe_equipamento":"UBS/POSTO DE SAÚDE/CENTRO DE SAÚDE","tx_classe_equipamento":"O PRIMEIRO CONTATO DO PACIENTE COM O SUS.","cd_identificador_esfera_administrativa_equipamento":1,"nm_esfera_administrativa_equipamento":"Municipal","tx_esfera_administrativa_equipamento":"Administração municipal","cd_equipamento":"65","nm_equipamento":"UBS ARRASTÃO - DR. FRANCISCO SCALAMANDRE SOBRINHO","tx_endereco_equipamento":"R. DR JOVIANO PACHECO AGUIRRE, 255","nm_bairro_equipamento":"CAMPO LIMPO","cd_cep_equipamento":"05788-290","tx_horario_funcionamento":null,"tx_numero_telefone":"5841-2654","cd_equipamento_base_origem":null}},{"type":"Feature","id":"equipamento_saude_ubs_posto_centro_v2.120571","geometry":{"type":"Point","coordinates":[357443.456,7399679.163]},"geometry_name":"ge_ponto","properties":{"cd_identificador":120571,"cd_identificador_tema_equipamento":6,"nm_tema_equipamento":"SAUDE","cd_identificador_rede_equipamento":0,"nm_rede_equipamento":"SEM REDE","tx_rede_equipamento":"Sem descrição","cd_identificador_tipo_equipamento":45,"nm_tipo_equipamento":"Unidade Básica de Saúde","tx_tipo_equipamento":"Atendimento básico em Pediatria, Ginecologia, Clínica Geral, Enfermagem e Odontologia. Principais serviços oferecidos: consultas médicas, inalações, injeções, curativos, vacinas, coleta de exames laboratoriais, tratamento odontológico, encaminhamentos par","cd_identificador_classe_equipamento":5,"nm_classe_equipamento":"UBS/POSTO DE SAÚDE/CENTRO DE SAÚDE","tx_classe_equipamento":"O PRIMEIRO CONTATO DO PACIENTE COM O SUS.","cd_identificador_esfera_administrativa_equipamento":1,"nm_esfera_administrativa_equipamento":"Municipal","tx_esfera_administrativa_equipamento":"Administração municipal","cd_equipamento":"390","nm_equipamento":"UBS ATUALPA GIRÃO RABELO","tx_endereco_equipamento":"R. AMBARÉ, 150","nm_bairro_equipamento":"JARDIM CAMARGO NOVO","cd_cep_equipamento":"08140-004","tx_horario_funcionamento":null,"tx_numero_telefone":"2963-2634","cd_equipamento_base_origem":null}},{"type":"Feature","id":"equipamento_saude_ubs_posto_centro_v2.120572","geometry":{"type":"Point","coordinates":[327478.84,7377885.721]},"geometry_name":"ge_ponto","properties":{"cd_identificador":120572,"cd_identificador_tema_equipamento":6,"nm_tema_equipamento":"SAUDE","cd_identificador_rede_equipamento":0,"nm_rede_equipamento":"SEM REDE","tx_rede_equipamento":"Sem descrição","cd_identificador_tipo_equipamento":45,"nm_tipo_equipamento":"Unidade Básica de Saúde","tx_tipo_equipamento":"Atendimento básico em Pediatria, Ginecologia, Clínica Geral, Enfermagem e Odontologia. Principais serviços oferecidos: consultas médicas, inalações, injeções, curativos, vacinas, coleta de exames laboratoriais, tratamento odontológico, encaminhamentos par","cd_identificador_classe_equipamento":5,"nm_classe_equipamento":"UBS/POSTO DE SAÚDE/CENTRO DE SAÚDE","tx_classe_equipamento":"O PRIMEIRO CONTATO DO PACIENTE COM O SUS.","cd_identificador_esfera_administrativa_equipamento":1,"nm_esfera_administrativa_equipamento":"Municipal","tx_esfera_administrativa_equipamento":"Administração municipal","cd_equipamento":"108","nm_equipamento":"UBS AUTÓDROMO - DR FAUZER SIMÃO ABRÃO","tx_endereco_equipamento":"R. OSWALDO DINIZ, 51","nm_bairro_equipamento":"JARDIM SATELITE","cd_cep_equipamento":"04815-330","tx_horario_funcionamento":null,"tx_numero_telefone":"5925-4362 / 5666-1430","cd_equipamento_base_origem":null}},{"type":"Feature","id":"equipamento_saude_ubs_posto_centro_v2.120573","geometry":{"type":"Point","coordinates":[331906.259,7358349.799]},"geometry_name":"ge_ponto","properties":{"cd_identificador":120573,"cd_identificador_tema_equipamento":6,"nm_tema_equipamento":"SAUDE","cd_identificador_rede_equipamento":0,"nm_rede_equipamento":"SEM REDE","tx_rede_equipamento":"Sem descrição","cd_identificador_tipo_equipamento":45,"nm_tipo_equipamento":"Unidade Básica de Saúde","tx_tipo_equipamento":"Atendimento básico em Pediatria, Ginecologia, Clínica Geral, Enfermagem e Odontologia. Principais serviços oferecidos: consultas médicas, inalações, injeções, curativos, vacinas, coleta de exames laboratoriais, tratamento odontológico, encaminhamentos par","cd_identificador_classe_equipamento":5,"nm_classe_equipamento":"UBS/POSTO DE SAÚDE/CENTRO DE SAÚDE","tx_classe_equipamento":"O PRIMEIRO CONTATO DO PACIENTE COM O SUS.","cd_identificador_esfera_administrativa_equipamento":1,"nm_esfera_administrativa_equipamento":"Municipal","tx_esfera_administrativa_equipamento":"Administração municipal","cd_equipamento":"630","nm_equipamento":"UBS BARRAGEM","tx_endereco_equipamento":"R. DOIS, 3","nm_bairro_equipamento":"BARRAGEM","cd_cep_equipamento":"04877-110","tx_horario_funcionamento":null,"tx_numero_telefone":"5977-3212","cd_equipamento_base_origem":null}},{"type":"Feature","id":"equipamento_saude_ubs_posto_centro_v2.120574","geometry":{"type":"Point","coordinates":[357838.407,7391161.312]},"geometry_name":"ge_ponto","properties":{"cd_identificador":120574,"cd_identificador_tema_equipamento":6,"nm_tema_equipamento":"SAUDE","cd_identificador_rede_equipamento":0,"nm_rede_equipamento":"SEM REDE","tx_rede_equipamento":"Sem descrição","cd_identificador_tipo_equipamento":45,"nm_tipo_equipamento":"Unidade Básica de Saúde","tx_tipo_equipamento":"Atendimento básico em Pediatria, Ginecologia, Clínica Geral, Enfermagem e Odontologia. Principais serviços oferecidos: consultas médicas, inalações, injeções, curativos, vacinas, coleta de exames laboratoriais, tratamento odontológico, encaminhamentos par","cd_identificador_classe_equipamento":5,"nm_classe_equipamento":"UBS/POSTO DE SAÚDE/CENTRO DE SAÚDE","tx_classe_equipamento":"O PRIMEIRO CONTATO DO PACIENTE COM O SUS.","cd_identificador_esfera_administrativa_equipamento":1,"nm_esfera_administrativa_equipamento":"Municipal","tx_esfera_administrativa_equipamento":"Administração municipal","cd_equipamento":"235","nm_equipamento":"UBS BARRO BRANCO","tx_endereco_equipamento":"R. EDUARDO REUTER, 678","nm_bairro_equipamento":"COHAB BARRO BRANCO I","cd_cep_equipamento":"08473-533","tx_horario_funcionamento":null,"tx_numero_telefone":"2558-6944","cd_equipamento_base_origem":null}},{"type":"Feature","id":"equipamento_saude_ubs_posto_centro_v2.120575","geometry":{"type":"Point","coordinates":[337126.472,7396098.882]},"geometry_name":"ge_ponto","properties":{"cd_identificador":120575,"cd_identificador_tema_equipamento":6,"nm_tema_equipamento":"SAUDE","cd_identificador_rede_equipamento":0,"nm_rede_equipamento":"SEM REDE","tx_rede_equipamento":"Sem descrição","cd_identificador_tipo_equipamento":45,"nm_tipo_equipamento":"Unidade Básica de Saúde","tx_tipo_equipamento":"Atendimento básico em Pediatria, Ginecologia, Clínica Geral, Enfermagem e Odontologia. Principais serviços oferecidos: consultas médicas, inalações, injeções, curativos, vacinas, coleta de exames laboratoriais, tratamento odontológico, encaminhamentos par","cd_identificador_classe_equipamento":5,"nm_classe_equipamento":"UBS/POSTO DE SAÚDE/CENTRO DE SAÚDE","tx_classe_equipamento":"O PRIMEIRO CONTATO DO PACIENTE COM O SUS.","cd_identificador_esfera_administrativa_equipamento":1,"nm_esfera_administrativa_equipamento":"Municipal","tx_esfera_administrativa_equipamento":"Administração municipal","cd_equipamento":"583","nm_equipamento":"UBS BELENZINHO - MARCUS WOLOSKER","tx_endereco_equipamento":"AV. CELSO GARCIA, 1749","nm_bairro_equipamento":"BELENZINHO","cd_cep_equipamento":"03015-000","tx_horario_funcionamento":null,"tx_numero_telefone":"2292-5687","cd_equipamento_base_origem":null}},{"type":"Feature","id":"equipamento_saude_ubs_posto_centro_v2.120576","geometry":{"type":"Point","coordinates":[332409.742,7397289.963]},"geometry_name":"ge_ponto","properties":{"cd_identificador":120576,"cd_identificador_tema_equipamento":6,"nm_tema_equipamento":"SAUDE","cd_identificador_rede_equipamento":0,"nm_rede_equipamento":"SEM REDE","tx_rede_equipamento":"Sem descrição","cd_identificador_tipo_equipamento":45,"nm_tipo_equipamento":"Unidade Básica de Saúde","tx_tipo_equipamento":"Atendimento básico em Pediatria, Ginecologia, Clínica Geral, Enfermagem e Odontologia. Principais serviços oferecidos: consultas médicas, inalações, injeções, curativos, vacinas, coleta de exames laboratoriais, tratamento odontológico, encaminhamentos par","cd_identificador_classe_equipamento":5,"nm_classe_equipamento":"UBS/POSTO DE SAÚDE/CENTRO DE SAÚDE","tx_classe_equipamento":"O PRIMEIRO CONTATO DO PACIENTE COM O SUS.","cd_identificador_esfera_administrativa_equipamento":1,"nm_esfera_administrativa_equipamento":"Municipal","tx_esfera_administrativa_equipamento":"Administração municipal","cd_equipamento":"934","nm_equipamento":"UBS BOM RETIRO - DR. OCTAVIO AUGUSTO RODOVALHO","tx_endereco_equipamento":"R. TENENTE PENA, 8","nm_bairro_equipamento":"BOM RETIRO","cd_cep_equipamento":"01127-020","tx_horario_funcionamento":null,"tx_numero_telefone":"3222-0619 / 4210-5426","cd_equipamento_base_origem":null}},{"type":"Feature","id":"equipamento_saude_ubs_posto_centro_v2.120577","geometry":{"type":"Point","coordinates":[331403.371,7397374.661]},"geometry_name":"ge_ponto","properties":{"cd_identificador":120577,"cd_identificador_tema_equipamento":6,"nm_tema_equipamento":"SAUDE","cd_identificador_rede_equipamento":0,"nm_rede_equipamento":"SEM REDE","tx_rede_equipamento":"Sem descrição","cd_identificador_tipo_equipamento":45,"nm_tipo_equipamento":"Unidade Básica de Saúde","tx_tipo_equipamento":"Atendimento básico em Pediatria, Ginecologia, Clínica Geral, Enfermagem e Odontologia. Principais serviços oferecidos: consultas médicas, inalações, injeções, curativos, vacinas, coleta de exames laboratoriais, tratamento odontológico, encaminhamentos par","cd_identificador_classe_equipamento":5,"nm_classe_equipamento":"UBS/POSTO DE SAÚDE/CENTRO DE SAÚDE","tx_classe_equipamento":"O PRIMEIRO CONTATO DO PACIENTE COM O SUS.","cd_identificador_esfera_administrativa_equipamento":1,"nm_esfera_administrativa_equipamento":"Municipal","tx_esfera_administrativa_equipamento":"Administração municipal","cd_equipamento":"971","nm_equipamento":"UBS BORACEA","tx_endereco_equipamento":"R. BORACEA, 270","nm_bairro_equipamento":"BARRA FUNDA","cd_cep_equipamento":"01135-010","tx_horario_funcionamento":null,"tx_numero_telefone":"4210-5427","cd_equipamento_base_origem":null}},{"type":"Feature","id":"equipamento_saude_ubs_posto_centro_v2.120578","geometry":{"type":"Point","coordinates":[335170.814,7395374.5]},"geometry_name":"ge_ponto","properties":{"cd_identificador":120578,"cd_identificador_tema_equipamento":6,"nm_tema_equipamento":"SAUDE","cd_identificador_rede_equipamento":0,"nm_rede_equipamento":"SEM REDE","tx_rede_equipamento":"Sem descrição","cd_identificador_tipo_equipamento":45,"nm_tipo_equipamento":"Unidade Básica de Saúde","tx_tipo_equipamento":"Atendimento básico em Pediatria, Ginecologia, Clínica Geral, Enfermagem e Odontologia. Principais serviços oferecidos: consultas médicas, inalações, injeções, curativos, vacinas, coleta de exames laboratoriais, tratamento odontológico, encaminhamentos par","cd_identificador_classe_equipamento":5,"nm_classe_equipamento":"UBS/POSTO DE SAÚDE/CENTRO DE SAÚDE","tx_classe_equipamento":"O PRIMEIRO CONTATO DO PACIENTE COM O SUS.","cd_identificador_esfera_administrativa_equipamento":1,"nm_esfera_administrativa_equipamento":"Municipal","tx_esfera_administrativa_equipamento":"Administração municipal","cd_equipamento":"590","nm_equipamento":"UBS BRAS - DR. MANOEL SALDIVA NETO","tx_endereco_equipamento":"R. JOAQUIM NABUCO, 165","nm_bairro_equipamento":"BRÁS","cd_cep_equipamento":"03050-020","tx_horario_funcionamento":null,"tx_numero_telefone":"2692-0788","cd_equipamento_base_origem":null}},{"type":"Feature","id":"equipamento_saude_ubs_posto_centro_v2.120579","geometry":{"type":"Point","coordinates":[327193.11,7403346.26]},"geometry_name":"ge_ponto","properties":{"cd_identificador":120579,"cd_identificador_tema_equipamento":6,"nm_tema_equipamento":"SAUDE","cd_identificador_rede_equipamento":0,"nm_rede_equipamento":"SEM REDE","tx_rede_equipamento":"Sem descrição","cd_identificador_tipo_equipamento":45,"nm_tipo_equipamento":"Unidade Básica de Saúde","tx_tipo_equipamento":"Atendimento básico em Pediatria, Ginecologia, Clínica Geral, Enfermagem e Odontologia. Principais serviços oferecidos: consultas médicas, inalações, injeções, curativos, vacinas, coleta de exames laboratoriais, tratamento odontológico, encaminhamentos par","cd_identificador_classe_equipamento":5,"nm_classe_equipamento":"UBS/POSTO DE SAÚDE/CENTRO DE SAÚDE","tx_classe_equipamento":"O PRIMEIRO CONTATO DO PACIENTE COM O SUS.","cd_identificador_esfera_administrativa_equipamento":1,"nm_esfera_administrativa_equipamento":"Municipal","tx_esfera_administrativa_equipamento":"Administração municipal","cd_equipamento":"277","nm_equipamento":"UBS BRASILÂNDIA","tx_endereco_equipamento":"R. PARAPUÃ, 1646","nm_bairro_equipamento":"BRASILÂNDIA","cd_cep_equipamento":"02831-001","tx_horario_funcionamento":null,"tx_numero_telefone":"3921-8713","cd_equipamento_base_origem":null}},{"type":"Feature","id":"equipamento_saude_ubs_posto_centro_v2.120580","geometry":{"type":"Point","coordinates":[322014.254,7383003.746]},"geometry_name":"ge_ponto","properties":{"cd_identificador":120580,"cd_identificador_tema_equipamento":6,"nm_tema_equipamento":"SAUDE","cd_identificador_rede_equipamento":0,"nm_rede_equipamento":"SEM REDE","tx_rede_equipamento":"Sem descrição","cd_identificador_tipo_equipamento":45,"nm_tipo_equipamento":"Unidade Básica de Saúde","tx_tipo_equipamento":"Atendimento básico em Pediatria, Ginecologia, Clínica Geral, Enfermagem e Odontologia. Principais serviços oferecidos: consultas médicas, inalações, injeções, curativos, vacinas, coleta de exames laboratoriais, tratamento odontológico, encaminhamentos par","cd_identificador_classe_equipamento":5,"nm_classe_equipamento":"UBS/POSTO DE SAÚDE/CENTRO DE SAÚDE","tx_classe_equipamento":"O PRIMEIRO CONTATO DO PACIENTE COM O SUS.","cd_identificador_esfera_administrativa_equipamento":1,"nm_esfera_administrativa_equipamento":"Municipal","tx_esfera_administrativa_equipamento":"Administração municipal","cd_equipamento":"565","nm_equipamento":"UBS BRASÍLIA - M BOI","tx_endereco_equipamento":"R. MAPORÉ, 352","nm_bairro_equipamento":"JD SÃO LUIZ","cd_cep_equipamento":"05846-390","tx_horario_funcionamento":null,"tx_numero_telefone":"5511-8717","cd_equipamento_base_origem":null}},{"type":"Feature","id":"equipamento_saude_ubs_posto_centro_v2.120581","geometry":{"type":"Point","coordinates":[347835.481,7397760.307]},"geometry_name":"ge_ponto","properties":{"cd_identificador":120581,"cd_identificador_tema_equipamento":6,"nm_tema_equipamento":"SAUDE","cd_identificador_rede_equipamento":0,"nm_rede_equipamento":"SEM REDE","tx_rede_equipamento":"Sem descrição","cd_identificador_tipo_equipamento":45,"nm_tipo_equipamento":"Unidade Básica de Saúde","tx_tipo_equipamento":"Atendimento básico em Pediatria, Ginecologia, Clínica Geral, Enfermagem e Odontologia. Principais serviços oferecidos: consultas médicas, inalações, injeções, curativos, vacinas, coleta de exames laboratoriais, tratamento odontológico, encaminhamentos par","cd_identificador_classe_equipamento":5,"nm_classe_equipamento":"UBS/POSTO DE SAÚDE/CENTRO DE SAÚDE","tx_classe_equipamento":"O PRIMEIRO CONTATO DO PACIENTE COM O SUS.","cd_identificador_esfera_administrativa_equipamento":1,"nm_esfera_administrativa_equipamento":"Municipal","tx_esfera_administrativa_equipamento":"Administração municipal","cd_equipamento":"262","nm_equipamento":"UBS BURGO PAULISTA","tx_endereco_equipamento":"R. JOSÉ SILVA ALCANTARA FILHO, 1031","nm_bairro_equipamento":"BURGO PAULISTA","cd_cep_equipamento":"03680-000","tx_horario_funcionamento":null,"tx_numero_telefone":"2046-8809","cd_equipamento_base_origem":null}},{"type":"Feature","id":"equipamento_saude_ubs_posto_centro_v2.120582","geometry":{"type":"Point","coordinates":[323043.951,7391532.475]},"geometry_name":"ge_ponto","properties":{"cd_identificador":120582,"cd_identificador_tema_equipamento":6,"nm_tema_equipamento":"SAUDE","cd_identificador_rede_equipamento":0,"nm_rede_equipamento":"SEM REDE","tx_rede_equipamento":"Sem descrição","cd_identificador_tipo_equipamento":45,"nm_tipo_equipamento":"Unidade Básica de Saúde","tx_tipo_equipamento":"Atendimento básico em Pediatria, Ginecologia, Clínica Geral, Enfermagem e Odontologia. Principais serviços oferecidos: consultas médicas, inalações, injeções, curativos, vacinas, coleta de exames laboratoriais, tratamento odontológico, encaminhamentos par","cd_identificador_classe_equipamento":5,"nm_classe_equipamento":"UBS/POSTO DE SAÚDE/CENTRO DE SAÚDE","tx_classe_equipamento":"O PRIMEIRO CONTATO DO PACIENTE COM O SUS.","cd_identificador_esfera_administrativa_equipamento":1,"nm_esfera_administrativa_equipamento":"Municipal","tx_esfera_administrativa_equipamento":"Administração municipal","cd_equipamento":"26","nm_equipamento":"UBS BUTANTÃ","tx_endereco_equipamento":"R. CABRAL DE MENEZES, 51","nm_bairro_equipamento":"VL GOMES","cd_cep_equipamento":"05590-050","tx_horario_funcionamento":null,"tx_numero_telefone":"3726-1838","cd_equipamento_base_origem":null}},{"type":"Feature","id":"equipamento_saude_ubs_posto_centro_v2.120583","geometry":{"type":"Point","coordinates":[321016.506,7395075.799]},"geometry_name":"ge_ponto","properties":{"cd_identificador":120583,"cd_identificador_tema_equipamento":6,"nm_tema_equipamento":"SAUDE","cd_identificador_rede_equipamento":0,"nm_rede_equipamento":"SEM REDE","tx_rede_equipamento":"Sem descrição","cd_identificador_tipo_equipamento":45,"nm_tipo_equipamento":"Unidade Básica de Saúde","tx_tipo_equipamento":"Atendimento básico em Pediatria, Ginecologia, Clínica Geral, Enfermagem e Odontologia. Principais serviços oferecidos: consultas médicas, inalações, injeções, curativos, vacinas, coleta de exames laboratoriais, tratamento odontológico, encaminhamentos par","cd_identificador_classe_equipamento":5,"nm_classe_equipamento":"UBS/POSTO DE SAÚDE/CENTRO DE SAÚDE","tx_classe_equipamento":"O PRIMEIRO CONTATO DO PACIENTE COM O SUS.","cd_identificador_esfera_administrativa_equipamento":1,"nm_esfera_administrativa_equipamento":"Municipal","tx_esfera_administrativa_equipamento":"Administração municipal","cd_equipamento":"500","nm_equipamento":"UBS CAJU","tx_endereco_equipamento":"R. FLORESTO BANDECCHI, 1000","nm_bairro_equipamento":"JAGUARE","cd_cep_equipamento":"05336-010","tx_horario_funcionamento":null,"tx_numero_telefone":"3078-7504","cd_equipamento_base_origem":null}},{"type":"Feature","id":"equipamento_saude_ubs_posto_centro_v2.120584","geometry":{"type":"Point","coordinates":[334351.644,7392467.754]},"geometry_name":"ge_ponto","properties":{"cd_identificador":120584,"cd_identificador_tema_equipamento":6,"nm_tema_equipamento":"SAUDE","cd_identificador_rede_equipamento":0,"nm_rede_equipamento":"SEM REDE","tx_rede_equipamento":"Sem descrição","cd_identificador_tipo_equipamento":45,"nm_tipo_equipamento":"Unidade Básica de Saúde","tx_tipo_equipamento":"Atendimento básico em Pediatria, Ginecologia, Clínica Geral, Enfermagem e Odontologia. Principais serviços oferecidos: consultas médicas, inalações, injeções, curativos, vacinas, coleta de exames laboratoriais, tratamento odontológico, encaminhamentos par","cd_identificador_classe_equipamento":5,"nm_classe_equipamento":"UBS/POSTO DE SAÚDE/CENTRO DE SAÚDE","tx_classe_equipamento":"O PRIMEIRO CONTATO DO PACIENTE COM O SUS.","cd_identificador_esfera_administrativa_equipamento":1,"nm_esfera_administrativa_equipamento":"Municipal","tx_esfera_administrativa_equipamento":"Administração municipal","cd_equipamento":"945","nm_equipamento":"UBS CAMBUCI","tx_endereco_equipamento":"AV. LACERDA FRANCO, 791","nm_bairro_equipamento":"CAMBUCI","cd_cep_equipamento":"01536-000","tx_horario_funcionamento":null,"tx_numero_telefone":"4210-5428","cd_equipamento_base_origem":null}},{"type":"Feature","id":"equipamento_saude_ubs_posto_centro_v2.120585","geometry":{"type":"Point","coordinates":[328154.32,7380819.166]},"geometry_name":"ge_ponto","properties":{"cd_identificador":120585,"cd_identificador_tema_equipamento":6,"nm_tema_equipamento":"SAUDE","cd_identificador_rede_equipamento":0,"nm_rede_equipamento":"SEM REDE","tx_rede_equipamento":"Sem descrição","cd_identificador_tipo_equipamento":45,"nm_tipo_equipamento":"Unidade Básica de Saúde","tx_tipo_equipamento":"Atendimento básico em Pediatria, Ginecologia, Clínica Geral, Enfermagem e Odontologia. Principais serviços oferecidos: consultas médicas, inalações, injeções, curativos, vacinas, coleta de exames laboratoriais, tratamento odontológico, encaminhamentos par","cd_identificador_classe_equipamento":5,"nm_classe_equipamento":"UBS/POSTO DE SAÚDE/CENTRO DE SAÚDE","tx_classe_equipamento":"O PRIMEIRO CONTATO DO PACIENTE COM O SUS.","cd_identificador_esfera_administrativa_equipamento":1,"nm_esfera_administrativa_equipamento":"Municipal","tx_esfera_administrativa_equipamento":"Administração municipal","cd_equipamento":"802","nm_equipamento":"UBS CAMPO GRANDE","tx_endereco_equipamento":"R. MONLEVADE, 195","nm_bairro_equipamento":"VILA ROMANO","cd_cep_equipamento":"04679-345","tx_horario_funcionamento":null,"tx_numero_telefone":"5631-3181 / 5634-1643","cd_equipamento_base_origem":null}},{"type":"Feature","id":"equipamento_saude_ubs_posto_centro_v2.120586","geometry":{"type":"Point","coordinates":[320082.407,7384856.083]},"geometry_name":"ge_ponto","properties":{"cd_identificador":120586,"cd_identificador_tema_equipamento":6,"nm_tema_equipamento":"SAUDE","cd_identificador_rede_equipamento":0,"nm_rede_equipamento":"SEM REDE","tx_rede_equipamento":"Sem descrição","cd_identificador_tipo_equipamento":45,"nm_tipo_equipamento":"Unidade Básica de Saúde","tx_tipo_equipamento":"Atendimento básico em Pediatria, Ginecologia, Clínica Geral, Enfermagem e Odontologia. Principais serviços oferecidos: consultas médicas, inalações, injeções, curativos, vacinas, coleta de exames laboratoriais, tratamento odontológico, encaminhamentos par","cd_identificador_classe_equipamento":5,"nm_classe_equipamento":"UBS/POSTO DE SAÚDE/CENTRO DE SAÚDE","tx_classe_equipamento":"O PRIMEIRO CONTATO DO PACIENTE COM O SUS.","cd_identificador_esfera_administrativa_equipamento":1,"nm_esfera_administrativa_equipamento":"Municipal","tx_esfera_administrativa_equipamento":"Administração municipal","cd_equipamento":"64","nm_equipamento":"UBS CAMPO LIMPO","tx_endereco_equipamento":"R. JORGE OZZI, 211","nm_bairro_equipamento":"JARDIM CATANDUVA","cd_cep_equipamento":"05767-450","tx_horario_funcionamento":null,"tx_numero_telefone":"5841-1871","cd_equipamento_base_origem":null}},{"type":"Feature","id":"equipamento_saude_ubs_posto_centro_v2.120587","geometry":{"type":"Point","coordinates":[330640.666,7373204.022]},"geometry_name":"ge_ponto","properties":{"cd_identificador":120587,"cd_identificador_tema_equipamento":6,"nm_tema_equipamento":"SAUDE","cd_identificador_rede_equipamento":0,"nm_rede_equipamento":"SEM REDE","tx_rede_equipamento":"Sem descrição","cd_identificador_tipo_equipamento":45,"nm_tipo_equipamento":"Unidade Básica de Saúde","tx_tipo_equipamento":"Atendimento básico em Pediatria, Ginecologia, Clínica Geral, Enfermagem e Odontologia. Principais serviços oferecidos: consultas médicas, inalações, injeções, curativos, vacinas, coleta de exames laboratoriais, tratamento odontológico, encaminhamentos par","cd_identificador_classe_equipamento":5,"nm_classe_equipamento":"UBS/POSTO DE SAÚDE/CENTRO DE SAÚDE","tx_classe_equipamento":"O PRIMEIRO CONTATO DO PACIENTE COM O SUS.","cd_identificador_esfera_administrativa_equipamento":1,"nm_esfera_administrativa_equipamento":"Municipal","tx_esfera_administrativa_equipamento":"Administração municipal","cd_equipamento":"153","nm_equipamento":"UBS CANTINHO DO CÉU","tx_endereco_equipamento":"R. DOS ACORDES, 200","nm_bairro_equipamento":"CANTINHO DO CEU","cd_cep_equipamento":"04849-558","tx_horario_funcionamento":null,"tx_numero_telefone":"5972-4001","cd_equipamento_base_origem":null}},{"type":"Feature","id":"equipamento_saude_ubs_posto_centro_v2.120588","geometry":{"type":"Point","coordinates":[335533.856,7399718.476]},"geometry_name":"ge_ponto","properties":{"cd_identificador":120588,"cd_identificador_tema_equipamento":6,"nm_tema_equipamento":"SAUDE","cd_identificador_rede_equipamento":0,"nm_rede_equipamento":"SEM REDE","tx_rede_equipamento":"Sem descrição","cd_identificador_tipo_equipamento":45,"nm_tipo_equipamento":"Unidade Básica de Saúde","tx_tipo_equipamento":"Atendimento básico em Pediatria, Ginecologia, Clínica Geral, Enfermagem e Odontologia. Principais serviços oferecidos: consultas médicas, inalações, injeções, curativos, vacinas, coleta de exames laboratoriais, tratamento odontológico, encaminhamentos par","cd_identificador_classe_equipamento":5,"nm_classe_equipamento":"UBS/POSTO DE SAÚDE/CENTRO DE SAÚDE","tx_classe_equipamento":"O PRIMEIRO CONTATO DO PACIENTE COM O SUS.","cd_identificador_esfera_administrativa_equipamento":1,"nm_esfera_administrativa_equipamento":"Municipal","tx_esfera_administrativa_equipamento":"Administração municipal","cd_equipamento":"996","nm_equipamento":"UBS CARANDIRU","tx_endereco_equipamento":"R. JOSE PEREIRA JORGE, 305","nm_bairro_equipamento":"CARANDIRU","cd_cep_equipamento":"02067-020","tx_horario_funcionamento":null,"tx_numero_telefone":"3475-8800","cd_equipamento_base_origem":null}},{"type":"Feature","id":"equipamento_saude_ubs_posto_centro_v2.120589","geometry":{"type":"Point","coordinates":[357504.127,7390618.636]},"geometry_name":"ge_ponto","properties":{"cd_identificador":120589,"cd_identificador_tema_equipamento":6,"nm_tema_equipamento":"SAUDE","cd_identificador_rede_equipamento":0,"nm_rede_equipamento":"SEM REDE","tx_rede_equipamento":"Sem descrição","cd_identificador_tipo_equipamento":45,"nm_tipo_equipamento":"Unidade Básica de Saúde","tx_tipo_equipamento":"Atendimento básico em Pediatria, Ginecologia, Clínica Geral, Enfermagem e Odontologia. Principais serviços oferecidos: consultas médicas, inalações, injeções, curativos, vacinas, coleta de exames laboratoriais, tratamento odontológico, encaminhamentos par","cd_identificador_classe_equipamento":5,"nm_classe_equipamento":"UBS/POSTO DE SAÚDE/CENTRO DE SAÚDE","tx_classe_equipamento":"O PRIMEIRO CONTATO DO PACIENTE COM O SUS.","cd_identificador_esfera_administrativa_equipamento":1,"nm_esfera_administrativa_equipamento":"Municipal","tx_esfera_administrativa_equipamento":"Administração municipal","cd_equipamento":"225","nm_equipamento":"UBS CARLOS GENTILE DE MELO","tx_endereco_equipamento":"R. DOS TÊXTEIS, 3765","nm_bairro_equipamento":"CIDADE TIRADENTES","cd_cep_equipamento":"08490-600","tx_horario_funcionamento":null,"tx_numero_telefone":"2282-2522 / 2964-8081","cd_equipamento_base_origem":null}},{"type":"Feature","id":"equipamento_saude_ubs_posto_centro_v2.120590","geometry":{"type":"Point","coordinates":[330496.403,7399653.917]},"geometry_name":"ge_ponto","properties":{"cd_identificador":120590,"cd_identificador_tema_equipamento":6,"nm_tema_equipamento":"SAUDE","cd_identificador_rede_equipamento":0,"nm_rede_equipamento":"SEM REDE","tx_rede_equipamento":"Sem descrição","cd_identificador_tipo_equipamento":45,"nm_tipo_equipamento":"Unidade Básica de Saúde","tx_tipo_equipamento":"Atendimento básico em Pediatria, Ginecologia, Clínica Geral, Enfermagem e Odontologia. Principais serviços oferecidos: consultas médicas, inalações, injeções, curativos, vacinas, coleta de exames laboratoriais, tratamento odontológico, encaminhamentos par","cd_identificador_classe_equipamento":5,"nm_classe_equipamento":"UBS/POSTO DE SAÚDE/CENTRO DE SAÚDE","tx_classe_equipamento":"O PRIMEIRO CONTATO DO PACIENTE COM O SUS.","cd_identificador_esfera_administrativa_equipamento":1,"nm_esfera_administrativa_equipamento":"Municipal","tx_esfera_administrativa_equipamento":"Administração municipal","cd_equipamento":"177","nm_equipamento":"UBS CASA VERDE","tx_endereco_equipamento":"R. VICHY, 468","nm_bairro_equipamento":"CASA VERDE","cd_cep_equipamento":"02522-100","tx_horario_funcionamento":null,"tx_numero_telefone":"3966-0247","cd_equipamento_base_origem":null}},{"type":"Feature","id":"equipamento_saude_ubs_posto_centro_v2.120591","geometry":{"type":"Point","coordinates":[330012.079,7401335.532]},"geometry_name":"ge_ponto","properties":{"cd_identificador":120591,"cd_identificador_tema_equipamento":6,"nm_tema_equipamento":"SAUDE","cd_identificador_rede_equipamento":0,"nm_rede_equipamento":"SEM REDE","tx_rede_equipamento":"Sem descrição","cd_identificador_tipo_equipamento":45,"nm_tipo_equipamento":"Unidade Básica de Saúde","tx_tipo_equipamento":"Atendimento básico em Pediatria, Ginecologia, Clínica Geral, Enfermagem e Odontologia. Principais serviços oferecidos: consultas médicas, inalações, injeções, curativos, vacinas, coleta de exames laboratoriais, tratamento odontológico, encaminhamentos par","cd_identificador_classe_equipamento":5,"nm_classe_equipamento":"UBS/POSTO DE SAÚDE/CENTRO DE SAÚDE","tx_classe_equipamento":"O PRIMEIRO CONTATO DO PACIENTE COM O SUS.","cd_identificador_esfera_administrativa_equipamento":1,"nm_esfera_administrativa_equipamento":"Municipal","tx_esfera_administrativa_equipamento":"Administração municipal","cd_equipamento":"174","nm_equipamento":"UBS CASA VERDE ALTA","tx_endereco_equipamento":"R. LAVINIO SALES ARCURI, 120","nm_bairro_equipamento":"CASA VERDE ALTA","cd_cep_equipamento":"02564-000","tx_horario_funcionamento":null,"tx_numero_telefone":"3858-8592","cd_equipamento_base_origem":null}},{"type":"Feature","id":"equipamento_saude_ubs_posto_centro_v2.120592","geometry":{"type":"Point","coordinates":[356683.44,7391513.703]},"geometry_name":"ge_ponto","properties":{"cd_identificador":120592,"cd_identificador_tema_equipamento":6,"nm_tema_equipamento":"SAUDE","cd_identificador_rede_equipamento":0,"nm_rede_equipamento":"SEM REDE","tx_rede_equipamento":"Sem descrição","cd_identificador_tipo_equipamento":45,"nm_tipo_equipamento":"Unidade Básica de Saúde","tx_tipo_equipamento":"Atendimento básico em Pediatria, Ginecologia, Clínica Geral, Enfermagem e Odontologia. Principais serviços oferecidos: consultas médicas, inalações, injeções, curativos, vacinas, coleta de exames laboratoriais, tratamento odontológico, encaminhamentos par","cd_identificador_classe_equipamento":5,"nm_classe_equipamento":"UBS/POSTO DE SAÚDE/CENTRO DE SAÚDE","tx_classe_equipamento":"O PRIMEIRO CONTATO DO PACIENTE COM O SUS.","cd_identificador_esfera_administrativa_equipamento":1,"nm_esfera_administrativa_equipamento":"Municipal","tx_esfera_administrativa_equipamento":"Administração municipal","cd_equipamento":"217","nm_equipamento":"UBS CASTRO ALVES","tx_endereco_equipamento":"R. CADERNO DE VIAGEM, 55","nm_bairro_equipamento":"CASTRO ALVES","cd_cep_equipamento":"08474-170","tx_horario_funcionamento":null,"tx_numero_telefone":"2282-0913 / 2282-0320","cd_equipamento_base_origem":null}},{"type":"Feature","id":"equipamento_saude_ubs_posto_centro_v2.120593","geometry":{"type":"Point","coordinates":[324990.706,7391323.216]},"geometry_name":"ge_ponto","properties":{"cd_identificador":120593,"cd_identificador_tema_equipamento":6,"nm_tema_equipamento":"SAUDE","cd_identificador_rede_equipamento":0,"nm_rede_equipamento":"SEM REDE","tx_rede_equipamento":"Sem descrição","cd_identificador_tipo_equipamento":45,"nm_tipo_equipamento":"Unidade Básica de Saúde","tx_tipo_equipamento":"Atendimento básico em Pediatria, Ginecologia, Clínica Geral, Enfermagem e Odontologia. Principais serviços oferecidos: consultas médicas, inalações, injeções, curativos, vacinas, coleta de exames laboratoriais, tratamento odontológico, encaminhamentos par","cd_identificador_classe_equipamento":5,"nm_classe_equipamento":"UBS/POSTO DE SAÚDE/CENTRO DE SAÚDE","tx_classe_equipamento":"O PRIMEIRO CONTATO DO PACIENTE COM O SUS.","cd_identificador_esfera_administrativa_equipamento":1,"nm_esfera_administrativa_equipamento":"Municipal","tx_esfera_administrativa_equipamento":"Administração municipal","cd_equipamento":"25","nm_equipamento":"UBS CAXINGUI - NANCI ABRANCHES","tx_endereco_equipamento":"R. LADISLAU ROMAN, 410","nm_bairro_equipamento":"CAXINGUI","cd_cep_equipamento":"05515-030","tx_horario_funcionamento":null,"tx_numero_telefone":"3721-6406","cd_equipamento_base_origem":null}},{"type":"Feature","id":"equipamento_saude_ubs_posto_centro_v2.120594","geometry":{"type":"Point","coordinates":[355186.367,7389930.613]},"geometry_name":"ge_ponto","properties":{"cd_identificador":120594,"cd_identificador_tema_equipamento":6,"nm_tema_equipamento":"SAUDE","cd_identificador_rede_equipamento":0,"nm_rede_equipamento":"SEM REDE","tx_rede_equipamento":"Sem descrição","cd_identificador_tipo_equipamento":45,"nm_tipo_equipamento":"Unidade Básica de Saúde","tx_tipo_equipamento":"Atendimento básico em Pediatria, Ginecologia, Clínica Geral, Enfermagem e Odontologia. Principais serviços oferecidos: consultas médicas, inalações, injeções, curativos, vacinas, coleta de exames laboratoriais, tratamento odontológico, encaminhamentos par","cd_identificador_classe_equipamento":5,"nm_classe_equipamento":"UBS/POSTO DE SAÚDE/CENTRO DE SAÚDE","tx_classe_equipamento":"O PRIMEIRO CONTATO DO PACIENTE COM O SUS.","cd_identificador_esfera_administrativa_equipamento":1,"nm_esfera_administrativa_equipamento":"Municipal","tx_esfera_administrativa_equipamento":"Administração municipal","cd_equipamento":"831","nm_equipamento":"UBS CDHU PALANQUE","tx_endereco_equipamento":"R. PONTE DA AMIZADE (ALT. AV. RAGUEB CHOHFI, 7208), 2","nm_bairro_equipamento":"JARDIM PALANQUE","cd_cep_equipamento":"08375-000","tx_horario_funcionamento":null,"tx_numero_telefone":"2736-2573","cd_equipamento_base_origem":null}},{"type":"Feature","id":"equipamento_saude_ubs_posto_centro_v2.120595","geometry":{"type":"Point","coordinates":[326241.565,7370100.763]},"geometry_name":"ge_ponto","properties":{"cd_identificador":120595,"cd_identificador_tema_equipamento":6,"nm_tema_equipamento":"SAUDE","cd_identificador_rede_equipamento":0,"nm_rede_equipamento":"SEM REDE","tx_rede_equipamento":"Sem descrição","cd_identificador_tipo_equipamento":45,"nm_tipo_equipamento":"Unidade Básica de Saúde","tx_tipo_equipamento":"Atendimento básico em Pediatria, Ginecologia, Clínica Geral, Enfermagem e Odontologia. Principais serviços oferecidos: consultas médicas, inalações, injeções, curativos, vacinas, coleta de exames laboratoriais, tratamento odontológico, encaminhamentos par","cd_identificador_classe_equipamento":5,"nm_classe_equipamento":"UBS/POSTO DE SAÚDE/CENTRO DE SAÚDE","tx_classe_equipamento":"O PRIMEIRO CONTATO DO PACIENTE COM O SUS.","cd_identificador_esfera_administrativa_equipamento":1,"nm_esfera_administrativa_equipamento":"Municipal","tx_esfera_administrativa_equipamento":"Administração municipal","cd_equipamento":"137","nm_equipamento":"UBS CHÁCARA DO CONDE","tx_endereco_equipamento":"R. CONSTELAÇÃO DO ESQUADRO, 5","nm_bairro_equipamento":"JD CAMPINAS","cd_cep_equipamento":"04858-010","tx_horario_funcionamento":null,"tx_numero_telefone":"5526-7823","cd_equipamento_base_origem":null}},{"type":"Feature","id":"equipamento_saude_ubs_posto_centro_v2.120596","geometry":{"type":"Point","coordinates":[329416.493,7369134.712]},"geometry_name":"ge_ponto","properties":{"cd_identificador":120596,"cd_identificador_tema_equipamento":6,"nm_tema_equipamento":"SAUDE","cd_identificador_rede_equipamento":0,"nm_rede_equipamento":"SEM REDE","tx_rede_equipamento":"Sem descrição","cd_identificador_tipo_equipamento":45,"nm_tipo_equipamento":"Unidade Básica de Saúde","tx_tipo_equipamento":"Atendimento básico em Pediatria, Ginecologia, Clínica Geral, Enfermagem e Odontologia. Principais serviços oferecidos: consultas médicas, inalações, injeções, curativos, vacinas, coleta de exames laboratoriais, tratamento odontológico, encaminhamentos par","cd_identificador_classe_equipamento":5,"nm_classe_equipamento":"UBS/POSTO DE SAÚDE/CENTRO DE SAÚDE","tx_classe_equipamento":"O PRIMEIRO CONTATO DO PACIENTE COM O SUS.","cd_identificador_esfera_administrativa_equipamento":1,"nm_esfera_administrativa_equipamento":"Municipal","tx_esfera_administrativa_equipamento":"Administração municipal","cd_equipamento":"145","nm_equipamento":"UBS CHACARA DO SOL","tx_endereco_equipamento":"R. JOÃO CARLOS DE OLIVEIRA, 3","nm_bairro_equipamento":"CHACARA DO SOL","cd_cep_equipamento":"04855-515","tx_horario_funcionamento":null,"tx_numero_telefone":"5931-4151","cd_equipamento_base_origem":null}},{"type":"Feature","id":"equipamento_saude_ubs_posto_centro_v2.120597","geometry":{"type":"Point","coordinates":[323827.234,7400761.634]},"geometry_name":"ge_ponto","properties":{"cd_identificador":120597,"cd_identificador_tema_equipamento":6,"nm_tema_equipamento":"SAUDE","cd_identificador_rede_equipamento":0,"nm_rede_equipamento":"SEM REDE","tx_rede_equipamento":"Sem descrição","cd_identificador_tipo_equipamento":45,"nm_tipo_equipamento":"Unidade Básica de Saúde","tx_tipo_equipamento":"Atendimento básico em Pediatria, Ginecologia, Clínica Geral, Enfermagem e Odontologia. Principais serviços oferecidos: consultas médicas, inalações, injeções, curativos, vacinas, coleta de exames laboratoriais, tratamento odontológico, encaminhamentos par","cd_identificador_classe_equipamento":5,"nm_classe_equipamento":"UBS/POSTO DE SAÚDE/CENTRO DE SAÚDE","tx_classe_equipamento":"O PRIMEIRO CONTATO DO PACIENTE COM O SUS.","cd_identificador_esfera_administrativa_equipamento":1,"nm_esfera_administrativa_equipamento":"Municipal","tx_esfera_administrativa_equipamento":"Administração municipal","cd_equipamento":"743","nm_equipamento":"UBS CHÁCARA INGLESA","tx_endereco_equipamento":"R. VALDIR PADOVAN, 95","nm_bairro_equipamento":"CHACARA INGLESA","cd_cep_equipamento":"05142-120","tx_horario_funcionamento":null,"tx_numero_telefone":"3834-5985","cd_equipamento_base_origem":null}},{"type":"Feature","id":"equipamento_saude_ubs_posto_centro_v2.120598","geometry":{"type":"Point","coordinates":[317382.157,7377781.59]},"geometry_name":"ge_ponto","properties":{"cd_identificador":120598,"cd_identificador_tema_equipamento":6,"nm_tema_equipamento":"SAUDE","cd_identificador_rede_equipamento":0,"nm_rede_equipamento":"SEM REDE","tx_rede_equipamento":"Sem descrição","cd_identificador_tipo_equipamento":45,"nm_tipo_equipamento":"Unidade Básica de Saúde","tx_tipo_equipamento":"Atendimento básico em Pediatria, Ginecologia, Clínica Geral, Enfermagem e Odontologia. Principais serviços oferecidos: consultas médicas, inalações, injeções, curativos, vacinas, coleta de exames laboratoriais, tratamento odontológico, encaminhamentos par","cd_identificador_classe_equipamento":5,"nm_classe_equipamento":"UBS/POSTO DE SAÚDE/CENTRO DE SAÚDE","tx_classe_equipamento":"O PRIMEIRO CONTATO DO PACIENTE COM O SUS.","cd_identificador_esfera_administrativa_equipamento":1,"nm_esfera_administrativa_equipamento":"Municipal","tx_esfera_administrativa_equipamento":"Administração municipal","cd_equipamento":"519","nm_equipamento":"UBS CHÁCARA SANTA MARIA","tx_endereco_equipamento":"R. CICLADES, 250","nm_bairro_equipamento":"CHÁCARA SANTA MARIA","cd_cep_equipamento":"05876-040","tx_horario_funcionamento":null,"tx_numero_telefone":"5180-6060 / 5833-5262","cd_equipamento_base_origem":null}},{"type":"Feature","id":"equipamento_saude_ubs_posto_centro_v2.120599","geometry":{"type":"Point","coordinates":[321840.842,7381025.431]},"geometry_name":"ge_ponto","properties":{"cd_identificador":120599,"cd_identificador_tema_equipamento":6,"nm_tema_equipamento":"SAUDE","cd_identificador_rede_equipamento":0,"nm_rede_equipamento":"SEM REDE","tx_rede_equipamento":"Sem descrição","cd_identificador_tipo_equipamento":45,"nm_tipo_equipamento":"Unidade Básica de Saúde","tx_tipo_equipamento":"Atendimento básico em Pediatria, Ginecologia, Clínica Geral, Enfermagem e Odontologia. Principais serviços oferecidos: consultas médicas, inalações, injeções, curativos, vacinas, coleta de exames laboratoriais, tratamento odontológico, encaminhamentos par","cd_identificador_classe_equipamento":5,"nm_classe_equipamento":"UBS/POSTO DE SAÚDE/CENTRO DE SAÚDE","tx_classe_equipamento":"O PRIMEIRO CONTATO DO PACIENTE COM O SUS.","cd_identificador_esfera_administrativa_equipamento":1,"nm_esfera_administrativa_equipamento":"Municipal","tx_esfera_administrativa_equipamento":"Administração municipal","cd_equipamento":"549","nm_equipamento":"UBS CHÁCARA SANTANA","tx_endereco_equipamento":"R. BALTAZAR DE SA, 383","nm_bairro_equipamento":"CHÁCARA SANTANA","cd_cep_equipamento":"05831-030","tx_horario_funcionamento":null,"tx_numero_telefone":"5514-6448 / 5891-2843","cd_equipamento_base_origem":null}},{"type":"Feature","id":"equipamento_saude_ubs_posto_centro_v2.120600","geometry":{"type":"Point","coordinates":[329553.365,7364527.885]},"geometry_name":"ge_ponto","properties":{"cd_identificador":120600,"cd_identificador_tema_equipamento":6,"nm_tema_equipamento":"SAUDE","cd_identificador_rede_equipamento":0,"nm_rede_equipamento":"SEM REDE","tx_rede_equipamento":"Sem descrição","cd_identificador_tipo_equipamento":45,"nm_tipo_equipamento":"Unidade Básica de Saúde","tx_tipo_equipamento":"Atendimento básico em Pediatria, Ginecologia, Clínica Geral, Enfermagem e Odontologia. Principais serviços oferecidos: consultas médicas, inalações, injeções, curativos, vacinas, coleta de exames laboratoriais, tratamento odontológico, encaminhamentos par","cd_identificador_classe_equipamento":5,"nm_classe_equipamento":"UBS/POSTO DE SAÚDE/CENTRO DE SAÚDE","tx_classe_equipamento":"O PRIMEIRO CONTATO DO PACIENTE COM O SUS.","cd_identificador_esfera_administrativa_equipamento":1,"nm_esfera_administrativa_equipamento":"Municipal","tx_esfera_administrativa_equipamento":"Administração municipal","cd_equipamento":"133","nm_equipamento":"UBS CHACARA SANTO AMARO","tx_endereco_equipamento":"R. LUIZ CARLOS DE ALMEIDA, 51","nm_bairro_equipamento":"CHACARA SANTO AMARO","cd_cep_equipamento":"04875-120","tx_horario_funcionamento":null,"tx_numero_telefone":"5974-2486 / 5974-9922","cd_equipamento_base_origem":null}},{"type":"Feature","id":"equipamento_saude_ubs_posto_centro_v2.120601","geometry":{"type":"Point","coordinates":[326686.485,7385114.221]},"geometry_name":"ge_ponto","properties":{"cd_identificador":120601,"cd_identificador_tema_equipamento":6,"nm_tema_equipamento":"SAUDE","cd_identificador_rede_equipamento":0,"nm_rede_equipamento":"SEM REDE","tx_rede_equipamento":"Sem descrição","cd_identificador_tipo_equipamento":45,"nm_tipo_equipamento":"Unidade Básica de Saúde","tx_tipo_equipamento":"Atendimento básico em Pediatria, Ginecologia, Clínica Geral, Enfermagem e Odontologia. Principais serviços oferecidos: consultas médicas, inalações, injeções, curativos, vacinas, coleta de exames laboratoriais, tratamento odontológico, encaminhamentos par","cd_identificador_classe_equipamento":5,"nm_classe_equipamento":"UBS/POSTO DE SAÚDE/CENTRO DE SAÚDE","tx_classe_equipamento":"O PRIMEIRO CONTATO DO PACIENTE COM O SUS.","cd_identificador_esfera_administrativa_equipamento":1,"nm_esfera_administrativa_equipamento":"Municipal","tx_esfera_administrativa_equipamento":"Administração municipal","cd_equipamento":"810","nm_equipamento":"UBS CHÁCARA SANTO ANTONIO - DR. MARCILIO DE ARRUDA PENTEADO FILHO","tx_endereco_equipamento":"R. ALEXANDRE DUMAS, 719","nm_bairro_equipamento":"CHÁCARA SANTO ANTONIO","cd_cep_equipamento":"04717-000","tx_horario_funcionamento":null,"tx_numero_telefone":"5181-7894","cd_equipamento_base_origem":null}},{"type":"Feature","id":"equipamento_saude_ubs_posto_centro_v2.120602","geometry":{"type":"Point","coordinates":[332766.927,7400785.292]},"geometry_name":"ge_ponto","properties":{"cd_identificador":120602,"cd_identificador_tema_equipamento":6,"nm_tema_equipamento":"SAUDE","cd_identificador_rede_equipamento":0,"nm_rede_equipamento":"SEM REDE","tx_rede_equipamento":"Sem descrição","cd_identificador_tipo_equipamento":45,"nm_tipo_equipamento":"Unidade Básica de Saúde","tx_tipo_equipamento":"Atendimento básico em Pediatria, Ginecologia, Clínica Geral, Enfermagem e Odontologia. Principais serviços oferecidos: consultas médicas, inalações, injeções, curativos, vacinas, coleta de exames laboratoriais, tratamento odontológico, encaminhamentos par","cd_identificador_classe_equipamento":5,"nm_classe_equipamento":"UBS/POSTO DE SAÚDE/CENTRO DE SAÚDE","tx_classe_equipamento":"O PRIMEIRO CONTATO DO PACIENTE COM O SUS.","cd_identificador_esfera_administrativa_equipamento":1,"nm_esfera_administrativa_equipamento":"Municipal","tx_esfera_administrativa_equipamento":"Administração municipal","cd_equipamento":"782","nm_equipamento":"UBS CHORA MENINO","tx_endereco_equipamento":"R. COPACABANA, 185","nm_bairro_equipamento":"SANTA TEREZINHA","cd_cep_equipamento":"02461-000","tx_horario_funcionamento":null,"tx_numero_telefone":"2281-8786","cd_equipamento_base_origem":null}},{"type":"Feature","id":"equipamento_saude_ubs_posto_centro_v2.120603","geometry":{"type":"Point","coordinates":[320095.977,7375620.024]},"geometry_name":"ge_ponto","properties":{"cd_identificador":120603,"cd_identificador_tema_equipamento":6,"nm_tema_equipamento":"SAUDE","cd_identificador_rede_equipamento":0,"nm_rede_equipamento":"SEM REDE","tx_rede_equipamento":"Sem descrição","cd_identificador_tipo_equipamento":45,"nm_tipo_equipamento":"Unidade Básica de Saúde","tx_tipo_equipamento":"Atendimento básico em Pediatria, Ginecologia, Clínica Geral, Enfermagem e Odontologia. Principais serviços oferecidos: consultas médicas, inalações, injeções, curativos, vacinas, coleta de exames laboratoriais, tratamento odontológico, encaminhamentos par","cd_identificador_classe_equipamento":5,"nm_classe_equipamento":"UBS/POSTO DE SAÚDE/CENTRO DE SAÚDE","tx_classe_equipamento":"O PRIMEIRO CONTATO DO PACIENTE COM O SUS.","cd_identificador_esfera_administrativa_equipamento":1,"nm_esfera_administrativa_equipamento":"Municipal","tx_esfera_administrativa_equipamento":"Administração municipal","cd_equipamento":"521","nm_equipamento":"UBS CIDADE IPAVA","tx_endereco_equipamento":"AV. TAQUANDAVA, 31","nm_bairro_equipamento":"CIDADE IPAVA","cd_cep_equipamento":"04950-000","tx_horario_funcionamento":null,"tx_numero_telefone":"5898-5300 / 5899-7497","cd_equipamento_base_origem":null}},{"type":"Feature","id":"equipamento_saude_ubs_posto_centro_v2.120604","geometry":{"type":"Point","coordinates":[332736.621,7379011.782]},"geometry_name":"ge_ponto","properties":{"cd_identificador":120604,"cd_identificador_tema_equipamento":6,"nm_tema_equipamento":"SAUDE","cd_identificador_rede_equipamento":0,"nm_rede_equipamento":"SEM REDE","tx_rede_equipamento":"Sem descrição","cd_identificador_tipo_equipamento":45,"nm_tipo_equipamento":"Unidade Básica de Saúde","tx_tipo_equipamento":"Atendimento básico em Pediatria, Ginecologia, Clínica Geral, Enfermagem e Odontologia. Principais serviços oferecidos: consultas médicas, inalações, injeções, curativos, vacinas, coleta de exames laboratoriais, tratamento odontológico, encaminhamentos par","cd_identificador_classe_equipamento":5,"nm_classe_equipamento":"UBS/POSTO DE SAÚDE/CENTRO DE SAÚDE","tx_classe_equipamento":"O PRIMEIRO CONTATO DO PACIENTE COM O SUS.","cd_identificador_esfera_administrativa_equipamento":1,"nm_esfera_administrativa_equipamento":"Municipal","tx_esfera_administrativa_equipamento":"Administração municipal","cd_equipamento":"193","nm_equipamento":"UBS CIDADE JULIA","tx_endereco_equipamento":"R. PASCOAL GRIECO, 366","nm_bairro_equipamento":"CIDADE JULIA","cd_cep_equipamento":"04421-150","tx_horario_funcionamento":null,"tx_numero_telefone":"5623-6669","cd_equipamento_base_origem":null}},{"type":"Feature","id":"equipamento_saude_ubs_posto_centro_v2.120605","geometry":{"type":"Point","coordinates":[360427.852,7400000.333]},"geometry_name":"ge_ponto","properties":{"cd_identificador":120605,"cd_identificador_tema_equipamento":6,"nm_tema_equipamento":"SAUDE","cd_identificador_rede_equipamento":0,"nm_rede_equipamento":"SEM REDE","tx_rede_equipamento":"Sem descrição","cd_identificador_tipo_equipamento":45,"nm_tipo_equipamento":"Unidade Básica de Saúde","tx_tipo_equipamento":"Atendimento básico em Pediatria, Ginecologia, Clínica Geral, Enfermagem e Odontologia. Principais serviços oferecidos: consultas médicas, inalações, injeções, curativos, vacinas, coleta de exames laboratoriais, tratamento odontológico, encaminhamentos par","cd_identificador_classe_equipamento":5,"nm_classe_equipamento":"UBS/POSTO DE SAÚDE/CENTRO DE SAÚDE","tx_classe_equipamento":"O PRIMEIRO CONTATO DO PACIENTE COM O SUS.","cd_identificador_esfera_administrativa_equipamento":1,"nm_esfera_administrativa_equipamento":"Municipal","tx_esfera_administrativa_equipamento":"Administração municipal","cd_equipamento":"389","nm_equipamento":"UBS CIDADE KEMEL","tx_endereco_equipamento":"AV. KEMEL ADDAS, 1031","nm_bairro_equipamento":"CIDADE KEMEL","cd_cep_equipamento":"08131-220","tx_horario_funcionamento":null,"tx_numero_telefone":"2963-2346","cd_equipamento_base_origem":null}},{"type":"Feature","id":"equipamento_saude_ubs_posto_centro_v2.120606","geometry":{"type":"Point","coordinates":[350470.945,7394366.457]},"geometry_name":"ge_ponto","properties":{"cd_identificador":120606,"cd_identificador_tema_equipamento":6,"nm_tema_equipamento":"SAUDE","cd_identificador_rede_equipamento":0,"nm_rede_equipamento":"SEM REDE","tx_rede_equipamento":"Sem descrição","cd_identificador_tipo_equipamento":45,"nm_tipo_equipamento":"Unidade Básica de Saúde","tx_tipo_equipamento":"Atendimento básico em Pediatria, Ginecologia, Clínica Geral, Enfermagem e Odontologia. Principais serviços oferecidos: consultas médicas, inalações, injeções, curativos, vacinas, coleta de exames laboratoriais, tratamento odontológico, encaminhamentos par","cd_identificador_classe_equipamento":5,"nm_classe_equipamento":"UBS/POSTO DE SAÚDE/CENTRO DE SAÚDE","tx_classe_equipamento":"O PRIMEIRO CONTATO DO PACIENTE COM O SUS.","cd_identificador_esfera_administrativa_equipamento":1,"nm_esfera_administrativa_equipamento":"Municipal","tx_esfera_administrativa_equipamento":"Administração municipal","cd_equipamento":"410","nm_equipamento":"UBS CIDADE LIDER","tx_endereco_equipamento":"AV. DR FRANCISCO MUNHOZ FILHO, 379","nm_bairro_equipamento":"CIDADE LIDER","cd_cep_equipamento":"08280-000","tx_horario_funcionamento":null,"tx_numero_telefone":"2741-1563","cd_equipamento_base_origem":null}},{"type":"Feature","id":"equipamento_saude_ubs_posto_centro_v2.120607","geometry":{"type":"Point","coordinates":[353794.379,7399997.053]},"geometry_name":"ge_ponto","properties":{"cd_identificador":120607,"cd_identificador_tema_equipamento":6,"nm_tema_equipamento":"SAUDE","cd_identificador_rede_equipamento":0,"nm_rede_equipamento":"SEM REDE","tx_rede_equipamento":"Sem descrição","cd_identificador_tipo_equipamento":45,"nm_tipo_equipamento":"Unidade Básica de Saúde","tx_tipo_equipamento":"Atendimento básico em Pediatria, Ginecologia, Clínica Geral, Enfermagem e Odontologia. Principais serviços oferecidos: consultas médicas, inalações, injeções, curativos, vacinas, coleta de exames laboratoriais, tratamento odontológico, encaminhamentos par","cd_identificador_classe_equipamento":5,"nm_classe_equipamento":"UBS/POSTO DE SAÚDE/CENTRO DE SAÚDE","tx_classe_equipamento":"O PRIMEIRO CONTATO DO PACIENTE COM O SUS.","cd_identificador_esfera_administrativa_equipamento":1,"nm_esfera_administrativa_equipamento":"Municipal","tx_esfera_administrativa_equipamento":"Administração municipal","cd_equipamento":"875","nm_equipamento":"UBS CIDADE NOVA SÃO MIGUEL","tx_endereco_equipamento":"R. MOHAMED IBRAHIN SALEH, 828","nm_bairro_equipamento":"CIDADE NOVA SAO MIGU","cd_cep_equipamento":"08042-130","tx_horario_funcionamento":null,"tx_numero_telefone":"2051-3560","cd_equipamento_base_origem":null}},{"type":"Feature","id":"equipamento_saude_ubs_posto_centro_v2.120608","geometry":{"type":"Point","coordinates":[346522.542,7396319.658]},"geometry_name":"ge_ponto","properties":{"cd_identificador":120608,"cd_identificador_tema_equipamento":6,"nm_tema_equipamento":"SAUDE","cd_identificador_rede_equipamento":0,"nm_rede_equipamento":"SEM REDE","tx_rede_equipamento":"Sem descrição","cd_identificador_tipo_equipamento":45,"nm_tipo_equipamento":"Unidade Básica de Saúde","tx_tipo_equipamento":"Atendimento básico em Pediatria, Ginecologia, Clínica Geral, Enfermagem e Odontologia. Principais serviços oferecidos: consultas médicas, inalações, injeções, curativos, vacinas, coleta de exames laboratoriais, tratamento odontológico, encaminhamentos par","cd_identificador_classe_equipamento":5,"nm_classe_equipamento":"UBS/POSTO DE SAÚDE/CENTRO DE SAÚDE","tx_classe_equipamento":"O PRIMEIRO CONTATO DO PACIENTE COM O SUS.","cd_identificador_esfera_administrativa_equipamento":1,"nm_esfera_administrativa_equipamento":"Municipal","tx_esfera_administrativa_equipamento":"Administração municipal","cd_equipamento":"670","nm_equipamento":"UBS CIDADE PATRIARCA - DR HERMENEGILDO MORBIN JUNIOR","tx_endereco_equipamento":"R. DR FREDERICO BROTERO, 22","nm_bairro_equipamento":"CIDADE PATRIARCA","cd_cep_equipamento":"03552-080","tx_horario_funcionamento":null,"tx_numero_telefone":"2958-1488","cd_equipamento_base_origem":null}},{"type":"Feature","id":"equipamento_saude_ubs_posto_centro_v2.120609","geometry":{"type":"Point","coordinates":[350676.536,7400258.998]},"geometry_name":"ge_ponto","properties":{"cd_identificador":120609,"cd_identificador_tema_equipamento":6,"nm_tema_equipamento":"SAUDE","cd_identificador_rede_equipamento":0,"nm_rede_equipamento":"SEM REDE","tx_rede_equipamento":"Sem descrição","cd_identificador_tipo_equipamento":45,"nm_tipo_equipamento":"Unidade Básica de Saúde","tx_tipo_equipamento":"Atendimento básico em Pediatria, Ginecologia, Clínica Geral, Enfermagem e Odontologia. Principais serviços oferecidos: consultas médicas, inalações, injeções, curativos, vacinas, coleta de exames laboratoriais, tratamento odontológico, encaminhamentos par","cd_identificador_classe_equipamento":5,"nm_classe_equipamento":"UBS/POSTO DE SAÚDE/CENTRO DE SAÚDE","tx_classe_equipamento":"O PRIMEIRO CONTATO DO PACIENTE COM O SUS.","cd_identificador_esfera_administrativa_equipamento":1,"nm_esfera_administrativa_equipamento":"Municipal","tx_esfera_administrativa_equipamento":"Administração municipal","cd_equipamento":"892","nm_equipamento":"UBS CIDADE PEDRO JOSE NUNES","tx_endereco_equipamento":"R. JOSE BARGAS, 143","nm_bairro_equipamento":"JD PEDRO JOSE NUNES","cd_cep_equipamento":"08061-020","tx_horario_funcionamento":null,"tx_numero_telefone":"2297-5453","cd_equipamento_base_origem":null}},{"type":"Feature","id":"equipamento_saude_ubs_posto_centro_v2.120610","geometry":{"type":"Point","coordinates":[350673.301,7387993.864]},"geometry_name":"ge_ponto","properties":{"cd_identificador":120610,"cd_identificador_tema_equipamento":6,"nm_tema_equipamento":"SAUDE","cd_identificador_rede_equipamento":0,"nm_rede_equipamento":"SEM REDE","tx_rede_equipamento":"Sem descrição","cd_identificador_tipo_equipamento":45,"nm_tipo_equipamento":"Unidade Básica de Saúde","tx_tipo_equipamento":"Atendimento básico em Pediatria, Ginecologia, Clínica Geral, Enfermagem e Odontologia. Principais serviços oferecidos: consultas médicas, inalações, injeções, curativos, vacinas, coleta de exames laboratoriais, tratamento odontológico, encaminhamentos par","cd_identificador_classe_equipamento":5,"nm_classe_equipamento":"UBS/POSTO DE SAÚDE/CENTRO DE SAÚDE","tx_classe_equipamento":"O PRIMEIRO CONTATO DO PACIENTE COM O SUS.","cd_identificador_esfera_administrativa_equipamento":1,"nm_esfera_administrativa_equipamento":"Municipal","tx_esfera_administrativa_equipamento":"Administração municipal","cd_equipamento":"852","nm_equipamento":"UBS CIDADE SATELITE - SANTA BARBARA","tx_endereco_equipamento":"R. SOL, 45","nm_bairro_equipamento":"CIDADE SATÉLITE STA. BARBARA","cd_cep_equipamento":"08330-360","tx_horario_funcionamento":null,"tx_numero_telefone":"2919-5857","cd_equipamento_base_origem":null}},{"type":"Feature","id":"equipamento_saude_ubs_posto_centro_v2.120611","geometry":{"type":"Point","coordinates":[356438.336,7390800.668]},"geometry_name":"ge_ponto","properties":{"cd_identificador":120611,"cd_identificador_tema_equipamento":6,"nm_tema_equipamento":"SAUDE","cd_identificador_rede_equipamento":0,"nm_rede_equipamento":"SEM REDE","tx_rede_equipamento":"Sem descrição","cd_identificador_tipo_equipamento":45,"nm_tipo_equipamento":"Unidade Básica de Saúde","tx_tipo_equipamento":"Atendimento básico em Pediatria, Ginecologia, Clínica Geral, Enfermagem e Odontologia. Principais serviços oferecidos: consultas médicas, inalações, injeções, curativos, vacinas, coleta de exames laboratoriais, tratamento odontológico, encaminhamentos par","cd_identificador_classe_equipamento":5,"nm_classe_equipamento":"UBS/POSTO DE SAÚDE/CENTRO DE SAÚDE","tx_classe_equipamento":"O PRIMEIRO CONTATO DO PACIENTE COM O SUS.","cd_identificador_esfera_administrativa_equipamento":1,"nm_esfera_administrativa_equipamento":"Municipal","tx_esfera_administrativa_equipamento":"Administração municipal","cd_equipamento":"228","nm_equipamento":"UBS CIDADE TIRADENTES - LUIS MARANHÃO","tx_endereco_equipamento":"R. DOS TÊXTEIS, 512","nm_bairro_equipamento":"CIDADE TIRADENTES","cd_cep_equipamento":"08490-600","tx_horario_funcionamento":null,"tx_numero_telefone":"2282-0250","cd_equipamento_base_origem":null}},{"type":"Feature","id":"equipamento_saude_ubs_posto_centro_v2.120612","geometry":{"type":"Point","coordinates":[322846.447,7406508.206]},"geometry_name":"ge_ponto","properties":{"cd_identificador":120612,"cd_identificador_tema_equipamento":6,"nm_tema_equipamento":"SAUDE","cd_identificador_rede_equipamento":0,"nm_rede_equipamento":"SEM REDE","tx_rede_equipamento":"Sem descrição","cd_identificador_tipo_equipamento":45,"nm_tipo_equipamento":"Unidade Básica de Saúde","tx_tipo_equipamento":"Atendimento básico em Pediatria, Ginecologia, Clínica Geral, Enfermagem e Odontologia. Principais serviços oferecidos: consultas médicas, inalações, injeções, curativos, vacinas, coleta de exames laboratoriais, tratamento odontológico, encaminhamentos par","cd_identificador_classe_equipamento":5,"nm_classe_equipamento":"UBS/POSTO DE SAÚDE/CENTRO DE SAÚDE","tx_classe_equipamento":"O PRIMEIRO CONTATO DO PACIENTE COM O SUS.","cd_identificador_esfera_administrativa_equipamento":1,"nm_esfera_administrativa_equipamento":"Municipal","tx_esfera_administrativa_equipamento":"Administração municipal","cd_equipamento":"733","nm_equipamento":"UBS CITY JARAGUA","tx_endereco_equipamento":"ESTRADA DE TAIPAS (ESQ. RUA PAULO ARENTINO), 1648","nm_bairro_equipamento":"JARAGUÁ","cd_cep_equipamento":"02991-000","tx_horario_funcionamento":null,"tx_numero_telefone":"3947-2690","cd_equipamento_base_origem":null}},{"type":"Feature","id":"equipamento_saude_ubs_posto_centro_v2.120613","geometry":{"type":"Point","coordinates":[327351.538,7361305.529]},"geometry_name":"ge_ponto","properties":{"cd_identificador":120613,"cd_identificador_tema_equipamento":6,"nm_tema_equipamento":"SAUDE","cd_identificador_rede_equipamento":0,"nm_rede_equipamento":"SEM REDE","tx_rede_equipamento":"Sem descrição","cd_identificador_tipo_equipamento":45,"nm_tipo_equipamento":"Unidade Básica de Saúde","tx_tipo_equipamento":"Atendimento básico em Pediatria, Ginecologia, Clínica Geral, Enfermagem e Odontologia. Principais serviços oferecidos: consultas médicas, inalações, injeções, curativos, vacinas, coleta de exames laboratoriais, tratamento odontológico, encaminhamentos par","cd_identificador_classe_equipamento":5,"nm_classe_equipamento":"UBS/POSTO DE SAÚDE/CENTRO DE SAÚDE","tx_classe_equipamento":"O PRIMEIRO CONTATO DO PACIENTE COM O SUS.","cd_identificador_esfera_administrativa_equipamento":1,"nm_esfera_administrativa_equipamento":"Municipal","tx_esfera_administrativa_equipamento":"Administração municipal","cd_equipamento":"631","nm_equipamento":"UBS COLONIA","tx_endereco_equipamento":"R. NOSSA SENHORA APARECIDA, 342","nm_bairro_equipamento":"COLONIA PAULISTA","cd_cep_equipamento":"04892-230","tx_horario_funcionamento":null,"tx_numero_telefone":"5977-3269","cd_equipamento_base_origem":null}},{"type":"Feature","id":"equipamento_saude_ubs_posto_centro_v2.120614","geometry":{"type":"Point","coordinates":[350981.928,7397474.812]},"geometry_name":"ge_ponto","properties":{"cd_identificador":120614,"cd_identificador_tema_equipamento":6,"nm_tema_equipamento":"SAUDE","cd_identificador_rede_equipamento":0,"nm_rede_equipamento":"SEM REDE","tx_rede_equipamento":"Sem descrição","cd_identificador_tipo_equipamento":45,"nm_tipo_equipamento":"Unidade Básica de Saúde","tx_tipo_equipamento":"Atendimento básico em Pediatria, Ginecologia, Clínica Geral, Enfermagem e Odontologia. Principais serviços oferecidos: consultas médicas, inalações, injeções, curativos, vacinas, coleta de exames laboratoriais, tratamento odontológico, encaminhamentos par","cd_identificador_classe_equipamento":5,"nm_classe_equipamento":"UBS/POSTO DE SAÚDE/CENTRO DE SAÚDE","tx_classe_equipamento":"O PRIMEIRO CONTATO DO PACIENTE COM O SUS.","cd_identificador_esfera_administrativa_equipamento":1,"nm_esfera_administrativa_equipamento":"Municipal","tx_esfera_administrativa_equipamento":"Administração municipal","cd_equipamento":"431","nm_equipamento":"UBS CONJUNTO AE CARVALHO","tx_endereco_equipamento":"R. CORRE CORRE, 30","nm_bairro_equipamento":"ITAQUERA","cd_cep_equipamento":"08225-550","tx_horario_funcionamento":null,"tx_numero_telefone":"4780-5111","cd_equipamento_base_origem":null}},{"type":"Feature","id":"equipamento_saude_ubs_posto_centro_v2.120615","geometry":{"type":"Point","coordinates":[336062.247,7404087.397]},"geometry_name":"ge_ponto","properties":{"cd_identificador":120615,"cd_identificador_tema_equipamento":6,"nm_tema_equipamento":"SAUDE","cd_identificador_rede_equipamento":0,"nm_rede_equipamento":"SEM REDE","tx_rede_equipamento":"Sem descrição","cd_identificador_tipo_equipamento":45,"nm_tipo_equipamento":"Unidade Básica de Saúde","tx_tipo_equipamento":"Atendimento básico em Pediatria, Ginecologia, Clínica Geral, Enfermagem e Odontologia. Principais serviços oferecidos: consultas médicas, inalações, injeções, curativos, vacinas, coleta de exames laboratoriais, tratamento odontológico, encaminhamentos par","cd_identificador_classe_equipamento":5,"nm_classe_equipamento":"UBS/POSTO DE SAÚDE/CENTRO DE SAÚDE","tx_classe_equipamento":"O PRIMEIRO CONTATO DO PACIENTE COM O SUS.","cd_identificador_esfera_administrativa_equipamento":1,"nm_esfera_administrativa_equipamento":"Municipal","tx_esfera_administrativa_equipamento":"Administração municipal","cd_equipamento":"795","nm_equipamento":"UBS CONJUNTO DO IPESP","tx_endereco_equipamento":"AV. PROFª. VIRGILIA RODRIGUES A. C. PINTO, 555","nm_bairro_equipamento":"JARDIM LEONOR MENDES DE BARROS","cd_cep_equipamento":"02346-000","tx_horario_funcionamento":null,"tx_numero_telefone":"2203-0111","cd_equipamento_base_origem":null}},{"type":"Feature","id":"equipamento_saude_ubs_posto_centro_v2.120616","geometry":{"type":"Point","coordinates":[345420.784,7398914.917]},"geometry_name":"ge_ponto","properties":{"cd_identificador":120616,"cd_identificador_tema_equipamento":6,"nm_tema_equipamento":"SAUDE","cd_identificador_rede_equipamento":0,"nm_rede_equipamento":"SEM REDE","tx_rede_equipamento":"Sem descrição","cd_identificador_tipo_equipamento":45,"nm_tipo_equipamento":"Unidade Básica de Saúde","tx_tipo_equipamento":"Atendimento básico em Pediatria, Ginecologia, Clínica Geral, Enfermagem e Odontologia. Principais serviços oferecidos: consultas médicas, inalações, injeções, curativos, vacinas, coleta de exames laboratoriais, tratamento odontológico, encaminhamentos par","cd_identificador_classe_equipamento":5,"nm_classe_equipamento":"UBS/POSTO DE SAÚDE/CENTRO DE SAÚDE","tx_classe_equipamento":"O PRIMEIRO CONTATO DO PACIENTE COM O SUS.","cd_identificador_esfera_administrativa_equipamento":1,"nm_esfera_administrativa_equipamento":"Municipal","tx_esfera_administrativa_equipamento":"Administração municipal","cd_equipamento":"267","nm_equipamento":"UBS COSTA MELO","tx_endereco_equipamento":"R. LUIS ASSON, 165","nm_bairro_equipamento":"VL MONTEVIDEO","cd_cep_equipamento":"03624-010","tx_horario_funcionamento":null,"tx_numero_telefone":"2958-2981","cd_equipamento_base_origem":null}},{"type":"Feature","id":"equipamento_saude_ubs_posto_centro_v2.120617","geometry":{"type":"Point","coordinates":[326068.865,7401905.129]},"geometry_name":"ge_ponto","properties":{"cd_identificador":120617,"cd_identificador_tema_equipamento":6,"nm_tema_equipamento":"SAUDE","cd_identificador_rede_equipamento":0,"nm_rede_equipamento":"SEM REDE","tx_rede_equipamento":"Sem descrição","cd_identificador_tipo_equipamento":45,"nm_tipo_equipamento":"Unidade Básica de Saúde","tx_tipo_equipamento":"Atendimento básico em Pediatria, Ginecologia, Clínica Geral, Enfermagem e Odontologia. Principais serviços oferecidos: consultas médicas, inalações, injeções, curativos, vacinas, coleta de exames laboratoriais, tratamento odontológico, encaminhamentos par","cd_identificador_classe_equipamento":5,"nm_classe_equipamento":"UBS/POSTO DE SAÚDE/CENTRO DE SAÚDE","tx_classe_equipamento":"O PRIMEIRO CONTATO DO PACIENTE COM O SUS.","cd_identificador_esfera_administrativa_equipamento":1,"nm_esfera_administrativa_equipamento":"Municipal","tx_esfera_administrativa_equipamento":"Administração municipal","cd_equipamento":"290","nm_equipamento":"UBS CRUZ DAS ALMAS","tx_endereco_equipamento":"R. PADRE FELICIANO DOMINGOS, 90","nm_bairro_equipamento":"FREGUESIA DO Ó","cd_cep_equipamento":"02965-140","tx_horario_funcionamento":null,"tx_numero_telefone":"3975-3531 / 3992-2975","cd_equipamento_base_origem":null}},{"type":"Feature","id":"equipamento_saude_ubs_posto_centro_v2.120618","geometry":{"type":"Point","coordinates":[330472.473,7383745.069]},"geometry_name":"ge_ponto","properties":{"cd_identificador":120618,"cd_identificador_tema_equipamento":6,"nm_tema_equipamento":"SAUDE","cd_identificador_rede_equipamento":0,"nm_rede_equipamento":"SEM REDE","tx_rede_equipamento":"Sem descrição","cd_identificador_tipo_equipamento":45,"nm_tipo_equipamento":"Unidade Básica de Saúde","tx_tipo_equipamento":"Atendimento básico em Pediatria, Ginecologia, Clínica Geral, Enfermagem e Odontologia. Principais serviços oferecidos: consultas médicas, inalações, injeções, curativos, vacinas, coleta de exames laboratoriais, tratamento odontológico, encaminhamentos par","cd_identificador_classe_equipamento":5,"nm_classe_equipamento":"UBS/POSTO DE SAÚDE/CENTRO DE SAÚDE","tx_classe_equipamento":"O PRIMEIRO CONTATO DO PACIENTE COM O SUS.","cd_identificador_esfera_administrativa_equipamento":1,"nm_esfera_administrativa_equipamento":"Municipal","tx_esfera_administrativa_equipamento":"Administração municipal","cd_equipamento":"466","nm_equipamento":"UBS CUPECÊ - DR. WALDOMIRO PREGNOLATTO","tx_endereco_equipamento":"AV. SANTA CATARINA, 1523","nm_bairro_equipamento":"VL SANTA CATARINA","cd_cep_equipamento":"04378-300","tx_horario_funcionamento":null,"tx_numero_telefone":"5564-3079","cd_equipamento_base_origem":null}},{"type":"Feature","id":"equipamento_saude_ubs_posto_centro_v2.120619","geometry":{"type":"Point","coordinates":[358864.68,7391541.245]},"geometry_name":"ge_ponto","properties":{"cd_identificador":120619,"cd_identificador_tema_equipamento":6,"nm_tema_equipamento":"SAUDE","cd_identificador_rede_equipamento":0,"nm_rede_equipamento":"SEM REDE","tx_rede_equipamento":"Sem descrição","cd_identificador_tipo_equipamento":45,"nm_tipo_equipamento":"Unidade Básica de Saúde","tx_tipo_equipamento":"Atendimento básico em Pediatria, Ginecologia, Clínica Geral, Enfermagem e Odontologia. Principais serviços oferecidos: consultas médicas, inalações, injeções, curativos, vacinas, coleta de exames laboratoriais, tratamento odontológico, encaminhamentos par","cd_identificador_classe_equipamento":5,"nm_classe_equipamento":"UBS/POSTO DE SAÚDE/CENTRO DE SAÚDE","tx_classe_equipamento":"O PRIMEIRO CONTATO DO PACIENTE COM O SUS.","cd_identificador_esfera_administrativa_equipamento":1,"nm_esfera_administrativa_equipamento":"Municipal","tx_esfera_administrativa_equipamento":"Administração municipal","cd_equipamento":"231","nm_equipamento":"UBS DOM ANGELICO","tx_endereco_equipamento":"ESTRADA MANOEL OLIVEIRA RAMOS, 1","nm_bairro_equipamento":"CIDADE TIRADENTES","cd_cep_equipamento":"08473-000","tx_horario_funcionamento":null,"tx_numero_telefone":"2555-3894","cd_equipamento_base_origem":null}},{"type":"Feature","id":"equipamento_saude_ubs_posto_centro_v2.120620","geometry":{"type":"Point","coordinates":[357093.479,7397908.233]},"geometry_name":"ge_ponto","properties":{"cd_identificador":120620,"cd_identificador_tema_equipamento":6,"nm_tema_equipamento":"SAUDE","cd_identificador_rede_equipamento":0,"nm_rede_equipamento":"SEM REDE","tx_rede_equipamento":"Sem descrição","cd_identificador_tipo_equipamento":45,"nm_tipo_equipamento":"Unidade Básica de Saúde","tx_tipo_equipamento":"Atendimento básico em Pediatria, Ginecologia, Clínica Geral, Enfermagem e Odontologia. Principais serviços oferecidos: consultas médicas, inalações, injeções, curativos, vacinas, coleta de exames laboratoriais, tratamento odontológico, encaminhamentos par","cd_identificador_classe_equipamento":5,"nm_classe_equipamento":"UBS/POSTO DE SAÚDE/CENTRO DE SAÚDE","tx_classe_equipamento":"O PRIMEIRO CONTATO DO PACIENTE COM O SUS.","cd_identificador_esfera_administrativa_equipamento":1,"nm_esfera_administrativa_equipamento":"Municipal","tx_esfera_administrativa_equipamento":"Administração municipal","cd_equipamento":"403","nm_equipamento":"UBS DOM JOÃO NERY","tx_endereco_equipamento":"ESTRADA DOM JOAO NERY, 3462","nm_bairro_equipamento":"JD NAZARE","cd_cep_equipamento":"08151-000","tx_horario_funcionamento":null,"tx_numero_telefone":"2566-3624","cd_equipamento_base_origem":null}},{"type":"Feature","id":"equipamento_saude_ubs_posto_centro_v2.120621","geometry":{"type":"Point","coordinates":[324200.597,7403363.579]},"geometry_name":"ge_ponto","properties":{"cd_identificador":120621,"cd_identificador_tema_equipamento":6,"nm_tema_equipamento":"SAUDE","cd_identificador_rede_equipamento":0,"nm_rede_equipamento":"SEM REDE","tx_rede_equipamento":"Sem descrição","cd_identificador_tipo_equipamento":45,"nm_tipo_equipamento":"Unidade Básica de Saúde","tx_tipo_equipamento":"Atendimento básico em Pediatria, Ginecologia, Clínica Geral, Enfermagem e Odontologia. Principais serviços oferecidos: consultas médicas, inalações, injeções, curativos, vacinas, coleta de exames laboratoriais, tratamento odontológico, encaminhamentos par","cd_identificador_classe_equipamento":5,"nm_classe_equipamento":"UBS/POSTO DE SAÚDE/CENTRO DE SAÚDE","tx_classe_equipamento":"O PRIMEIRO CONTATO DO PACIENTE COM O SUS.","cd_identificador_esfera_administrativa_equipamento":1,"nm_esfera_administrativa_equipamento":"Municipal","tx_esfera_administrativa_equipamento":"Administração municipal","cd_equipamento":"746","nm_equipamento":"UBS DOMINGOS MANTELLI","tx_endereco_equipamento":"R. POVOADO DO RIO NOVO, 1778","nm_bairro_equipamento":"PIRITUBA","cd_cep_equipamento":"02956-020","tx_horario_funcionamento":null,"tx_numero_telefone":"3974-3829","cd_equipamento_base_origem":null}},{"type":"Feature","id":"equipamento_saude_ubs_posto_centro_v2.120622","geometry":{"type":"Point","coordinates":[328689.265,7400324.579]},"geometry_name":"ge_ponto","properties":{"cd_identificador":120622,"cd_identificador_tema_equipamento":6,"nm_tema_equipamento":"SAUDE","cd_identificador_rede_equipamento":0,"nm_rede_equipamento":"SEM REDE","tx_rede_equipamento":"Sem descrição","cd_identificador_tipo_equipamento":45,"nm_tipo_equipamento":"Unidade Básica de Saúde","tx_tipo_equipamento":"Atendimento básico em Pediatria, Ginecologia, Clínica Geral, Enfermagem e Odontologia. Principais serviços oferecidos: consultas médicas, inalações, injeções, curativos, vacinas, coleta de exames laboratoriais, tratamento odontológico, encaminhamentos par","cd_identificador_classe_equipamento":5,"nm_classe_equipamento":"UBS/POSTO DE SAÚDE/CENTRO DE SAÚDE","tx_classe_equipamento":"O PRIMEIRO CONTATO DO PACIENTE COM O SUS.","cd_identificador_esfera_administrativa_equipamento":1,"nm_esfera_administrativa_equipamento":"Municipal","tx_esfera_administrativa_equipamento":"Administração municipal","cd_equipamento":"180","nm_equipamento":"UBS DONA ADELAIDE LOPES","tx_endereco_equipamento":"AV. CLAVÁSIO ALVES DA SILVA, 683","nm_bairro_equipamento":"VILA SIQUEIRA","cd_cep_equipamento":"02722-030","tx_horario_funcionamento":null,"tx_numero_telefone":"3936-8370","cd_equipamento_base_origem":null}},{"type":"Feature","id":"equipamento_saude_ubs_posto_centro_v2.120623","geometry":{"type":"Point","coordinates":[334263.475,7404513.431]},"geometry_name":"ge_ponto","properties":{"cd_identificador":120623,"cd_identificador_tema_equipamento":6,"nm_tema_equipamento":"SAUDE","cd_identificador_rede_equipamento":0,"nm_rede_equipamento":"SEM REDE","tx_rede_equipamento":"Sem descrição","cd_identificador_tipo_equipamento":45,"nm_tipo_equipamento":"Unidade Básica de Saúde","tx_tipo_equipamento":"Atendimento básico em Pediatria, Ginecologia, Clínica Geral, Enfermagem e Odontologia. Principais serviços oferecidos: consultas médicas, inalações, injeções, curativos, vacinas, coleta de exames laboratoriais, tratamento odontológico, encaminhamentos par","cd_identificador_classe_equipamento":5,"nm_classe_equipamento":"UBS/POSTO DE SAÚDE/CENTRO DE SAÚDE","tx_classe_equipamento":"O PRIMEIRO CONTATO DO PACIENTE COM O SUS.","cd_identificador_esfera_administrativa_equipamento":1,"nm_esfera_administrativa_equipamento":"Municipal","tx_esfera_administrativa_equipamento":"Administração municipal","cd_equipamento":"488","nm_equipamento":"UBS DONA MARIQUINHA SCIASCIA","tx_endereco_equipamento":"R. DR JOSÉ VICENTE, 39","nm_bairro_equipamento":"TREMEMBÉ","cd_cep_equipamento":"02370-080","tx_horario_funcionamento":null,"tx_numero_telefone":"2203-0063","cd_equipamento_base_origem":null}},{"type":"Feature","id":"equipamento_saude_ubs_posto_centro_v2.120624","geometry":{"type":"Point","coordinates":[346867.719,7395094.439]},"geometry_name":"ge_ponto","properties":{"cd_identificador":120624,"cd_identificador_tema_equipamento":6,"nm_tema_equipamento":"SAUDE","cd_identificador_rede_equipamento":0,"nm_rede_equipamento":"SEM REDE","tx_rede_equipamento":"Sem descrição","cd_identificador_tipo_equipamento":45,"nm_tipo_equipamento":"Unidade Básica de Saúde","tx_tipo_equipamento":"Atendimento básico em Pediatria, Ginecologia, Clínica Geral, Enfermagem e Odontologia. Principais serviços oferecidos: consultas médicas, inalações, injeções, curativos, vacinas, coleta de exames laboratoriais, tratamento odontológico, encaminhamentos par","cd_identificador_classe_equipamento":5,"nm_classe_equipamento":"UBS/POSTO DE SAÚDE/CENTRO DE SAÚDE","tx_classe_equipamento":"O PRIMEIRO CONTATO DO PACIENTE COM O SUS.","cd_identificador_esfera_administrativa_equipamento":1,"nm_esfera_administrativa_equipamento":"Municipal","tx_esfera_administrativa_equipamento":"Administração municipal","cd_equipamento":"643","nm_equipamento":"UBS DR ANTONIO PIRES FERREIRA VILLALOBO","tx_endereco_equipamento":"R. COELHO DE CASTRO, 95","nm_bairro_equipamento":"VILA NHOCUNE","cd_cep_equipamento":"03560-030","tx_horario_funcionamento":null,"tx_numero_telefone":"2749-3521","cd_equipamento_base_origem":null}},{"type":"Feature","id":"equipamento_saude_ubs_posto_centro_v2.120625","geometry":{"type":"Point","coordinates":[329038.733,7403418.361]},"geometry_name":"ge_ponto","properties":{"cd_identificador":120625,"cd_identificador_tema_equipamento":6,"nm_tema_equipamento":"SAUDE","cd_identificador_rede_equipamento":0,"nm_rede_equipamento":"SEM REDE","tx_rede_equipamento":"Sem descrição","cd_identificador_tipo_equipamento":45,"nm_tipo_equipamento":"Unidade Básica de Saúde","tx_tipo_equipamento":"Atendimento básico em Pediatria, Ginecologia, Clínica Geral, Enfermagem e Odontologia. Principais serviços oferecidos: consultas médicas, inalações, injeções, curativos, vacinas, coleta de exames laboratoriais, tratamento odontológico, encaminhamentos par","cd_identificador_classe_equipamento":5,"nm_classe_equipamento":"UBS/POSTO DE SAÚDE/CENTRO DE SAÚDE","tx_classe_equipamento":"O PRIMEIRO CONTATO DO PACIENTE COM O SUS.","cd_identificador_esfera_administrativa_equipamento":1,"nm_esfera_administrativa_equipamento":"Municipal","tx_esfera_administrativa_equipamento":"Administração municipal","cd_equipamento":"282","nm_equipamento":"UBS DR. AUGUSTO LEOPOLDO AYROSA GALVÃO","tx_endereco_equipamento":"R. JOAQUINA MARIA DOS SANTOS, 198","nm_bairro_equipamento":"VL RICA","cd_cep_equipamento":"02860-110","tx_horario_funcionamento":null,"tx_numero_telefone":"3983-0900","cd_equipamento_base_origem":null}},{"type":"Feature","id":"equipamento_saude_ubs_posto_centro_v2.120626","geometry":{"type":"Point","coordinates":[336169.372,7384860.419]},"geometry_name":"ge_ponto","properties":{"cd_identificador":120626,"cd_identificador_tema_equipamento":6,"nm_tema_equipamento":"SAUDE","cd_identificador_rede_equipamento":0,"nm_rede_equipamento":"SEM REDE","tx_rede_equipamento":"Sem descrição","cd_identificador_tipo_equipamento":45,"nm_tipo_equipamento":"Unidade Básica de Saúde","tx_tipo_equipamento":"Atendimento básico em Pediatria, Ginecologia, Clínica Geral, Enfermagem e Odontologia. Principais serviços oferecidos: consultas médicas, inalações, injeções, curativos, vacinas, coleta de exames laboratoriais, tratamento odontológico, encaminhamentos par","cd_identificador_classe_equipamento":5,"nm_classe_equipamento":"UBS/POSTO DE SAÚDE/CENTRO DE SAÚDE","tx_classe_equipamento":"O PRIMEIRO CONTATO DO PACIENTE COM O SUS.","cd_identificador_esfera_administrativa_equipamento":1,"nm_esfera_administrativa_equipamento":"Municipal","tx_esfera_administrativa_equipamento":"Administração municipal","cd_equipamento":"372","nm_equipamento":"UBS DR. EDUARDO ROMANO RESCHILIAN","tx_endereco_equipamento":"R. DR LAFAIETE DE SOUZA CAMARGO, 40","nm_bairro_equipamento":"JARDIM CLIMAX","cd_cep_equipamento":"04177-380","tx_horario_funcionamento":null,"tx_numero_telefone":"2335-5319","cd_equipamento_base_origem":null}},{"type":"Feature","id":"equipamento_saude_ubs_posto_centro_v2.120627","geometry":{"type":"Point","coordinates":[328027.516,7390437.78]},"geometry_name":"ge_ponto","properties":{"cd_identificador":120627,"cd_identificador_tema_equipamento":6,"nm_tema_equipamento":"SAUDE","cd_identificador_rede_equipamento":0,"nm_rede_equipamento":"SEM REDE","tx_rede_equipamento":"Sem descrição","cd_identificador_tipo_equipamento":45,"nm_tipo_equipamento":"Unidade Básica de Saúde","tx_tipo_equipamento":"Atendimento básico em Pediatria, Ginecologia, Clínica Geral, Enfermagem e Odontologia. Principais serviços oferecidos: consultas médicas, inalações, injeções, curativos, vacinas, coleta de exames laboratoriais, tratamento odontológico, encaminhamentos par","cd_identificador_classe_equipamento":5,"nm_classe_equipamento":"UBS/POSTO DE SAÚDE/CENTRO DE SAÚDE","tx_classe_equipamento":"O PRIMEIRO CONTATO DO PACIENTE COM O SUS.","cd_identificador_esfera_administrativa_equipamento":1,"nm_esfera_administrativa_equipamento":"Municipal","tx_esfera_administrativa_equipamento":"Administração municipal","cd_equipamento":"695","nm_equipamento":"UBS DR. JOSÉ DE BARROS MAGALDI","tx_endereco_equipamento":"R. SALVADOR CARDOSO, 177","nm_bairro_equipamento":"ITAIM BIBI","cd_cep_equipamento":"04533-050","tx_horario_funcionamento":null,"tx_numero_telefone":"3168-6571","cd_equipamento_base_origem":null}},{"type":"Feature","id":"equipamento_saude_ubs_posto_centro_v2.120628","geometry":{"type":"Point","coordinates":[338291.105,7404552.655]},"geometry_name":"ge_ponto","properties":{"cd_identificador":120628,"cd_identificador_tema_equipamento":6,"nm_tema_equipamento":"SAUDE","cd_identificador_rede_equipamento":0,"nm_rede_equipamento":"SEM REDE","tx_rede_equipamento":"Sem descrição","cd_identificador_tipo_equipamento":45,"nm_tipo_equipamento":"Unidade Básica de Saúde","tx_tipo_equipamento":"Atendimento básico em Pediatria, Ginecologia, Clínica Geral, Enfermagem e Odontologia. Principais serviços oferecidos: consultas médicas, inalações, injeções, curativos, vacinas, coleta de exames laboratoriais, tratamento odontológico, encaminhamentos par","cd_identificador_classe_equipamento":5,"nm_classe_equipamento":"UBS/POSTO DE SAÚDE/CENTRO DE SAÚDE","tx_classe_equipamento":"O PRIMEIRO CONTATO DO PACIENTE COM O SUS.","cd_identificador_esfera_administrativa_equipamento":1,"nm_esfera_administrativa_equipamento":"Municipal","tx_esfera_administrativa_equipamento":"Administração municipal","cd_equipamento":"477","nm_equipamento":"UBS DR. JOSÉ TOLEDO PIZA","tx_endereco_equipamento":"AV. ANTONIO CÉSAR NETO, 387","nm_bairro_equipamento":"JAÇANÃ","cd_cep_equipamento":"02276-000","tx_horario_funcionamento":null,"tx_numero_telefone":"2241-7317","cd_equipamento_base_origem":null}},{"type":"Feature","id":"equipamento_saude_ubs_posto_centro_v2.120629","geometry":{"type":"Point","coordinates":[327387.702,7394163.716]},"geometry_name":"ge_ponto","properties":{"cd_identificador":120629,"cd_identificador_tema_equipamento":6,"nm_tema_equipamento":"SAUDE","cd_identificador_rede_equipamento":0,"nm_rede_equipamento":"SEM REDE","tx_rede_equipamento":"Sem descrição","cd_identificador_tipo_equipamento":45,"nm_tipo_equipamento":"Unidade Básica de Saúde","tx_tipo_equipamento":"Atendimento básico em Pediatria, Ginecologia, Clínica Geral, Enfermagem e Odontologia. Principais serviços oferecidos: consultas médicas, inalações, injeções, curativos, vacinas, coleta de exames laboratoriais, tratamento odontológico, encaminhamentos par","cd_identificador_classe_equipamento":5,"nm_classe_equipamento":"UBS/POSTO DE SAÚDE/CENTRO DE SAÚDE","tx_classe_equipamento":"O PRIMEIRO CONTATO DO PACIENTE COM O SUS.","cd_identificador_esfera_administrativa_equipamento":1,"nm_esfera_administrativa_equipamento":"Municipal","tx_esfera_administrativa_equipamento":"Administração municipal","cd_equipamento":"718","nm_equipamento":"UBS DR. MANOEL JOAQUIM PÊRA","tx_endereco_equipamento":"R. PURPURINA, 280","nm_bairro_equipamento":"VILA MADALENA","cd_cep_equipamento":"05435-030","tx_horario_funcionamento":null,"tx_numero_telefone":"3032-9891","cd_equipamento_base_origem":null}},{"type":"Feature","id":"equipamento_saude_ubs_posto_centro_v2.120630","geometry":{"type":"Point","coordinates":[335547.083,7392395.307]},"geometry_name":"ge_ponto","properties":{"cd_identificador":120630,"cd_identificador_tema_equipamento":6,"nm_tema_equipamento":"SAUDE","cd_identificador_rede_equipamento":0,"nm_rede_equipamento":"SEM REDE","tx_rede_equipamento":"Sem descrição","cd_identificador_tipo_equipamento":45,"nm_tipo_equipamento":"Unidade Básica de Saúde","tx_tipo_equipamento":"Atendimento básico em Pediatria, Ginecologia, Clínica Geral, Enfermagem e Odontologia. Principais serviços oferecidos: consultas médicas, inalações, injeções, curativos, vacinas, coleta de exames laboratoriais, tratamento odontológico, encaminhamentos par","cd_identificador_classe_equipamento":5,"nm_classe_equipamento":"UBS/POSTO DE SAÚDE/CENTRO DE SAÚDE","tx_classe_equipamento":"O PRIMEIRO CONTATO DO PACIENTE COM O SUS.","cd_identificador_esfera_administrativa_equipamento":1,"nm_esfera_administrativa_equipamento":"Municipal","tx_esfera_administrativa_equipamento":"Administração municipal","cd_equipamento":"353","nm_equipamento":"UBS DR. OSWALDO MARASCA JUNIOR","tx_endereco_equipamento":"AV. DOM PEDRO I, 594","nm_bairro_equipamento":"IPIRANGA","cd_cep_equipamento":"01552-000","tx_horario_funcionamento":null,"tx_numero_telefone":"2272-8619","cd_equipamento_base_origem":null}},{"type":"Feature","id":"equipamento_saude_ubs_posto_centro_v2.120631","geometry":{"type":"Point","coordinates":[325594.564,7373159.488]},"geometry_name":"ge_ponto","properties":{"cd_identificador":120631,"cd_identificador_tema_equipamento":6,"nm_tema_equipamento":"SAUDE","cd_identificador_rede_equipamento":0,"nm_rede_equipamento":"SEM REDE","tx_rede_equipamento":"Sem descrição","cd_identificador_tipo_equipamento":45,"nm_tipo_equipamento":"Unidade Básica de Saúde","tx_tipo_equipamento":"Atendimento básico em Pediatria, Ginecologia, Clínica Geral, Enfermagem e Odontologia. Principais serviços oferecidos: consultas médicas, inalações, injeções, curativos, vacinas, coleta de exames laboratoriais, tratamento odontológico, encaminhamentos par","cd_identificador_classe_equipamento":5,"nm_classe_equipamento":"UBS/POSTO DE SAÚDE/CENTRO DE SAÚDE","tx_classe_equipamento":"O PRIMEIRO CONTATO DO PACIENTE COM O SUS.","cd_identificador_esfera_administrativa_equipamento":1,"nm_esfera_administrativa_equipamento":"Municipal","tx_esfera_administrativa_equipamento":"Administração municipal","cd_equipamento":"125","nm_equipamento":"UBS DR. SÉRGIO CHADDAD","tx_endereco_equipamento":"AV. CARLOS OBERHUBER, 659","nm_bairro_equipamento":"VILA SÃO JOSE","cd_cep_equipamento":"04836-130","tx_horario_funcionamento":null,"tx_numero_telefone":"5928-9529","cd_equipamento_base_origem":null}},{"type":"Feature","id":"equipamento_saude_ubs_posto_centro_v2.120632","geometry":{"type":"Point","coordinates":[330102.426,7399100.573]},"geometry_name":"ge_ponto","properties":{"cd_identificador":120632,"cd_identificador_tema_equipamento":6,"nm_tema_equipamento":"SAUDE","cd_identificador_rede_equipamento":0,"nm_rede_equipamento":"SEM REDE","tx_rede_equipamento":"Sem descrição","cd_identificador_tipo_equipamento":45,"nm_tipo_equipamento":"Unidade Básica de Saúde","tx_tipo_equipamento":"Atendimento básico em Pediatria, Ginecologia, Clínica Geral, Enfermagem e Odontologia. Principais serviços oferecidos: consultas médicas, inalações, injeções, curativos, vacinas, coleta de exames laboratoriais, tratamento odontológico, encaminhamentos par","cd_identificador_classe_equipamento":5,"nm_classe_equipamento":"UBS/POSTO DE SAÚDE/CENTRO DE SAÚDE","tx_classe_equipamento":"O PRIMEIRO CONTATO DO PACIENTE COM O SUS.","cd_identificador_esfera_administrativa_equipamento":1,"nm_esfera_administrativa_equipamento":"Municipal","tx_esfera_administrativa_equipamento":"Administração municipal","cd_equipamento":"176","nm_equipamento":"UBS DR. WALTER ELIAS - CASA VERDE BAIXA","tx_endereco_equipamento":"R. MOURÃO VIEIRA, 11","nm_bairro_equipamento":"CASA VERDE","cd_cep_equipamento":"02518-020","tx_horario_funcionamento":null,"tx_numero_telefone":"3858-8626","cd_equipamento_base_origem":null}},{"type":"Feature","id":"equipamento_saude_ubs_posto_centro_v2.120633","geometry":{"type":"Point","coordinates":[330565.839,7402734.325]},"geometry_name":"ge_ponto","properties":{"cd_identificador":120633,"cd_identificador_tema_equipamento":6,"nm_tema_equipamento":"SAUDE","cd_identificador_rede_equipamento":0,"nm_rede_equipamento":"SEM REDE","tx_rede_equipamento":"Sem descrição","cd_identificador_tipo_equipamento":45,"nm_tipo_equipamento":"Unidade Básica de Saúde","tx_tipo_equipamento":"Atendimento básico em Pediatria, Ginecologia, Clínica Geral, Enfermagem e Odontologia. Principais serviços oferecidos: consultas médicas, inalações, injeções, curativos, vacinas, coleta de exames laboratoriais, tratamento odontológico, encaminhamentos par","cd_identificador_classe_equipamento":5,"nm_classe_equipamento":"UBS/POSTO DE SAÚDE/CENTRO DE SAÚDE","tx_classe_equipamento":"O PRIMEIRO CONTATO DO PACIENTE COM O SUS.","cd_identificador_esfera_administrativa_equipamento":1,"nm_esfera_administrativa_equipamento":"Municipal","tx_esfera_administrativa_equipamento":"Administração municipal","cd_equipamento":"164","nm_equipamento":"UBS DRA. ILZA WELTMAN HUTZLER","tx_endereco_equipamento":"R. CORONEL WALFRIDO DE CARVALHO, 14","nm_bairro_equipamento":"VILA ROQUE","cd_cep_equipamento":"02472-190","tx_horario_funcionamento":null,"tx_numero_telefone":"3981-3127","cd_equipamento_base_origem":null}},{"type":"Feature","id":"equipamento_saude_ubs_posto_centro_v2.120634","geometry":{"type":"Point","coordinates":[328785.36,7405463.701]},"geometry_name":"ge_ponto","properties":{"cd_identificador":120634,"cd_identificador_tema_equipamento":6,"nm_tema_equipamento":"SAUDE","cd_identificador_rede_equipamento":0,"nm_rede_equipamento":"SEM REDE","tx_rede_equipamento":"Sem descrição","cd_identificador_tipo_equipamento":45,"nm_tipo_equipamento":"Unidade Básica de Saúde","tx_tipo_equipamento":"Atendimento básico em Pediatria, Ginecologia, Clínica Geral, Enfermagem e Odontologia. Principais serviços oferecidos: consultas médicas, inalações, injeções, curativos, vacinas, coleta de exames laboratoriais, tratamento odontológico, encaminhamentos par","cd_identificador_classe_equipamento":5,"nm_classe_equipamento":"UBS/POSTO DE SAÚDE/CENTRO DE SAÚDE","tx_classe_equipamento":"O PRIMEIRO CONTATO DO PACIENTE COM O SUS.","cd_identificador_esfera_administrativa_equipamento":1,"nm_esfera_administrativa_equipamento":"Municipal","tx_esfera_administrativa_equipamento":"Administração municipal","cd_equipamento":"284","nm_equipamento":"UBS ELISA MARIA II - DR CAMILO CRISTOFARO MARTINS","tx_endereco_equipamento":"AV. GENERAL PENHA BRASIL, 2651","nm_bairro_equipamento":"JARDIM DOS FRANCOS","cd_cep_equipamento":"02673-000","tx_horario_funcionamento":null,"tx_numero_telefone":"3983-4298","cd_equipamento_base_origem":null}},{"type":"Feature","id":"equipamento_saude_ubs_posto_centro_v2.120868","geometry":{"type":"Point","coordinates":[345883.007,7387542.705]},"geometry_name":"ge_ponto","properties":{"cd_identificador":120868,"cd_identificador_tema_equipamento":6,"nm_tema_equipamento":"SAUDE","cd_identificador_rede_equipamento":0,"nm_rede_equipamento":"SEM REDE","tx_rede_equipamento":"Sem descrição","cd_identificador_tipo_equipamento":45,"nm_tipo_equipamento":"Unidade Básica de Saúde","tx_tipo_equipamento":"Atendimento básico em Pediatria, Ginecologia, Clínica Geral, Enfermagem e Odontologia. Principais serviços oferecidos: consultas médicas, inalações, injeções, curativos, vacinas, coleta de exames laboratoriais, tratamento odontológico, encaminhamentos par","cd_identificador_classe_equipamento":5,"nm_classe_equipamento":"UBS/POSTO DE SAÚDE/CENTRO DE SAÚDE","tx_classe_equipamento":"O PRIMEIRO CONTATO DO PACIENTE COM O SUS.","cd_identificador_esfera_administrativa_equipamento":1,"nm_esfera_administrativa_equipamento":"Municipal","tx_esfera_administrativa_equipamento":"Administração municipal","cd_equipamento":"914","nm_equipamento":"UBS SANTA MADALENA","tx_endereco_equipamento":"R. PALMEIRA BACABA, 36","nm_bairro_equipamento":"JARDIM ELBA","cd_cep_equipamento":"03980-050","tx_horario_funcionamento":null,"tx_numero_telefone":"2702-5919","cd_equipamento_base_origem":null}},{"type":"Feature","id":"equipamento_saude_ubs_posto_centro_v2.120635","geometry":{"type":"Point","coordinates":[359057.666,7400176.26]},"geometry_name":"ge_ponto","properties":{"cd_identificador":120635,"cd_identificador_tema_equipamento":6,"nm_tema_equipamento":"SAUDE","cd_identificador_rede_equipamento":0,"nm_rede_equipamento":"SEM REDE","tx_rede_equipamento":"Sem descrição","cd_identificador_tipo_equipamento":45,"nm_tipo_equipamento":"Unidade Básica de Saúde","tx_tipo_equipamento":"Atendimento básico em Pediatria, Ginecologia, Clínica Geral, Enfermagem e Odontologia. Principais serviços oferecidos: consultas médicas, inalações, injeções, curativos, vacinas, coleta de exames laboratoriais, tratamento odontológico, encaminhamentos par","cd_identificador_classe_equipamento":5,"nm_classe_equipamento":"UBS/POSTO DE SAÚDE/CENTRO DE SAÚDE","tx_classe_equipamento":"O PRIMEIRO CONTATO DO PACIENTE COM O SUS.","cd_identificador_esfera_administrativa_equipamento":1,"nm_esfera_administrativa_equipamento":"Municipal","tx_esfera_administrativa_equipamento":"Administração municipal","cd_equipamento":"380","nm_equipamento":"UBS ENCOSTA NORTE - LUIZ JOSE SANTOS","tx_endereco_equipamento":"R. RENATA AGONDI, 238","nm_bairro_equipamento":"ITAIM PAULISTA","cd_cep_equipamento":"08131-320","tx_horario_funcionamento":null,"tx_numero_telefone":"4780-5113 / 4780-2937","cd_equipamento_base_origem":null}},{"type":"Feature","id":"equipamento_saude_ubs_posto_centro_v2.120636","geometry":{"type":"Point","coordinates":[345081.544,7400275.725]},"geometry_name":"ge_ponto","properties":{"cd_identificador":120636,"cd_identificador_tema_equipamento":6,"nm_tema_equipamento":"SAUDE","cd_identificador_rede_equipamento":0,"nm_rede_equipamento":"SEM REDE","tx_rede_equipamento":"Sem descrição","cd_identificador_tipo_equipamento":45,"nm_tipo_equipamento":"Unidade Básica de Saúde","tx_tipo_equipamento":"Atendimento básico em Pediatria, Ginecologia, Clínica Geral, Enfermagem e Odontologia. Principais serviços oferecidos: consultas médicas, inalações, injeções, curativos, vacinas, coleta de exames laboratoriais, tratamento odontológico, encaminhamentos par","cd_identificador_classe_equipamento":5,"nm_classe_equipamento":"UBS/POSTO DE SAÚDE/CENTRO DE SAÚDE","tx_classe_equipamento":"O PRIMEIRO CONTATO DO PACIENTE COM O SUS.","cd_identificador_esfera_administrativa_equipamento":1,"nm_esfera_administrativa_equipamento":"Municipal","tx_esfera_administrativa_equipamento":"Administração municipal","cd_equipamento":"649","nm_equipamento":"UBS ENGENHEIRO GOULART - DR. JOSÉ PIRES","tx_endereco_equipamento":"R. AUGUSTO CORREIA LEITE, 538","nm_bairro_equipamento":"ENG. GOULART","cd_cep_equipamento":"03726-100","tx_horario_funcionamento":null,"tx_numero_telefone":"2621-7402","cd_equipamento_base_origem":null}},{"type":"Feature","id":"equipamento_saude_ubs_posto_centro_v2.120637","geometry":{"type":"Point","coordinates":[341671.337,7399051.765]},"geometry_name":"ge_ponto","properties":{"cd_identificador":120637,"cd_identificador_tema_equipamento":6,"nm_tema_equipamento":"SAUDE","cd_identificador_rede_equipamento":0,"nm_rede_equipamento":"SEM REDE","tx_rede_equipamento":"Sem descrição","cd_identificador_tipo_equipamento":45,"nm_tipo_equipamento":"Unidade Básica de Saúde","tx_tipo_equipamento":"Atendimento básico em Pediatria, Ginecologia, Clínica Geral, Enfermagem e Odontologia. Principais serviços oferecidos: consultas médicas, inalações, injeções, curativos, vacinas, coleta de exames laboratoriais, tratamento odontológico, encaminhamentos par","cd_identificador_classe_equipamento":5,"nm_classe_equipamento":"UBS/POSTO DE SAÚDE/CENTRO DE SAÚDE","tx_classe_equipamento":"O PRIMEIRO CONTATO DO PACIENTE COM O SUS.","cd_identificador_esfera_administrativa_equipamento":1,"nm_esfera_administrativa_equipamento":"Municipal","tx_esfera_administrativa_equipamento":"Administração municipal","cd_equipamento":"661","nm_equipamento":"UBS ENGENHEIRO TRINDADE","tx_endereco_equipamento":"AV. GABRIELA MISTRAL, 1168","nm_bairro_equipamento":"ENG. TRINDADE","cd_cep_equipamento":"03701-000","tx_horario_funcionamento":null,"tx_numero_telefone":"2641-6973","cd_equipamento_base_origem":null}},{"type":"Feature","id":"equipamento_saude_ubs_posto_centro_v2.120638","geometry":{"type":"Point","coordinates":[349219.874,7401574.571]},"geometry_name":"ge_ponto","properties":{"cd_identificador":120638,"cd_identificador_tema_equipamento":6,"nm_tema_equipamento":"SAUDE","cd_identificador_rede_equipamento":0,"nm_rede_equipamento":"SEM REDE","tx_rede_equipamento":"Sem descrição","cd_identificador_tipo_equipamento":45,"nm_tipo_equipamento":"Unidade Básica de Saúde","tx_tipo_equipamento":"Atendimento básico em Pediatria, Ginecologia, Clínica Geral, Enfermagem e Odontologia. Principais serviços oferecidos: consultas médicas, inalações, injeções, curativos, vacinas, coleta de exames laboratoriais, tratamento odontológico, encaminhamentos par","cd_identificador_classe_equipamento":5,"nm_classe_equipamento":"UBS/POSTO DE SAÚDE/CENTRO DE SAÚDE","tx_classe_equipamento":"O PRIMEIRO CONTATO DO PACIENTE COM O SUS.","cd_identificador_esfera_administrativa_equipamento":1,"nm_esfera_administrativa_equipamento":"Municipal","tx_esfera_administrativa_equipamento":"Administração municipal","cd_equipamento":"243","nm_equipamento":"UBS ERMELINO MATARAZZO","tx_endereco_equipamento":"R. ANTONIO DE FREITAS TOLEDO, 185","nm_bairro_equipamento":"ERMELINO MATARAZZO","cd_cep_equipamento":"03809-060","tx_horario_funcionamento":null,"tx_numero_telefone":"2544-0051 / 2545-8235","cd_equipamento_base_origem":null}},{"type":"Feature","id":"equipamento_saude_ubs_posto_centro_v2.120639","geometry":{"type":"Point","coordinates":[347687.311,7386651.21]},"geometry_name":"ge_ponto","properties":{"cd_identificador":120639,"cd_identificador_tema_equipamento":6,"nm_tema_equipamento":"SAUDE","cd_identificador_rede_equipamento":0,"nm_rede_equipamento":"SEM REDE","tx_rede_equipamento":"Sem descrição","cd_identificador_tipo_equipamento":45,"nm_tipo_equipamento":"Unidade Básica de Saúde","tx_tipo_equipamento":"Atendimento básico em Pediatria, Ginecologia, Clínica Geral, Enfermagem e Odontologia. Principais serviços oferecidos: consultas médicas, inalações, injeções, curativos, vacinas, coleta de exames laboratoriais, tratamento odontológico, encaminhamentos par","cd_identificador_classe_equipamento":5,"nm_classe_equipamento":"UBS/POSTO DE SAÚDE/CENTRO DE SAÚDE","tx_classe_equipamento":"O PRIMEIRO CONTATO DO PACIENTE COM O SUS.","cd_identificador_esfera_administrativa_equipamento":1,"nm_esfera_administrativa_equipamento":"Municipal","tx_esfera_administrativa_equipamento":"Administração municipal","cd_equipamento":"904","nm_equipamento":"UBS FAZENDA DA JUTA I","tx_endereco_equipamento":"TRAVESSA LEV LANDAU, 135","nm_bairro_equipamento":"FAZENDA DA JUTA","cd_cep_equipamento":"03977-740","tx_horario_funcionamento":null,"tx_numero_telefone":"2015-9509","cd_equipamento_base_origem":null}},{"type":"Feature","id":"equipamento_saude_ubs_posto_centro_v2.120640","geometry":{"type":"Point","coordinates":[348236.95,7386773.335]},"geometry_name":"ge_ponto","properties":{"cd_identificador":120640,"cd_identificador_tema_equipamento":6,"nm_tema_equipamento":"SAUDE","cd_identificador_rede_equipamento":0,"nm_rede_equipamento":"SEM REDE","tx_rede_equipamento":"Sem descrição","cd_identificador_tipo_equipamento":45,"nm_tipo_equipamento":"Unidade Básica de Saúde","tx_tipo_equipamento":"Atendimento básico em Pediatria, Ginecologia, Clínica Geral, Enfermagem e Odontologia. Principais serviços oferecidos: consultas médicas, inalações, injeções, curativos, vacinas, coleta de exames laboratoriais, tratamento odontológico, encaminhamentos par","cd_identificador_classe_equipamento":5,"nm_classe_equipamento":"UBS/POSTO DE SAÚDE/CENTRO DE SAÚDE","tx_classe_equipamento":"O PRIMEIRO CONTATO DO PACIENTE COM O SUS.","cd_identificador_esfera_administrativa_equipamento":1,"nm_esfera_administrativa_equipamento":"Municipal","tx_esfera_administrativa_equipamento":"Administração municipal","cd_equipamento":"903","nm_equipamento":"UBS FAZENDA DA JUTA II","tx_endereco_equipamento":"R. AUGUSTIN LUBERTI, 1102","nm_bairro_equipamento":"FAZENDA DA JUTA","cd_cep_equipamento":"03977-409","tx_horario_funcionamento":null,"tx_numero_telefone":"2015-3439","cd_equipamento_base_origem":null}},{"type":"Feature","id":"equipamento_saude_ubs_posto_centro_v2.120641","geometry":{"type":"Point","coordinates":[358007.141,7389595.083]},"geometry_name":"ge_ponto","properties":{"cd_identificador":120641,"cd_identificador_tema_equipamento":6,"nm_tema_equipamento":"SAUDE","cd_identificador_rede_equipamento":0,"nm_rede_equipamento":"SEM REDE","tx_rede_equipamento":"Sem descrição","cd_identificador_tipo_equipamento":45,"nm_tipo_equipamento":"Unidade Básica de Saúde","tx_tipo_equipamento":"Atendimento básico em Pediatria, Ginecologia, Clínica Geral, Enfermagem e Odontologia. Principais serviços oferecidos: consultas médicas, inalações, injeções, curativos, vacinas, coleta de exames laboratoriais, tratamento odontológico, encaminhamentos par","cd_identificador_classe_equipamento":5,"nm_classe_equipamento":"UBS/POSTO DE SAÚDE/CENTRO DE SAÚDE","tx_classe_equipamento":"O PRIMEIRO CONTATO DO PACIENTE COM O SUS.","cd_identificador_esfera_administrativa_equipamento":1,"nm_esfera_administrativa_equipamento":"Municipal","tx_esfera_administrativa_equipamento":"Administração municipal","cd_equipamento":"234","nm_equipamento":"UBS FERROVIÁRIOS","tx_endereco_equipamento":"R. GONÇALVES NINA, 58","nm_bairro_equipamento":"CIDADE TIRADENTES","cd_cep_equipamento":"08470-610","tx_horario_funcionamento":null,"tx_numero_telefone":"2558-6888","cd_equipamento_base_origem":null}},{"type":"Feature","id":"equipamento_saude_ubs_posto_centro_v2.120642","geometry":{"type":"Point","coordinates":[330091.511,7374433.316]},"geometry_name":"ge_ponto","properties":{"cd_identificador":120642,"cd_identificador_tema_equipamento":6,"nm_tema_equipamento":"SAUDE","cd_identificador_rede_equipamento":0,"nm_rede_equipamento":"SEM REDE","tx_rede_equipamento":"Sem descrição","cd_identificador_tipo_equipamento":45,"nm_tipo_equipamento":"Unidade Básica de Saúde","tx_tipo_equipamento":"Atendimento básico em Pediatria, Ginecologia, Clínica Geral, Enfermagem e Odontologia. Principais serviços oferecidos: consultas médicas, inalações, injeções, curativos, vacinas, coleta de exames laboratoriais, tratamento odontológico, encaminhamentos par","cd_identificador_classe_equipamento":5,"nm_classe_equipamento":"UBS/POSTO DE SAÚDE/CENTRO DE SAÚDE","tx_classe_equipamento":"O PRIMEIRO CONTATO DO PACIENTE COM O SUS.","cd_identificador_esfera_administrativa_equipamento":1,"nm_esfera_administrativa_equipamento":"Municipal","tx_esfera_administrativa_equipamento":"Administração municipal","cd_equipamento":"150","nm_equipamento":"UBS GAIVOTAS","tx_endereco_equipamento":"PASSAGEM D, S/N","nm_bairro_equipamento":"JARDIM GAIVOTAS","cd_cep_equipamento":"04849-345","tx_horario_funcionamento":null,"tx_numero_telefone":"5932-6799","cd_equipamento_base_origem":null}},{"type":"Feature","id":"equipamento_saude_ubs_posto_centro_v2.120643","geometry":{"type":"Point","coordinates":[352151.541,7391068.989]},"geometry_name":"ge_ponto","properties":{"cd_identificador":120643,"cd_identificador_tema_equipamento":6,"nm_tema_equipamento":"SAUDE","cd_identificador_rede_equipamento":0,"nm_rede_equipamento":"SEM REDE","tx_rede_equipamento":"Sem descrição","cd_identificador_tipo_equipamento":45,"nm_tipo_equipamento":"Unidade Básica de Saúde","tx_tipo_equipamento":"Atendimento básico em Pediatria, Ginecologia, Clínica Geral, Enfermagem e Odontologia. Principais serviços oferecidos: consultas médicas, inalações, injeções, curativos, vacinas, coleta de exames laboratoriais, tratamento odontológico, encaminhamentos par","cd_identificador_classe_equipamento":5,"nm_classe_equipamento":"UBS/POSTO DE SAÚDE/CENTRO DE SAÚDE","tx_classe_equipamento":"O PRIMEIRO CONTATO DO PACIENTE COM O SUS.","cd_identificador_esfera_administrativa_equipamento":1,"nm_esfera_administrativa_equipamento":"Municipal","tx_esfera_administrativa_equipamento":"Administração municipal","cd_equipamento":"450","nm_equipamento":"UBS GLEBA DO PÊSSEGO - VICENTE FIUZA DA COSTA","tx_endereco_equipamento":"R. CONFISSÃO, 786","nm_bairro_equipamento":"GLEBA DO PESSEGO","cd_cep_equipamento":"08265-230","tx_horario_funcionamento":null,"tx_numero_telefone":"2521-8924","cd_equipamento_base_origem":null}},{"type":"Feature","id":"equipamento_saude_ubs_posto_centro_v2.120644","geometry":{"type":"Point","coordinates":[357279.898,7388373.824]},"geometry_name":"ge_ponto","properties":{"cd_identificador":120644,"cd_identificador_tema_equipamento":6,"nm_tema_equipamento":"SAUDE","cd_identificador_rede_equipamento":0,"nm_rede_equipamento":"SEM REDE","tx_rede_equipamento":"Sem descrição","cd_identificador_tipo_equipamento":45,"nm_tipo_equipamento":"Unidade Básica de Saúde","tx_tipo_equipamento":"Atendimento básico em Pediatria, Ginecologia, Clínica Geral, Enfermagem e Odontologia. Principais serviços oferecidos: consultas médicas, inalações, injeções, curativos, vacinas, coleta de exames laboratoriais, tratamento odontológico, encaminhamentos par","cd_identificador_classe_equipamento":5,"nm_classe_equipamento":"UBS/POSTO DE SAÚDE/CENTRO DE SAÚDE","tx_classe_equipamento":"O PRIMEIRO CONTATO DO PACIENTE COM O SUS.","cd_identificador_esfera_administrativa_equipamento":1,"nm_esfera_administrativa_equipamento":"Municipal","tx_esfera_administrativa_equipamento":"Administração municipal","cd_equipamento":"226","nm_equipamento":"UBS GRÁFICOS","tx_endereco_equipamento":"R. FRANCISCO JOSE VIANA, 708","nm_bairro_equipamento":"CIDADE TIRADENTES","cd_cep_equipamento":"08471-530","tx_horario_funcionamento":null,"tx_numero_telefone":"2285-5685 / 4780-5065","cd_equipamento_base_origem":null}},{"type":"Feature","id":"equipamento_saude_ubs_posto_centro_v2.120645","geometry":{"type":"Point","coordinates":[355511.865,7395359.96]},"geometry_name":"ge_ponto","properties":{"cd_identificador":120645,"cd_identificador_tema_equipamento":6,"nm_tema_equipamento":"SAUDE","cd_identificador_rede_equipamento":0,"nm_rede_equipamento":"SEM REDE","tx_rede_equipamento":"Sem descrição","cd_identificador_tipo_equipamento":45,"nm_tipo_equipamento":"Unidade Básica de Saúde","tx_tipo_equipamento":"Atendimento básico em Pediatria, Ginecologia, Clínica Geral, Enfermagem e Odontologia. Principais serviços oferecidos: consultas médicas, inalações, injeções, curativos, vacinas, coleta de exames laboratoriais, tratamento odontológico, encaminhamentos par","cd_identificador_classe_equipamento":5,"nm_classe_equipamento":"UBS/POSTO DE SAÚDE/CENTRO DE SAÚDE","tx_classe_equipamento":"O PRIMEIRO CONTATO DO PACIENTE COM O SUS.","cd_identificador_esfera_administrativa_equipamento":1,"nm_esfera_administrativa_equipamento":"Municipal","tx_esfera_administrativa_equipamento":"Administração municipal","cd_equipamento":"315","nm_equipamento":"UBS GUAIANASES II","tx_endereco_equipamento":"R. COMANDANTE CARLOS RUHL, 189","nm_bairro_equipamento":"GUAIANASES","cd_cep_equipamento":"08410-120","tx_horario_funcionamento":null,"tx_numero_telefone":"2554-4064 / 4780-5095","cd_equipamento_base_origem":null}},{"type":"Feature","id":"equipamento_saude_ubs_posto_centro_v2.120646","geometry":{"type":"Point","coordinates":[356134.113,7395601.746]},"geometry_name":"ge_ponto","properties":{"cd_identificador":120646,"cd_identificador_tema_equipamento":6,"nm_tema_equipamento":"SAUDE","cd_identificador_rede_equipamento":0,"nm_rede_equipamento":"SEM REDE","tx_rede_equipamento":"Sem descrição","cd_identificador_tipo_equipamento":45,"nm_tipo_equipamento":"Unidade Básica de Saúde","tx_tipo_equipamento":"Atendimento básico em Pediatria, Ginecologia, Clínica Geral, Enfermagem e Odontologia. Principais serviços oferecidos: consultas médicas, inalações, injeções, curativos, vacinas, coleta de exames laboratoriais, tratamento odontológico, encaminhamentos par","cd_identificador_classe_equipamento":5,"nm_classe_equipamento":"UBS/POSTO DE SAÚDE/CENTRO DE SAÚDE","tx_classe_equipamento":"O PRIMEIRO CONTATO DO PACIENTE COM O SUS.","cd_identificador_esfera_administrativa_equipamento":1,"nm_esfera_administrativa_equipamento":"Municipal","tx_esfera_administrativa_equipamento":"Administração municipal","cd_equipamento":"332","nm_equipamento":"UBS GUAIANAZES","tx_endereco_equipamento":"R. PROFESSOR COSME DEODATO TADEU, 90","nm_bairro_equipamento":"GUAIANASES","cd_cep_equipamento":"08450-380","tx_horario_funcionamento":null,"tx_numero_telefone":"2557-8177","cd_equipamento_base_origem":null}},{"type":"Feature","id":"equipamento_saude_ubs_posto_centro_v2.120647","geometry":{"type":"Point","coordinates":[333048.88,7385366.256]},"geometry_name":"ge_ponto","properties":{"cd_identificador":120647,"cd_identificador_tema_equipamento":6,"nm_tema_equipamento":"SAUDE","cd_identificador_rede_equipamento":0,"nm_rede_equipamento":"SEM REDE","tx_rede_equipamento":"Sem descrição","cd_identificador_tipo_equipamento":45,"nm_tipo_equipamento":"Unidade Básica de Saúde","tx_tipo_equipamento":"Atendimento básico em Pediatria, Ginecologia, Clínica Geral, Enfermagem e Odontologia. Principais serviços oferecidos: consultas médicas, inalações, injeções, curativos, vacinas, coleta de exames laboratoriais, tratamento odontológico, encaminhamentos par","cd_identificador_classe_equipamento":5,"nm_classe_equipamento":"UBS/POSTO DE SAÚDE/CENTRO DE SAÚDE","tx_classe_equipamento":"O PRIMEIRO CONTATO DO PACIENTE COM O SUS.","cd_identificador_esfera_administrativa_equipamento":1,"nm_esfera_administrativa_equipamento":"Municipal","tx_esfera_administrativa_equipamento":"Administração municipal","cd_equipamento":"458","nm_equipamento":"UBS GUARANI VARGAS - ARNALDO FARIA DE SÁ","tx_endereco_equipamento":"AV. DIEDERICHSEN, 1338","nm_bairro_equipamento":"CIDADE VARGAS","cd_cep_equipamento":"04310-000","tx_horario_funcionamento":null,"tx_numero_telefone":"3469-8899","cd_equipamento_base_origem":null}},{"type":"Feature","id":"equipamento_saude_ubs_posto_centro_v2.120648","geometry":{"type":"Point","coordinates":[338558.1,7387953.442]},"geometry_name":"ge_ponto","properties":{"cd_identificador":120648,"cd_identificador_tema_equipamento":6,"nm_tema_equipamento":"SAUDE","cd_identificador_rede_equipamento":0,"nm_rede_equipamento":"SEM REDE","tx_rede_equipamento":"Sem descrição","cd_identificador_tipo_equipamento":45,"nm_tipo_equipamento":"Unidade Básica de Saúde","tx_tipo_equipamento":"Atendimento básico em Pediatria, Ginecologia, Clínica Geral, Enfermagem e Odontologia. Principais serviços oferecidos: consultas médicas, inalações, injeções, curativos, vacinas, coleta de exames laboratoriais, tratamento odontológico, encaminhamentos par","cd_identificador_classe_equipamento":5,"nm_classe_equipamento":"UBS/POSTO DE SAÚDE/CENTRO DE SAÚDE","tx_classe_equipamento":"O PRIMEIRO CONTATO DO PACIENTE COM O SUS.","cd_identificador_esfera_administrativa_equipamento":1,"nm_esfera_administrativa_equipamento":"Municipal","tx_esfera_administrativa_equipamento":"Administração municipal","cd_equipamento":"347","nm_equipamento":"UBS HELIOPOLIS","tx_endereco_equipamento":"AV. ALMIRANTE DELAMARE, 3033","nm_bairro_equipamento":"CIDADE NOVA HELIOPOLIS","cd_cep_equipamento":"04230-040","tx_horario_funcionamento":null,"tx_numero_telefone":"2063-0855","cd_equipamento_base_origem":null}},{"type":"Feature","id":"equipamento_saude_ubs_posto_centro_v2.120649","geometry":{"type":"Point","coordinates":[318665.786,7372719.49]},"geometry_name":"ge_ponto","properties":{"cd_identificador":120649,"cd_identificador_tema_equipamento":6,"nm_tema_equipamento":"SAUDE","cd_identificador_rede_equipamento":0,"nm_rede_equipamento":"SEM REDE","tx_rede_equipamento":"Sem descrição","cd_identificador_tipo_equipamento":45,"nm_tipo_equipamento":"Unidade Básica de Saúde","tx_tipo_equipamento":"Atendimento básico em Pediatria, Ginecologia, Clínica Geral, Enfermagem e Odontologia. Principais serviços oferecidos: consultas médicas, inalações, injeções, curativos, vacinas, coleta de exames laboratoriais, tratamento odontológico, encaminhamentos par","cd_identificador_classe_equipamento":5,"nm_classe_equipamento":"UBS/POSTO DE SAÚDE/CENTRO DE SAÚDE","tx_classe_equipamento":"O PRIMEIRO CONTATO DO PACIENTE COM O SUS.","cd_identificador_esfera_administrativa_equipamento":1,"nm_esfera_administrativa_equipamento":"Municipal","tx_esfera_administrativa_equipamento":"Administração municipal","cd_equipamento":"525","nm_equipamento":"UBS HORIZONTE AZUL","tx_endereco_equipamento":"R. ALBERGATI CAPACELLI, 2200","nm_bairro_equipamento":"HORIZONTE AZUL","cd_cep_equipamento":"04963-000","tx_horario_funcionamento":null,"tx_numero_telefone":"5517-1941","cd_equipamento_base_origem":null}},{"type":"Feature","id":"equipamento_saude_ubs_posto_centro_v2.120650","geometry":{"type":"Point","coordinates":[333540.421,7404413.003]},"geometry_name":"ge_ponto","properties":{"cd_identificador":120650,"cd_identificador_tema_equipamento":6,"nm_tema_equipamento":"SAUDE","cd_identificador_rede_equipamento":0,"nm_rede_equipamento":"SEM REDE","tx_rede_equipamento":"Sem descrição","cd_identificador_tipo_equipamento":45,"nm_tipo_equipamento":"Unidade Básica de Saúde","tx_tipo_equipamento":"Atendimento básico em Pediatria, Ginecologia, Clínica Geral, Enfermagem e Odontologia. Principais serviços oferecidos: consultas médicas, inalações, injeções, curativos, vacinas, coleta de exames laboratoriais, tratamento odontológico, encaminhamentos par","cd_identificador_classe_equipamento":5,"nm_classe_equipamento":"UBS/POSTO DE SAÚDE/CENTRO DE SAÚDE","tx_classe_equipamento":"O PRIMEIRO CONTATO DO PACIENTE COM O SUS.","cd_identificador_esfera_administrativa_equipamento":1,"nm_esfera_administrativa_equipamento":"Municipal","tx_esfera_administrativa_equipamento":"Administração municipal","cd_equipamento":"769","nm_equipamento":"UBS HORTO FLORESTAL","tx_endereco_equipamento":"R. LUIS CARLOS GENTILE DE LAET X R. DO HORTO, 603","nm_bairro_equipamento":"HORTO FLORESTAL","cd_cep_equipamento":"02378-000","tx_horario_funcionamento":null,"tx_numero_telefone":"2994-5688","cd_equipamento_base_origem":null}},{"type":"Feature","id":"equipamento_saude_ubs_posto_centro_v2.120651","geometry":{"type":"Point","coordinates":[332414.081,7393833.743]},"geometry_name":"ge_ponto","properties":{"cd_identificador":120651,"cd_identificador_tema_equipamento":6,"nm_tema_equipamento":"SAUDE","cd_identificador_rede_equipamento":0,"nm_rede_equipamento":"SEM REDE","tx_rede_equipamento":"Sem descrição","cd_identificador_tipo_equipamento":45,"nm_tipo_equipamento":"Unidade Básica de Saúde","tx_tipo_equipamento":"Atendimento básico em Pediatria, Ginecologia, Clínica Geral, Enfermagem e Odontologia. Principais serviços oferecidos: consultas médicas, inalações, injeções, curativos, vacinas, coleta de exames laboratoriais, tratamento odontológico, encaminhamentos par","cd_identificador_classe_equipamento":5,"nm_classe_equipamento":"UBS/POSTO DE SAÚDE/CENTRO DE SAÚDE","tx_classe_equipamento":"O PRIMEIRO CONTATO DO PACIENTE COM O SUS.","cd_identificador_esfera_administrativa_equipamento":1,"nm_esfera_administrativa_equipamento":"Municipal","tx_esfera_administrativa_equipamento":"Administração municipal","cd_equipamento":"925","nm_equipamento":"UBS HUMAITÁ - DR. JOÃO DE AZEVEDO LAGE","tx_endereco_equipamento":"R. HUMAITÁ, 520","nm_bairro_equipamento":"BELA VISTA","cd_cep_equipamento":"01321-010","tx_horario_funcionamento":null,"tx_numero_telefone":"4210-5615 / 3101-3503","cd_equipamento_base_origem":null}},{"type":"Feature","id":"equipamento_saude_ubs_posto_centro_v2.120652","geometry":{"type":"Point","coordinates":[345961.383,7388083.646]},"geometry_name":"ge_ponto","properties":{"cd_identificador":120652,"cd_identificador_tema_equipamento":6,"nm_tema_equipamento":"SAUDE","cd_identificador_rede_equipamento":0,"nm_rede_equipamento":"SEM REDE","tx_rede_equipamento":"Sem descrição","cd_identificador_tipo_equipamento":45,"nm_tipo_equipamento":"Unidade Básica de Saúde","tx_tipo_equipamento":"Atendimento básico em Pediatria, Ginecologia, Clínica Geral, Enfermagem e Odontologia. Principais serviços oferecidos: consultas médicas, inalações, injeções, curativos, vacinas, coleta de exames laboratoriais, tratamento odontológico, encaminhamentos par","cd_identificador_classe_equipamento":5,"nm_classe_equipamento":"UBS/POSTO DE SAÚDE/CENTRO DE SAÚDE","tx_classe_equipamento":"O PRIMEIRO CONTATO DO PACIENTE COM O SUS.","cd_identificador_esfera_administrativa_equipamento":1,"nm_esfera_administrativa_equipamento":"Municipal","tx_esfera_administrativa_equipamento":"Administração municipal","cd_equipamento":"915","nm_equipamento":"UBS IAÇAPE - JARDIM PLANALTO","tx_endereco_equipamento":"R. IAÇAPÉ, 302","nm_bairro_equipamento":"PARQUE SANTA MADALENA","cd_cep_equipamento":"03983-090","tx_horario_funcionamento":null,"tx_numero_telefone":"2703-1198","cd_equipamento_base_origem":null}},{"type":"Feature","id":"equipamento_saude_ubs_posto_centro_v2.120653","geometry":{"type":"Point","coordinates":[344634.533,7387794.703]},"geometry_name":"ge_ponto","properties":{"cd_identificador":120653,"cd_identificador_tema_equipamento":6,"nm_tema_equipamento":"SAUDE","cd_identificador_rede_equipamento":0,"nm_rede_equipamento":"SEM REDE","tx_rede_equipamento":"Sem descrição","cd_identificador_tipo_equipamento":45,"nm_tipo_equipamento":"Unidade Básica de Saúde","tx_tipo_equipamento":"Atendimento básico em Pediatria, Ginecologia, Clínica Geral, Enfermagem e Odontologia. Principais serviços oferecidos: consultas médicas, inalações, injeções, curativos, vacinas, coleta de exames laboratoriais, tratamento odontológico, encaminhamentos par","cd_identificador_classe_equipamento":5,"nm_classe_equipamento":"UBS/POSTO DE SAÚDE/CENTRO DE SAÚDE","tx_classe_equipamento":"O PRIMEIRO CONTATO DO PACIENTE COM O SUS.","cd_identificador_esfera_administrativa_equipamento":1,"nm_esfera_administrativa_equipamento":"Municipal","tx_esfera_administrativa_equipamento":"Administração municipal","cd_equipamento":"911","nm_equipamento":"UBS IGUAÇU - MARIA JOSE MARIANO DA SILVA","tx_endereco_equipamento":"AV. DO ORATÓRIO, 6557","nm_bairro_equipamento":"VL INDUSTRIAL","cd_cep_equipamento":"03221-300","tx_horario_funcionamento":null,"tx_numero_telefone":"2701-7213","cd_equipamento_base_origem":null}},{"type":"Feature","id":"equipamento_saude_ubs_posto_centro_v2.120654","geometry":{"type":"Point","coordinates":[357971.813,7391969.245]},"geometry_name":"ge_ponto","properties":{"cd_identificador":120654,"cd_identificador_tema_equipamento":6,"nm_tema_equipamento":"SAUDE","cd_identificador_rede_equipamento":0,"nm_rede_equipamento":"SEM REDE","tx_rede_equipamento":"Sem descrição","cd_identificador_tipo_equipamento":45,"nm_tipo_equipamento":"Unidade Básica de Saúde","tx_tipo_equipamento":"Atendimento básico em Pediatria, Ginecologia, Clínica Geral, Enfermagem e Odontologia. Principais serviços oferecidos: consultas médicas, inalações, injeções, curativos, vacinas, coleta de exames laboratoriais, tratamento odontológico, encaminhamentos par","cd_identificador_classe_equipamento":5,"nm_classe_equipamento":"UBS/POSTO DE SAÚDE/CENTRO DE SAÚDE","tx_classe_equipamento":"O PRIMEIRO CONTATO DO PACIENTE COM O SUS.","cd_identificador_esfera_administrativa_equipamento":1,"nm_esfera_administrativa_equipamento":"Municipal","tx_esfera_administrativa_equipamento":"Administração municipal","cd_equipamento":"227","nm_equipamento":"UBS INACIO MONTEIRO","tx_endereco_equipamento":"R. INÁCIO MONTEIRO, 3002","nm_bairro_equipamento":"CIDADE TIRADENTES","cd_cep_equipamento":"08490-000","tx_horario_funcionamento":null,"tx_numero_telefone":"2555-6455 / 4780-5066","cd_equipamento_base_origem":null}},{"type":"Feature","id":"equipamento_saude_ubs_posto_centro_v2.120655","geometry":{"type":"Point","coordinates":[330092.888,7387495.152]},"geometry_name":"ge_ponto","properties":{"cd_identificador":120655,"cd_identificador_tema_equipamento":6,"nm_tema_equipamento":"SAUDE","cd_identificador_rede_equipamento":0,"nm_rede_equipamento":"SEM REDE","tx_rede_equipamento":"Sem descrição","cd_identificador_tipo_equipamento":45,"nm_tipo_equipamento":"Unidade Básica de Saúde","tx_tipo_equipamento":"Atendimento básico em Pediatria, Ginecologia, Clínica Geral, Enfermagem e Odontologia. Principais serviços oferecidos: consultas médicas, inalações, injeções, curativos, vacinas, coleta de exames laboratoriais, tratamento odontológico, encaminhamentos par","cd_identificador_classe_equipamento":5,"nm_classe_equipamento":"UBS/POSTO DE SAÚDE/CENTRO DE SAÚDE","tx_classe_equipamento":"O PRIMEIRO CONTATO DO PACIENTE COM O SUS.","cd_identificador_esfera_administrativa_equipamento":1,"nm_esfera_administrativa_equipamento":"Municipal","tx_esfera_administrativa_equipamento":"Administração municipal","cd_equipamento":"1017","nm_equipamento":"UBS INDIANÓPOLIS - SIGMUND FREUD","tx_endereco_equipamento":"AV. DOS CARINÁS, 525","nm_bairro_equipamento":"MOEMA","cd_cep_equipamento":"04086-011","tx_horario_funcionamento":null,"tx_numero_telefone":"5054-2705","cd_equipamento_base_origem":null}},{"type":"Feature","id":"equipamento_saude_ubs_posto_centro_v2.120656","geometry":{"type":"Point","coordinates":[325348.675,7406002.85]},"geometry_name":"ge_ponto","properties":{"cd_identificador":120656,"cd_identificador_tema_equipamento":6,"nm_tema_equipamento":"SAUDE","cd_identificador_rede_equipamento":0,"nm_rede_equipamento":"SEM REDE","tx_rede_equipamento":"Sem descrição","cd_identificador_tipo_equipamento":45,"nm_tipo_equipamento":"Unidade Básica de Saúde","tx_tipo_equipamento":"Atendimento básico em Pediatria, Ginecologia, Clínica Geral, Enfermagem e Odontologia. Principais serviços oferecidos: consultas médicas, inalações, injeções, curativos, vacinas, coleta de exames laboratoriais, tratamento odontológico, encaminhamentos par","cd_identificador_classe_equipamento":5,"nm_classe_equipamento":"UBS/POSTO DE SAÚDE/CENTRO DE SAÚDE","tx_classe_equipamento":"O PRIMEIRO CONTATO DO PACIENTE COM O SUS.","cd_identificador_esfera_administrativa_equipamento":1,"nm_esfera_administrativa_equipamento":"Municipal","tx_esfera_administrativa_equipamento":"Administração municipal","cd_equipamento":"736","nm_equipamento":"UBS INTERATIVA","tx_endereco_equipamento":"R. INTERATIVA, 105","nm_bairro_equipamento":"VILA BRASILÂNDIA","cd_cep_equipamento":"02820-020","tx_horario_funcionamento":null,"tx_numero_telefone":"3973-7510","cd_equipamento_base_origem":null}},{"type":"Feature","id":"equipamento_saude_ubs_posto_centro_v2.120657","geometry":{"type":"Point","coordinates":[356982.016,7401034.225]},"geometry_name":"ge_ponto","properties":{"cd_identificador":120657,"cd_identificador_tema_equipamento":6,"nm_tema_equipamento":"SAUDE","cd_identificador_rede_equipamento":0,"nm_rede_equipamento":"SEM REDE","tx_rede_equipamento":"Sem descrição","cd_identificador_tipo_equipamento":45,"nm_tipo_equipamento":"Unidade Básica de Saúde","tx_tipo_equipamento":"Atendimento básico em Pediatria, Ginecologia, Clínica Geral, Enfermagem e Odontologia. Principais serviços oferecidos: consultas médicas, inalações, injeções, curativos, vacinas, coleta de exames laboratoriais, tratamento odontológico, encaminhamentos par","cd_identificador_classe_equipamento":5,"nm_classe_equipamento":"UBS/POSTO DE SAÚDE/CENTRO DE SAÚDE","tx_classe_equipamento":"O PRIMEIRO CONTATO DO PACIENTE COM O SUS.","cd_identificador_esfera_administrativa_equipamento":1,"nm_esfera_administrativa_equipamento":"Municipal","tx_esfera_administrativa_equipamento":"Administração municipal","cd_equipamento":"383","nm_equipamento":"UBS ITAIM PAULISTA - DR. JÚLIO DE GOUVEIA","tx_endereco_equipamento":"PRAÇA MAJOR JOSE LEVY SOBRINHO, 139","nm_bairro_equipamento":"ITAIM PAULISTA","cd_cep_equipamento":"08110-460","tx_horario_funcionamento":null,"tx_numero_telefone":"2561-9443","cd_equipamento_base_origem":null}},{"type":"Feature","id":"equipamento_saude_ubs_posto_centro_v2.120658","geometry":{"type":"Point","coordinates":[351437.029,7396006.883]},"geometry_name":"ge_ponto","properties":{"cd_identificador":120658,"cd_identificador_tema_equipamento":6,"nm_tema_equipamento":"SAUDE","cd_identificador_rede_equipamento":0,"nm_rede_equipamento":"SEM REDE","tx_rede_equipamento":"Sem descrição","cd_identificador_tipo_equipamento":45,"nm_tipo_equipamento":"Unidade Básica de Saúde","tx_tipo_equipamento":"Atendimento básico em Pediatria, Ginecologia, Clínica Geral, Enfermagem e Odontologia. Principais serviços oferecidos: consultas médicas, inalações, injeções, curativos, vacinas, coleta de exames laboratoriais, tratamento odontológico, encaminhamentos par","cd_identificador_classe_equipamento":5,"nm_classe_equipamento":"UBS/POSTO DE SAÚDE/CENTRO DE SAÚDE","tx_classe_equipamento":"O PRIMEIRO CONTATO DO PACIENTE COM O SUS.","cd_identificador_esfera_administrativa_equipamento":1,"nm_esfera_administrativa_equipamento":"Municipal","tx_esfera_administrativa_equipamento":"Administração municipal","cd_equipamento":"425","nm_equipamento":"UBS ITAQUERA","tx_endereco_equipamento":"R. AMÉRICO SALVADOR NOVELLI, 265","nm_bairro_equipamento":"ITAQUERA","cd_cep_equipamento":"08210-090","tx_horario_funcionamento":null,"tx_numero_telefone":"2286-0015","cd_equipamento_base_origem":null}},{"type":"Feature","id":"equipamento_saude_ubs_posto_centro_v2.120659","geometry":{"type":"Point","coordinates":[338324.455,7402915.048]},"geometry_name":"ge_ponto","properties":{"cd_identificador":120659,"cd_identificador_tema_equipamento":6,"nm_tema_equipamento":"SAUDE","cd_identificador_rede_equipamento":0,"nm_rede_equipamento":"SEM REDE","tx_rede_equipamento":"Sem descrição","cd_identificador_tipo_equipamento":45,"nm_tipo_equipamento":"Unidade Básica de Saúde","tx_tipo_equipamento":"Atendimento básico em Pediatria, Ginecologia, Clínica Geral, Enfermagem e Odontologia. Principais serviços oferecidos: consultas médicas, inalações, injeções, curativos, vacinas, coleta de exames laboratoriais, tratamento odontológico, encaminhamentos par","cd_identificador_classe_equipamento":5,"nm_classe_equipamento":"UBS/POSTO DE SAÚDE/CENTRO DE SAÚDE","tx_classe_equipamento":"O PRIMEIRO CONTATO DO PACIENTE COM O SUS.","cd_identificador_esfera_administrativa_equipamento":1,"nm_esfera_administrativa_equipamento":"Municipal","tx_esfera_administrativa_equipamento":"Administração municipal","cd_equipamento":"476","nm_equipamento":"UBS JAÇANÃ - DR. SEBASTIÃO GABRIEL SAYAGO DE LAET","tx_endereco_equipamento":"R. SÃO GERALDINO, 222","nm_bairro_equipamento":"VILA CONSTÂNÇA","cd_cep_equipamento":"02258-220","tx_horario_funcionamento":null,"tx_numero_telefone":"2240-0065","cd_equipamento_base_origem":null}},{"type":"Feature","id":"equipamento_saude_ubs_posto_centro_v2.120660","geometry":{"type":"Point","coordinates":[355999.116,7399895.169]},"geometry_name":"ge_ponto","properties":{"cd_identificador":120660,"cd_identificador_tema_equipamento":6,"nm_tema_equipamento":"SAUDE","cd_identificador_rede_equipamento":0,"nm_rede_equipamento":"SEM REDE","tx_rede_equipamento":"Sem descrição","cd_identificador_tipo_equipamento":45,"nm_tipo_equipamento":"Unidade Básica de Saúde","tx_tipo_equipamento":"Atendimento básico em Pediatria, Ginecologia, Clínica Geral, Enfermagem e Odontologia. Principais serviços oferecidos: consultas médicas, inalações, injeções, curativos, vacinas, coleta de exames laboratoriais, tratamento odontológico, encaminhamentos par","cd_identificador_classe_equipamento":5,"nm_classe_equipamento":"UBS/POSTO DE SAÚDE/CENTRO DE SAÚDE","tx_classe_equipamento":"O PRIMEIRO CONTATO DO PACIENTE COM O SUS.","cd_identificador_esfera_administrativa_equipamento":1,"nm_esfera_administrativa_equipamento":"Municipal","tx_esfera_administrativa_equipamento":"Administração municipal","cd_equipamento":"404","nm_equipamento":"UBS JARAGUÁ","tx_endereco_equipamento":"R. DOMINGUES VIDIGAL, 97","nm_bairro_equipamento":"VILA CURUÇÁ","cd_cep_equipamento":"08160-350","tx_horario_funcionamento":null,"tx_numero_telefone":"2963-9276","cd_equipamento_base_origem":null}},{"type":"Feature","id":"equipamento_saude_ubs_posto_centro_v2.120661","geometry":{"type":"Point","coordinates":[329638.073,7385594.312]},"geometry_name":"ge_ponto","properties":{"cd_identificador":120661,"cd_identificador_tema_equipamento":6,"nm_tema_equipamento":"SAUDE","cd_identificador_rede_equipamento":0,"nm_rede_equipamento":"SEM REDE","tx_rede_equipamento":"Sem descrição","cd_identificador_tipo_equipamento":45,"nm_tipo_equipamento":"Unidade Básica de Saúde","tx_tipo_equipamento":"Atendimento básico em Pediatria, Ginecologia, Clínica Geral, Enfermagem e Odontologia. Principais serviços oferecidos: consultas médicas, inalações, injeções, curativos, vacinas, coleta de exames laboratoriais, tratamento odontológico, encaminhamentos par","cd_identificador_classe_equipamento":5,"nm_classe_equipamento":"UBS/POSTO DE SAÚDE/CENTRO DE SAÚDE","tx_classe_equipamento":"O PRIMEIRO CONTATO DO PACIENTE COM O SUS.","cd_identificador_esfera_administrativa_equipamento":1,"nm_esfera_administrativa_equipamento":"Municipal","tx_esfera_administrativa_equipamento":"Administração municipal","cd_equipamento":"800","nm_equipamento":"UBS JARDIM AEROPORTO - DR. MASSAKI UDIHARA","tx_endereco_equipamento":"R. VIAZA, 45","nm_bairro_equipamento":"JARDIM AEROPORTO","cd_cep_equipamento":"04633-050","tx_horario_funcionamento":null,"tx_numero_telefone":"5542-9672","cd_equipamento_base_origem":null}},{"type":"Feature","id":"equipamento_saude_ubs_posto_centro_v2.120662","geometry":{"type":"Point","coordinates":[330736.32,7405182.004]},"geometry_name":"ge_ponto","properties":{"cd_identificador":120662,"cd_identificador_tema_equipamento":6,"nm_tema_equipamento":"SAUDE","cd_identificador_rede_equipamento":0,"nm_rede_equipamento":"SEM REDE","tx_rede_equipamento":"Sem descrição","cd_identificador_tipo_equipamento":45,"nm_tipo_equipamento":"Unidade Básica de Saúde","tx_tipo_equipamento":"Atendimento básico em Pediatria, Ginecologia, Clínica Geral, Enfermagem e Odontologia. Principais serviços oferecidos: consultas médicas, inalações, injeções, curativos, vacinas, coleta de exames laboratoriais, tratamento odontológico, encaminhamentos par","cd_identificador_classe_equipamento":5,"nm_classe_equipamento":"UBS/POSTO DE SAÚDE/CENTRO DE SAÚDE","tx_classe_equipamento":"O PRIMEIRO CONTATO DO PACIENTE COM O SUS.","cd_identificador_esfera_administrativa_equipamento":1,"nm_esfera_administrativa_equipamento":"Municipal","tx_esfera_administrativa_equipamento":"Administração municipal","cd_equipamento":"168","nm_equipamento":"UBS JARDIM ANTARTICA","tx_endereco_equipamento":"R. SOLAR, 400","nm_bairro_equipamento":"JARDIM PERI","cd_cep_equipamento":"02652-160","tx_horario_funcionamento":null,"tx_numero_telefone":null,"cd_equipamento_base_origem":null}},{"type":"Feature","id":"equipamento_saude_ubs_posto_centro_v2.120663","geometry":{"type":"Point","coordinates":[338030.038,7405482.063]},"geometry_name":"ge_ponto","properties":{"cd_identificador":120663,"cd_identificador_tema_equipamento":6,"nm_tema_equipamento":"SAUDE","cd_identificador_rede_equipamento":0,"nm_rede_equipamento":"SEM REDE","tx_rede_equipamento":"Sem descrição","cd_identificador_tipo_equipamento":45,"nm_tipo_equipamento":"Unidade Básica de Saúde","tx_tipo_equipamento":"Atendimento básico em Pediatria, Ginecologia, Clínica Geral, Enfermagem e Odontologia. Principais serviços oferecidos: consultas médicas, inalações, injeções, curativos, vacinas, coleta de exames laboratoriais, tratamento odontológico, encaminhamentos par","cd_identificador_classe_equipamento":5,"nm_classe_equipamento":"UBS/POSTO DE SAÚDE/CENTRO DE SAÚDE","tx_classe_equipamento":"O PRIMEIRO CONTATO DO PACIENTE COM O SUS.","cd_identificador_esfera_administrativa_equipamento":1,"nm_esfera_administrativa_equipamento":"Municipal","tx_esfera_administrativa_equipamento":"Administração municipal","cd_equipamento":"492","nm_equipamento":"UBS JARDIM APUANÃ - JOÃO KOCH","tx_endereco_equipamento":"R. HUM (REF.:R.FILHOS DA TERRA), 19","nm_bairro_equipamento":"JARDIM APUANA","cd_cep_equipamento":"02325-530","tx_horario_funcionamento":null,"tx_numero_telefone":"2240-5277","cd_equipamento_base_origem":null}},{"type":"Feature","id":"equipamento_saude_ubs_posto_centro_v2.120664","geometry":{"type":"Point","coordinates":[331473.223,7376821.61]},"geometry_name":"ge_ponto","properties":{"cd_identificador":120664,"cd_identificador_tema_equipamento":6,"nm_tema_equipamento":"SAUDE","cd_identificador_rede_equipamento":0,"nm_rede_equipamento":"SEM REDE","tx_rede_equipamento":"Sem descrição","cd_identificador_tipo_equipamento":45,"nm_tipo_equipamento":"Unidade Básica de Saúde","tx_tipo_equipamento":"Atendimento básico em Pediatria, Ginecologia, Clínica Geral, Enfermagem e Odontologia. Principais serviços oferecidos: consultas médicas, inalações, injeções, curativos, vacinas, coleta de exames laboratoriais, tratamento odontológico, encaminhamentos par","cd_identificador_classe_equipamento":5,"nm_classe_equipamento":"UBS/POSTO DE SAÚDE/CENTRO DE SAÚDE","tx_classe_equipamento":"O PRIMEIRO CONTATO DO PACIENTE COM O SUS.","cd_identificador_esfera_administrativa_equipamento":1,"nm_esfera_administrativa_equipamento":"Municipal","tx_esfera_administrativa_equipamento":"Administração municipal","cd_equipamento":"213","nm_equipamento":"UBS JARDIM APURÁ","tx_endereco_equipamento":"R. DR DARI BARCELOS, 37","nm_bairro_equipamento":"JARDIM APURA","cd_cep_equipamento":"04470-170","tx_horario_funcionamento":null,"tx_numero_telefone":"5673-0001","cd_equipamento_base_origem":null}},{"type":"Feature","id":"equipamento_saude_ubs_posto_centro_v2.120665","geometry":{"type":"Point","coordinates":[319763.211,7375678.366]},"geometry_name":"ge_ponto","properties":{"cd_identificador":120665,"cd_identificador_tema_equipamento":6,"nm_tema_equipamento":"SAUDE","cd_identificador_rede_equipamento":0,"nm_rede_equipamento":"SEM REDE","tx_rede_equipamento":"Sem descrição","cd_identificador_tipo_equipamento":45,"nm_tipo_equipamento":"Unidade Básica de Saúde","tx_tipo_equipamento":"Atendimento básico em Pediatria, Ginecologia, Clínica Geral, Enfermagem e Odontologia. Principais serviços oferecidos: consultas médicas, inalações, injeções, curativos, vacinas, coleta de exames laboratoriais, tratamento odontológico, encaminhamentos par","cd_identificador_classe_equipamento":5,"nm_classe_equipamento":"UBS/POSTO DE SAÚDE/CENTRO DE SAÚDE","tx_classe_equipamento":"O PRIMEIRO CONTATO DO PACIENTE COM O SUS.","cd_identificador_esfera_administrativa_equipamento":1,"nm_esfera_administrativa_equipamento":"Municipal","tx_esfera_administrativa_equipamento":"Administração municipal","cd_equipamento":"537","nm_equipamento":"UBS JARDIM ARACATI","tx_endereco_equipamento":"R. FANCISCO HOMEM DEL REI, 87","nm_bairro_equipamento":"JD ARACATI","cd_cep_equipamento":"04949-070","tx_horario_funcionamento":null,"tx_numero_telefone":"5898-5700","cd_equipamento_base_origem":null}},{"type":"Feature","id":"equipamento_saude_ubs_posto_centro_v2.120666","geometry":{"type":"Point","coordinates":[355289.726,7396380.241]},"geometry_name":"ge_ponto","properties":{"cd_identificador":120666,"cd_identificador_tema_equipamento":6,"nm_tema_equipamento":"SAUDE","cd_identificador_rede_equipamento":0,"nm_rede_equipamento":"SEM REDE","tx_rede_equipamento":"Sem descrição","cd_identificador_tipo_equipamento":45,"nm_tipo_equipamento":"Unidade Básica de Saúde","tx_tipo_equipamento":"Atendimento básico em Pediatria, Ginecologia, Clínica Geral, Enfermagem e Odontologia. Principais serviços oferecidos: consultas médicas, inalações, injeções, curativos, vacinas, coleta de exames laboratoriais, tratamento odontológico, encaminhamentos par","cd_identificador_classe_equipamento":5,"nm_classe_equipamento":"UBS/POSTO DE SAÚDE/CENTRO DE SAÚDE","tx_classe_equipamento":"O PRIMEIRO CONTATO DO PACIENTE COM O SUS.","cd_identificador_esfera_administrativa_equipamento":1,"nm_esfera_administrativa_equipamento":"Municipal","tx_esfera_administrativa_equipamento":"Administração municipal","cd_equipamento":"325","nm_equipamento":"UBS JARDIM AURORA","tx_endereco_equipamento":"AV. CLAUDIO DA COSTA, 54","nm_bairro_equipamento":"GUAIANASES","cd_cep_equipamento":"08431-160","tx_horario_funcionamento":null,"tx_numero_telefone":"2035-1671","cd_equipamento_base_origem":null}},{"type":"Feature","id":"equipamento_saude_ubs_posto_centro_v2.120667","geometry":{"type":"Point","coordinates":[357836.163,7395739.747]},"geometry_name":"ge_ponto","properties":{"cd_identificador":120667,"cd_identificador_tema_equipamento":6,"nm_tema_equipamento":"SAUDE","cd_identificador_rede_equipamento":0,"nm_rede_equipamento":"SEM REDE","tx_rede_equipamento":"Sem descrição","cd_identificador_tipo_equipamento":45,"nm_tipo_equipamento":"Unidade Básica de Saúde","tx_tipo_equipamento":"Atendimento básico em Pediatria, Ginecologia, Clínica Geral, Enfermagem e Odontologia. Principais serviços oferecidos: consultas médicas, inalações, injeções, curativos, vacinas, coleta de exames laboratoriais, tratamento odontológico, encaminhamentos par","cd_identificador_classe_equipamento":5,"nm_classe_equipamento":"UBS/POSTO DE SAÚDE/CENTRO DE SAÚDE","tx_classe_equipamento":"O PRIMEIRO CONTATO DO PACIENTE COM O SUS.","cd_identificador_esfera_administrativa_equipamento":1,"nm_esfera_administrativa_equipamento":"Municipal","tx_esfera_administrativa_equipamento":"Administração municipal","cd_equipamento":"324","nm_equipamento":"UBS JARDIM BANDEIRANTES","tx_endereco_equipamento":"R. PACHECO ARANHA, 4","nm_bairro_equipamento":"GUAIANASES","cd_cep_equipamento":"08451-410","tx_horario_funcionamento":null,"tx_numero_telefone":"2557-5273 / 4780-5027","cd_equipamento_base_origem":null}},{"type":"Feature","id":"equipamento_saude_ubs_posto_centro_v2.120668","geometry":{"type":"Point","coordinates":[317210.384,7390672.932]},"geometry_name":"ge_ponto","properties":{"cd_identificador":120668,"cd_identificador_tema_equipamento":6,"nm_tema_equipamento":"SAUDE","cd_identificador_rede_equipamento":0,"nm_rede_equipamento":"SEM REDE","tx_rede_equipamento":"Sem descrição","cd_identificador_tipo_equipamento":45,"nm_tipo_equipamento":"Unidade Básica de Saúde","tx_tipo_equipamento":"Atendimento básico em Pediatria, Ginecologia, Clínica Geral, Enfermagem e Odontologia. Principais serviços oferecidos: consultas médicas, inalações, injeções, curativos, vacinas, coleta de exames laboratoriais, tratamento odontológico, encaminhamentos par","cd_identificador_classe_equipamento":5,"nm_classe_equipamento":"UBS/POSTO DE SAÚDE/CENTRO DE SAÚDE","tx_classe_equipamento":"O PRIMEIRO CONTATO DO PACIENTE COM O SUS.","cd_identificador_esfera_administrativa_equipamento":1,"nm_esfera_administrativa_equipamento":"Municipal","tx_esfera_administrativa_equipamento":"Administração municipal","cd_equipamento":"41","nm_equipamento":"UBS JARDIM BOA VISTA","tx_endereco_equipamento":"R. CANDIDO FONTOURA, 620","nm_bairro_equipamento":"JD BOA VISTA","cd_cep_equipamento":"05583-070","tx_horario_funcionamento":null,"tx_numero_telefone":"3782-8380","cd_equipamento_base_origem":null}},{"type":"Feature","id":"equipamento_saude_ubs_posto_centro_v2.120669","geometry":{"type":"Point","coordinates":[318949.549,7379694.367]},"geometry_name":"ge_ponto","properties":{"cd_identificador":120669,"cd_identificador_tema_equipamento":6,"nm_tema_equipamento":"SAUDE","cd_identificador_rede_equipamento":0,"nm_rede_equipamento":"SEM REDE","tx_rede_equipamento":"Sem descrição","cd_identificador_tipo_equipamento":45,"nm_tipo_equipamento":"Unidade Básica de Saúde","tx_tipo_equipamento":"Atendimento básico em Pediatria, Ginecologia, Clínica Geral, Enfermagem e Odontologia. Principais serviços oferecidos: consultas médicas, inalações, injeções, curativos, vacinas, coleta de exames laboratoriais, tratamento odontológico, encaminhamentos par","cd_identificador_classe_equipamento":5,"nm_classe_equipamento":"UBS/POSTO DE SAÚDE/CENTRO DE SAÚDE","tx_classe_equipamento":"O PRIMEIRO CONTATO DO PACIENTE COM O SUS.","cd_identificador_esfera_administrativa_equipamento":1,"nm_esfera_administrativa_equipamento":"Municipal","tx_esfera_administrativa_equipamento":"Administração municipal","cd_equipamento":"524","nm_equipamento":"UBS JARDIM CAIÇARA","tx_endereco_equipamento":"R. SERAFIM ALVARES, 46","nm_bairro_equipamento":"JD CAIÇARA","cd_cep_equipamento":"05871-370","tx_horario_funcionamento":null,"tx_numero_telefone":"5512-5100","cd_equipamento_base_origem":null}},{"type":"Feature","id":"equipamento_saude_ubs_posto_centro_v2.120670","geometry":{"type":"Point","coordinates":[358506.867,7400115.034]},"geometry_name":"ge_ponto","properties":{"cd_identificador":120670,"cd_identificador_tema_equipamento":6,"nm_tema_equipamento":"SAUDE","cd_identificador_rede_equipamento":0,"nm_rede_equipamento":"SEM REDE","tx_rede_equipamento":"Sem descrição","cd_identificador_tipo_equipamento":45,"nm_tipo_equipamento":"Unidade Básica de Saúde","tx_tipo_equipamento":"Atendimento básico em Pediatria, Ginecologia, Clínica Geral, Enfermagem e Odontologia. Principais serviços oferecidos: consultas médicas, inalações, injeções, curativos, vacinas, coleta de exames laboratoriais, tratamento odontológico, encaminhamentos par","cd_identificador_classe_equipamento":5,"nm_classe_equipamento":"UBS/POSTO DE SAÚDE/CENTRO DE SAÚDE","tx_classe_equipamento":"O PRIMEIRO CONTATO DO PACIENTE COM O SUS.","cd_identificador_esfera_administrativa_equipamento":1,"nm_esfera_administrativa_equipamento":"Municipal","tx_esfera_administrativa_equipamento":"Administração municipal","cd_equipamento":"385","nm_equipamento":"UBS JARDIM CAMARGO NOVO","tx_endereco_equipamento":"R. BOIGUAÇU, 51","nm_bairro_equipamento":"JARDIM CAMARGO NOVO","cd_cep_equipamento":"08121-270","tx_horario_funcionamento":null,"tx_numero_telefone":"2562-1193","cd_equipamento_base_origem":null}},{"type":"Feature","id":"equipamento_saude_ubs_posto_centro_v2.120671","geometry":{"type":"Point","coordinates":[325491.618,7370008.01]},"geometry_name":"ge_ponto","properties":{"cd_identificador":120671,"cd_identificador_tema_equipamento":6,"nm_tema_equipamento":"SAUDE","cd_identificador_rede_equipamento":0,"nm_rede_equipamento":"SEM REDE","tx_rede_equipamento":"Sem descrição","cd_identificador_tipo_equipamento":45,"nm_tipo_equipamento":"Unidade Básica de Saúde","tx_tipo_equipamento":"Atendimento básico em Pediatria, Ginecologia, Clínica Geral, Enfermagem e Odontologia. Principais serviços oferecidos: consultas médicas, inalações, injeções, curativos, vacinas, coleta de exames laboratoriais, tratamento odontológico, encaminhamentos par","cd_identificador_classe_equipamento":5,"nm_classe_equipamento":"UBS/POSTO DE SAÚDE/CENTRO DE SAÚDE","tx_classe_equipamento":"O PRIMEIRO CONTATO DO PACIENTE COM O SUS.","cd_identificador_esfera_administrativa_equipamento":1,"nm_esfera_administrativa_equipamento":"Municipal","tx_esfera_administrativa_equipamento":"Administração municipal","cd_equipamento":"619","nm_equipamento":"UBS JARDIM CAMPINAS","tx_endereco_equipamento":"R. DAS PLEIADES, 35","nm_bairro_equipamento":"JD MARIA AMALIA","cd_cep_equipamento":"04858-550","tx_horario_funcionamento":null,"tx_numero_telefone":"5527-3589","cd_equipamento_base_origem":null}},{"type":"Feature","id":"equipamento_saude_ubs_posto_centro_v2.120672","geometry":{"type":"Point","coordinates":[356146.549,7399055.985]},"geometry_name":"ge_ponto","properties":{"cd_identificador":120672,"cd_identificador_tema_equipamento":6,"nm_tema_equipamento":"SAUDE","cd_identificador_rede_equipamento":0,"nm_rede_equipamento":"SEM REDE","tx_rede_equipamento":"Sem descrição","cd_identificador_tipo_equipamento":45,"nm_tipo_equipamento":"Unidade Básica de Saúde","tx_tipo_equipamento":"Atendimento básico em Pediatria, Ginecologia, Clínica Geral, Enfermagem e Odontologia. Principais serviços oferecidos: consultas médicas, inalações, injeções, curativos, vacinas, coleta de exames laboratoriais, tratamento odontológico, encaminhamentos par","cd_identificador_classe_equipamento":5,"nm_classe_equipamento":"UBS/POSTO DE SAÚDE/CENTRO DE SAÚDE","tx_classe_equipamento":"O PRIMEIRO CONTATO DO PACIENTE COM O SUS.","cd_identificador_esfera_administrativa_equipamento":1,"nm_esfera_administrativa_equipamento":"Municipal","tx_esfera_administrativa_equipamento":"Administração municipal","cd_equipamento":"405","nm_equipamento":"UBS JARDIM CAMPOS","tx_endereco_equipamento":"R. CRESCENTE, 97","nm_bairro_equipamento":"ITAIM PAULISTA","cd_cep_equipamento":"08160-080","tx_horario_funcionamento":null,"tx_numero_telefone":"3808-2655","cd_equipamento_base_origem":null}},{"type":"Feature","id":"equipamento_saude_ubs_posto_centro_v2.120673","geometry":{"type":"Point","coordinates":[351375.312,7387430.145]},"geometry_name":"ge_ponto","properties":{"cd_identificador":120673,"cd_identificador_tema_equipamento":6,"nm_tema_equipamento":"SAUDE","cd_identificador_rede_equipamento":0,"nm_rede_equipamento":"SEM REDE","tx_rede_equipamento":"Sem descrição","cd_identificador_tipo_equipamento":45,"nm_tipo_equipamento":"Unidade Básica de Saúde","tx_tipo_equipamento":"Atendimento básico em Pediatria, Ginecologia, Clínica Geral, Enfermagem e Odontologia. Principais serviços oferecidos: consultas médicas, inalações, injeções, curativos, vacinas, coleta de exames laboratoriais, tratamento odontológico, encaminhamentos par","cd_identificador_classe_equipamento":5,"nm_classe_equipamento":"UBS/POSTO DE SAÚDE/CENTRO DE SAÚDE","tx_classe_equipamento":"O PRIMEIRO CONTATO DO PACIENTE COM O SUS.","cd_identificador_esfera_administrativa_equipamento":1,"nm_esfera_administrativa_equipamento":"Municipal","tx_esfera_administrativa_equipamento":"Administração municipal","cd_equipamento":"861","nm_equipamento":"UBS JARDIM CARRÃOZINHO","tx_endereco_equipamento":"R. MARCOS GONCALVES CORREIA, 25","nm_bairro_equipamento":"JD VILA CARRÃO","cd_cep_equipamento":"08340-320","tx_horario_funcionamento":null,"tx_numero_telefone":"2754-0622","cd_equipamento_base_origem":null}},{"type":"Feature","id":"equipamento_saude_ubs_posto_centro_v2.120674","geometry":{"type":"Point","coordinates":[322397.469,7382694.641]},"geometry_name":"ge_ponto","properties":{"cd_identificador":120674,"cd_identificador_tema_equipamento":6,"nm_tema_equipamento":"SAUDE","cd_identificador_rede_equipamento":0,"nm_rede_equipamento":"SEM REDE","tx_rede_equipamento":"Sem descrição","cd_identificador_tipo_equipamento":45,"nm_tipo_equipamento":"Unidade Básica de Saúde","tx_tipo_equipamento":"Atendimento básico em Pediatria, Ginecologia, Clínica Geral, Enfermagem e Odontologia. Principais serviços oferecidos: consultas médicas, inalações, injeções, curativos, vacinas, coleta de exames laboratoriais, tratamento odontológico, encaminhamentos par","cd_identificador_classe_equipamento":5,"nm_classe_equipamento":"UBS/POSTO DE SAÚDE/CENTRO DE SAÚDE","tx_classe_equipamento":"O PRIMEIRO CONTATO DO PACIENTE COM O SUS.","cd_identificador_esfera_administrativa_equipamento":1,"nm_esfera_administrativa_equipamento":"Municipal","tx_esfera_administrativa_equipamento":"Administração municipal","cd_equipamento":"572","nm_equipamento":"UBS JARDIM CELESTE","tx_endereco_equipamento":"R. JOÃO FERNANDES CAMISA NOVA JR., 865","nm_bairro_equipamento":"JD CELESTE","cd_cep_equipamento":"05844-000","tx_horario_funcionamento":null,"tx_numero_telefone":"5812-3738","cd_equipamento_base_origem":null}},{"type":"Feature","id":"equipamento_saude_ubs_posto_centro_v2.120675","geometry":{"type":"Point","coordinates":[324239.816,7402553.753]},"geometry_name":"ge_ponto","properties":{"cd_identificador":120675,"cd_identificador_tema_equipamento":6,"nm_tema_equipamento":"SAUDE","cd_identificador_rede_equipamento":0,"nm_rede_equipamento":"SEM REDE","tx_rede_equipamento":"Sem descrição","cd_identificador_tipo_equipamento":45,"nm_tipo_equipamento":"Unidade Básica de Saúde","tx_tipo_equipamento":"Atendimento básico em Pediatria, Ginecologia, Clínica Geral, Enfermagem e Odontologia. Principais serviços oferecidos: consultas médicas, inalações, injeções, curativos, vacinas, coleta de exames laboratoriais, tratamento odontológico, encaminhamentos par","cd_identificador_classe_equipamento":5,"nm_classe_equipamento":"UBS/POSTO DE SAÚDE/CENTRO DE SAÚDE","tx_classe_equipamento":"O PRIMEIRO CONTATO DO PACIENTE COM O SUS.","cd_identificador_esfera_administrativa_equipamento":1,"nm_esfera_administrativa_equipamento":"Municipal","tx_esfera_administrativa_equipamento":"Administração municipal","cd_equipamento":"747","nm_equipamento":"UBS JARDIM CIDADE PIRITUBA","tx_endereco_equipamento":"R. COMENDADOR FEIZ ZARZUR, 640","nm_bairro_equipamento":"JARDIM CIDADE PIRITUBA","cd_cep_equipamento":"02942-000","tx_horario_funcionamento":null,"tx_numero_telefone":"3974-8210","cd_equipamento_base_origem":null}},{"type":"Feature","id":"equipamento_saude_ubs_posto_centro_v2.120676","geometry":{"type":"Point","coordinates":[326120.201,7375341.78]},"geometry_name":"ge_ponto","properties":{"cd_identificador":120676,"cd_identificador_tema_equipamento":6,"nm_tema_equipamento":"SAUDE","cd_identificador_rede_equipamento":0,"nm_rede_equipamento":"SEM REDE","tx_rede_equipamento":"Sem descrição","cd_identificador_tipo_equipamento":45,"nm_tipo_equipamento":"Unidade Básica de Saúde","tx_tipo_equipamento":"Atendimento básico em Pediatria, Ginecologia, Clínica Geral, Enfermagem e Odontologia. Principais serviços oferecidos: consultas médicas, inalações, injeções, curativos, vacinas, coleta de exames laboratoriais, tratamento odontológico, encaminhamentos par","cd_identificador_classe_equipamento":5,"nm_classe_equipamento":"UBS/POSTO DE SAÚDE/CENTRO DE SAÚDE","tx_classe_equipamento":"O PRIMEIRO CONTATO DO PACIENTE COM O SUS.","cd_identificador_esfera_administrativa_equipamento":1,"nm_esfera_administrativa_equipamento":"Municipal","tx_esfera_administrativa_equipamento":"Administração municipal","cd_equipamento":"124","nm_equipamento":"UBS JARDIM CLIPER - ROCILDA SOARES ALVES SILVA","tx_endereco_equipamento":"R. DR CARLOS PEZZOLO, S/N","nm_bairro_equipamento":"PARQUE ESMERALDA","cd_cep_equipamento":"04828-070","tx_horario_funcionamento":null,"tx_numero_telefone":"5925-4259","cd_equipamento_base_origem":null}},{"type":"Feature","id":"equipamento_saude_ubs_posto_centro_v2.120677","geometry":{"type":"Point","coordinates":[320259.751,7380237.295]},"geometry_name":"ge_ponto","properties":{"cd_identificador":120677,"cd_identificador_tema_equipamento":6,"nm_tema_equipamento":"SAUDE","cd_identificador_rede_equipamento":0,"nm_rede_equipamento":"SEM REDE","tx_rede_equipamento":"Sem descrição","cd_identificador_tipo_equipamento":45,"nm_tipo_equipamento":"Unidade Básica de Saúde","tx_tipo_equipamento":"Atendimento básico em Pediatria, Ginecologia, Clínica Geral, Enfermagem e Odontologia. Principais serviços oferecidos: consultas médicas, inalações, injeções, curativos, vacinas, coleta de exames laboratoriais, tratamento odontológico, encaminhamentos par","cd_identificador_classe_equipamento":5,"nm_classe_equipamento":"UBS/POSTO DE SAÚDE/CENTRO DE SAÚDE","tx_classe_equipamento":"O PRIMEIRO CONTATO DO PACIENTE COM O SUS.","cd_identificador_esfera_administrativa_equipamento":1,"nm_esfera_administrativa_equipamento":"Municipal","tx_esfera_administrativa_equipamento":"Administração municipal","cd_equipamento":"534","nm_equipamento":"UBS JARDIM COIMBRA","tx_endereco_equipamento":"ESTRADA DO M BOI MIRIM, 3301","nm_bairro_equipamento":"JD COIMBRA","cd_cep_equipamento":"04905-023","tx_horario_funcionamento":null,"tx_numero_telefone":"5898-5454","cd_equipamento_base_origem":null}},{"type":"Feature","id":"equipamento_saude_ubs_posto_centro_v2.120678","geometry":{"type":"Point","coordinates":[323695.147,7388794.307]},"geometry_name":"ge_ponto","properties":{"cd_identificador":120678,"cd_identificador_tema_equipamento":6,"nm_tema_equipamento":"SAUDE","cd_identificador_rede_equipamento":0,"nm_rede_equipamento":"SEM REDE","tx_rede_equipamento":"Sem descrição","cd_identificador_tipo_equipamento":45,"nm_tipo_equipamento":"Unidade Básica de Saúde","tx_tipo_equipamento":"Atendimento básico em Pediatria, Ginecologia, Clínica Geral, Enfermagem e Odontologia. Principais serviços oferecidos: consultas médicas, inalações, injeções, curativos, vacinas, coleta de exames laboratoriais, tratamento odontológico, encaminhamentos par","cd_identificador_classe_equipamento":5,"nm_classe_equipamento":"UBS/POSTO DE SAÚDE/CENTRO DE SAÚDE","tx_classe_equipamento":"O PRIMEIRO CONTATO DO PACIENTE COM O SUS.","cd_identificador_esfera_administrativa_equipamento":1,"nm_esfera_administrativa_equipamento":"Municipal","tx_esfera_administrativa_equipamento":"Administração municipal","cd_equipamento":"52","nm_equipamento":"UBS JARDIM COLOMBO","tx_endereco_equipamento":"R. FREI BONIFACIO DUX, 40","nm_bairro_equipamento":"JARDIM COLOMBO","cd_cep_equipamento":"05629-000","tx_horario_funcionamento":null,"tx_numero_telefone":"4673-9852 / 4673-9856","cd_equipamento_base_origem":null}},{"type":"Feature","id":"equipamento_saude_ubs_posto_centro_v2.120679","geometry":{"type":"Point","coordinates":[349810.595,7389074.408]},"geometry_name":"ge_ponto","properties":{"cd_identificador":120679,"cd_identificador_tema_equipamento":6,"nm_tema_equipamento":"SAUDE","cd_identificador_rede_equipamento":0,"nm_rede_equipamento":"SEM REDE","tx_rede_equipamento":"Sem descrição","cd_identificador_tipo_equipamento":45,"nm_tipo_equipamento":"Unidade Básica de Saúde","tx_tipo_equipamento":"Atendimento básico em Pediatria, Ginecologia, Clínica Geral, Enfermagem e Odontologia. Principais serviços oferecidos: consultas médicas, inalações, injeções, curativos, vacinas, coleta de exames laboratoriais, tratamento odontológico, encaminhamentos par","cd_identificador_classe_equipamento":5,"nm_classe_equipamento":"UBS/POSTO DE SAÚDE/CENTRO DE SAÚDE","tx_classe_equipamento":"O PRIMEIRO CONTATO DO PACIENTE COM O SUS.","cd_identificador_esfera_administrativa_equipamento":1,"nm_esfera_administrativa_equipamento":"Municipal","tx_esfera_administrativa_equipamento":"Administração municipal","cd_equipamento":"850","nm_equipamento":"UBS JARDIM COLONIAL","tx_endereco_equipamento":"AV. JOSÉ RODRIGUES SANTARÉM, 464","nm_bairro_equipamento":"JD COLONIAL","cd_cep_equipamento":"03968-010","tx_horario_funcionamento":null,"tx_numero_telefone":"2919-0554","cd_equipamento_base_origem":null}},{"type":"Feature","id":"equipamento_saude_ubs_posto_centro_v2.120680","geometry":{"type":"Point","coordinates":[350686.858,7386360.629]},"geometry_name":"ge_ponto","properties":{"cd_identificador":120680,"cd_identificador_tema_equipamento":6,"nm_tema_equipamento":"SAUDE","cd_identificador_rede_equipamento":0,"nm_rede_equipamento":"SEM REDE","tx_rede_equipamento":"Sem descrição","cd_identificador_tipo_equipamento":45,"nm_tipo_equipamento":"Unidade Básica de Saúde","tx_tipo_equipamento":"Atendimento básico em Pediatria, Ginecologia, Clínica Geral, Enfermagem e Odontologia. Principais serviços oferecidos: consultas médicas, inalações, injeções, curativos, vacinas, coleta de exames laboratoriais, tratamento odontológico, encaminhamentos par","cd_identificador_classe_equipamento":5,"nm_classe_equipamento":"UBS/POSTO DE SAÚDE/CENTRO DE SAÚDE","tx_classe_equipamento":"O PRIMEIRO CONTATO DO PACIENTE COM O SUS.","cd_identificador_esfera_administrativa_equipamento":1,"nm_esfera_administrativa_equipamento":"Municipal","tx_esfera_administrativa_equipamento":"Administração municipal","cd_equipamento":"859","nm_equipamento":"UBS JARDIM COLORADO - DR. JOSÉ PIRES","tx_endereco_equipamento":"R. DR JOSÉ DE ARAÚJO VIEIRA, 61","nm_bairro_equipamento":"JARDIM RODOLFO PIRANI","cd_cep_equipamento":"08310-240","tx_horario_funcionamento":null,"tx_numero_telefone":"2751-6474","cd_equipamento_base_origem":null}},{"type":"Feature","id":"equipamento_saude_ubs_posto_centro_v2.120681","geometry":{"type":"Point","coordinates":[318524.839,7380998.512]},"geometry_name":"ge_ponto","properties":{"cd_identificador":120681,"cd_identificador_tema_equipamento":6,"nm_tema_equipamento":"SAUDE","cd_identificador_rede_equipamento":0,"nm_rede_equipamento":"SEM REDE","tx_rede_equipamento":"Sem descrição","cd_identificador_tipo_equipamento":45,"nm_tipo_equipamento":"Unidade Básica de Saúde","tx_tipo_equipamento":"Atendimento básico em Pediatria, Ginecologia, Clínica Geral, Enfermagem e Odontologia. Principais serviços oferecidos: consultas médicas, inalações, injeções, curativos, vacinas, coleta de exames laboratoriais, tratamento odontológico, encaminhamentos par","cd_identificador_classe_equipamento":5,"nm_classe_equipamento":"UBS/POSTO DE SAÚDE/CENTRO DE SAÚDE","tx_classe_equipamento":"O PRIMEIRO CONTATO DO PACIENTE COM O SUS.","cd_identificador_esfera_administrativa_equipamento":1,"nm_esfera_administrativa_equipamento":"Municipal","tx_esfera_administrativa_equipamento":"Administração municipal","cd_equipamento":"94","nm_equipamento":"UBS JARDIM COMERCIAL","tx_endereco_equipamento":"R. COSTA NOVA DO PRADO, 92","nm_bairro_equipamento":"JARDIM COMERCIAL","cd_cep_equipamento":"05885-190","tx_horario_funcionamento":null,"tx_numero_telefone":"5870-6246","cd_equipamento_base_origem":null}},{"type":"Feature","id":"equipamento_saude_ubs_posto_centro_v2.120682","geometry":{"type":"Point","coordinates":[351259.159,7393466.394]},"geometry_name":"ge_ponto","properties":{"cd_identificador":120682,"cd_identificador_tema_equipamento":6,"nm_tema_equipamento":"SAUDE","cd_identificador_rede_equipamento":0,"nm_rede_equipamento":"SEM REDE","tx_rede_equipamento":"Sem descrição","cd_identificador_tipo_equipamento":45,"nm_tipo_equipamento":"Unidade Básica de Saúde","tx_tipo_equipamento":"Atendimento básico em Pediatria, Ginecologia, Clínica Geral, Enfermagem e Odontologia. Principais serviços oferecidos: consultas médicas, inalações, injeções, curativos, vacinas, coleta de exames laboratoriais, tratamento odontológico, encaminhamentos par","cd_identificador_classe_equipamento":5,"nm_classe_equipamento":"UBS/POSTO DE SAÚDE/CENTRO DE SAÚDE","tx_classe_equipamento":"O PRIMEIRO CONTATO DO PACIENTE COM O SUS.","cd_identificador_esfera_administrativa_equipamento":1,"nm_esfera_administrativa_equipamento":"Municipal","tx_esfera_administrativa_equipamento":"Administração municipal","cd_equipamento":"452","nm_equipamento":"UBS JARDIM COPA - MATHILDE DE AQUINO DINIZ","tx_endereco_equipamento":"R. PONTA DE LUCENA, 330","nm_bairro_equipamento":"JARDIM MARABA","cd_cep_equipamento":"08270-340","tx_horario_funcionamento":null,"tx_numero_telefone":"2524-5020","cd_equipamento_base_origem":null}},{"type":"Feature","id":"equipamento_saude_ubs_posto_centro_v2.120683","geometry":{"type":"Point","coordinates":[318845.017,7391591.124]},"geometry_name":"ge_ponto","properties":{"cd_identificador":120683,"cd_identificador_tema_equipamento":6,"nm_tema_equipamento":"SAUDE","cd_identificador_rede_equipamento":0,"nm_rede_equipamento":"SEM REDE","tx_rede_equipamento":"Sem descrição","cd_identificador_tipo_equipamento":45,"nm_tipo_equipamento":"Unidade Básica de Saúde","tx_tipo_equipamento":"Atendimento básico em Pediatria, Ginecologia, Clínica Geral, Enfermagem e Odontologia. Principais serviços oferecidos: consultas médicas, inalações, injeções, curativos, vacinas, coleta de exames laboratoriais, tratamento odontológico, encaminhamentos par","cd_identificador_classe_equipamento":5,"nm_classe_equipamento":"UBS/POSTO DE SAÚDE/CENTRO DE SAÚDE","tx_classe_equipamento":"O PRIMEIRO CONTATO DO PACIENTE COM O SUS.","cd_identificador_esfera_administrativa_equipamento":1,"nm_esfera_administrativa_equipamento":"Municipal","tx_esfera_administrativa_equipamento":"Administração municipal","cd_equipamento":"46","nm_equipamento":"UBS JARDIM D ABRIL","tx_endereco_equipamento":"R. PAULO MARANHÃO, 444","nm_bairro_equipamento":"JD D ABRIL","cd_cep_equipamento":"05398-130","tx_horario_funcionamento":null,"tx_numero_telefone":"3782-4742","cd_equipamento_base_origem":null}},{"type":"Feature","id":"equipamento_saude_ubs_posto_centro_v2.120684","geometry":{"type":"Point","coordinates":[351753.838,7387877.195]},"geometry_name":"ge_ponto","properties":{"cd_identificador":120684,"cd_identificador_tema_equipamento":6,"nm_tema_equipamento":"SAUDE","cd_identificador_rede_equipamento":0,"nm_rede_equipamento":"SEM REDE","tx_rede_equipamento":"Sem descrição","cd_identificador_tipo_equipamento":45,"nm_tipo_equipamento":"Unidade Básica de Saúde","tx_tipo_equipamento":"Atendimento básico em Pediatria, Ginecologia, Clínica Geral, Enfermagem e Odontologia. Principais serviços oferecidos: consultas médicas, inalações, injeções, curativos, vacinas, coleta de exames laboratoriais, tratamento odontológico, encaminhamentos par","cd_identificador_classe_equipamento":5,"nm_classe_equipamento":"UBS/POSTO DE SAÚDE/CENTRO DE SAÚDE","tx_classe_equipamento":"O PRIMEIRO CONTATO DO PACIENTE COM O SUS.","cd_identificador_esfera_administrativa_equipamento":1,"nm_esfera_administrativa_equipamento":"Municipal","tx_esfera_administrativa_equipamento":"Administração municipal","cd_equipamento":"857","nm_equipamento":"UBS JARDIM DA CONQUISTA I","tx_endereco_equipamento":"R. PERAMIRIM (ESQ. R. MARCOS GONÇALVES CORREIA), 1","nm_bairro_equipamento":"VL BELA","cd_cep_equipamento":"08340-500","tx_horario_funcionamento":null,"tx_numero_telefone":"2253-2723","cd_equipamento_base_origem":null}},{"type":"Feature","id":"equipamento_saude_ubs_posto_centro_v2.120685","geometry":{"type":"Point","coordinates":[352608.332,7388537.579]},"geometry_name":"ge_ponto","properties":{"cd_identificador":120685,"cd_identificador_tema_equipamento":6,"nm_tema_equipamento":"SAUDE","cd_identificador_rede_equipamento":0,"nm_rede_equipamento":"SEM REDE","tx_rede_equipamento":"Sem descrição","cd_identificador_tipo_equipamento":45,"nm_tipo_equipamento":"Unidade Básica de Saúde","tx_tipo_equipamento":"Atendimento básico em Pediatria, Ginecologia, Clínica Geral, Enfermagem e Odontologia. Principais serviços oferecidos: consultas médicas, inalações, injeções, curativos, vacinas, coleta de exames laboratoriais, tratamento odontológico, encaminhamentos par","cd_identificador_classe_equipamento":5,"nm_classe_equipamento":"UBS/POSTO DE SAÚDE/CENTRO DE SAÚDE","tx_classe_equipamento":"O PRIMEIRO CONTATO DO PACIENTE COM O SUS.","cd_identificador_esfera_administrativa_equipamento":1,"nm_esfera_administrativa_equipamento":"Municipal","tx_esfera_administrativa_equipamento":"Administração municipal","cd_equipamento":"826","nm_equipamento":"UBS JARDIM DA CONQUISTA II","tx_endereco_equipamento":"TRAVESSA SOMOS TODOS IGUAIS, 915","nm_bairro_equipamento":"JARDIM DA CONQUISTA","cd_cep_equipamento":"08343-000","tx_horario_funcionamento":null,"tx_numero_telefone":"2253-9547 / 2735-3079","cd_equipamento_base_origem":null}},{"type":"Feature","id":"equipamento_saude_ubs_posto_centro_v2.120686","geometry":{"type":"Point","coordinates":[335098.693,7387706.097]},"geometry_name":"ge_ponto","properties":{"cd_identificador":120686,"cd_identificador_tema_equipamento":6,"nm_tema_equipamento":"SAUDE","cd_identificador_rede_equipamento":0,"nm_rede_equipamento":"SEM REDE","tx_rede_equipamento":"Sem descrição","cd_identificador_tipo_equipamento":45,"nm_tipo_equipamento":"Unidade Básica de Saúde","tx_tipo_equipamento":"Atendimento básico em Pediatria, Ginecologia, Clínica Geral, Enfermagem e Odontologia. Principais serviços oferecidos: consultas médicas, inalações, injeções, curativos, vacinas, coleta de exames laboratoriais, tratamento odontológico, encaminhamentos par","cd_identificador_classe_equipamento":5,"nm_classe_equipamento":"UBS/POSTO DE SAÚDE/CENTRO DE SAÚDE","tx_classe_equipamento":"O PRIMEIRO CONTATO DO PACIENTE COM O SUS.","cd_identificador_esfera_administrativa_equipamento":1,"nm_esfera_administrativa_equipamento":"Municipal","tx_esfera_administrativa_equipamento":"Administração municipal","cd_equipamento":"338","nm_equipamento":"UBS JARDIM DA SAÚDE - NEUSA ROSALIA MORALES","tx_endereco_equipamento":"R. DOMINGOS DE ROGATIS, 187","nm_bairro_equipamento":"JARDIM DA SAUDE","cd_cep_equipamento":"04290-080","tx_horario_funcionamento":null,"tx_numero_telefone":"5062-9586","cd_equipamento_base_origem":null}},{"type":"Feature","id":"equipamento_saude_ubs_posto_centro_v2.120687","geometry":{"type":"Point","coordinates":[326474.034,7405476.574]},"geometry_name":"ge_ponto","properties":{"cd_identificador":120687,"cd_identificador_tema_equipamento":6,"nm_tema_equipamento":"SAUDE","cd_identificador_rede_equipamento":0,"nm_rede_equipamento":"SEM REDE","tx_rede_equipamento":"Sem descrição","cd_identificador_tipo_equipamento":45,"nm_tipo_equipamento":"Unidade Básica de Saúde","tx_tipo_equipamento":"Atendimento básico em Pediatria, Ginecologia, Clínica Geral, Enfermagem e Odontologia. Principais serviços oferecidos: consultas médicas, inalações, injeções, curativos, vacinas, coleta de exames laboratoriais, tratamento odontológico, encaminhamentos par","cd_identificador_classe_equipamento":5,"nm_classe_equipamento":"UBS/POSTO DE SAÚDE/CENTRO DE SAÚDE","tx_classe_equipamento":"O PRIMEIRO CONTATO DO PACIENTE COM O SUS.","cd_identificador_esfera_administrativa_equipamento":1,"nm_esfera_administrativa_equipamento":"Municipal","tx_esfera_administrativa_equipamento":"Administração municipal","cd_equipamento":"287","nm_equipamento":"UBS JARDIM DAMASCENO","tx_endereco_equipamento":"R. GRUMIXA, 129","nm_bairro_equipamento":"JARDIM DAMASCENO","cd_cep_equipamento":"02879-200","tx_horario_funcionamento":null,"tx_numero_telefone":null,"cd_equipamento_base_origem":null}},{"type":"Feature","id":"equipamento_saude_ubs_posto_centro_v2.120688","geometry":{"type":"Point","coordinates":[350681.088,7398939.43]},"geometry_name":"ge_ponto","properties":{"cd_identificador":120688,"cd_identificador_tema_equipamento":6,"nm_tema_equipamento":"SAUDE","cd_identificador_rede_equipamento":0,"nm_rede_equipamento":"SEM REDE","tx_rede_equipamento":"Sem descrição","cd_identificador_tipo_equipamento":45,"nm_tipo_equipamento":"Unidade Básica de Saúde","tx_tipo_equipamento":"Atendimento básico em Pediatria, Ginecologia, Clínica Geral, Enfermagem e Odontologia. Principais serviços oferecidos: consultas médicas, inalações, injeções, curativos, vacinas, coleta de exames laboratoriais, tratamento odontológico, encaminhamentos par","cd_identificador_classe_equipamento":5,"nm_classe_equipamento":"UBS/POSTO DE SAÚDE/CENTRO DE SAÚDE","tx_classe_equipamento":"O PRIMEIRO CONTATO DO PACIENTE COM O SUS.","cd_identificador_esfera_administrativa_equipamento":1,"nm_esfera_administrativa_equipamento":"Municipal","tx_esfera_administrativa_equipamento":"Administração municipal","cd_equipamento":"889","nm_equipamento":"UBS JARDIM DAS CAMÉLIAS","tx_endereco_equipamento":"AV. TRÊVO DE SANTA MARIA, 79","nm_bairro_equipamento":"SÃO MIGUEL PAULISTA","cd_cep_equipamento":"08050-570","tx_horario_funcionamento":null,"tx_numero_telefone":"2051-8788","cd_equipamento_base_origem":null}},{"type":"Feature","id":"equipamento_saude_ubs_posto_centro_v2.120689","geometry":{"type":"Point","coordinates":[321257.695,7359200.673]},"geometry_name":"ge_ponto","properties":{"cd_identificador":120689,"cd_identificador_tema_equipamento":6,"nm_tema_equipamento":"SAUDE","cd_identificador_rede_equipamento":0,"nm_rede_equipamento":"SEM REDE","tx_rede_equipamento":"Sem descrição","cd_identificador_tipo_equipamento":45,"nm_tipo_equipamento":"Unidade Básica de Saúde","tx_tipo_equipamento":"Atendimento básico em Pediatria, Ginecologia, Clínica Geral, Enfermagem e Odontologia. Principais serviços oferecidos: consultas médicas, inalações, injeções, curativos, vacinas, coleta de exames laboratoriais, tratamento odontológico, encaminhamentos par","cd_identificador_classe_equipamento":5,"nm_classe_equipamento":"UBS/POSTO DE SAÚDE/CENTRO DE SAÚDE","tx_classe_equipamento":"O PRIMEIRO CONTATO DO PACIENTE COM O SUS.","cd_identificador_esfera_administrativa_equipamento":1,"nm_esfera_administrativa_equipamento":"Municipal","tx_esfera_administrativa_equipamento":"Administração municipal","cd_equipamento":"617","nm_equipamento":"UBS JARDIM DAS FONTES","tx_endereco_equipamento":"R. MABEL NORMANDO, 122","nm_bairro_equipamento":"JD FONTES","cd_cep_equipamento":"04891-000","tx_horario_funcionamento":null,"tx_numero_telefone":"5975-4221 / 5975-2538","cd_equipamento_base_origem":null}},{"type":"Feature","id":"equipamento_saude_ubs_posto_centro_v2.120690","geometry":{"type":"Point","coordinates":[321840.396,7385957.816]},"geometry_name":"ge_ponto","properties":{"cd_identificador":120690,"cd_identificador_tema_equipamento":6,"nm_tema_equipamento":"SAUDE","cd_identificador_rede_equipamento":0,"nm_rede_equipamento":"SEM REDE","tx_rede_equipamento":"Sem descrição","cd_identificador_tipo_equipamento":45,"nm_tipo_equipamento":"Unidade Básica de Saúde","tx_tipo_equipamento":"Atendimento básico em Pediatria, Ginecologia, Clínica Geral, Enfermagem e Odontologia. Principais serviços oferecidos: consultas médicas, inalações, injeções, curativos, vacinas, coleta de exames laboratoriais, tratamento odontológico, encaminhamentos par","cd_identificador_classe_equipamento":5,"nm_classe_equipamento":"UBS/POSTO DE SAÚDE/CENTRO DE SAÚDE","tx_classe_equipamento":"O PRIMEIRO CONTATO DO PACIENTE COM O SUS.","cd_identificador_esfera_administrativa_equipamento":1,"nm_esfera_administrativa_equipamento":"Municipal","tx_esfera_administrativa_equipamento":"Administração municipal","cd_equipamento":"71","nm_equipamento":"UBS JARDIM DAS PALMAS","tx_endereco_equipamento":"R. CELSO RAMOS, S/N","nm_bairro_equipamento":"VILA ANDRADE","cd_cep_equipamento":"05734-080","tx_horario_funcionamento":null,"tx_numero_telefone":"5843-8340","cd_equipamento_base_origem":null}},{"type":"Feature","id":"equipamento_saude_ubs_posto_centro_v2.120691","geometry":{"type":"Point","coordinates":[337512.321,7409182.445]},"geometry_name":"ge_ponto","properties":{"cd_identificador":120691,"cd_identificador_tema_equipamento":6,"nm_tema_equipamento":"SAUDE","cd_identificador_rede_equipamento":0,"nm_rede_equipamento":"SEM REDE","tx_rede_equipamento":"Sem descrição","cd_identificador_tipo_equipamento":45,"nm_tipo_equipamento":"Unidade Básica de Saúde","tx_tipo_equipamento":"Atendimento básico em Pediatria, Ginecologia, Clínica Geral, Enfermagem e Odontologia. Principais serviços oferecidos: consultas médicas, inalações, injeções, curativos, vacinas, coleta de exames laboratoriais, tratamento odontológico, encaminhamentos par","cd_identificador_classe_equipamento":5,"nm_classe_equipamento":"UBS/POSTO DE SAÚDE/CENTRO DE SAÚDE","tx_classe_equipamento":"O PRIMEIRO CONTATO DO PACIENTE COM O SUS.","cd_identificador_esfera_administrativa_equipamento":1,"nm_esfera_administrativa_equipamento":"Municipal","tx_esfera_administrativa_equipamento":"Administração municipal","cd_equipamento":"487","nm_equipamento":"UBS JARDIM DAS PEDRAS","tx_endereco_equipamento":"R. CLÓVIS SALGADO, 220","nm_bairro_equipamento":"JD DAS PEDRAS","cd_cep_equipamento":"02267-020","tx_horario_funcionamento":null,"tx_numero_telefone":"2992-2494 / 2992-2313","cd_equipamento_base_origem":null}},{"type":"Feature","id":"equipamento_saude_ubs_posto_centro_v2.120692","geometry":{"type":"Point","coordinates":[346139.245,7389139.943]},"geometry_name":"ge_ponto","properties":{"cd_identificador":120692,"cd_identificador_tema_equipamento":6,"nm_tema_equipamento":"SAUDE","cd_identificador_rede_equipamento":0,"nm_rede_equipamento":"SEM REDE","tx_rede_equipamento":"Sem descrição","cd_identificador_tipo_equipamento":45,"nm_tipo_equipamento":"Unidade Básica de Saúde","tx_tipo_equipamento":"Atendimento básico em Pediatria, Ginecologia, Clínica Geral, Enfermagem e Odontologia. Principais serviços oferecidos: consultas médicas, inalações, injeções, curativos, vacinas, coleta de exames laboratoriais, tratamento odontológico, encaminhamentos par","cd_identificador_classe_equipamento":5,"nm_classe_equipamento":"UBS/POSTO DE SAÚDE/CENTRO DE SAÚDE","tx_classe_equipamento":"O PRIMEIRO CONTATO DO PACIENTE COM O SUS.","cd_identificador_esfera_administrativa_equipamento":1,"nm_esfera_administrativa_equipamento":"Municipal","tx_esfera_administrativa_equipamento":"Administração municipal","cd_equipamento":"912","nm_equipamento":"UBS JARDIM DOS EUCALÍPTOS - HELIO MOREIRA SALLES","tx_endereco_equipamento":"R. POEMA DAS AMERICAS, 12","nm_bairro_equipamento":"JD DOS EUCALIPTOS","cd_cep_equipamento":"03924-240","tx_horario_funcionamento":null,"tx_numero_telefone":"2701-7933","cd_equipamento_base_origem":null}},{"type":"Feature","id":"equipamento_saude_ubs_posto_centro_v2.120693","geometry":{"type":"Point","coordinates":[327160.033,7387569.683]},"geometry_name":"ge_ponto","properties":{"cd_identificador":120693,"cd_identificador_tema_equipamento":6,"nm_tema_equipamento":"SAUDE","cd_identificador_rede_equipamento":0,"nm_rede_equipamento":"SEM REDE","tx_rede_equipamento":"Sem descrição","cd_identificador_tipo_equipamento":45,"nm_tipo_equipamento":"Unidade Básica de Saúde","tx_tipo_equipamento":"Atendimento básico em Pediatria, Ginecologia, Clínica Geral, Enfermagem e Odontologia. Principais serviços oferecidos: consultas médicas, inalações, injeções, curativos, vacinas, coleta de exames laboratoriais, tratamento odontológico, encaminhamentos par","cd_identificador_classe_equipamento":5,"nm_classe_equipamento":"UBS/POSTO DE SAÚDE/CENTRO DE SAÚDE","tx_classe_equipamento":"O PRIMEIRO CONTATO DO PACIENTE COM O SUS.","cd_identificador_esfera_administrativa_equipamento":1,"nm_esfera_administrativa_equipamento":"Municipal","tx_esfera_administrativa_equipamento":"Administração municipal","cd_equipamento":"693","nm_equipamento":"UBS JARDIM EDITE - GERONCIO HENRIQUE NETO","tx_endereco_equipamento":"R. CHARLES COULOMB, 80","nm_bairro_equipamento":"CIDADE MONÇÕES","cd_cep_equipamento":"04576-030","tx_horario_funcionamento":null,"tx_numero_telefone":"4329-8860 / 4329-8861","cd_equipamento_base_origem":null}},{"type":"Feature","id":"equipamento_saude_ubs_posto_centro_v2.120694","geometry":{"type":"Point","coordinates":[317990.893,7382857.645]},"geometry_name":"ge_ponto","properties":{"cd_identificador":120694,"cd_identificador_tema_equipamento":6,"nm_tema_equipamento":"SAUDE","cd_identificador_rede_equipamento":0,"nm_rede_equipamento":"SEM REDE","tx_rede_equipamento":"Sem descrição","cd_identificador_tipo_equipamento":45,"nm_tipo_equipamento":"Unidade Básica de Saúde","tx_tipo_equipamento":"Atendimento básico em Pediatria, Ginecologia, Clínica Geral, Enfermagem e Odontologia. Principais serviços oferecidos: consultas médicas, inalações, injeções, curativos, vacinas, coleta de exames laboratoriais, tratamento odontológico, encaminhamentos par","cd_identificador_classe_equipamento":5,"nm_classe_equipamento":"UBS/POSTO DE SAÚDE/CENTRO DE SAÚDE","tx_classe_equipamento":"O PRIMEIRO CONTATO DO PACIENTE COM O SUS.","cd_identificador_esfera_administrativa_equipamento":1,"nm_esfera_administrativa_equipamento":"Municipal","tx_esfera_administrativa_equipamento":"Administração municipal","cd_equipamento":"90","nm_equipamento":"UBS JARDIM ELEDY","tx_endereco_equipamento":"R. SEBASTIAO ADVINCULA CUNHA, 470","nm_bairro_equipamento":"JARDIM ELEDY","cd_cep_equipamento":"05856-140","tx_horario_funcionamento":null,"tx_numero_telefone":"5821-4302","cd_equipamento_base_origem":null}},{"type":"Feature","id":"equipamento_saude_ubs_posto_centro_v2.120695","geometry":{"type":"Point","coordinates":[329735.964,7372010.757]},"geometry_name":"ge_ponto","properties":{"cd_identificador":120695,"cd_identificador_tema_equipamento":6,"nm_tema_equipamento":"SAUDE","cd_identificador_rede_equipamento":0,"nm_rede_equipamento":"SEM REDE","tx_rede_equipamento":"Sem descrição","cd_identificador_tipo_equipamento":45,"nm_tipo_equipamento":"Unidade Básica de Saúde","tx_tipo_equipamento":"Atendimento básico em Pediatria, Ginecologia, Clínica Geral, Enfermagem e Odontologia. Principais serviços oferecidos: consultas médicas, inalações, injeções, curativos, vacinas, coleta de exames laboratoriais, tratamento odontológico, encaminhamentos par","cd_identificador_classe_equipamento":5,"nm_classe_equipamento":"UBS/POSTO DE SAÚDE/CENTRO DE SAÚDE","tx_classe_equipamento":"O PRIMEIRO CONTATO DO PACIENTE COM O SUS.","cd_identificador_esfera_administrativa_equipamento":1,"nm_esfera_administrativa_equipamento":"Municipal","tx_esfera_administrativa_equipamento":"Administração municipal","cd_equipamento":"146","nm_equipamento":"UBS JARDIM ELIANE","tx_endereco_equipamento":"R. HENRY ARTHUR JONES, 201","nm_bairro_equipamento":"JD ELIANA","cd_cep_equipamento":"04851-002","tx_horario_funcionamento":null,"tx_numero_telefone":"5931-5240","cd_equipamento_base_origem":null}},{"type":"Feature","id":"equipamento_saude_ubs_posto_centro_v2.120696","geometry":{"type":"Point","coordinates":[327837.206,7404974.049]},"geometry_name":"ge_ponto","properties":{"cd_identificador":120696,"cd_identificador_tema_equipamento":6,"nm_tema_equipamento":"SAUDE","cd_identificador_rede_equipamento":0,"nm_rede_equipamento":"SEM REDE","tx_rede_equipamento":"Sem descrição","cd_identificador_tipo_equipamento":45,"nm_tipo_equipamento":"Unidade Básica de Saúde","tx_tipo_equipamento":"Atendimento básico em Pediatria, Ginecologia, Clínica Geral, Enfermagem e Odontologia. Principais serviços oferecidos: consultas médicas, inalações, injeções, curativos, vacinas, coleta de exames laboratoriais, tratamento odontológico, encaminhamentos par","cd_identificador_classe_equipamento":5,"nm_classe_equipamento":"UBS/POSTO DE SAÚDE/CENTRO DE SAÚDE","tx_classe_equipamento":"O PRIMEIRO CONTATO DO PACIENTE COM O SUS.","cd_identificador_esfera_administrativa_equipamento":1,"nm_esfera_administrativa_equipamento":"Municipal","tx_esfera_administrativa_equipamento":"Administração municipal","cd_equipamento":"271","nm_equipamento":"UBS JARDIM ELISA MARIA I","tx_endereco_equipamento":"R.ROMULO NALDI, 57","nm_bairro_equipamento":"JARDIM ELISA MARIA","cd_cep_equipamento":"02873-250","tx_horario_funcionamento":null,"tx_numero_telefone":"3851-4684","cd_equipamento_base_origem":null}},{"type":"Feature","id":"equipamento_saude_ubs_posto_centro_v2.120697","geometry":{"type":"Point","coordinates":[322655.819,7357903.623]},"geometry_name":"ge_ponto","properties":{"cd_identificador":120697,"cd_identificador_tema_equipamento":6,"nm_tema_equipamento":"SAUDE","cd_identificador_rede_equipamento":0,"nm_rede_equipamento":"SEM REDE","tx_rede_equipamento":"Sem descrição","cd_identificador_tipo_equipamento":45,"nm_tipo_equipamento":"Unidade Básica de Saúde","tx_tipo_equipamento":"Atendimento básico em Pediatria, Ginecologia, Clínica Geral, Enfermagem e Odontologia. Principais serviços oferecidos: consultas médicas, inalações, injeções, curativos, vacinas, coleta de exames laboratoriais, tratamento odontológico, encaminhamentos par","cd_identificador_classe_equipamento":5,"nm_classe_equipamento":"UBS/POSTO DE SAÚDE/CENTRO DE SAÚDE","tx_classe_equipamento":"O PRIMEIRO CONTATO DO PACIENTE COM O SUS.","cd_identificador_esfera_administrativa_equipamento":1,"nm_esfera_administrativa_equipamento":"Municipal","tx_esfera_administrativa_equipamento":"Administração municipal","cd_equipamento":"607","nm_equipamento":"UBS JARDIM EMBURA","tx_endereco_equipamento":"ESTRADA BENEDITO SCHUNCK, 8","nm_bairro_equipamento":"JD EMBURA","cd_cep_equipamento":"04893-050","tx_horario_funcionamento":null,"tx_numero_telefone":"5975-2192","cd_equipamento_base_origem":null}},{"type":"Feature","id":"equipamento_saude_ubs_posto_centro_v2.120698","geometry":{"type":"Point","coordinates":[354870.725,7397046.744]},"geometry_name":"ge_ponto","properties":{"cd_identificador":120698,"cd_identificador_tema_equipamento":6,"nm_tema_equipamento":"SAUDE","cd_identificador_rede_equipamento":0,"nm_rede_equipamento":"SEM REDE","tx_rede_equipamento":"Sem descrição","cd_identificador_tipo_equipamento":45,"nm_tipo_equipamento":"Unidade Básica de Saúde","tx_tipo_equipamento":"Atendimento básico em Pediatria, Ginecologia, Clínica Geral, Enfermagem e Odontologia. Principais serviços oferecidos: consultas médicas, inalações, injeções, curativos, vacinas, coleta de exames laboratoriais, tratamento odontológico, encaminhamentos par","cd_identificador_classe_equipamento":5,"nm_classe_equipamento":"UBS/POSTO DE SAÚDE/CENTRO DE SAÚDE","tx_classe_equipamento":"O PRIMEIRO CONTATO DO PACIENTE COM O SUS.","cd_identificador_esfera_administrativa_equipamento":1,"nm_esfera_administrativa_equipamento":"Municipal","tx_esfera_administrativa_equipamento":"Administração municipal","cd_equipamento":"326","nm_equipamento":"UBS JARDIM ETELVINA","tx_endereco_equipamento":"R. MANUEL TEODORO XAVIER, 138","nm_bairro_equipamento":"GUAIANASES","cd_cep_equipamento":"08430-570","tx_horario_funcionamento":null,"tx_numero_telefone":"2035-1756","cd_equipamento_base_origem":null}},{"type":"Feature","id":"equipamento_saude_ubs_posto_centro_v2.120699","geometry":{"type":"Point","coordinates":[357509.386,7395211.438]},"geometry_name":"ge_ponto","properties":{"cd_identificador":120699,"cd_identificador_tema_equipamento":6,"nm_tema_equipamento":"SAUDE","cd_identificador_rede_equipamento":0,"nm_rede_equipamento":"SEM REDE","tx_rede_equipamento":"Sem descrição","cd_identificador_tipo_equipamento":45,"nm_tipo_equipamento":"Unidade Básica de Saúde","tx_tipo_equipamento":"Atendimento básico em Pediatria, Ginecologia, Clínica Geral, Enfermagem e Odontologia. Principais serviços oferecidos: consultas médicas, inalações, injeções, curativos, vacinas, coleta de exames laboratoriais, tratamento odontológico, encaminhamentos par","cd_identificador_classe_equipamento":5,"nm_classe_equipamento":"UBS/POSTO DE SAÚDE/CENTRO DE SAÚDE","tx_classe_equipamento":"O PRIMEIRO CONTATO DO PACIENTE COM O SUS.","cd_identificador_esfera_administrativa_equipamento":1,"nm_esfera_administrativa_equipamento":"Municipal","tx_esfera_administrativa_equipamento":"Administração municipal","cd_equipamento":"331","nm_equipamento":"UBS JARDIM FANGANIELLO","tx_endereco_equipamento":"R. FRANCISCO NUNES CUBAS, 60","nm_bairro_equipamento":"LAJEADO","cd_cep_equipamento":"08450-460","tx_horario_funcionamento":null,"tx_numero_telefone":"2557-6698","cd_equipamento_base_origem":null}},{"type":"Feature","id":"equipamento_saude_ubs_posto_centro_v2.120700","geometry":{"type":"Point","coordinates":[339102.585,7407872.596]},"geometry_name":"ge_ponto","properties":{"cd_identificador":120700,"cd_identificador_tema_equipamento":6,"nm_tema_equipamento":"SAUDE","cd_identificador_rede_equipamento":0,"nm_rede_equipamento":"SEM REDE","tx_rede_equipamento":"Sem descrição","cd_identificador_tipo_equipamento":45,"nm_tipo_equipamento":"Unidade Básica de Saúde","tx_tipo_equipamento":"Atendimento básico em Pediatria, Ginecologia, Clínica Geral, Enfermagem e Odontologia. Principais serviços oferecidos: consultas médicas, inalações, injeções, curativos, vacinas, coleta de exames laboratoriais, tratamento odontológico, encaminhamentos par","cd_identificador_classe_equipamento":5,"nm_classe_equipamento":"UBS/POSTO DE SAÚDE/CENTRO DE SAÚDE","tx_classe_equipamento":"O PRIMEIRO CONTATO DO PACIENTE COM O SUS.","cd_identificador_esfera_administrativa_equipamento":1,"nm_esfera_administrativa_equipamento":"Municipal","tx_esfera_administrativa_equipamento":"Administração municipal","cd_equipamento":"490","nm_equipamento":"UBS JARDIM FLOR DE MAIO","tx_endereco_equipamento":"AV. NOVA PAULISTA, 561","nm_bairro_equipamento":"JARDIM FLOR DE MAIO","cd_cep_equipamento":"02363-000","tx_horario_funcionamento":null,"tx_numero_telefone":"2206-8720","cd_equipamento_base_origem":null}},{"type":"Feature","id":"equipamento_saude_ubs_posto_centro_v2.120701","geometry":{"type":"Point","coordinates":[339474.158,7407010.607]},"geometry_name":"ge_ponto","properties":{"cd_identificador":120701,"cd_identificador_tema_equipamento":6,"nm_tema_equipamento":"SAUDE","cd_identificador_rede_equipamento":0,"nm_rede_equipamento":"SEM REDE","tx_rede_equipamento":"Sem descrição","cd_identificador_tipo_equipamento":45,"nm_tipo_equipamento":"Unidade Básica de Saúde","tx_tipo_equipamento":"Atendimento básico em Pediatria, Ginecologia, Clínica Geral, Enfermagem e Odontologia. Principais serviços oferecidos: consultas médicas, inalações, injeções, curativos, vacinas, coleta de exames laboratoriais, tratamento odontológico, encaminhamentos par","cd_identificador_classe_equipamento":5,"nm_classe_equipamento":"UBS/POSTO DE SAÚDE/CENTRO DE SAÚDE","tx_classe_equipamento":"O PRIMEIRO CONTATO DO PACIENTE COM O SUS.","cd_identificador_esfera_administrativa_equipamento":1,"nm_esfera_administrativa_equipamento":"Municipal","tx_esfera_administrativa_equipamento":"Administração municipal","cd_equipamento":"491","nm_equipamento":"UBS JARDIM FONTALIS","tx_endereco_equipamento":"R. MOTA, 5","nm_bairro_equipamento":"JARDIM MARTINS SILVA","cd_cep_equipamento":"02323-035","tx_horario_funcionamento":null,"tx_numero_telefone":"2206-9000","cd_equipamento_base_origem":null}},{"type":"Feature","id":"equipamento_saude_ubs_posto_centro_v2.120702","geometry":{"type":"Point","coordinates":[320518.861,7382950.057]},"geometry_name":"ge_ponto","properties":{"cd_identificador":120702,"cd_identificador_tema_equipamento":6,"nm_tema_equipamento":"SAUDE","cd_identificador_rede_equipamento":0,"nm_rede_equipamento":"SEM REDE","tx_rede_equipamento":"Sem descrição","cd_identificador_tipo_equipamento":45,"nm_tipo_equipamento":"Unidade Básica de Saúde","tx_tipo_equipamento":"Atendimento básico em Pediatria, Ginecologia, Clínica Geral, Enfermagem e Odontologia. Principais serviços oferecidos: consultas médicas, inalações, injeções, curativos, vacinas, coleta de exames laboratoriais, tratamento odontológico, encaminhamentos par","cd_identificador_classe_equipamento":5,"nm_classe_equipamento":"UBS/POSTO DE SAÚDE/CENTRO DE SAÚDE","tx_classe_equipamento":"O PRIMEIRO CONTATO DO PACIENTE COM O SUS.","cd_identificador_esfera_administrativa_equipamento":1,"nm_esfera_administrativa_equipamento":"Municipal","tx_esfera_administrativa_equipamento":"Administração municipal","cd_equipamento":"84","nm_equipamento":"UBS JARDIM GERMANIA","tx_endereco_equipamento":"ESTRADA DE ITAPECERICA, 3025","nm_bairro_equipamento":"VILA MARACANÃ","cd_cep_equipamento":"05835-005","tx_horario_funcionamento":null,"tx_numero_telefone":"5511-1761","cd_equipamento_base_origem":null}},{"type":"Feature","id":"equipamento_saude_ubs_posto_centro_v2.120703","geometry":{"type":"Point","coordinates":[342879.861,7389238.456]},"geometry_name":"ge_ponto","properties":{"cd_identificador":120703,"cd_identificador_tema_equipamento":6,"nm_tema_equipamento":"SAUDE","cd_identificador_rede_equipamento":0,"nm_rede_equipamento":"SEM REDE","tx_rede_equipamento":"Sem descrição","cd_identificador_tipo_equipamento":45,"nm_tipo_equipamento":"Unidade Básica de Saúde","tx_tipo_equipamento":"Atendimento básico em Pediatria, Ginecologia, Clínica Geral, Enfermagem e Odontologia. Principais serviços oferecidos: consultas médicas, inalações, injeções, curativos, vacinas, coleta de exames laboratoriais, tratamento odontológico, encaminhamentos par","cd_identificador_classe_equipamento":5,"nm_classe_equipamento":"UBS/POSTO DE SAÚDE/CENTRO DE SAÚDE","tx_classe_equipamento":"O PRIMEIRO CONTATO DO PACIENTE COM O SUS.","cd_identificador_esfera_administrativa_equipamento":1,"nm_esfera_administrativa_equipamento":"Municipal","tx_esfera_administrativa_equipamento":"Administração municipal","cd_equipamento":"1051","nm_equipamento":"UBS JARDIM GUAIRACÁ","tx_endereco_equipamento":"R. ERVA IMPERIAL, 501","nm_bairro_equipamento":"JD GUAIRACÁ","cd_cep_equipamento":"03244-030","tx_horario_funcionamento":null,"tx_numero_telefone":"2301-1339","cd_equipamento_base_origem":null}},{"type":"Feature","id":"equipamento_saude_ubs_posto_centro_v2.120704","geometry":{"type":"Point","coordinates":[326303.462,7400840.001]},"geometry_name":"ge_ponto","properties":{"cd_identificador":120704,"cd_identificador_tema_equipamento":6,"nm_tema_equipamento":"SAUDE","cd_identificador_rede_equipamento":0,"nm_rede_equipamento":"SEM REDE","tx_rede_equipamento":"Sem descrição","cd_identificador_tipo_equipamento":45,"nm_tipo_equipamento":"Unidade Básica de Saúde","tx_tipo_equipamento":"Atendimento básico em Pediatria, Ginecologia, Clínica Geral, Enfermagem e Odontologia. Principais serviços oferecidos: consultas médicas, inalações, injeções, curativos, vacinas, coleta de exames laboratoriais, tratamento odontológico, encaminhamentos par","cd_identificador_classe_equipamento":5,"nm_classe_equipamento":"UBS/POSTO DE SAÚDE/CENTRO DE SAÚDE","tx_classe_equipamento":"O PRIMEIRO CONTATO DO PACIENTE COM O SUS.","cd_identificador_esfera_administrativa_equipamento":1,"nm_esfera_administrativa_equipamento":"Municipal","tx_esfera_administrativa_equipamento":"Administração municipal","cd_equipamento":"303","nm_equipamento":"UBS JARDIM GUANABARA","tx_endereco_equipamento":"AV. MINISTRO PETRÔNIO PORTELA, 663","nm_bairro_equipamento":"FREGUESIA DO Ó","cd_cep_equipamento":"02959-000","tx_horario_funcionamento":null,"tx_numero_telefone":"3975-2134","cd_equipamento_base_origem":null}},{"type":"Feature","id":"equipamento_saude_ubs_posto_centro_v2.120705","geometry":{"type":"Point","coordinates":[327249.803,7404268.185]},"geometry_name":"ge_ponto","properties":{"cd_identificador":120705,"cd_identificador_tema_equipamento":6,"nm_tema_equipamento":"SAUDE","cd_identificador_rede_equipamento":0,"nm_rede_equipamento":"SEM REDE","tx_rede_equipamento":"Sem descrição","cd_identificador_tipo_equipamento":45,"nm_tipo_equipamento":"Unidade Básica de Saúde","tx_tipo_equipamento":"Atendimento básico em Pediatria, Ginecologia, Clínica Geral, Enfermagem e Odontologia. Principais serviços oferecidos: consultas médicas, inalações, injeções, curativos, vacinas, coleta de exames laboratoriais, tratamento odontológico, encaminhamentos par","cd_identificador_classe_equipamento":5,"nm_classe_equipamento":"UBS/POSTO DE SAÚDE/CENTRO DE SAÚDE","tx_classe_equipamento":"O PRIMEIRO CONTATO DO PACIENTE COM O SUS.","cd_identificador_esfera_administrativa_equipamento":1,"nm_esfera_administrativa_equipamento":"Municipal","tx_esfera_administrativa_equipamento":"Administração municipal","cd_equipamento":"274","nm_equipamento":"UBS JARDIM GUARANI","tx_endereco_equipamento":"R. SANTANA DO ARAÇUAÍ, 160","nm_bairro_equipamento":"BRASILÂNDIA","cd_cep_equipamento":"02849-130","tx_horario_funcionamento":null,"tx_numero_telefone":"3921-6385","cd_equipamento_base_origem":null}},{"type":"Feature","id":"equipamento_saude_ubs_posto_centro_v2.120706","geometry":{"type":"Point","coordinates":[317691.295,7378676.566]},"geometry_name":"ge_ponto","properties":{"cd_identificador":120706,"cd_identificador_tema_equipamento":6,"nm_tema_equipamento":"SAUDE","cd_identificador_rede_equipamento":0,"nm_rede_equipamento":"SEM REDE","tx_rede_equipamento":"Sem descrição","cd_identificador_tipo_equipamento":45,"nm_tipo_equipamento":"Unidade Básica de Saúde","tx_tipo_equipamento":"Atendimento básico em Pediatria, Ginecologia, Clínica Geral, Enfermagem e Odontologia. Principais serviços oferecidos: consultas médicas, inalações, injeções, curativos, vacinas, coleta de exames laboratoriais, tratamento odontológico, encaminhamentos par","cd_identificador_classe_equipamento":5,"nm_classe_equipamento":"UBS/POSTO DE SAÚDE/CENTRO DE SAÚDE","tx_classe_equipamento":"O PRIMEIRO CONTATO DO PACIENTE COM O SUS.","cd_identificador_esfera_administrativa_equipamento":1,"nm_esfera_administrativa_equipamento":"Municipal","tx_esfera_administrativa_equipamento":"Administração municipal","cd_equipamento":"523","nm_equipamento":"UBS JARDIM GUARUJÁ","tx_endereco_equipamento":"R. JOÃO DE ALMADA, 25","nm_bairro_equipamento":"JARDIM GUARUJA","cd_cep_equipamento":"05875-300","tx_horario_funcionamento":null,"tx_numero_telefone":"4215-0098","cd_equipamento_base_origem":null}},{"type":"Feature","id":"equipamento_saude_ubs_posto_centro_v2.120707","geometry":{"type":"Point","coordinates":[355526.817,7402712.637]},"geometry_name":"ge_ponto","properties":{"cd_identificador":120707,"cd_identificador_tema_equipamento":6,"nm_tema_equipamento":"SAUDE","cd_identificador_rede_equipamento":0,"nm_rede_equipamento":"SEM REDE","tx_rede_equipamento":"Sem descrição","cd_identificador_tipo_equipamento":45,"nm_tipo_equipamento":"Unidade Básica de Saúde","tx_tipo_equipamento":"Atendimento básico em Pediatria, Ginecologia, Clínica Geral, Enfermagem e Odontologia. Principais serviços oferecidos: consultas médicas, inalações, injeções, curativos, vacinas, coleta de exames laboratoriais, tratamento odontológico, encaminhamentos par","cd_identificador_classe_equipamento":5,"nm_classe_equipamento":"UBS/POSTO DE SAÚDE/CENTRO DE SAÚDE","tx_classe_equipamento":"O PRIMEIRO CONTATO DO PACIENTE COM O SUS.","cd_identificador_esfera_administrativa_equipamento":1,"nm_esfera_administrativa_equipamento":"Municipal","tx_esfera_administrativa_equipamento":"Administração municipal","cd_equipamento":"864","nm_equipamento":"UBS JARDIM HELENA","tx_endereco_equipamento":"R. KUMAKI AOKI, 1390","nm_bairro_equipamento":"JARDIM HELENA","cd_cep_equipamento":"08090-370","tx_horario_funcionamento":null,"tx_numero_telefone":"2581-1661 / 2586-3812","cd_equipamento_base_origem":null}},{"type":"Feature","id":"equipamento_saude_ubs_posto_centro_v2.120708","geometry":{"type":"Point","coordinates":[319308.994,7384364.588]},"geometry_name":"ge_ponto","properties":{"cd_identificador":120708,"cd_identificador_tema_equipamento":6,"nm_tema_equipamento":"SAUDE","cd_identificador_rede_equipamento":0,"nm_rede_equipamento":"SEM REDE","tx_rede_equipamento":"Sem descrição","cd_identificador_tipo_equipamento":45,"nm_tipo_equipamento":"Unidade Básica de Saúde","tx_tipo_equipamento":"Atendimento básico em Pediatria, Ginecologia, Clínica Geral, Enfermagem e Odontologia. Principais serviços oferecidos: consultas médicas, inalações, injeções, curativos, vacinas, coleta de exames laboratoriais, tratamento odontológico, encaminhamentos par","cd_identificador_classe_equipamento":5,"nm_classe_equipamento":"UBS/POSTO DE SAÚDE/CENTRO DE SAÚDE","tx_classe_equipamento":"O PRIMEIRO CONTATO DO PACIENTE COM O SUS.","cd_identificador_esfera_administrativa_equipamento":1,"nm_esfera_administrativa_equipamento":"Municipal","tx_esfera_administrativa_equipamento":"Administração municipal","cd_equipamento":"57","nm_equipamento":"UBS JARDIM HELGA","tx_endereco_equipamento":"R. THOMAS DE ARAUJO, 53","nm_bairro_equipamento":"JARDIM HELGA","cd_cep_equipamento":"05794-380","tx_horario_funcionamento":null,"tx_numero_telefone":"5842-2956 / 5842-2399","cd_equipamento_base_origem":null}},{"type":"Feature","id":"equipamento_saude_ubs_posto_centro_v2.120709","geometry":{"type":"Point","coordinates":[351381.842,7391852.002]},"geometry_name":"ge_ponto","properties":{"cd_identificador":120709,"cd_identificador_tema_equipamento":6,"nm_tema_equipamento":"SAUDE","cd_identificador_rede_equipamento":0,"nm_rede_equipamento":"SEM REDE","tx_rede_equipamento":"Sem descrição","cd_identificador_tipo_equipamento":45,"nm_tipo_equipamento":"Unidade Básica de Saúde","tx_tipo_equipamento":"Atendimento básico em Pediatria, Ginecologia, Clínica Geral, Enfermagem e Odontologia. Principais serviços oferecidos: consultas médicas, inalações, injeções, curativos, vacinas, coleta de exames laboratoriais, tratamento odontológico, encaminhamentos par","cd_identificador_classe_equipamento":5,"nm_classe_equipamento":"UBS/POSTO DE SAÚDE/CENTRO DE SAÚDE","tx_classe_equipamento":"O PRIMEIRO CONTATO DO PACIENTE COM O SUS.","cd_identificador_esfera_administrativa_equipamento":1,"nm_esfera_administrativa_equipamento":"Municipal","tx_esfera_administrativa_equipamento":"Administração municipal","cd_equipamento":"449","nm_equipamento":"UBS JARDIM HELIAN","tx_endereco_equipamento":"R. JOÃO BARREIROS, 22","nm_bairro_equipamento":"JARDIM HELIAN","cd_cep_equipamento":"08265-130","tx_horario_funcionamento":null,"tx_numero_telefone":"2521-7615","cd_equipamento_base_origem":null}},{"type":"Feature","id":"equipamento_saude_ubs_posto_centro_v2.120710","geometry":{"type":"Point","coordinates":[320786.116,7378731.893]},"geometry_name":"ge_ponto","properties":{"cd_identificador":120710,"cd_identificador_tema_equipamento":6,"nm_tema_equipamento":"SAUDE","cd_identificador_rede_equipamento":0,"nm_rede_equipamento":"SEM REDE","tx_rede_equipamento":"Sem descrição","cd_identificador_tipo_equipamento":45,"nm_tipo_equipamento":"Unidade Básica de Saúde","tx_tipo_equipamento":"Atendimento básico em Pediatria, Ginecologia, Clínica Geral, Enfermagem e Odontologia. Principais serviços oferecidos: consultas médicas, inalações, injeções, curativos, vacinas, coleta de exames laboratoriais, tratamento odontológico, encaminhamentos par","cd_identificador_classe_equipamento":5,"nm_classe_equipamento":"UBS/POSTO DE SAÚDE/CENTRO DE SAÚDE","tx_classe_equipamento":"O PRIMEIRO CONTATO DO PACIENTE COM O SUS.","cd_identificador_esfera_administrativa_equipamento":1,"nm_esfera_administrativa_equipamento":"Municipal","tx_esfera_administrativa_equipamento":"Administração municipal","cd_equipamento":"540","nm_equipamento":"UBS JARDIM HERCULANO","tx_endereco_equipamento":"R. INACIO LIMAS, 11","nm_bairro_equipamento":"JD HERCULANO","cd_cep_equipamento":"04920-050","tx_horario_funcionamento":null,"tx_numero_telefone":"5898-5898","cd_equipamento_base_origem":null}},{"type":"Feature","id":"equipamento_saude_ubs_posto_centro_v2.120711","geometry":{"type":"Point","coordinates":[326735.095,7403874.482]},"geometry_name":"ge_ponto","properties":{"cd_identificador":120711,"cd_identificador_tema_equipamento":6,"nm_tema_equipamento":"SAUDE","cd_identificador_rede_equipamento":0,"nm_rede_equipamento":"SEM REDE","tx_rede_equipamento":"Sem descrição","cd_identificador_tipo_equipamento":45,"nm_tipo_equipamento":"Unidade Básica de Saúde","tx_tipo_equipamento":"Atendimento básico em Pediatria, Ginecologia, Clínica Geral, Enfermagem e Odontologia. Principais serviços oferecidos: consultas médicas, inalações, injeções, curativos, vacinas, coleta de exames laboratoriais, tratamento odontológico, encaminhamentos par","cd_identificador_classe_equipamento":5,"nm_classe_equipamento":"UBS/POSTO DE SAÚDE/CENTRO DE SAÚDE","tx_classe_equipamento":"O PRIMEIRO CONTATO DO PACIENTE COM O SUS.","cd_identificador_esfera_administrativa_equipamento":1,"nm_esfera_administrativa_equipamento":"Municipal","tx_esfera_administrativa_equipamento":"Administração municipal","cd_equipamento":"272","nm_equipamento":"UBS JARDIM ICARAÍ BRASILÂNDIA - DR DANIEL ALVES GRANGEIRO","tx_endereco_equipamento":"R. ALMIR DEHAR, 201","nm_bairro_equipamento":"BRASILÂNDIA","cd_cep_equipamento":"02846-000","tx_horario_funcionamento":null,"tx_numero_telefone":"3921-0818","cd_equipamento_base_origem":null}},{"type":"Feature","id":"equipamento_saude_ubs_posto_centro_v2.120712","geometry":{"type":"Point","coordinates":[326156.369,7372834.731]},"geometry_name":"ge_ponto","properties":{"cd_identificador":120712,"cd_identificador_tema_equipamento":6,"nm_tema_equipamento":"SAUDE","cd_identificador_rede_equipamento":0,"nm_rede_equipamento":"SEM REDE","tx_rede_equipamento":"Sem descrição","cd_identificador_tipo_equipamento":45,"nm_tipo_equipamento":"Unidade Básica de Saúde","tx_tipo_equipamento":"Atendimento básico em Pediatria, Ginecologia, Clínica Geral, Enfermagem e Odontologia. Principais serviços oferecidos: consultas médicas, inalações, injeções, curativos, vacinas, coleta de exames laboratoriais, tratamento odontológico, encaminhamentos par","cd_identificador_classe_equipamento":5,"nm_classe_equipamento":"UBS/POSTO DE SAÚDE/CENTRO DE SAÚDE","tx_classe_equipamento":"O PRIMEIRO CONTATO DO PACIENTE COM O SUS.","cd_identificador_esfera_administrativa_equipamento":1,"nm_esfera_administrativa_equipamento":"Municipal","tx_esfera_administrativa_equipamento":"Administração municipal","cd_equipamento":"122","nm_equipamento":"UBS JARDIM ICARAI QUINTANA","tx_endereco_equipamento":"R. GERMANO DE MAGALHAES, 41","nm_bairro_equipamento":"JARDIM ICARAI","cd_cep_equipamento":"04837-200","tx_horario_funcionamento":null,"tx_numero_telefone":"5925-2222","cd_equipamento_base_origem":null}},{"type":"Feature","id":"equipamento_saude_ubs_posto_centro_v2.120713","geometry":{"type":"Point","coordinates":[357272.565,7398707.196]},"geometry_name":"ge_ponto","properties":{"cd_identificador":120713,"cd_identificador_tema_equipamento":6,"nm_tema_equipamento":"SAUDE","cd_identificador_rede_equipamento":0,"nm_rede_equipamento":"SEM REDE","tx_rede_equipamento":"Sem descrição","cd_identificador_tipo_equipamento":45,"nm_tipo_equipamento":"Unidade Básica de Saúde","tx_tipo_equipamento":"Atendimento básico em Pediatria, Ginecologia, Clínica Geral, Enfermagem e Odontologia. Principais serviços oferecidos: consultas médicas, inalações, injeções, curativos, vacinas, coleta de exames laboratoriais, tratamento odontológico, encaminhamentos par","cd_identificador_classe_equipamento":5,"nm_classe_equipamento":"UBS/POSTO DE SAÚDE/CENTRO DE SAÚDE","tx_classe_equipamento":"O PRIMEIRO CONTATO DO PACIENTE COM O SUS.","cd_identificador_esfera_administrativa_equipamento":1,"nm_esfera_administrativa_equipamento":"Municipal","tx_esfera_administrativa_equipamento":"Administração municipal","cd_equipamento":"381","nm_equipamento":"UBS JARDIM INDAIÁ","tx_endereco_equipamento":"R. ANTONIO LEME DA GUERRA, 182","nm_bairro_equipamento":"ITAIM PAULISTA","cd_cep_equipamento":"08141-130","tx_horario_funcionamento":null,"tx_numero_telefone":"2561-7904","cd_equipamento_base_origem":null}},{"type":"Feature","id":"equipamento_saude_ubs_posto_centro_v2.120714","geometry":{"type":"Point","coordinates":[325507.82,7368716.429]},"geometry_name":"ge_ponto","properties":{"cd_identificador":120714,"cd_identificador_tema_equipamento":6,"nm_tema_equipamento":"SAUDE","cd_identificador_rede_equipamento":0,"nm_rede_equipamento":"SEM REDE","tx_rede_equipamento":"Sem descrição","cd_identificador_tipo_equipamento":45,"nm_tipo_equipamento":"Unidade Básica de Saúde","tx_tipo_equipamento":"Atendimento básico em Pediatria, Ginecologia, Clínica Geral, Enfermagem e Odontologia. Principais serviços oferecidos: consultas médicas, inalações, injeções, curativos, vacinas, coleta de exames laboratoriais, tratamento odontológico, encaminhamentos par","cd_identificador_classe_equipamento":5,"nm_classe_equipamento":"UBS/POSTO DE SAÚDE/CENTRO DE SAÚDE","tx_classe_equipamento":"O PRIMEIRO CONTATO DO PACIENTE COM O SUS.","cd_identificador_esfera_administrativa_equipamento":1,"nm_esfera_administrativa_equipamento":"Municipal","tx_esfera_administrativa_equipamento":"Administração municipal","cd_equipamento":"628","nm_equipamento":"UBS JARDIM IPORÃ","tx_endereco_equipamento":"R. FORTE DE VILA BELA, 29","nm_bairro_equipamento":"JARDIM IPORÃ","cd_cep_equipamento":"04865-170","tx_horario_funcionamento":null,"tx_numero_telefone":"5922-3053","cd_equipamento_base_origem":null}},{"type":"Feature","id":"equipamento_saude_ubs_posto_centro_v2.120715","geometry":{"type":"Point","coordinates":[346950.139,7390352.611]},"geometry_name":"ge_ponto","properties":{"cd_identificador":120715,"cd_identificador_tema_equipamento":6,"nm_tema_equipamento":"SAUDE","cd_identificador_rede_equipamento":0,"nm_rede_equipamento":"SEM REDE","tx_rede_equipamento":"Sem descrição","cd_identificador_tipo_equipamento":45,"nm_tipo_equipamento":"Unidade Básica de Saúde","tx_tipo_equipamento":"Atendimento básico em Pediatria, Ginecologia, Clínica Geral, Enfermagem e Odontologia. Principais serviços oferecidos: consultas médicas, inalações, injeções, curativos, vacinas, coleta de exames laboratoriais, tratamento odontológico, encaminhamentos par","cd_identificador_classe_equipamento":5,"nm_classe_equipamento":"UBS/POSTO DE SAÚDE/CENTRO DE SAÚDE","tx_classe_equipamento":"O PRIMEIRO CONTATO DO PACIENTE COM O SUS.","cd_identificador_esfera_administrativa_equipamento":1,"nm_esfera_administrativa_equipamento":"Municipal","tx_esfera_administrativa_equipamento":"Administração municipal","cd_equipamento":"848","nm_equipamento":"UBS JARDIM IV CENTENÁRIO","tx_endereco_equipamento":"R. CAMPO FLORIDO, 482","nm_bairro_equipamento":"JD IMPERADOR","cd_cep_equipamento":"03940-060","tx_horario_funcionamento":null,"tx_numero_telefone":"2721-4249","cd_equipamento_base_origem":null}},{"type":"Feature","id":"equipamento_saude_ubs_posto_centro_v2.120716","geometry":{"type":"Point","coordinates":[345236.275,7390985.411]},"geometry_name":"ge_ponto","properties":{"cd_identificador":120716,"cd_identificador_tema_equipamento":6,"nm_tema_equipamento":"SAUDE","cd_identificador_rede_equipamento":0,"nm_rede_equipamento":"SEM REDE","tx_rede_equipamento":"Sem descrição","cd_identificador_tipo_equipamento":45,"nm_tipo_equipamento":"Unidade Básica de Saúde","tx_tipo_equipamento":"Atendimento básico em Pediatria, Ginecologia, Clínica Geral, Enfermagem e Odontologia. Principais serviços oferecidos: consultas médicas, inalações, injeções, curativos, vacinas, coleta de exames laboratoriais, tratamento odontológico, encaminhamentos par","cd_identificador_classe_equipamento":5,"nm_classe_equipamento":"UBS/POSTO DE SAÚDE/CENTRO DE SAÚDE","tx_classe_equipamento":"O PRIMEIRO CONTATO DO PACIENTE COM O SUS.","cd_identificador_esfera_administrativa_equipamento":1,"nm_esfera_administrativa_equipamento":"Municipal","tx_esfera_administrativa_equipamento":"Administração municipal","cd_equipamento":"1","nm_equipamento":"UBS JARDIM IVA","tx_endereco_equipamento":"R. MIGUEL BASTOS SOARES, 55","nm_bairro_equipamento":"JD IVA","cd_cep_equipamento":"03910-000","tx_horario_funcionamento":null,"tx_numero_telefone":"2211-0884","cd_equipamento_base_origem":null}},{"type":"Feature","id":"equipamento_saude_ubs_posto_centro_v2.120717","geometry":{"type":"Point","coordinates":[337851.176,7399585.245]},"geometry_name":"ge_ponto","properties":{"cd_identificador":120717,"cd_identificador_tema_equipamento":6,"nm_tema_equipamento":"SAUDE","cd_identificador_rede_equipamento":0,"nm_rede_equipamento":"SEM REDE","tx_rede_equipamento":"Sem descrição","cd_identificador_tipo_equipamento":45,"nm_tipo_equipamento":"Unidade Básica de Saúde","tx_tipo_equipamento":"Atendimento básico em Pediatria, Ginecologia, Clínica Geral, Enfermagem e Odontologia. Principais serviços oferecidos: consultas médicas, inalações, injeções, curativos, vacinas, coleta de exames laboratoriais, tratamento odontológico, encaminhamentos par","cd_identificador_classe_equipamento":5,"nm_classe_equipamento":"UBS/POSTO DE SAÚDE/CENTRO DE SAÚDE","tx_classe_equipamento":"O PRIMEIRO CONTATO DO PACIENTE COM O SUS.","cd_identificador_esfera_administrativa_equipamento":1,"nm_esfera_administrativa_equipamento":"Municipal","tx_esfera_administrativa_equipamento":"Administração municipal","cd_equipamento":"1007","nm_equipamento":"UBS JARDIM JAPÃO","tx_endereco_equipamento":"R. SOBRAL JUNIOR, 452","nm_bairro_equipamento":"VILA MARIA ALTA","cd_cep_equipamento":"02130-020","tx_horario_funcionamento":null,"tx_numero_telefone":"3478-7351","cd_equipamento_base_origem":null}},{"type":"Feature","id":"equipamento_saude_ubs_posto_centro_v2.120718","geometry":{"type":"Point","coordinates":[321249.138,7389530.243]},"geometry_name":"ge_ponto","properties":{"cd_identificador":120718,"cd_identificador_tema_equipamento":6,"nm_tema_equipamento":"SAUDE","cd_identificador_rede_equipamento":0,"nm_rede_equipamento":"SEM REDE","tx_rede_equipamento":"Sem descrição","cd_identificador_tipo_equipamento":45,"nm_tipo_equipamento":"Unidade Básica de Saúde","tx_tipo_equipamento":"Atendimento básico em Pediatria, Ginecologia, Clínica Geral, Enfermagem e Odontologia. Principais serviços oferecidos: consultas médicas, inalações, injeções, curativos, vacinas, coleta de exames laboratoriais, tratamento odontológico, encaminhamentos par","cd_identificador_classe_equipamento":5,"nm_classe_equipamento":"UBS/POSTO DE SAÚDE/CENTRO DE SAÚDE","tx_classe_equipamento":"O PRIMEIRO CONTATO DO PACIENTE COM O SUS.","cd_identificador_esfera_administrativa_equipamento":1,"nm_esfera_administrativa_equipamento":"Municipal","tx_esfera_administrativa_equipamento":"Administração municipal","cd_equipamento":"53","nm_equipamento":"UBS JARDIM JAQUELINE","tx_endereco_equipamento":"R. BONIFÁCIO VERONESE, 10","nm_bairro_equipamento":"JARDIM JAQUELINE","cd_cep_equipamento":"05529-060","tx_horario_funcionamento":null,"tx_numero_telefone":"3751-1665","cd_equipamento_base_origem":null}},{"type":"Feature","id":"equipamento_saude_ubs_posto_centro_v2.120719","geometry":{"type":"Point","coordinates":[339872.864,7400667.101]},"geometry_name":"ge_ponto","properties":{"cd_identificador":120719,"cd_identificador_tema_equipamento":6,"nm_tema_equipamento":"SAUDE","cd_identificador_rede_equipamento":0,"nm_rede_equipamento":"SEM REDE","tx_rede_equipamento":"Sem descrição","cd_identificador_tipo_equipamento":45,"nm_tipo_equipamento":"Unidade Básica de Saúde","tx_tipo_equipamento":"Atendimento básico em Pediatria, Ginecologia, Clínica Geral, Enfermagem e Odontologia. Principais serviços oferecidos: consultas médicas, inalações, injeções, curativos, vacinas, coleta de exames laboratoriais, tratamento odontológico, encaminhamentos par","cd_identificador_classe_equipamento":5,"nm_classe_equipamento":"UBS/POSTO DE SAÚDE/CENTRO DE SAÚDE","tx_classe_equipamento":"O PRIMEIRO CONTATO DO PACIENTE COM O SUS.","cd_identificador_esfera_administrativa_equipamento":1,"nm_esfera_administrativa_equipamento":"Municipal","tx_esfera_administrativa_equipamento":"Administração municipal","cd_equipamento":"1009","nm_equipamento":"UBS JARDIM JULIETA","tx_endereco_equipamento":"R. BALTHAZAR FIDELIS, 258","nm_bairro_equipamento":"JARDIM GUANCÃ","cd_cep_equipamento":"02151-080","tx_horario_funcionamento":null,"tx_numero_telefone":"2201-3907","cd_equipamento_base_origem":null}},{"type":"Feature","id":"equipamento_saude_ubs_posto_centro_v2.120720","geometry":{"type":"Point","coordinates":[347002.986,7402042.004]},"geometry_name":"ge_ponto","properties":{"cd_identificador":120720,"cd_identificador_tema_equipamento":6,"nm_tema_equipamento":"SAUDE","cd_identificador_rede_equipamento":0,"nm_rede_equipamento":"SEM REDE","tx_rede_equipamento":"Sem descrição","cd_identificador_tipo_equipamento":45,"nm_tipo_equipamento":"Unidade Básica de Saúde","tx_tipo_equipamento":"Atendimento básico em Pediatria, Ginecologia, Clínica Geral, Enfermagem e Odontologia. Principais serviços oferecidos: consultas médicas, inalações, injeções, curativos, vacinas, coleta de exames laboratoriais, tratamento odontológico, encaminhamentos par","cd_identificador_classe_equipamento":5,"nm_classe_equipamento":"UBS/POSTO DE SAÚDE/CENTRO DE SAÚDE","tx_classe_equipamento":"O PRIMEIRO CONTATO DO PACIENTE COM O SUS.","cd_identificador_esfera_administrativa_equipamento":1,"nm_esfera_administrativa_equipamento":"Municipal","tx_esfera_administrativa_equipamento":"Administração municipal","cd_equipamento":"251","nm_equipamento":"UBS JARDIM KERALUX","tx_endereco_equipamento":"R. BATUIRA DO CAMPO, 51","nm_bairro_equipamento":"JARDIM KERALUX","cd_cep_equipamento":"03828-000","tx_horario_funcionamento":null,"tx_numero_telefone":"2546-6177","cd_equipamento_base_origem":null}},{"type":"Feature","id":"equipamento_saude_ubs_posto_centro_v2.120721","geometry":{"type":"Point","coordinates":[352005.781,7401788.975]},"geometry_name":"ge_ponto","properties":{"cd_identificador":120721,"cd_identificador_tema_equipamento":6,"nm_tema_equipamento":"SAUDE","cd_identificador_rede_equipamento":0,"nm_rede_equipamento":"SEM REDE","tx_rede_equipamento":"Sem descrição","cd_identificador_tipo_equipamento":45,"nm_tipo_equipamento":"Unidade Básica de Saúde","tx_tipo_equipamento":"Atendimento básico em Pediatria, Ginecologia, Clínica Geral, Enfermagem e Odontologia. Principais serviços oferecidos: consultas médicas, inalações, injeções, curativos, vacinas, coleta de exames laboratoriais, tratamento odontológico, encaminhamentos par","cd_identificador_classe_equipamento":5,"nm_classe_equipamento":"UBS/POSTO DE SAÚDE/CENTRO DE SAÚDE","tx_classe_equipamento":"O PRIMEIRO CONTATO DO PACIENTE COM O SUS.","cd_identificador_esfera_administrativa_equipamento":1,"nm_esfera_administrativa_equipamento":"Municipal","tx_esfera_administrativa_equipamento":"Administração municipal","cd_equipamento":"876","nm_equipamento":"UBS JARDIM LAPENNA","tx_endereco_equipamento":"R. SERRA DA JURUOCA, 367","nm_bairro_equipamento":"SÃO MIGUEL PAULISTA","cd_cep_equipamento":"08071-180","tx_horario_funcionamento":null,"tx_numero_telefone":"2058-3722","cd_equipamento_base_origem":null}},{"type":"Feature","id":"equipamento_saude_ubs_posto_centro_v2.120722","geometry":{"type":"Point","coordinates":[320232.977,7381636.33]},"geometry_name":"ge_ponto","properties":{"cd_identificador":120722,"cd_identificador_tema_equipamento":6,"nm_tema_equipamento":"SAUDE","cd_identificador_rede_equipamento":0,"nm_rede_equipamento":"SEM REDE","tx_rede_equipamento":"Sem descrição","cd_identificador_tipo_equipamento":45,"nm_tipo_equipamento":"Unidade Básica de Saúde","tx_tipo_equipamento":"Atendimento básico em Pediatria, Ginecologia, Clínica Geral, Enfermagem e Odontologia. Principais serviços oferecidos: consultas médicas, inalações, injeções, curativos, vacinas, coleta de exames laboratoriais, tratamento odontológico, encaminhamentos par","cd_identificador_classe_equipamento":5,"nm_classe_equipamento":"UBS/POSTO DE SAÚDE/CENTRO DE SAÚDE","tx_classe_equipamento":"O PRIMEIRO CONTATO DO PACIENTE COM O SUS.","cd_identificador_esfera_administrativa_equipamento":1,"nm_esfera_administrativa_equipamento":"Municipal","tx_esfera_administrativa_equipamento":"Administração municipal","cd_equipamento":"83","nm_equipamento":"UBS JARDIM LIDIA","tx_endereco_equipamento":"R. GUTEMBERG JOSÉ FERREIRA, 500","nm_bairro_equipamento":"JARDIM LIDIA","cd_cep_equipamento":"05860-070","tx_horario_funcionamento":null,"tx_numero_telefone":"5511-0197","cd_equipamento_base_origem":null}},{"type":"Feature","id":"equipamento_saude_ubs_posto_centro_v2.120723","geometry":{"type":"Point","coordinates":[333046.659,7382444.533]},"geometry_name":"ge_ponto","properties":{"cd_identificador":120723,"cd_identificador_tema_equipamento":6,"nm_tema_equipamento":"SAUDE","cd_identificador_rede_equipamento":0,"nm_rede_equipamento":"SEM REDE","tx_rede_equipamento":"Sem descrição","cd_identificador_tipo_equipamento":45,"nm_tipo_equipamento":"Unidade Básica de Saúde","tx_tipo_equipamento":"Atendimento básico em Pediatria, Ginecologia, Clínica Geral, Enfermagem e Odontologia. Principais serviços oferecidos: consultas médicas, inalações, injeções, curativos, vacinas, coleta de exames laboratoriais, tratamento odontológico, encaminhamentos par","cd_identificador_classe_equipamento":5,"nm_classe_equipamento":"UBS/POSTO DE SAÚDE/CENTRO DE SAÚDE","tx_classe_equipamento":"O PRIMEIRO CONTATO DO PACIENTE COM O SUS.","cd_identificador_esfera_administrativa_equipamento":1,"nm_esfera_administrativa_equipamento":"Municipal","tx_esfera_administrativa_equipamento":"Administração municipal","cd_equipamento":"468","nm_equipamento":"UBS JARDIM LOURDES","tx_endereco_equipamento":"AV. ENG ARMANDO DE ARRUDA PEREIRA, 4004","nm_bairro_equipamento":"JABAQUARA","cd_cep_equipamento":"04325-000","tx_horario_funcionamento":null,"tx_numero_telefone":"5575-6872","cd_equipamento_base_origem":null}},{"type":"Feature","id":"equipamento_saude_ubs_posto_centro_v2.120724","geometry":{"type":"Point","coordinates":[329580.578,7371058.961]},"geometry_name":"ge_ponto","properties":{"cd_identificador":120724,"cd_identificador_tema_equipamento":6,"nm_tema_equipamento":"SAUDE","cd_identificador_rede_equipamento":0,"nm_rede_equipamento":"SEM REDE","tx_rede_equipamento":"Sem descrição","cd_identificador_tipo_equipamento":45,"nm_tipo_equipamento":"Unidade Básica de Saúde","tx_tipo_equipamento":"Atendimento básico em Pediatria, Ginecologia, Clínica Geral, Enfermagem e Odontologia. Principais serviços oferecidos: consultas médicas, inalações, injeções, curativos, vacinas, coleta de exames laboratoriais, tratamento odontológico, encaminhamentos par","cd_identificador_classe_equipamento":5,"nm_classe_equipamento":"UBS/POSTO DE SAÚDE/CENTRO DE SAÚDE","tx_classe_equipamento":"O PRIMEIRO CONTATO DO PACIENTE COM O SUS.","cd_identificador_esfera_administrativa_equipamento":1,"nm_esfera_administrativa_equipamento":"Municipal","tx_esfera_administrativa_equipamento":"Administração municipal","cd_equipamento":"141","nm_equipamento":"UBS JARDIM LUCELIA - SANDRA APARECIDA BARBOSA CORREIA LIMA","tx_endereco_equipamento":"AV. CARLOS BARBOSA DOS SANTOS, 895","nm_bairro_equipamento":"JD LUCELIA","cd_cep_equipamento":"04852-220","tx_horario_funcionamento":null,"tx_numero_telefone":"5528-5660","cd_equipamento_base_origem":null}},{"type":"Feature","id":"equipamento_saude_ubs_posto_centro_v2.120725","geometry":{"type":"Point","coordinates":[317452.543,7383023.364]},"geometry_name":"ge_ponto","properties":{"cd_identificador":120725,"cd_identificador_tema_equipamento":6,"nm_tema_equipamento":"SAUDE","cd_identificador_rede_equipamento":0,"nm_rede_equipamento":"SEM REDE","tx_rede_equipamento":"Sem descrição","cd_identificador_tipo_equipamento":45,"nm_tipo_equipamento":"Unidade Básica de Saúde","tx_tipo_equipamento":"Atendimento básico em Pediatria, Ginecologia, Clínica Geral, Enfermagem e Odontologia. Principais serviços oferecidos: consultas médicas, inalações, injeções, curativos, vacinas, coleta de exames laboratoriais, tratamento odontológico, encaminhamentos par","cd_identificador_classe_equipamento":5,"nm_classe_equipamento":"UBS/POSTO DE SAÚDE/CENTRO DE SAÚDE","tx_classe_equipamento":"O PRIMEIRO CONTATO DO PACIENTE COM O SUS.","cd_identificador_esfera_administrativa_equipamento":1,"nm_esfera_administrativa_equipamento":"Municipal","tx_esfera_administrativa_equipamento":"Administração municipal","cd_equipamento":"75","nm_equipamento":"UBS JARDIM MACEDÔNIA","tx_endereco_equipamento":"R. SORIANO DE ALBUQUERQUE, 77","nm_bairro_equipamento":"JARDIM MACEDONIA","cd_cep_equipamento":"05894-440","tx_horario_funcionamento":null,"tx_numero_telefone":"5824-7707 / 5823-6158","cd_equipamento_base_origem":null}},{"type":"Feature","id":"equipamento_saude_ubs_posto_centro_v2.120726","geometry":{"type":"Point","coordinates":[317198.451,7381490.533]},"geometry_name":"ge_ponto","properties":{"cd_identificador":120726,"cd_identificador_tema_equipamento":6,"nm_tema_equipamento":"SAUDE","cd_identificador_rede_equipamento":0,"nm_rede_equipamento":"SEM REDE","tx_rede_equipamento":"Sem descrição","cd_identificador_tipo_equipamento":45,"nm_tipo_equipamento":"Unidade Básica de Saúde","tx_tipo_equipamento":"Atendimento básico em Pediatria, Ginecologia, Clínica Geral, Enfermagem e Odontologia. Principais serviços oferecidos: consultas médicas, inalações, injeções, curativos, vacinas, coleta de exames laboratoriais, tratamento odontológico, encaminhamentos par","cd_identificador_classe_equipamento":5,"nm_classe_equipamento":"UBS/POSTO DE SAÚDE/CENTRO DE SAÚDE","tx_classe_equipamento":"O PRIMEIRO CONTATO DO PACIENTE COM O SUS.","cd_identificador_esfera_administrativa_equipamento":1,"nm_esfera_administrativa_equipamento":"Municipal","tx_esfera_administrativa_equipamento":"Administração municipal","cd_equipamento":"76","nm_equipamento":"UBS JARDIM MAGDALENA","tx_endereco_equipamento":"R. VITORIANO PALHARES, 221","nm_bairro_equipamento":"JD MAGDALENA","cd_cep_equipamento":"05890-320","tx_horario_funcionamento":null,"tx_numero_telefone":"5824-6020 / 5824-5347","cd_equipamento_base_origem":null}},{"type":"Feature","id":"equipamento_saude_ubs_posto_centro_v2.120727","geometry":{"type":"Point","coordinates":[355436.247,7401267.578]},"geometry_name":"ge_ponto","properties":{"cd_identificador":120727,"cd_identificador_tema_equipamento":6,"nm_tema_equipamento":"SAUDE","cd_identificador_rede_equipamento":0,"nm_rede_equipamento":"SEM REDE","tx_rede_equipamento":"Sem descrição","cd_identificador_tipo_equipamento":45,"nm_tipo_equipamento":"Unidade Básica de Saúde","tx_tipo_equipamento":"Atendimento básico em Pediatria, Ginecologia, Clínica Geral, Enfermagem e Odontologia. Principais serviços oferecidos: consultas médicas, inalações, injeções, curativos, vacinas, coleta de exames laboratoriais, tratamento odontológico, encaminhamentos par","cd_identificador_classe_equipamento":5,"nm_classe_equipamento":"UBS/POSTO DE SAÚDE/CENTRO DE SAÚDE","tx_classe_equipamento":"O PRIMEIRO CONTATO DO PACIENTE COM O SUS.","cd_identificador_esfera_administrativa_equipamento":1,"nm_esfera_administrativa_equipamento":"Municipal","tx_esfera_administrativa_equipamento":"Administração municipal","cd_equipamento":"866","nm_equipamento":"UBS JARDIM MAIA","tx_endereco_equipamento":"R. MARFIM VEGETAL, 108","nm_bairro_equipamento":"JD MAIA","cd_cep_equipamento":"08081-330","tx_horario_funcionamento":null,"tx_numero_telefone":"2581-6962","cd_equipamento_base_origem":null}},{"type":"Feature","id":"equipamento_saude_ubs_posto_centro_v2.120728","geometry":{"type":"Point","coordinates":[319225.016,7380995.599]},"geometry_name":"ge_ponto","properties":{"cd_identificador":120728,"cd_identificador_tema_equipamento":6,"nm_tema_equipamento":"SAUDE","cd_identificador_rede_equipamento":0,"nm_rede_equipamento":"SEM REDE","tx_rede_equipamento":"Sem descrição","cd_identificador_tipo_equipamento":45,"nm_tipo_equipamento":"Unidade Básica de Saúde","tx_tipo_equipamento":"Atendimento básico em Pediatria, Ginecologia, Clínica Geral, Enfermagem e Odontologia. Principais serviços oferecidos: consultas médicas, inalações, injeções, curativos, vacinas, coleta de exames laboratoriais, tratamento odontológico, encaminhamentos par","cd_identificador_classe_equipamento":5,"nm_classe_equipamento":"UBS/POSTO DE SAÚDE/CENTRO DE SAÚDE","tx_classe_equipamento":"O PRIMEIRO CONTATO DO PACIENTE COM O SUS.","cd_identificador_esfera_administrativa_equipamento":1,"nm_esfera_administrativa_equipamento":"Municipal","tx_esfera_administrativa_equipamento":"Administração municipal","cd_equipamento":"79","nm_equipamento":"UBS JARDIM MARACÁ","tx_endereco_equipamento":"R. FERES BECHARA, 506","nm_bairro_equipamento":"JARDIM MARACA","cd_cep_equipamento":"05867-390","tx_horario_funcionamento":null,"tx_numero_telefone":"5898-5353 / 5874-4721","cd_equipamento_base_origem":null}},{"type":"Feature","id":"equipamento_saude_ubs_posto_centro_v2.120729","geometry":{"type":"Point","coordinates":[347683.787,7393398.585]},"geometry_name":"ge_ponto","properties":{"cd_identificador":120729,"cd_identificador_tema_equipamento":6,"nm_tema_equipamento":"SAUDE","cd_identificador_rede_equipamento":0,"nm_rede_equipamento":"SEM REDE","tx_rede_equipamento":"Sem descrição","cd_identificador_tipo_equipamento":45,"nm_tipo_equipamento":"Unidade Básica de Saúde","tx_tipo_equipamento":"Atendimento básico em Pediatria, Ginecologia, Clínica Geral, Enfermagem e Odontologia. Principais serviços oferecidos: consultas médicas, inalações, injeções, curativos, vacinas, coleta de exames laboratoriais, tratamento odontológico, encaminhamentos par","cd_identificador_classe_equipamento":5,"nm_classe_equipamento":"UBS/POSTO DE SAÚDE/CENTRO DE SAÚDE","tx_classe_equipamento":"O PRIMEIRO CONTATO DO PACIENTE COM O SUS.","cd_identificador_esfera_administrativa_equipamento":1,"nm_esfera_administrativa_equipamento":"Municipal","tx_esfera_administrativa_equipamento":"Administração municipal","cd_equipamento":"412","nm_equipamento":"UBS JARDIM MARILIA","tx_endereco_equipamento":"R. ELZA DOS ANJOS NEVES, 100","nm_bairro_equipamento":"CIDADE LIDER","cd_cep_equipamento":"03585-100","tx_horario_funcionamento":null,"tx_numero_telefone":"2743-9526","cd_equipamento_base_origem":null}},{"type":"Feature","id":"equipamento_saude_ubs_posto_centro_v2.120730","geometry":{"type":"Point","coordinates":[345367.939,7394373.88]},"geometry_name":"ge_ponto","properties":{"cd_identificador":120730,"cd_identificador_tema_equipamento":6,"nm_tema_equipamento":"SAUDE","cd_identificador_rede_equipamento":0,"nm_rede_equipamento":"SEM REDE","tx_rede_equipamento":"Sem descrição","cd_identificador_tipo_equipamento":45,"nm_tipo_equipamento":"Unidade Básica de Saúde","tx_tipo_equipamento":"Atendimento básico em Pediatria, Ginecologia, Clínica Geral, Enfermagem e Odontologia. Principais serviços oferecidos: consultas médicas, inalações, injeções, curativos, vacinas, coleta de exames laboratoriais, tratamento odontológico, encaminhamentos par","cd_identificador_classe_equipamento":5,"nm_classe_equipamento":"UBS/POSTO DE SAÚDE/CENTRO DE SAÚDE","tx_classe_equipamento":"O PRIMEIRO CONTATO DO PACIENTE COM O SUS.","cd_identificador_esfera_administrativa_equipamento":1,"nm_esfera_administrativa_equipamento":"Municipal","tx_esfera_administrativa_equipamento":"Administração municipal","cd_equipamento":"665","nm_equipamento":"UBS JARDIM MARINGÁ - VILA TALARICO","tx_endereco_equipamento":"R. MUANÁ, 214","nm_bairro_equipamento":"JARDIM MARINGÁ","cd_cep_equipamento":"03525-090","tx_horario_funcionamento":null,"tx_numero_telefone":"2269-3944 / 2781-0637","cd_equipamento_base_origem":null}},{"type":"Feature","id":"equipamento_saude_ubs_posto_centro_v2.120731","geometry":{"type":"Point","coordinates":[332760.93,7380356.738]},"geometry_name":"ge_ponto","properties":{"cd_identificador":120731,"cd_identificador_tema_equipamento":6,"nm_tema_equipamento":"SAUDE","cd_identificador_rede_equipamento":0,"nm_rede_equipamento":"SEM REDE","tx_rede_equipamento":"Sem descrição","cd_identificador_tipo_equipamento":45,"nm_tipo_equipamento":"Unidade Básica de Saúde","tx_tipo_equipamento":"Atendimento básico em Pediatria, Ginecologia, Clínica Geral, Enfermagem e Odontologia. Principais serviços oferecidos: consultas médicas, inalações, injeções, curativos, vacinas, coleta de exames laboratoriais, tratamento odontológico, encaminhamentos par","cd_identificador_classe_equipamento":5,"nm_classe_equipamento":"UBS/POSTO DE SAÚDE/CENTRO DE SAÚDE","tx_classe_equipamento":"O PRIMEIRO CONTATO DO PACIENTE COM O SUS.","cd_identificador_esfera_administrativa_equipamento":1,"nm_esfera_administrativa_equipamento":"Municipal","tx_esfera_administrativa_equipamento":"Administração municipal","cd_equipamento":"185","nm_equipamento":"UBS JARDIM MIRIAM II","tx_endereco_equipamento":"AV. CUPECÊ, 5185","nm_bairro_equipamento":"JARDIM PRUDÊNCIA","cd_cep_equipamento":"04365-001","tx_horario_funcionamento":null,"tx_numero_telefone":"5622-6959 / 5622-6988","cd_equipamento_base_origem":null}},{"type":"Feature","id":"equipamento_saude_ubs_posto_centro_v2.120732","geometry":{"type":"Point","coordinates":[318385.463,7384017.937]},"geometry_name":"ge_ponto","properties":{"cd_identificador":120732,"cd_identificador_tema_equipamento":6,"nm_tema_equipamento":"SAUDE","cd_identificador_rede_equipamento":0,"nm_rede_equipamento":"SEM REDE","tx_rede_equipamento":"Sem descrição","cd_identificador_tipo_equipamento":45,"nm_tipo_equipamento":"Unidade Básica de Saúde","tx_tipo_equipamento":"Atendimento básico em Pediatria, Ginecologia, Clínica Geral, Enfermagem e Odontologia. Principais serviços oferecidos: consultas médicas, inalações, injeções, curativos, vacinas, coleta de exames laboratoriais, tratamento odontológico, encaminhamentos par","cd_identificador_classe_equipamento":5,"nm_classe_equipamento":"UBS/POSTO DE SAÚDE/CENTRO DE SAÚDE","tx_classe_equipamento":"O PRIMEIRO CONTATO DO PACIENTE COM O SUS.","cd_identificador_esfera_administrativa_equipamento":1,"nm_esfera_administrativa_equipamento":"Municipal","tx_esfera_administrativa_equipamento":"Administração municipal","cd_equipamento":"70","nm_equipamento":"UBS JARDIM MITSUTANI","tx_endereco_equipamento":"R. FREI XISTO TEUBER, 50","nm_bairro_equipamento":"JARDIM MITSUTANI","cd_cep_equipamento":"05791-080","tx_horario_funcionamento":null,"tx_numero_telefone":"5842-9292","cd_equipamento_base_origem":null}},{"type":"Feature","id":"equipamento_saude_ubs_posto_centro_v2.120733","geometry":{"type":"Point","coordinates":[319170.754,7377976.641]},"geometry_name":"ge_ponto","properties":{"cd_identificador":120733,"cd_identificador_tema_equipamento":6,"nm_tema_equipamento":"SAUDE","cd_identificador_rede_equipamento":0,"nm_rede_equipamento":"SEM REDE","tx_rede_equipamento":"Sem descrição","cd_identificador_tipo_equipamento":45,"nm_tipo_equipamento":"Unidade Básica de Saúde","tx_tipo_equipamento":"Atendimento básico em Pediatria, Ginecologia, Clínica Geral, Enfermagem e Odontologia. Principais serviços oferecidos: consultas médicas, inalações, injeções, curativos, vacinas, coleta de exames laboratoriais, tratamento odontológico, encaminhamentos par","cd_identificador_classe_equipamento":5,"nm_classe_equipamento":"UBS/POSTO DE SAÚDE/CENTRO DE SAÚDE","tx_classe_equipamento":"O PRIMEIRO CONTATO DO PACIENTE COM O SUS.","cd_identificador_esfera_administrativa_equipamento":1,"nm_esfera_administrativa_equipamento":"Municipal","tx_esfera_administrativa_equipamento":"Administração municipal","cd_equipamento":"535","nm_equipamento":"UBS JARDIM NAKAMURA","tx_endereco_equipamento":"R. MANUEL VITOR DE JESUS, 811","nm_bairro_equipamento":"JARDIM NAKAMURA","cd_cep_equipamento":"04942-100","tx_horario_funcionamento":null,"tx_numero_telefone":"5898-5555","cd_equipamento_base_origem":null}},{"type":"Feature","id":"equipamento_saude_ubs_posto_centro_v2.120734","geometry":{"type":"Point","coordinates":[358650.02,7399185.871]},"geometry_name":"ge_ponto","properties":{"cd_identificador":120734,"cd_identificador_tema_equipamento":6,"nm_tema_equipamento":"SAUDE","cd_identificador_rede_equipamento":0,"nm_rede_equipamento":"SEM REDE","tx_rede_equipamento":"Sem descrição","cd_identificador_tipo_equipamento":45,"nm_tipo_equipamento":"Unidade Básica de Saúde","tx_tipo_equipamento":"Atendimento básico em Pediatria, Ginecologia, Clínica Geral, Enfermagem e Odontologia. Principais serviços oferecidos: consultas médicas, inalações, injeções, curativos, vacinas, coleta de exames laboratoriais, tratamento odontológico, encaminhamentos par","cd_identificador_classe_equipamento":5,"nm_classe_equipamento":"UBS/POSTO DE SAÚDE/CENTRO DE SAÚDE","tx_classe_equipamento":"O PRIMEIRO CONTATO DO PACIENTE COM O SUS.","cd_identificador_esfera_administrativa_equipamento":1,"nm_esfera_administrativa_equipamento":"Municipal","tx_esfera_administrativa_equipamento":"Administração municipal","cd_equipamento":"391","nm_equipamento":"UBS JARDIM NÉLIA","tx_endereco_equipamento":"R. ITAJUIBE, 1910","nm_bairro_equipamento":"ITAIM PAULISTA","cd_cep_equipamento":"08142-000","tx_horario_funcionamento":null,"tx_numero_telefone":"2963-3802","cd_equipamento_base_origem":null}},{"type":"Feature","id":"equipamento_saude_ubs_posto_centro_v2.120735","geometry":{"type":"Point","coordinates":[329925.94,7379918.493]},"geometry_name":"ge_ponto","properties":{"cd_identificador":120735,"cd_identificador_tema_equipamento":6,"nm_tema_equipamento":"SAUDE","cd_identificador_rede_equipamento":0,"nm_rede_equipamento":"SEM REDE","tx_rede_equipamento":"Sem descrição","cd_identificador_tipo_equipamento":45,"nm_tipo_equipamento":"Unidade Básica de Saúde","tx_tipo_equipamento":"Atendimento básico em Pediatria, Ginecologia, Clínica Geral, Enfermagem e Odontologia. Principais serviços oferecidos: consultas médicas, inalações, injeções, curativos, vacinas, coleta de exames laboratoriais, tratamento odontológico, encaminhamentos par","cd_identificador_classe_equipamento":5,"nm_classe_equipamento":"UBS/POSTO DE SAÚDE/CENTRO DE SAÚDE","tx_classe_equipamento":"O PRIMEIRO CONTATO DO PACIENTE COM O SUS.","cd_identificador_esfera_administrativa_equipamento":1,"nm_esfera_administrativa_equipamento":"Municipal","tx_esfera_administrativa_equipamento":"Administração municipal","cd_equipamento":"190","nm_equipamento":"UBS JARDIM NITERÓI","tx_endereco_equipamento":"R. SAMUEL ARNOLD, 596","nm_bairro_equipamento":"JARDIM NITEROI","cd_cep_equipamento":"04434-000","tx_horario_funcionamento":null,"tx_numero_telefone":"5611-0122","cd_equipamento_base_origem":null}},{"type":"Feature","id":"equipamento_saude_ubs_posto_centro_v2.120736","geometry":{"type":"Point","coordinates":[348840.449,7391737.673]},"geometry_name":"ge_ponto","properties":{"cd_identificador":120736,"cd_identificador_tema_equipamento":6,"nm_tema_equipamento":"SAUDE","cd_identificador_rede_equipamento":0,"nm_rede_equipamento":"SEM REDE","tx_rede_equipamento":"Sem descrição","cd_identificador_tipo_equipamento":45,"nm_tipo_equipamento":"Unidade Básica de Saúde","tx_tipo_equipamento":"Atendimento básico em Pediatria, Ginecologia, Clínica Geral, Enfermagem e Odontologia. Principais serviços oferecidos: consultas médicas, inalações, injeções, curativos, vacinas, coleta de exames laboratoriais, tratamento odontológico, encaminhamentos par","cd_identificador_classe_equipamento":5,"nm_classe_equipamento":"UBS/POSTO DE SAÚDE/CENTRO DE SAÚDE","tx_classe_equipamento":"O PRIMEIRO CONTATO DO PACIENTE COM O SUS.","cd_identificador_esfera_administrativa_equipamento":1,"nm_esfera_administrativa_equipamento":"Municipal","tx_esfera_administrativa_equipamento":"Administração municipal","cd_equipamento":"447","nm_equipamento":"UBS JARDIM NOSSA SENHORA DO CARMO","tx_endereco_equipamento":"R. VERÍSSIMO DA SILVA, 723","nm_bairro_equipamento":"JARDIM NOSSA SENHORA DO CARMO","cd_cep_equipamento":"08275-270","tx_horario_funcionamento":null,"tx_numero_telefone":"2748-5103 / 2748-0646","cd_equipamento_base_origem":null}},{"type":"Feature","id":"equipamento_saude_ubs_posto_centro_v2.120737","geometry":{"type":"Point","coordinates":[348508.126,7390149.91]},"geometry_name":"ge_ponto","properties":{"cd_identificador":120737,"cd_identificador_tema_equipamento":6,"nm_tema_equipamento":"SAUDE","cd_identificador_rede_equipamento":0,"nm_rede_equipamento":"SEM REDE","tx_rede_equipamento":"Sem descrição","cd_identificador_tipo_equipamento":45,"nm_tipo_equipamento":"Unidade Básica de Saúde","tx_tipo_equipamento":"Atendimento básico em Pediatria, Ginecologia, Clínica Geral, Enfermagem e Odontologia. Principais serviços oferecidos: consultas médicas, inalações, injeções, curativos, vacinas, coleta de exames laboratoriais, tratamento odontológico, encaminhamentos par","cd_identificador_classe_equipamento":5,"nm_classe_equipamento":"UBS/POSTO DE SAÚDE/CENTRO DE SAÚDE","tx_classe_equipamento":"O PRIMEIRO CONTATO DO PACIENTE COM O SUS.","cd_identificador_esfera_administrativa_equipamento":1,"nm_esfera_administrativa_equipamento":"Municipal","tx_esfera_administrativa_equipamento":"Administração municipal","cd_equipamento":"836","nm_equipamento":"UBS JARDIM NOVE DE JULHO","tx_endereco_equipamento":"R. SIBALDO LINS, 146","nm_bairro_equipamento":"SÃO MATEUS","cd_cep_equipamento":"03953-100","tx_horario_funcionamento":null,"tx_numero_telefone":"2011-9815","cd_equipamento_base_origem":null}},{"type":"Feature","id":"equipamento_saude_ubs_posto_centro_v2.120738","geometry":{"type":"Point","coordinates":[326658.681,7369683.879]},"geometry_name":"ge_ponto","properties":{"cd_identificador":120738,"cd_identificador_tema_equipamento":6,"nm_tema_equipamento":"SAUDE","cd_identificador_rede_equipamento":0,"nm_rede_equipamento":"SEM REDE","tx_rede_equipamento":"Sem descrição","cd_identificador_tipo_equipamento":45,"nm_tipo_equipamento":"Unidade Básica de Saúde","tx_tipo_equipamento":"Atendimento básico em Pediatria, Ginecologia, Clínica Geral, Enfermagem e Odontologia. Principais serviços oferecidos: consultas médicas, inalações, injeções, curativos, vacinas, coleta de exames laboratoriais, tratamento odontológico, encaminhamentos par","cd_identificador_classe_equipamento":5,"nm_classe_equipamento":"UBS/POSTO DE SAÚDE/CENTRO DE SAÚDE","tx_classe_equipamento":"O PRIMEIRO CONTATO DO PACIENTE COM O SUS.","cd_identificador_esfera_administrativa_equipamento":1,"nm_esfera_administrativa_equipamento":"Municipal","tx_esfera_administrativa_equipamento":"Administração municipal","cd_equipamento":"151","nm_equipamento":"UBS JARDIM NOVO HORIZONTE","tx_endereco_equipamento":"R. CARUANENSE, 186","nm_bairro_equipamento":"JARDIM NOVO HORIZONTE","cd_cep_equipamento":"04857-300","tx_horario_funcionamento":null,"tx_numero_telefone":"5938-2208","cd_equipamento_base_origem":null}},{"type":"Feature","id":"equipamento_saude_ubs_posto_centro_v2.120739","geometry":{"type":"Point","coordinates":[332775.911,7378079.233]},"geometry_name":"ge_ponto","properties":{"cd_identificador":120739,"cd_identificador_tema_equipamento":6,"nm_tema_equipamento":"SAUDE","cd_identificador_rede_equipamento":0,"nm_rede_equipamento":"SEM REDE","tx_rede_equipamento":"Sem descrição","cd_identificador_tipo_equipamento":45,"nm_tipo_equipamento":"Unidade Básica de Saúde","tx_tipo_equipamento":"Atendimento básico em Pediatria, Ginecologia, Clínica Geral, Enfermagem e Odontologia. Principais serviços oferecidos: consultas médicas, inalações, injeções, curativos, vacinas, coleta de exames laboratoriais, tratamento odontológico, encaminhamentos par","cd_identificador_classe_equipamento":5,"nm_classe_equipamento":"UBS/POSTO DE SAÚDE/CENTRO DE SAÚDE","tx_classe_equipamento":"O PRIMEIRO CONTATO DO PACIENTE COM O SUS.","cd_identificador_esfera_administrativa_equipamento":1,"nm_esfera_administrativa_equipamento":"Municipal","tx_esfera_administrativa_equipamento":"Administração municipal","cd_equipamento":"200","nm_equipamento":"UBS JARDIM NOVO PANTANAL - PEDREIRA","tx_endereco_equipamento":"AV. PROF. CARDOZO DE MELLO NETO, 674","nm_bairro_equipamento":"JARDIM SANTA TEREZINHA","cd_cep_equipamento":"04474-180","tx_horario_funcionamento":null,"tx_numero_telefone":"5672-7092 / 5672-7244","cd_equipamento_base_origem":null}},{"type":"Feature","id":"equipamento_saude_ubs_posto_centro_v2.120740","geometry":{"type":"Point","coordinates":[321017.734,7385711.598]},"geometry_name":"ge_ponto","properties":{"cd_identificador":120740,"cd_identificador_tema_equipamento":6,"nm_tema_equipamento":"SAUDE","cd_identificador_rede_equipamento":0,"nm_rede_equipamento":"SEM REDE","tx_rede_equipamento":"Sem descrição","cd_identificador_tipo_equipamento":45,"nm_tipo_equipamento":"Unidade Básica de Saúde","tx_tipo_equipamento":"Atendimento básico em Pediatria, Ginecologia, Clínica Geral, Enfermagem e Odontologia. Principais serviços oferecidos: consultas médicas, inalações, injeções, curativos, vacinas, coleta de exames laboratoriais, tratamento odontológico, encaminhamentos par","cd_identificador_classe_equipamento":5,"nm_classe_equipamento":"UBS/POSTO DE SAÚDE/CENTRO DE SAÚDE","tx_classe_equipamento":"O PRIMEIRO CONTATO DO PACIENTE COM O SUS.","cd_identificador_esfera_administrativa_equipamento":1,"nm_esfera_administrativa_equipamento":"Municipal","tx_esfera_administrativa_equipamento":"Administração municipal","cd_equipamento":"58","nm_equipamento":"UBS JARDIM OLINDA - ZELIA PEREIRA SANTOS","tx_endereco_equipamento":"R. CANORI, 190","nm_bairro_equipamento":"JARDIM OLINDA","cd_cep_equipamento":"05765-170","tx_horario_funcionamento":null,"tx_numero_telefone":"5843-8861 / 5842-9626","cd_equipamento_base_origem":null}},{"type":"Feature","id":"equipamento_saude_ubs_posto_centro_v2.120741","geometry":{"type":"Point","coordinates":[328166.259,7374955.127]},"geometry_name":"ge_ponto","properties":{"cd_identificador":120741,"cd_identificador_tema_equipamento":6,"nm_tema_equipamento":"SAUDE","cd_identificador_rede_equipamento":0,"nm_rede_equipamento":"SEM REDE","tx_rede_equipamento":"Sem descrição","cd_identificador_tipo_equipamento":45,"nm_tipo_equipamento":"Unidade Básica de Saúde","tx_tipo_equipamento":"Atendimento básico em Pediatria, Ginecologia, Clínica Geral, Enfermagem e Odontologia. Principais serviços oferecidos: consultas médicas, inalações, injeções, curativos, vacinas, coleta de exames laboratoriais, tratamento odontológico, encaminhamentos par","cd_identificador_classe_equipamento":5,"nm_classe_equipamento":"UBS/POSTO DE SAÚDE/CENTRO DE SAÚDE","tx_classe_equipamento":"O PRIMEIRO CONTATO DO PACIENTE COM O SUS.","cd_identificador_esfera_administrativa_equipamento":1,"nm_esfera_administrativa_equipamento":"Municipal","tx_esfera_administrativa_equipamento":"Administração municipal","cd_equipamento":"107","nm_equipamento":"UBS JARDIM ORION/GUANHEMBU","tx_endereco_equipamento":"R. FERNANDO AMARO MIRANDA, 51","nm_bairro_equipamento":"JARDIM COLONIAL","cd_cep_equipamento":"04821-100","tx_horario_funcionamento":null,"tx_numero_telefone":"2362-2343 / 2362-2360","cd_equipamento_base_origem":null}},{"type":"Feature","id":"equipamento_saude_ubs_posto_centro_v2.120742","geometry":{"type":"Point","coordinates":[323325.947,7405528.793]},"geometry_name":"ge_ponto","properties":{"cd_identificador":120742,"cd_identificador_tema_equipamento":6,"nm_tema_equipamento":"SAUDE","cd_identificador_rede_equipamento":0,"nm_rede_equipamento":"SEM REDE","tx_rede_equipamento":"Sem descrição","cd_identificador_tipo_equipamento":45,"nm_tipo_equipamento":"Unidade Básica de Saúde","tx_tipo_equipamento":"Atendimento básico em Pediatria, Ginecologia, Clínica Geral, Enfermagem e Odontologia. Principais serviços oferecidos: consultas médicas, inalações, injeções, curativos, vacinas, coleta de exames laboratoriais, tratamento odontológico, encaminhamentos par","cd_identificador_classe_equipamento":5,"nm_classe_equipamento":"UBS/POSTO DE SAÚDE/CENTRO DE SAÚDE","tx_classe_equipamento":"O PRIMEIRO CONTATO DO PACIENTE COM O SUS.","cd_identificador_esfera_administrativa_equipamento":1,"nm_esfera_administrativa_equipamento":"Municipal","tx_esfera_administrativa_equipamento":"Administração municipal","cd_equipamento":"729","nm_equipamento":"UBS JARDIM PANAMERICANO","tx_endereco_equipamento":"R. BARRA DA FORQUILHA, 38","nm_bairro_equipamento":"JARDIM PANAMERICANO","cd_cep_equipamento":"02993-060","tx_horario_funcionamento":null,"tx_numero_telefone":"3941-1362","cd_equipamento_base_origem":null}},{"type":"Feature","id":"equipamento_saude_ubs_posto_centro_v2.120743","geometry":{"type":"Point","coordinates":[346924.429,7389718.651]},"geometry_name":"ge_ponto","properties":{"cd_identificador":120743,"cd_identificador_tema_equipamento":6,"nm_tema_equipamento":"SAUDE","cd_identificador_rede_equipamento":0,"nm_rede_equipamento":"SEM REDE","tx_rede_equipamento":"Sem descrição","cd_identificador_tipo_equipamento":45,"nm_tipo_equipamento":"Unidade Básica de Saúde","tx_tipo_equipamento":"Atendimento básico em Pediatria, Ginecologia, Clínica Geral, Enfermagem e Odontologia. Principais serviços oferecidos: consultas médicas, inalações, injeções, curativos, vacinas, coleta de exames laboratoriais, tratamento odontológico, encaminhamentos par","cd_identificador_classe_equipamento":5,"nm_classe_equipamento":"UBS/POSTO DE SAÚDE/CENTRO DE SAÚDE","tx_classe_equipamento":"O PRIMEIRO CONTATO DO PACIENTE COM O SUS.","cd_identificador_esfera_administrativa_equipamento":1,"nm_esfera_administrativa_equipamento":"Municipal","tx_esfera_administrativa_equipamento":"Administração municipal","cd_equipamento":"849","nm_equipamento":"UBS JARDIM PARAGUAÇU - DR. GONÇALO FELICIANO ALVES","tx_endereco_equipamento":"R. TAIOBEIRAS, 125","nm_bairro_equipamento":"JD PARAGUACU","cd_cep_equipamento":"03941-060","tx_horario_funcionamento":null,"tx_numero_telefone":"2727-0484","cd_equipamento_base_origem":null}},{"type":"Feature","id":"equipamento_saude_ubs_posto_centro_v2.120744","geometry":{"type":"Point","coordinates":[318432.594,7378590.257]},"geometry_name":"ge_ponto","properties":{"cd_identificador":120744,"cd_identificador_tema_equipamento":6,"nm_tema_equipamento":"SAUDE","cd_identificador_rede_equipamento":0,"nm_rede_equipamento":"SEM REDE","tx_rede_equipamento":"Sem descrição","cd_identificador_tipo_equipamento":45,"nm_tipo_equipamento":"Unidade Básica de Saúde","tx_tipo_equipamento":"Atendimento básico em Pediatria, Ginecologia, Clínica Geral, Enfermagem e Odontologia. Principais serviços oferecidos: consultas médicas, inalações, injeções, curativos, vacinas, coleta de exames laboratoriais, tratamento odontológico, encaminhamentos par","cd_identificador_classe_equipamento":5,"nm_classe_equipamento":"UBS/POSTO DE SAÚDE/CENTRO DE SAÚDE","tx_classe_equipamento":"O PRIMEIRO CONTATO DO PACIENTE COM O SUS.","cd_identificador_esfera_administrativa_equipamento":1,"nm_esfera_administrativa_equipamento":"Municipal","tx_esfera_administrativa_equipamento":"Administração municipal","cd_equipamento":"539","nm_equipamento":"UBS JARDIM PARANAPANEMA","tx_endereco_equipamento":"R. PIETRO DA MILANO, 100","nm_bairro_equipamento":"VILA SANTO AMARO","cd_cep_equipamento":"05875-360","tx_horario_funcionamento":null,"tx_numero_telefone":"5898-5800","cd_equipamento_base_origem":null}},{"type":"Feature","id":"equipamento_saude_ubs_posto_centro_v2.120745","geometry":{"type":"Point","coordinates":[347144.324,7399300.442]},"geometry_name":"ge_ponto","properties":{"cd_identificador":120745,"cd_identificador_tema_equipamento":6,"nm_tema_equipamento":"SAUDE","cd_identificador_rede_equipamento":0,"nm_rede_equipamento":"SEM REDE","tx_rede_equipamento":"Sem descrição","cd_identificador_tipo_equipamento":45,"nm_tipo_equipamento":"Unidade Básica de Saúde","tx_tipo_equipamento":"Atendimento básico em Pediatria, Ginecologia, Clínica Geral, Enfermagem e Odontologia. Principais serviços oferecidos: consultas médicas, inalações, injeções, curativos, vacinas, coleta de exames laboratoriais, tratamento odontológico, encaminhamentos par","cd_identificador_classe_equipamento":5,"nm_classe_equipamento":"UBS/POSTO DE SAÚDE/CENTRO DE SAÚDE","tx_classe_equipamento":"O PRIMEIRO CONTATO DO PACIENTE COM O SUS.","cd_identificador_esfera_administrativa_equipamento":1,"nm_esfera_administrativa_equipamento":"Municipal","tx_esfera_administrativa_equipamento":"Administração municipal","cd_equipamento":"264","nm_equipamento":"UBS JARDIM PENHA","tx_endereco_equipamento":"AV. SÃO MIGUEL, 3721","nm_bairro_equipamento":"PONTE RASA","cd_cep_equipamento":"03871-000","tx_horario_funcionamento":null,"tx_numero_telefone":"2546-5867","cd_equipamento_base_origem":null}},{"type":"Feature","id":"equipamento_saude_ubs_posto_centro_v2.120746","geometry":{"type":"Point","coordinates":[330981.049,7404116.985]},"geometry_name":"ge_ponto","properties":{"cd_identificador":120746,"cd_identificador_tema_equipamento":6,"nm_tema_equipamento":"SAUDE","cd_identificador_rede_equipamento":0,"nm_rede_equipamento":"SEM REDE","tx_rede_equipamento":"Sem descrição","cd_identificador_tipo_equipamento":45,"nm_tipo_equipamento":"Unidade Básica de Saúde","tx_tipo_equipamento":"Atendimento básico em Pediatria, Ginecologia, Clínica Geral, Enfermagem e Odontologia. Principais serviços oferecidos: consultas médicas, inalações, injeções, curativos, vacinas, coleta de exames laboratoriais, tratamento odontológico, encaminhamentos par","cd_identificador_classe_equipamento":5,"nm_classe_equipamento":"UBS/POSTO DE SAÚDE/CENTRO DE SAÚDE","tx_classe_equipamento":"O PRIMEIRO CONTATO DO PACIENTE COM O SUS.","cd_identificador_esfera_administrativa_equipamento":1,"nm_esfera_administrativa_equipamento":"Municipal","tx_esfera_administrativa_equipamento":"Administração municipal","cd_equipamento":"160","nm_equipamento":"UBS JARDIM PERI","tx_endereco_equipamento":"AV. PERI RONCHETTI, 914","nm_bairro_equipamento":"JARDIM PERI","cd_cep_equipamento":"02633-000","tx_horario_funcionamento":null,"tx_numero_telefone":"2231-8771","cd_equipamento_base_origem":null}},{"type":"Feature","id":"equipamento_saude_ubs_posto_centro_v2.120747","geometry":{"type":"Point","coordinates":[346195.095,7398458.263]},"geometry_name":"ge_ponto","properties":{"cd_identificador":120747,"cd_identificador_tema_equipamento":6,"nm_tema_equipamento":"SAUDE","cd_identificador_rede_equipamento":0,"nm_rede_equipamento":"SEM REDE","tx_rede_equipamento":"Sem descrição","cd_identificador_tipo_equipamento":45,"nm_tipo_equipamento":"Unidade Básica de Saúde","tx_tipo_equipamento":"Atendimento básico em Pediatria, Ginecologia, Clínica Geral, Enfermagem e Odontologia. Principais serviços oferecidos: consultas médicas, inalações, injeções, curativos, vacinas, coleta de exames laboratoriais, tratamento odontológico, encaminhamentos par","cd_identificador_classe_equipamento":5,"nm_classe_equipamento":"UBS/POSTO DE SAÚDE/CENTRO DE SAÚDE","tx_classe_equipamento":"O PRIMEIRO CONTATO DO PACIENTE COM O SUS.","cd_identificador_esfera_administrativa_equipamento":1,"nm_esfera_administrativa_equipamento":"Municipal","tx_esfera_administrativa_equipamento":"Administração municipal","cd_equipamento":"266","nm_equipamento":"UBS JARDIM POPULAR - DR. MATHEUS SANTAMARIA","tx_endereco_equipamento":"R. ILHA DE CASTILHOS, 271","nm_bairro_equipamento":"JARDIM POPULAR","cd_cep_equipamento":"03670-010","tx_horario_funcionamento":null,"tx_numero_telefone":"2791-6421","cd_equipamento_base_origem":null}},{"type":"Feature","id":"equipamento_saude_ubs_posto_centro_v2.120748","geometry":{"type":"Point","coordinates":[326991.812,7372456.736]},"geometry_name":"ge_ponto","properties":{"cd_identificador":120748,"cd_identificador_tema_equipamento":6,"nm_tema_equipamento":"SAUDE","cd_identificador_rede_equipamento":0,"nm_rede_equipamento":"SEM REDE","tx_rede_equipamento":"Sem descrição","cd_identificador_tipo_equipamento":45,"nm_tipo_equipamento":"Unidade Básica de Saúde","tx_tipo_equipamento":"Atendimento básico em Pediatria, Ginecologia, Clínica Geral, Enfermagem e Odontologia. Principais serviços oferecidos: consultas médicas, inalações, injeções, curativos, vacinas, coleta de exames laboratoriais, tratamento odontológico, encaminhamentos par","cd_identificador_classe_equipamento":5,"nm_classe_equipamento":"UBS/POSTO DE SAÚDE/CENTRO DE SAÚDE","tx_classe_equipamento":"O PRIMEIRO CONTATO DO PACIENTE COM O SUS.","cd_identificador_esfera_administrativa_equipamento":1,"nm_esfera_administrativa_equipamento":"Municipal","tx_esfera_administrativa_equipamento":"Administração municipal","cd_equipamento":"135","nm_equipamento":"UBS JARDIM REIMBERG - NAIR NUNES DA SILVA","tx_endereco_equipamento":"R. ROGERIO FERNANDES, 468","nm_bairro_equipamento":"JARDIM REIMBERG","cd_cep_equipamento":"04845-230","tx_horario_funcionamento":null,"tx_numero_telefone":"5197-6885","cd_equipamento_base_origem":null}},{"type":"Feature","id":"equipamento_saude_ubs_posto_centro_v2.120749","geometry":{"type":"Point","coordinates":[328003.807,7376316.081]},"geometry_name":"ge_ponto","properties":{"cd_identificador":120749,"cd_identificador_tema_equipamento":6,"nm_tema_equipamento":"SAUDE","cd_identificador_rede_equipamento":0,"nm_rede_equipamento":"SEM REDE","tx_rede_equipamento":"Sem descrição","cd_identificador_tipo_equipamento":45,"nm_tipo_equipamento":"Unidade Básica de Saúde","tx_tipo_equipamento":"Atendimento básico em Pediatria, Ginecologia, Clínica Geral, Enfermagem e Odontologia. Principais serviços oferecidos: consultas médicas, inalações, injeções, curativos, vacinas, coleta de exames laboratoriais, tratamento odontológico, encaminhamentos par","cd_identificador_classe_equipamento":5,"nm_classe_equipamento":"UBS/POSTO DE SAÚDE/CENTRO DE SAÚDE","tx_classe_equipamento":"O PRIMEIRO CONTATO DO PACIENTE COM O SUS.","cd_identificador_esfera_administrativa_equipamento":1,"nm_esfera_administrativa_equipamento":"Municipal","tx_esfera_administrativa_equipamento":"Administração municipal","cd_equipamento":"114","nm_equipamento":"UBS JARDIM REPÚBLICA","tx_endereco_equipamento":"AV. GONÇALO DE PAIVA GOMES, 285","nm_bairro_equipamento":"JARDIM REPUBLICA","cd_cep_equipamento":"04812-090","tx_horario_funcionamento":null,"tx_numero_telefone":"5661-4470","cd_equipamento_base_origem":null}},{"type":"Feature","id":"equipamento_saude_ubs_posto_centro_v2.120750","geometry":{"type":"Point","coordinates":[323491.469,7407250.277]},"geometry_name":"ge_ponto","properties":{"cd_identificador":120750,"cd_identificador_tema_equipamento":6,"nm_tema_equipamento":"SAUDE","cd_identificador_rede_equipamento":0,"nm_rede_equipamento":"SEM REDE","tx_rede_equipamento":"Sem descrição","cd_identificador_tipo_equipamento":45,"nm_tipo_equipamento":"Unidade Básica de Saúde","tx_tipo_equipamento":"Atendimento básico em Pediatria, Ginecologia, Clínica Geral, Enfermagem e Odontologia. Principais serviços oferecidos: consultas médicas, inalações, injeções, curativos, vacinas, coleta de exames laboratoriais, tratamento odontológico, encaminhamentos par","cd_identificador_classe_equipamento":5,"nm_classe_equipamento":"UBS/POSTO DE SAÚDE/CENTRO DE SAÚDE","tx_classe_equipamento":"O PRIMEIRO CONTATO DO PACIENTE COM O SUS.","cd_identificador_esfera_administrativa_equipamento":1,"nm_esfera_administrativa_equipamento":"Municipal","tx_esfera_administrativa_equipamento":"Administração municipal","cd_equipamento":"731","nm_equipamento":"UBS JARDIM RINCÃO","tx_endereco_equipamento":"R. ARROIO DA PALMA, 67","nm_bairro_equipamento":"JARDIM RINCÃO","cd_cep_equipamento":"02991-050","tx_horario_funcionamento":null,"tx_numero_telefone":"3941-5172","cd_equipamento_base_origem":null}},{"type":"Feature","id":"equipamento_saude_ubs_posto_centro_v2.120751","geometry":{"type":"Point","coordinates":[355235.483,7397674.381]},"geometry_name":"ge_ponto","properties":{"cd_identificador":120751,"cd_identificador_tema_equipamento":6,"nm_tema_equipamento":"SAUDE","cd_identificador_rede_equipamento":0,"nm_rede_equipamento":"SEM REDE","tx_rede_equipamento":"Sem descrição","cd_identificador_tipo_equipamento":45,"nm_tipo_equipamento":"Unidade Básica de Saúde","tx_tipo_equipamento":"Atendimento básico em Pediatria, Ginecologia, Clínica Geral, Enfermagem e Odontologia. Principais serviços oferecidos: consultas médicas, inalações, injeções, curativos, vacinas, coleta de exames laboratoriais, tratamento odontológico, encaminhamentos par","cd_identificador_classe_equipamento":5,"nm_classe_equipamento":"UBS/POSTO DE SAÚDE/CENTRO DE SAÚDE","tx_classe_equipamento":"O PRIMEIRO CONTATO DO PACIENTE COM O SUS.","cd_identificador_esfera_administrativa_equipamento":1,"nm_esfera_administrativa_equipamento":"Municipal","tx_esfera_administrativa_equipamento":"Administração municipal","cd_equipamento":"327","nm_equipamento":"UBS JARDIM ROBRU - GUAIANAZES","tx_endereco_equipamento":"AV. NORDESTINA, 5593","nm_bairro_equipamento":"GUAIANASES","cd_cep_equipamento":"08431-410","tx_horario_funcionamento":null,"tx_numero_telefone":"2035-1860","cd_equipamento_base_origem":null}},{"type":"Feature","id":"equipamento_saude_ubs_posto_centro_v2.120752","geometry":{"type":"Point","coordinates":[355805.904,7398066.492]},"geometry_name":"ge_ponto","properties":{"cd_identificador":120752,"cd_identificador_tema_equipamento":6,"nm_tema_equipamento":"SAUDE","cd_identificador_rede_equipamento":0,"nm_rede_equipamento":"SEM REDE","tx_rede_equipamento":"Sem descrição","cd_identificador_tipo_equipamento":45,"nm_tipo_equipamento":"Unidade Básica de Saúde","tx_tipo_equipamento":"Atendimento básico em Pediatria, Ginecologia, Clínica Geral, Enfermagem e Odontologia. Principais serviços oferecidos: consultas médicas, inalações, injeções, curativos, vacinas, coleta de exames laboratoriais, tratamento odontológico, encaminhamentos par","cd_identificador_classe_equipamento":5,"nm_classe_equipamento":"UBS/POSTO DE SAÚDE/CENTRO DE SAÚDE","tx_classe_equipamento":"O PRIMEIRO CONTATO DO PACIENTE COM O SUS.","cd_identificador_esfera_administrativa_equipamento":1,"nm_esfera_administrativa_equipamento":"Municipal","tx_esfera_administrativa_equipamento":"Administração municipal","cd_equipamento":"400","nm_equipamento":"UBS JARDIM ROBRU - MESSIAS JOSE DA SILVA","tx_endereco_equipamento":"R. JOSÉ MARIA ALVES DE DEUS, 288","nm_bairro_equipamento":"JARDIM ROBRU","cd_cep_equipamento":"08150-290","tx_horario_funcionamento":null,"tx_numero_telefone":"2035-2406","cd_equipamento_base_origem":null}},{"type":"Feature","id":"equipamento_saude_ubs_posto_centro_v2.120753","geometry":{"type":"Point","coordinates":[357798.23,7401935.05]},"geometry_name":"ge_ponto","properties":{"cd_identificador":120753,"cd_identificador_tema_equipamento":6,"nm_tema_equipamento":"SAUDE","cd_identificador_rede_equipamento":0,"nm_rede_equipamento":"SEM REDE","tx_rede_equipamento":"Sem descrição","cd_identificador_tipo_equipamento":45,"nm_tipo_equipamento":"Unidade Básica de Saúde","tx_tipo_equipamento":"Atendimento básico em Pediatria, Ginecologia, Clínica Geral, Enfermagem e Odontologia. Principais serviços oferecidos: consultas médicas, inalações, injeções, curativos, vacinas, coleta de exames laboratoriais, tratamento odontológico, encaminhamentos par","cd_identificador_classe_equipamento":5,"nm_classe_equipamento":"UBS/POSTO DE SAÚDE/CENTRO DE SAÚDE","tx_classe_equipamento":"O PRIMEIRO CONTATO DO PACIENTE COM O SUS.","cd_identificador_esfera_administrativa_equipamento":1,"nm_esfera_administrativa_equipamento":"Municipal","tx_esfera_administrativa_equipamento":"Administração municipal","cd_equipamento":"867","nm_equipamento":"UBS JARDIM ROMANO VILA ITAIM","tx_endereco_equipamento":"R. RIO MANUEL ALVES, 182","nm_bairro_equipamento":"ITAIM PAULISTA","cd_cep_equipamento":"08190-450","tx_horario_funcionamento":null,"tx_numero_telefone":"3678-5222","cd_equipamento_base_origem":null}},{"type":"Feature","id":"equipamento_saude_ubs_posto_centro_v2.120754","geometry":{"type":"Point","coordinates":[353124.476,7389615.221]},"geometry_name":"ge_ponto","properties":{"cd_identificador":120754,"cd_identificador_tema_equipamento":6,"nm_tema_equipamento":"SAUDE","cd_identificador_rede_equipamento":0,"nm_rede_equipamento":"SEM REDE","tx_rede_equipamento":"Sem descrição","cd_identificador_tipo_equipamento":45,"nm_tipo_equipamento":"Unidade Básica de Saúde","tx_tipo_equipamento":"Atendimento básico em Pediatria, Ginecologia, Clínica Geral, Enfermagem e Odontologia. Principais serviços oferecidos: consultas médicas, inalações, injeções, curativos, vacinas, coleta de exames laboratoriais, tratamento odontológico, encaminhamentos par","cd_identificador_classe_equipamento":5,"nm_classe_equipamento":"UBS/POSTO DE SAÚDE/CENTRO DE SAÚDE","tx_classe_equipamento":"O PRIMEIRO CONTATO DO PACIENTE COM O SUS.","cd_identificador_esfera_administrativa_equipamento":1,"nm_esfera_administrativa_equipamento":"Municipal","tx_esfera_administrativa_equipamento":"Administração municipal","cd_equipamento":"828","nm_equipamento":"UBS JARDIM ROSELI","tx_endereco_equipamento":"R. SIMÃO NUNES, 31","nm_bairro_equipamento":"JARDIM ROSELI","cd_cep_equipamento":"08380-039","tx_horario_funcionamento":null,"tx_numero_telefone":"2731-5143","cd_equipamento_base_origem":null}},{"type":"Feature","id":"equipamento_saude_ubs_posto_centro_v2.120755","geometry":{"type":"Point","coordinates":[315903.997,7406727.986]},"geometry_name":"ge_ponto","properties":{"cd_identificador":120755,"cd_identificador_tema_equipamento":6,"nm_tema_equipamento":"SAUDE","cd_identificador_rede_equipamento":0,"nm_rede_equipamento":"SEM REDE","tx_rede_equipamento":"Sem descrição","cd_identificador_tipo_equipamento":45,"nm_tipo_equipamento":"Unidade Básica de Saúde","tx_tipo_equipamento":"Atendimento básico em Pediatria, Ginecologia, Clínica Geral, Enfermagem e Odontologia. Principais serviços oferecidos: consultas médicas, inalações, injeções, curativos, vacinas, coleta de exames laboratoriais, tratamento odontológico, encaminhamentos par","cd_identificador_classe_equipamento":5,"nm_classe_equipamento":"UBS/POSTO DE SAÚDE/CENTRO DE SAÚDE","tx_classe_equipamento":"O PRIMEIRO CONTATO DO PACIENTE COM O SUS.","cd_identificador_esfera_administrativa_equipamento":1,"nm_esfera_administrativa_equipamento":"Municipal","tx_esfera_administrativa_equipamento":"Administração municipal","cd_equipamento":"673","nm_equipamento":"UBS JARDIM ROSINHA","tx_endereco_equipamento":"R. DALVA DE OLIVEIRA, 82","nm_bairro_equipamento":"JARDIM ROSINHA","cd_cep_equipamento":"05282-010","tx_horario_funcionamento":null,"tx_numero_telefone":"3916-4100","cd_equipamento_base_origem":null}},{"type":"Feature","id":"equipamento_saude_ubs_posto_centro_v2.120756","geometry":{"type":"Point","coordinates":[325550.991,7363263.616]},"geometry_name":"ge_ponto","properties":{"cd_identificador":120756,"cd_identificador_tema_equipamento":6,"nm_tema_equipamento":"SAUDE","cd_identificador_rede_equipamento":0,"nm_rede_equipamento":"SEM REDE","tx_rede_equipamento":"Sem descrição","cd_identificador_tipo_equipamento":45,"nm_tipo_equipamento":"Unidade Básica de Saúde","tx_tipo_equipamento":"Atendimento básico em Pediatria, Ginecologia, Clínica Geral, Enfermagem e Odontologia. Principais serviços oferecidos: consultas médicas, inalações, injeções, curativos, vacinas, coleta de exames laboratoriais, tratamento odontológico, encaminhamentos par","cd_identificador_classe_equipamento":5,"nm_classe_equipamento":"UBS/POSTO DE SAÚDE/CENTRO DE SAÚDE","tx_classe_equipamento":"O PRIMEIRO CONTATO DO PACIENTE COM O SUS.","cd_identificador_esfera_administrativa_equipamento":1,"nm_esfera_administrativa_equipamento":"Municipal","tx_esfera_administrativa_equipamento":"Administração municipal","cd_equipamento":"613","nm_equipamento":"UBS JARDIM SANTA FÉ","tx_endereco_equipamento":"R. CONDE DE LANCASTRE, 214","nm_bairro_equipamento":"JD SANTA FÉ","cd_cep_equipamento":"04890-290","tx_horario_funcionamento":null,"tx_numero_telefone":"5921-9504 / 5922-3053","cd_equipamento_base_origem":null}},{"type":"Feature","id":"equipamento_saude_ubs_posto_centro_v2.120757","geometry":{"type":"Point","coordinates":[320982.623,7380243.331]},"geometry_name":"ge_ponto","properties":{"cd_identificador":120757,"cd_identificador_tema_equipamento":6,"nm_tema_equipamento":"SAUDE","cd_identificador_rede_equipamento":0,"nm_rede_equipamento":"SEM REDE","tx_rede_equipamento":"Sem descrição","cd_identificador_tipo_equipamento":45,"nm_tipo_equipamento":"Unidade Básica de Saúde","tx_tipo_equipamento":"Atendimento básico em Pediatria, Ginecologia, Clínica Geral, Enfermagem e Odontologia. Principais serviços oferecidos: consultas médicas, inalações, injeções, curativos, vacinas, coleta de exames laboratoriais, tratamento odontológico, encaminhamentos par","cd_identificador_classe_equipamento":5,"nm_classe_equipamento":"UBS/POSTO DE SAÚDE/CENTRO DE SAÚDE","tx_classe_equipamento":"O PRIMEIRO CONTATO DO PACIENTE COM O SUS.","cd_identificador_esfera_administrativa_equipamento":1,"nm_esfera_administrativa_equipamento":"Municipal","tx_esfera_administrativa_equipamento":"Administração municipal","cd_equipamento":"531","nm_equipamento":"UBS JARDIM SANTA MARGARIDA","tx_endereco_equipamento":"R. CAPAO REDONDO, 175","nm_bairro_equipamento":"JARDIM SANTA MARGARIDA","cd_cep_equipamento":"04931-100","tx_horario_funcionamento":null,"tx_numero_telefone":"5891-8909","cd_equipamento_base_origem":null}},{"type":"Feature","id":"equipamento_saude_ubs_posto_centro_v2.120758","geometry":{"type":"Point","coordinates":[346302.067,7394698.02]},"geometry_name":"ge_ponto","properties":{"cd_identificador":120758,"cd_identificador_tema_equipamento":6,"nm_tema_equipamento":"SAUDE","cd_identificador_rede_equipamento":0,"nm_rede_equipamento":"SEM REDE","tx_rede_equipamento":"Sem descrição","cd_identificador_tipo_equipamento":45,"nm_tipo_equipamento":"Unidade Básica de Saúde","tx_tipo_equipamento":"Atendimento básico em Pediatria, Ginecologia, Clínica Geral, Enfermagem e Odontologia. Principais serviços oferecidos: consultas médicas, inalações, injeções, curativos, vacinas, coleta de exames laboratoriais, tratamento odontológico, encaminhamentos par","cd_identificador_classe_equipamento":5,"nm_classe_equipamento":"UBS/POSTO DE SAÚDE/CENTRO DE SAÚDE","tx_classe_equipamento":"O PRIMEIRO CONTATO DO PACIENTE COM O SUS.","cd_identificador_esfera_administrativa_equipamento":1,"nm_esfera_administrativa_equipamento":"Municipal","tx_esfera_administrativa_equipamento":"Administração municipal","cd_equipamento":"409","nm_equipamento":"UBS JARDIM SANTA MARIA","tx_endereco_equipamento":"R. EMBIRATAÍ, 201","nm_bairro_equipamento":"JD SANTA MARIA","cd_cep_equipamento":"03576-000","tx_horario_funcionamento":null,"tx_numero_telefone":"2724-7004","cd_equipamento_base_origem":null}},{"type":"Feature","id":"equipamento_saude_ubs_posto_centro_v2.120759","geometry":{"type":"Point","coordinates":[346573.465,7392330.795]},"geometry_name":"ge_ponto","properties":{"cd_identificador":120759,"cd_identificador_tema_equipamento":6,"nm_tema_equipamento":"SAUDE","cd_identificador_rede_equipamento":0,"nm_rede_equipamento":"SEM REDE","tx_rede_equipamento":"Sem descrição","cd_identificador_tipo_equipamento":45,"nm_tipo_equipamento":"Unidade Básica de Saúde","tx_tipo_equipamento":"Atendimento básico em Pediatria, Ginecologia, Clínica Geral, Enfermagem e Odontologia. Principais serviços oferecidos: consultas médicas, inalações, injeções, curativos, vacinas, coleta de exames laboratoriais, tratamento odontológico, encaminhamentos par","cd_identificador_classe_equipamento":5,"nm_classe_equipamento":"UBS/POSTO DE SAÚDE/CENTRO DE SAÚDE","tx_classe_equipamento":"O PRIMEIRO CONTATO DO PACIENTE COM O SUS.","cd_identificador_esfera_administrativa_equipamento":1,"nm_esfera_administrativa_equipamento":"Municipal","tx_esfera_administrativa_equipamento":"Administração municipal","cd_equipamento":"407","nm_equipamento":"UBS JARDIM SANTA TEREZINHA","tx_endereco_equipamento":"AV. DOS LATINOS, 205","nm_bairro_equipamento":"JARDIM SANTA TEREZINHA","cd_cep_equipamento":"03572-000","tx_horario_funcionamento":null,"tx_numero_telefone":"2721-1815","cd_equipamento_base_origem":null}},{"type":"Feature","id":"equipamento_saude_ubs_posto_centro_v2.120760","geometry":{"type":"Point","coordinates":[318043.161,7379445.576]},"geometry_name":"ge_ponto","properties":{"cd_identificador":120760,"cd_identificador_tema_equipamento":6,"nm_tema_equipamento":"SAUDE","cd_identificador_rede_equipamento":0,"nm_rede_equipamento":"SEM REDE","tx_rede_equipamento":"Sem descrição","cd_identificador_tipo_equipamento":45,"nm_tipo_equipamento":"Unidade Básica de Saúde","tx_tipo_equipamento":"Atendimento básico em Pediatria, Ginecologia, Clínica Geral, Enfermagem e Odontologia. Principais serviços oferecidos: consultas médicas, inalações, injeções, curativos, vacinas, coleta de exames laboratoriais, tratamento odontológico, encaminhamentos par","cd_identificador_classe_equipamento":5,"nm_classe_equipamento":"UBS/POSTO DE SAÚDE/CENTRO DE SAÚDE","tx_classe_equipamento":"O PRIMEIRO CONTATO DO PACIENTE COM O SUS.","cd_identificador_esfera_administrativa_equipamento":1,"nm_esfera_administrativa_equipamento":"Municipal","tx_esfera_administrativa_equipamento":"Administração municipal","cd_equipamento":"95","nm_equipamento":"UBS JARDIM SÃO BENTO","tx_endereco_equipamento":"R. JOÃO ROBALO, 64","nm_bairro_equipamento":"JARDIM SÃO BENTO","cd_cep_equipamento":"05881-000","tx_horario_funcionamento":null,"tx_numero_telefone":"5871-6022","cd_equipamento_base_origem":null}},{"type":"Feature","id":"equipamento_saude_ubs_posto_centro_v2.120761","geometry":{"type":"Point","coordinates":[326898.604,7371989.216]},"geometry_name":"ge_ponto","properties":{"cd_identificador":120761,"cd_identificador_tema_equipamento":6,"nm_tema_equipamento":"SAUDE","cd_identificador_rede_equipamento":0,"nm_rede_equipamento":"SEM REDE","tx_rede_equipamento":"Sem descrição","cd_identificador_tipo_equipamento":45,"nm_tipo_equipamento":"Unidade Básica de Saúde","tx_tipo_equipamento":"Atendimento básico em Pediatria, Ginecologia, Clínica Geral, Enfermagem e Odontologia. Principais serviços oferecidos: consultas médicas, inalações, injeções, curativos, vacinas, coleta de exames laboratoriais, tratamento odontológico, encaminhamentos par","cd_identificador_classe_equipamento":5,"nm_classe_equipamento":"UBS/POSTO DE SAÚDE/CENTRO DE SAÚDE","tx_classe_equipamento":"O PRIMEIRO CONTATO DO PACIENTE COM O SUS.","cd_identificador_esfera_administrativa_equipamento":1,"nm_esfera_administrativa_equipamento":"Municipal","tx_esfera_administrativa_equipamento":"Administração municipal","cd_equipamento":"134","nm_equipamento":"UBS JARDIM SÃO BERNARDO","tx_endereco_equipamento":"AV. ANTONIO CARLOS BENJAMIN DOS SANTOS, 1571","nm_bairro_equipamento":"PARQUE NOVO GRAJAU","cd_cep_equipamento":"04847-005","tx_horario_funcionamento":null,"tx_numero_telefone":"5193-1975","cd_equipamento_base_origem":null}},{"type":"Feature","id":"equipamento_saude_ubs_posto_centro_v2.120762","geometry":{"type":"Point","coordinates":[349621.526,7399374.143]},"geometry_name":"ge_ponto","properties":{"cd_identificador":120762,"cd_identificador_tema_equipamento":6,"nm_tema_equipamento":"SAUDE","cd_identificador_rede_equipamento":0,"nm_rede_equipamento":"SEM REDE","tx_rede_equipamento":"Sem descrição","cd_identificador_tipo_equipamento":45,"nm_tipo_equipamento":"Unidade Básica de Saúde","tx_tipo_equipamento":"Atendimento básico em Pediatria, Ginecologia, Clínica Geral, Enfermagem e Odontologia. Principais serviços oferecidos: consultas médicas, inalações, injeções, curativos, vacinas, coleta de exames laboratoriais, tratamento odontológico, encaminhamentos par","cd_identificador_classe_equipamento":5,"nm_classe_equipamento":"UBS/POSTO DE SAÚDE/CENTRO DE SAÚDE","tx_classe_equipamento":"O PRIMEIRO CONTATO DO PACIENTE COM O SUS.","cd_identificador_esfera_administrativa_equipamento":1,"nm_esfera_administrativa_equipamento":"Municipal","tx_esfera_administrativa_equipamento":"Administração municipal","cd_equipamento":"897","nm_equipamento":"UBS JARDIM SAO CARLOS","tx_endereco_equipamento":"AV. CESAR AUGUSTO ROMARO, 500","nm_bairro_equipamento":"VILA NORMA","cd_cep_equipamento":"08062-000","tx_horario_funcionamento":null,"tx_numero_telefone":"2956-8122","cd_equipamento_base_origem":null}},{"type":"Feature","id":"equipamento_saude_ubs_posto_centro_v2.120763","geometry":{"type":"Point","coordinates":[330864.622,7379983.602]},"geometry_name":"ge_ponto","properties":{"cd_identificador":120763,"cd_identificador_tema_equipamento":6,"nm_tema_equipamento":"SAUDE","cd_identificador_rede_equipamento":0,"nm_rede_equipamento":"SEM REDE","tx_rede_equipamento":"Sem descrição","cd_identificador_tipo_equipamento":45,"nm_tipo_equipamento":"Unidade Básica de Saúde","tx_tipo_equipamento":"Atendimento básico em Pediatria, Ginecologia, Clínica Geral, Enfermagem e Odontologia. Principais serviços oferecidos: consultas médicas, inalações, injeções, curativos, vacinas, coleta de exames laboratoriais, tratamento odontológico, encaminhamentos par","cd_identificador_classe_equipamento":5,"nm_classe_equipamento":"UBS/POSTO DE SAÚDE/CENTRO DE SAÚDE","tx_classe_equipamento":"O PRIMEIRO CONTATO DO PACIENTE COM O SUS.","cd_identificador_esfera_administrativa_equipamento":1,"nm_esfera_administrativa_equipamento":"Municipal","tx_esfera_administrativa_equipamento":"Administração municipal","cd_equipamento":"186","nm_equipamento":"UBS JARDIM SÃO CARLOS - CIDADE ADEMAR","tx_endereco_equipamento":"R. CLAUDIA MUZIO, 163","nm_bairro_equipamento":"JD SÃO CARLOS","cd_cep_equipamento":"04429-280","tx_horario_funcionamento":null,"tx_numero_telefone":"5621-9200 / 5623-9273","cd_equipamento_base_origem":null}},{"type":"Feature","id":"equipamento_saude_ubs_posto_centro_v2.120764","geometry":{"type":"Point","coordinates":[343742.115,7400555.106]},"geometry_name":"ge_ponto","properties":{"cd_identificador":120764,"cd_identificador_tema_equipamento":6,"nm_tema_equipamento":"SAUDE","cd_identificador_rede_equipamento":0,"nm_rede_equipamento":"SEM REDE","tx_rede_equipamento":"Sem descrição","cd_identificador_tipo_equipamento":45,"nm_tipo_equipamento":"Unidade Básica de Saúde","tx_tipo_equipamento":"Atendimento básico em Pediatria, Ginecologia, Clínica Geral, Enfermagem e Odontologia. Principais serviços oferecidos: consultas médicas, inalações, injeções, curativos, vacinas, coleta de exames laboratoriais, tratamento odontológico, encaminhamentos par","cd_identificador_classe_equipamento":5,"nm_classe_equipamento":"UBS/POSTO DE SAÚDE/CENTRO DE SAÚDE","tx_classe_equipamento":"O PRIMEIRO CONTATO DO PACIENTE COM O SUS.","cd_identificador_esfera_administrativa_equipamento":1,"nm_esfera_administrativa_equipamento":"Municipal","tx_esfera_administrativa_equipamento":"Administração municipal","cd_equipamento":"651","nm_equipamento":"UBS JARDIM SÃO FRANCISCO I","tx_endereco_equipamento":"R. JURITI PIRANGA, 195","nm_bairro_equipamento":"CANGAÍBA","cd_cep_equipamento":"03718-020","tx_horario_funcionamento":null,"tx_numero_telefone":"2957-2808","cd_equipamento_base_origem":null}},{"type":"Feature","id":"equipamento_saude_ubs_posto_centro_v2.120765","geometry":{"type":"Point","coordinates":[349299.048,7397092.142]},"geometry_name":"ge_ponto","properties":{"cd_identificador":120765,"cd_identificador_tema_equipamento":6,"nm_tema_equipamento":"SAUDE","cd_identificador_rede_equipamento":0,"nm_rede_equipamento":"SEM REDE","tx_rede_equipamento":"Sem descrição","cd_identificador_tipo_equipamento":45,"nm_tipo_equipamento":"Unidade Básica de Saúde","tx_tipo_equipamento":"Atendimento básico em Pediatria, Ginecologia, Clínica Geral, Enfermagem e Odontologia. Principais serviços oferecidos: consultas médicas, inalações, injeções, curativos, vacinas, coleta de exames laboratoriais, tratamento odontológico, encaminhamentos par","cd_identificador_classe_equipamento":5,"nm_classe_equipamento":"UBS/POSTO DE SAÚDE/CENTRO DE SAÚDE","tx_classe_equipamento":"O PRIMEIRO CONTATO DO PACIENTE COM O SUS.","cd_identificador_esfera_administrativa_equipamento":1,"nm_esfera_administrativa_equipamento":"Municipal","tx_esfera_administrativa_equipamento":"Administração municipal","cd_equipamento":"638","nm_equipamento":"UBS JARDIM SÃO NICOLAU","tx_endereco_equipamento":"R. BROOK TAYLOR, 30","nm_bairro_equipamento":"JARDIM NORDESTE","cd_cep_equipamento":"03690-000","tx_horario_funcionamento":null,"tx_numero_telefone":"2280-7508","cd_equipamento_base_origem":null}},{"type":"Feature","id":"equipamento_saude_ubs_posto_centro_v2.120766","geometry":{"type":"Point","coordinates":[326288.401,7364928.601]},"geometry_name":"ge_ponto","properties":{"cd_identificador":120766,"cd_identificador_tema_equipamento":6,"nm_tema_equipamento":"SAUDE","cd_identificador_rede_equipamento":0,"nm_rede_equipamento":"SEM REDE","tx_rede_equipamento":"Sem descrição","cd_identificador_tipo_equipamento":45,"nm_tipo_equipamento":"Unidade Básica de Saúde","tx_tipo_equipamento":"Atendimento básico em Pediatria, Ginecologia, Clínica Geral, Enfermagem e Odontologia. Principais serviços oferecidos: consultas médicas, inalações, injeções, curativos, vacinas, coleta de exames laboratoriais, tratamento odontológico, encaminhamentos par","cd_identificador_classe_equipamento":5,"nm_classe_equipamento":"UBS/POSTO DE SAÚDE/CENTRO DE SAÚDE","tx_classe_equipamento":"O PRIMEIRO CONTATO DO PACIENTE COM O SUS.","cd_identificador_esfera_administrativa_equipamento":1,"nm_esfera_administrativa_equipamento":"Municipal","tx_esfera_administrativa_equipamento":"Administração municipal","cd_equipamento":"626","nm_equipamento":"UBS JARDIM SÃO NORBERTO","tx_endereco_equipamento":"AV. DOMENICO LANZETTI, S/N","nm_bairro_equipamento":"JARDIM SÃO NORBERTO","cd_cep_equipamento":"04884-210","tx_horario_funcionamento":null,"tx_numero_telefone":"5921-8900","cd_equipamento_base_origem":null}},{"type":"Feature","id":"equipamento_saude_ubs_posto_centro_v2.120767","geometry":{"type":"Point","coordinates":[354035.99,7395090.388]},"geometry_name":"ge_ponto","properties":{"cd_identificador":120767,"cd_identificador_tema_equipamento":6,"nm_tema_equipamento":"SAUDE","cd_identificador_rede_equipamento":0,"nm_rede_equipamento":"SEM REDE","tx_rede_equipamento":"Sem descrição","cd_identificador_tipo_equipamento":45,"nm_tipo_equipamento":"Unidade Básica de Saúde","tx_tipo_equipamento":"Atendimento básico em Pediatria, Ginecologia, Clínica Geral, Enfermagem e Odontologia. Principais serviços oferecidos: consultas médicas, inalações, injeções, curativos, vacinas, coleta de exames laboratoriais, tratamento odontológico, encaminhamentos par","cd_identificador_classe_equipamento":5,"nm_classe_equipamento":"UBS/POSTO DE SAÚDE/CENTRO DE SAÚDE","tx_classe_equipamento":"O PRIMEIRO CONTATO DO PACIENTE COM O SUS.","cd_identificador_esfera_administrativa_equipamento":1,"nm_esfera_administrativa_equipamento":"Municipal","tx_esfera_administrativa_equipamento":"Administração municipal","cd_equipamento":"438","nm_equipamento":"UBS JARDIM SÃO PEDRO - FRANCISCO ANTONIO CESARONI","tx_endereco_equipamento":"R. SILVIANOPOLIS, 370","nm_bairro_equipamento":"JD SÃO PEDRO","cd_cep_equipamento":"08420-680","tx_horario_funcionamento":null,"tx_numero_telefone":"2557-8938 / 2552-5355","cd_equipamento_base_origem":null}},{"type":"Feature","id":"equipamento_saude_ubs_posto_centro_v2.120768","geometry":{"type":"Point","coordinates":[335366.205,7382789.699]},"geometry_name":"ge_ponto","properties":{"cd_identificador":120768,"cd_identificador_tema_equipamento":6,"nm_tema_equipamento":"SAUDE","cd_identificador_rede_equipamento":0,"nm_rede_equipamento":"SEM REDE","tx_rede_equipamento":"Sem descrição","cd_identificador_tipo_equipamento":45,"nm_tipo_equipamento":"Unidade Básica de Saúde","tx_tipo_equipamento":"Atendimento básico em Pediatria, Ginecologia, Clínica Geral, Enfermagem e Odontologia. Principais serviços oferecidos: consultas médicas, inalações, injeções, curativos, vacinas, coleta de exames laboratoriais, tratamento odontológico, encaminhamentos par","cd_identificador_classe_equipamento":5,"nm_classe_equipamento":"UBS/POSTO DE SAÚDE/CENTRO DE SAÚDE","tx_classe_equipamento":"O PRIMEIRO CONTATO DO PACIENTE COM O SUS.","cd_identificador_esfera_administrativa_equipamento":1,"nm_esfera_administrativa_equipamento":"Municipal","tx_esfera_administrativa_equipamento":"Administração municipal","cd_equipamento":"369","nm_equipamento":"UBS JARDIM SÃO SAVÉRIO - AURELIO MELLONE","tx_endereco_equipamento":"R. ATILIO SELVA, 10","nm_bairro_equipamento":"JARDIM CELESTE","cd_cep_equipamento":"04195-060","tx_horario_funcionamento":null,"tx_numero_telefone":"2331-2131","cd_equipamento_base_origem":null}},{"type":"Feature","id":"equipamento_saude_ubs_posto_centro_v2.120769","geometry":{"type":"Point","coordinates":[347687.993,7387973.527]},"geometry_name":"ge_ponto","properties":{"cd_identificador":120769,"cd_identificador_tema_equipamento":6,"nm_tema_equipamento":"SAUDE","cd_identificador_rede_equipamento":0,"nm_rede_equipamento":"SEM REDE","tx_rede_equipamento":"Sem descrição","cd_identificador_tipo_equipamento":45,"nm_tipo_equipamento":"Unidade Básica de Saúde","tx_tipo_equipamento":"Atendimento básico em Pediatria, Ginecologia, Clínica Geral, Enfermagem e Odontologia. Principais serviços oferecidos: consultas médicas, inalações, injeções, curativos, vacinas, coleta de exames laboratoriais, tratamento odontológico, encaminhamentos par","cd_identificador_classe_equipamento":5,"nm_classe_equipamento":"UBS/POSTO DE SAÚDE/CENTRO DE SAÚDE","tx_classe_equipamento":"O PRIMEIRO CONTATO DO PACIENTE COM O SUS.","cd_identificador_esfera_administrativa_equipamento":1,"nm_esfera_administrativa_equipamento":"Municipal","tx_esfera_administrativa_equipamento":"Administração municipal","cd_equipamento":"906","nm_equipamento":"UBS JARDIM SAPOPEMBA - PROF DR HUMBERTO DELBONI FILHO","tx_endereco_equipamento":"R. JOÃO LOPES DE LIMA, 1151","nm_bairro_equipamento":"JARDIM SAPOPEMBA","cd_cep_equipamento":"03976-020","tx_horario_funcionamento":null,"tx_numero_telefone":"2019-6305","cd_equipamento_base_origem":null}},{"type":"Feature","id":"equipamento_saude_ubs_posto_centro_v2.120770","geometry":{"type":"Point","coordinates":[338098.681,7387022.251]},"geometry_name":"ge_ponto","properties":{"cd_identificador":120770,"cd_identificador_tema_equipamento":6,"nm_tema_equipamento":"SAUDE","cd_identificador_rede_equipamento":0,"nm_rede_equipamento":"SEM REDE","tx_rede_equipamento":"Sem descrição","cd_identificador_tipo_equipamento":45,"nm_tipo_equipamento":"Unidade Básica de Saúde","tx_tipo_equipamento":"Atendimento básico em Pediatria, Ginecologia, Clínica Geral, Enfermagem e Odontologia. Principais serviços oferecidos: consultas médicas, inalações, injeções, curativos, vacinas, coleta de exames laboratoriais, tratamento odontológico, encaminhamentos par","cd_identificador_classe_equipamento":5,"nm_classe_equipamento":"UBS/POSTO DE SAÚDE/CENTRO DE SAÚDE","tx_classe_equipamento":"O PRIMEIRO CONTATO DO PACIENTE COM O SUS.","cd_identificador_esfera_administrativa_equipamento":1,"nm_esfera_administrativa_equipamento":"Municipal","tx_esfera_administrativa_equipamento":"Administração municipal","cd_equipamento":"375","nm_equipamento":"UBS JARDIM SECKLER","tx_endereco_equipamento":"R. CARLOS MAURO, 114","nm_bairro_equipamento":"SÃO JOÃO CLIMACO","cd_cep_equipamento":"04240-150","tx_horario_funcionamento":null,"tx_numero_telefone":"2946-8532","cd_equipamento_base_origem":null}},{"type":"Feature","id":"equipamento_saude_ubs_posto_centro_v2.120771","geometry":{"type":"Point","coordinates":[331037.702,7379089.93]},"geometry_name":"ge_ponto","properties":{"cd_identificador":120771,"cd_identificador_tema_equipamento":6,"nm_tema_equipamento":"SAUDE","cd_identificador_rede_equipamento":0,"nm_rede_equipamento":"SEM REDE","tx_rede_equipamento":"Sem descrição","cd_identificador_tipo_equipamento":45,"nm_tipo_equipamento":"Unidade Básica de Saúde","tx_tipo_equipamento":"Atendimento básico em Pediatria, Ginecologia, Clínica Geral, Enfermagem e Odontologia. Principais serviços oferecidos: consultas médicas, inalações, injeções, curativos, vacinas, coleta de exames laboratoriais, tratamento odontológico, encaminhamentos par","cd_identificador_classe_equipamento":5,"nm_classe_equipamento":"UBS/POSTO DE SAÚDE/CENTRO DE SAÚDE","tx_classe_equipamento":"O PRIMEIRO CONTATO DO PACIENTE COM O SUS.","cd_identificador_esfera_administrativa_equipamento":1,"nm_esfera_administrativa_equipamento":"Municipal","tx_esfera_administrativa_equipamento":"Administração municipal","cd_equipamento":"199","nm_equipamento":"UBS JARDIM SELMA - CIDADE ADEMAR","tx_endereco_equipamento":"R. PEDRO FERNANDES ARAGÃO, 305","nm_bairro_equipamento":"JARDIM SELMA","cd_cep_equipamento":"04431-160","tx_horario_funcionamento":null,"tx_numero_telefone":"5611-6743 / 5611-8287","cd_equipamento_base_origem":null}},{"type":"Feature","id":"equipamento_saude_ubs_posto_centro_v2.120772","geometry":{"type":"Point","coordinates":[356161.329,7400381.029]},"geometry_name":"ge_ponto","properties":{"cd_identificador":120772,"cd_identificador_tema_equipamento":6,"nm_tema_equipamento":"SAUDE","cd_identificador_rede_equipamento":0,"nm_rede_equipamento":"SEM REDE","tx_rede_equipamento":"Sem descrição","cd_identificador_tipo_equipamento":45,"nm_tipo_equipamento":"Unidade Básica de Saúde","tx_tipo_equipamento":"Atendimento básico em Pediatria, Ginecologia, Clínica Geral, Enfermagem e Odontologia. Principais serviços oferecidos: consultas médicas, inalações, injeções, curativos, vacinas, coleta de exames laboratoriais, tratamento odontológico, encaminhamentos par","cd_identificador_classe_equipamento":5,"nm_classe_equipamento":"UBS/POSTO DE SAÚDE/CENTRO DE SAÚDE","tx_classe_equipamento":"O PRIMEIRO CONTATO DO PACIENTE COM O SUS.","cd_identificador_esfera_administrativa_equipamento":1,"nm_esfera_administrativa_equipamento":"Municipal","tx_esfera_administrativa_equipamento":"Administração municipal","cd_equipamento":"396","nm_equipamento":"UBS JARDIM SILVA TELLES","tx_endereco_equipamento":"R. JOSÉ ALEXANDRE MACHADO, 541","nm_bairro_equipamento":"ITAIM PAULISTA","cd_cep_equipamento":"08160-460","tx_horario_funcionamento":null,"tx_numero_telefone":"2561-8034 / 2569-1731","cd_equipamento_base_origem":null}},{"type":"Feature","id":"equipamento_saude_ubs_posto_centro_v2.120773","geometry":{"type":"Point","coordinates":[325554.959,7361274.944]},"geometry_name":"ge_ponto","properties":{"cd_identificador":120773,"cd_identificador_tema_equipamento":6,"nm_tema_equipamento":"SAUDE","cd_identificador_rede_equipamento":0,"nm_rede_equipamento":"SEM REDE","tx_rede_equipamento":"Sem descrição","cd_identificador_tipo_equipamento":45,"nm_tipo_equipamento":"Unidade Básica de Saúde","tx_tipo_equipamento":"Atendimento básico em Pediatria, Ginecologia, Clínica Geral, Enfermagem e Odontologia. Principais serviços oferecidos: consultas médicas, inalações, injeções, curativos, vacinas, coleta de exames laboratoriais, tratamento odontológico, encaminhamentos par","cd_identificador_classe_equipamento":5,"nm_classe_equipamento":"UBS/POSTO DE SAÚDE/CENTRO DE SAÚDE","tx_classe_equipamento":"O PRIMEIRO CONTATO DO PACIENTE COM O SUS.","cd_identificador_esfera_administrativa_equipamento":1,"nm_esfera_administrativa_equipamento":"Municipal","tx_esfera_administrativa_equipamento":"Administração municipal","cd_equipamento":"611","nm_equipamento":"UBS JARDIM SILVEIRA","tx_endereco_equipamento":"R. BONIFÁCIO ASIOLI, 162","nm_bairro_equipamento":"JARDIM SILVEIRA","cd_cep_equipamento":"04892-040","tx_horario_funcionamento":null,"tx_numero_telefone":"5921-5294 / 5921-4490","cd_equipamento_base_origem":null}},{"type":"Feature","id":"equipamento_saude_ubs_posto_centro_v2.120774","geometry":{"type":"Point","coordinates":[345760.314,7389950.487]},"geometry_name":"ge_ponto","properties":{"cd_identificador":120774,"cd_identificador_tema_equipamento":6,"nm_tema_equipamento":"SAUDE","cd_identificador_rede_equipamento":0,"nm_rede_equipamento":"SEM REDE","tx_rede_equipamento":"Sem descrição","cd_identificador_tipo_equipamento":45,"nm_tipo_equipamento":"Unidade Básica de Saúde","tx_tipo_equipamento":"Atendimento básico em Pediatria, Ginecologia, Clínica Geral, Enfermagem e Odontologia. Principais serviços oferecidos: consultas médicas, inalações, injeções, curativos, vacinas, coleta de exames laboratoriais, tratamento odontológico, encaminhamentos par","cd_identificador_classe_equipamento":5,"nm_classe_equipamento":"UBS/POSTO DE SAÚDE/CENTRO DE SAÚDE","tx_classe_equipamento":"O PRIMEIRO CONTATO DO PACIENTE COM O SUS.","cd_identificador_esfera_administrativa_equipamento":1,"nm_esfera_administrativa_equipamento":"Municipal","tx_esfera_administrativa_equipamento":"Administração municipal","cd_equipamento":"920","nm_equipamento":"UBS JARDIM SINHA","tx_endereco_equipamento":"R. JIM CLARK, 10","nm_bairro_equipamento":"JARDIM SINHA","cd_cep_equipamento":"03923-165","tx_horario_funcionamento":null,"tx_numero_telefone":"2722-6823","cd_equipamento_base_origem":null}},{"type":"Feature","id":"equipamento_saude_ubs_posto_centro_v2.120775","geometry":{"type":"Point","coordinates":[357246.439,7394473.891]},"geometry_name":"ge_ponto","properties":{"cd_identificador":120775,"cd_identificador_tema_equipamento":6,"nm_tema_equipamento":"SAUDE","cd_identificador_rede_equipamento":0,"nm_rede_equipamento":"SEM REDE","tx_rede_equipamento":"Sem descrição","cd_identificador_tipo_equipamento":45,"nm_tipo_equipamento":"Unidade Básica de Saúde","tx_tipo_equipamento":"Atendimento básico em Pediatria, Ginecologia, Clínica Geral, Enfermagem e Odontologia. Principais serviços oferecidos: consultas médicas, inalações, injeções, curativos, vacinas, coleta de exames laboratoriais, tratamento odontológico, encaminhamentos par","cd_identificador_classe_equipamento":5,"nm_classe_equipamento":"UBS/POSTO DE SAÚDE/CENTRO DE SAÚDE","tx_classe_equipamento":"O PRIMEIRO CONTATO DO PACIENTE COM O SUS.","cd_identificador_esfera_administrativa_equipamento":1,"nm_esfera_administrativa_equipamento":"Municipal","tx_esfera_administrativa_equipamento":"Administração municipal","cd_equipamento":"320","nm_equipamento":"UBS JARDIM SOARES","tx_endereco_equipamento":"R. FELICIANO DE MENDONÇA, 496","nm_bairro_equipamento":"JD SOARES","cd_cep_equipamento":"08460-365","tx_horario_funcionamento":null,"tx_numero_telefone":"2557-7022","cd_equipamento_base_origem":null}},{"type":"Feature","id":"equipamento_saude_ubs_posto_centro_v2.120776","geometry":{"type":"Point","coordinates":[321734.744,7379136.651]},"geometry_name":"ge_ponto","properties":{"cd_identificador":120776,"cd_identificador_tema_equipamento":6,"nm_tema_equipamento":"SAUDE","cd_identificador_rede_equipamento":0,"nm_rede_equipamento":"SEM REDE","tx_rede_equipamento":"Sem descrição","cd_identificador_tipo_equipamento":45,"nm_tipo_equipamento":"Unidade Básica de Saúde","tx_tipo_equipamento":"Atendimento básico em Pediatria, Ginecologia, Clínica Geral, Enfermagem e Odontologia. Principais serviços oferecidos: consultas médicas, inalações, injeções, curativos, vacinas, coleta de exames laboratoriais, tratamento odontológico, encaminhamentos par","cd_identificador_classe_equipamento":5,"nm_classe_equipamento":"UBS/POSTO DE SAÚDE/CENTRO DE SAÚDE","tx_classe_equipamento":"O PRIMEIRO CONTATO DO PACIENTE COM O SUS.","cd_identificador_esfera_administrativa_equipamento":1,"nm_esfera_administrativa_equipamento":"Municipal","tx_esfera_administrativa_equipamento":"Administração municipal","cd_equipamento":"544","nm_equipamento":"UBS JARDIM SOUZA","tx_endereco_equipamento":"R. FRANCISCO DE ALMEIDA SOUZA, 481","nm_bairro_equipamento":"JARDIM SOUZA","cd_cep_equipamento":"04917-070","tx_horario_funcionamento":null,"tx_numero_telefone":"5514-6430 / 5514-6404","cd_equipamento_base_origem":null}},{"type":"Feature","id":"equipamento_saude_ubs_posto_centro_v2.120777","geometry":{"type":"Point","coordinates":[320910.271,7380775.757]},"geometry_name":"ge_ponto","properties":{"cd_identificador":120777,"cd_identificador_tema_equipamento":6,"nm_tema_equipamento":"SAUDE","cd_identificador_rede_equipamento":0,"nm_rede_equipamento":"SEM REDE","tx_rede_equipamento":"Sem descrição","cd_identificador_tipo_equipamento":45,"nm_tipo_equipamento":"Unidade Básica de Saúde","tx_tipo_equipamento":"Atendimento básico em Pediatria, Ginecologia, Clínica Geral, Enfermagem e Odontologia. Principais serviços oferecidos: consultas médicas, inalações, injeções, curativos, vacinas, coleta de exames laboratoriais, tratamento odontológico, encaminhamentos par","cd_identificador_classe_equipamento":5,"nm_classe_equipamento":"UBS/POSTO DE SAÚDE/CENTRO DE SAÚDE","tx_classe_equipamento":"O PRIMEIRO CONTATO DO PACIENTE COM O SUS.","cd_identificador_esfera_administrativa_equipamento":1,"nm_esfera_administrativa_equipamento":"Municipal","tx_esfera_administrativa_equipamento":"Administração municipal","cd_equipamento":"550","nm_equipamento":"UBS JARDIM THOMAS","tx_endereco_equipamento":"R. AUDÁLIO GONÇALVES DOS SANTOS, 158","nm_bairro_equipamento":"JD THOMAS","cd_cep_equipamento":"05833-040","tx_horario_funcionamento":null,"tx_numero_telefone":"5514-0345 / 5894-4218","cd_equipamento_base_origem":null}},{"type":"Feature","id":"equipamento_saude_ubs_posto_centro_v2.120778","geometry":{"type":"Point","coordinates":[347739.806,7390677.043]},"geometry_name":"ge_ponto","properties":{"cd_identificador":120778,"cd_identificador_tema_equipamento":6,"nm_tema_equipamento":"SAUDE","cd_identificador_rede_equipamento":0,"nm_rede_equipamento":"SEM REDE","tx_rede_equipamento":"Sem descrição","cd_identificador_tipo_equipamento":45,"nm_tipo_equipamento":"Unidade Básica de Saúde","tx_tipo_equipamento":"Atendimento básico em Pediatria, Ginecologia, Clínica Geral, Enfermagem e Odontologia. Principais serviços oferecidos: consultas médicas, inalações, injeções, curativos, vacinas, coleta de exames laboratoriais, tratamento odontológico, encaminhamentos par","cd_identificador_classe_equipamento":5,"nm_classe_equipamento":"UBS/POSTO DE SAÚDE/CENTRO DE SAÚDE","tx_classe_equipamento":"O PRIMEIRO CONTATO DO PACIENTE COM O SUS.","cd_identificador_esfera_administrativa_equipamento":1,"nm_esfera_administrativa_equipamento":"Municipal","tx_esfera_administrativa_equipamento":"Administração municipal","cd_equipamento":"844","nm_equipamento":"UBS JARDIM TIETE II","tx_endereco_equipamento":"R. SENADOR MAYNARD GOMES, S/N","nm_bairro_equipamento":"JARDIM NOVE DE JULHO","cd_cep_equipamento":"03948-000","tx_horario_funcionamento":null,"tx_numero_telefone":"2017-0093","cd_equipamento_base_origem":null}},{"type":"Feature","id":"equipamento_saude_ubs_posto_centro_v2.120779","geometry":{"type":"Point","coordinates":[328334.081,7370256.084]},"geometry_name":"ge_ponto","properties":{"cd_identificador":120779,"cd_identificador_tema_equipamento":6,"nm_tema_equipamento":"SAUDE","cd_identificador_rede_equipamento":0,"nm_rede_equipamento":"SEM REDE","tx_rede_equipamento":"Sem descrição","cd_identificador_tipo_equipamento":45,"nm_tipo_equipamento":"Unidade Básica de Saúde","tx_tipo_equipamento":"Atendimento básico em Pediatria, Ginecologia, Clínica Geral, Enfermagem e Odontologia. Principais serviços oferecidos: consultas médicas, inalações, injeções, curativos, vacinas, coleta de exames laboratoriais, tratamento odontológico, encaminhamentos par","cd_identificador_classe_equipamento":5,"nm_classe_equipamento":"UBS/POSTO DE SAÚDE/CENTRO DE SAÚDE","tx_classe_equipamento":"O PRIMEIRO CONTATO DO PACIENTE COM O SUS.","cd_identificador_esfera_administrativa_equipamento":1,"nm_esfera_administrativa_equipamento":"Municipal","tx_esfera_administrativa_equipamento":"Administração municipal","cd_equipamento":"147","nm_equipamento":"UBS JARDIM TRÊS CORAÇÕES","tx_endereco_equipamento":"R. GENERAL JOSÉ DE OLIVEIRA RAMOS, 275","nm_bairro_equipamento":"JARDIM TRÊS CORAÇÕES","cd_cep_equipamento":"04855-330","tx_horario_funcionamento":null,"tx_numero_telefone":"5931-5969","cd_equipamento_base_origem":null}},{"type":"Feature","id":"equipamento_saude_ubs_posto_centro_v2.120780","geometry":{"type":"Point","coordinates":[329715.685,7382204.261]},"geometry_name":"ge_ponto","properties":{"cd_identificador":120780,"cd_identificador_tema_equipamento":6,"nm_tema_equipamento":"SAUDE","cd_identificador_rede_equipamento":0,"nm_rede_equipamento":"SEM REDE","tx_rede_equipamento":"Sem descrição","cd_identificador_tipo_equipamento":45,"nm_tipo_equipamento":"Unidade Básica de Saúde","tx_tipo_equipamento":"Atendimento básico em Pediatria, Ginecologia, Clínica Geral, Enfermagem e Odontologia. Principais serviços oferecidos: consultas médicas, inalações, injeções, curativos, vacinas, coleta de exames laboratoriais, tratamento odontológico, encaminhamentos par","cd_identificador_classe_equipamento":5,"nm_classe_equipamento":"UBS/POSTO DE SAÚDE/CENTRO DE SAÚDE","tx_classe_equipamento":"O PRIMEIRO CONTATO DO PACIENTE COM O SUS.","cd_identificador_esfera_administrativa_equipamento":1,"nm_esfera_administrativa_equipamento":"Municipal","tx_esfera_administrativa_equipamento":"Administração municipal","cd_equipamento":"188","nm_equipamento":"UBS JARDIM UMUARAMA","tx_endereco_equipamento":"R. ANTONIO GIL, 721","nm_bairro_equipamento":"VILA FILOMENA","cd_cep_equipamento":"04655-000","tx_horario_funcionamento":null,"tx_numero_telefone":"5563-9070","cd_equipamento_base_origem":null}},{"type":"Feature","id":"equipamento_saude_ubs_posto_centro_v2.120781","geometry":{"type":"Point","coordinates":[318953.461,7382495.27]},"geometry_name":"ge_ponto","properties":{"cd_identificador":120781,"cd_identificador_tema_equipamento":6,"nm_tema_equipamento":"SAUDE","cd_identificador_rede_equipamento":0,"nm_rede_equipamento":"SEM REDE","tx_rede_equipamento":"Sem descrição","cd_identificador_tipo_equipamento":45,"nm_tipo_equipamento":"Unidade Básica de Saúde","tx_tipo_equipamento":"Atendimento básico em Pediatria, Ginecologia, Clínica Geral, Enfermagem e Odontologia. Principais serviços oferecidos: consultas médicas, inalações, injeções, curativos, vacinas, coleta de exames laboratoriais, tratamento odontológico, encaminhamentos par","cd_identificador_classe_equipamento":5,"nm_classe_equipamento":"UBS/POSTO DE SAÚDE/CENTRO DE SAÚDE","tx_classe_equipamento":"O PRIMEIRO CONTATO DO PACIENTE COM O SUS.","cd_identificador_esfera_administrativa_equipamento":1,"nm_esfera_administrativa_equipamento":"Municipal","tx_esfera_administrativa_equipamento":"Administração municipal","cd_equipamento":"92","nm_equipamento":"UBS JARDIM VALQUIRIA","tx_endereco_equipamento":"AV. CARLOS LACERDA, 3093","nm_bairro_equipamento":"JD VALQUIRIA","cd_cep_equipamento":"05789-001","tx_horario_funcionamento":null,"tx_numero_telefone":"5825-6166","cd_equipamento_base_origem":null}},{"type":"Feature","id":"equipamento_saude_ubs_posto_centro_v2.120782","geometry":{"type":"Point","coordinates":[327573.112,7395845.956]},"geometry_name":"ge_ponto","properties":{"cd_identificador":120782,"cd_identificador_tema_equipamento":6,"nm_tema_equipamento":"SAUDE","cd_identificador_rede_equipamento":0,"nm_rede_equipamento":"SEM REDE","tx_rede_equipamento":"Sem descrição","cd_identificador_tipo_equipamento":45,"nm_tipo_equipamento":"Unidade Básica de Saúde","tx_tipo_equipamento":"Atendimento básico em Pediatria, Ginecologia, Clínica Geral, Enfermagem e Odontologia. Principais serviços oferecidos: consultas médicas, inalações, injeções, curativos, vacinas, coleta de exames laboratoriais, tratamento odontológico, encaminhamentos par","cd_identificador_classe_equipamento":5,"nm_classe_equipamento":"UBS/POSTO DE SAÚDE/CENTRO DE SAÚDE","tx_classe_equipamento":"O PRIMEIRO CONTATO DO PACIENTE COM O SUS.","cd_identificador_esfera_administrativa_equipamento":1,"nm_esfera_administrativa_equipamento":"Municipal","tx_esfera_administrativa_equipamento":"Administração municipal","cd_equipamento":"510","nm_equipamento":"UBS JARDIM VERA CRUZ - PERDIZES","tx_endereco_equipamento":"R. SARAMENHA, 60","nm_bairro_equipamento":"PERDIZES","cd_cep_equipamento":"01259-030","tx_horario_funcionamento":null,"tx_numero_telefone":"3673-8552","cd_equipamento_base_origem":null}},{"type":"Feature","id":"equipamento_saude_ubs_posto_centro_v2.120783","geometry":{"type":"Point","coordinates":[327508.031,7405632.169]},"geometry_name":"ge_ponto","properties":{"cd_identificador":120783,"cd_identificador_tema_equipamento":6,"nm_tema_equipamento":"SAUDE","cd_identificador_rede_equipamento":0,"nm_rede_equipamento":"SEM REDE","tx_rede_equipamento":"Sem descrição","cd_identificador_tipo_equipamento":45,"nm_tipo_equipamento":"Unidade Básica de Saúde","tx_tipo_equipamento":"Atendimento básico em Pediatria, Ginecologia, Clínica Geral, Enfermagem e Odontologia. Principais serviços oferecidos: consultas médicas, inalações, injeções, curativos, vacinas, coleta de exames laboratoriais, tratamento odontológico, encaminhamentos par","cd_identificador_classe_equipamento":5,"nm_classe_equipamento":"UBS/POSTO DE SAÚDE/CENTRO DE SAÚDE","tx_classe_equipamento":"O PRIMEIRO CONTATO DO PACIENTE COM O SUS.","cd_identificador_esfera_administrativa_equipamento":1,"nm_esfera_administrativa_equipamento":"Municipal","tx_esfera_administrativa_equipamento":"Administração municipal","cd_equipamento":"283","nm_equipamento":"UBS JARDIM VISTA ALEGRE - VANDA APARECIDA DOS SANTOS","tx_endereco_equipamento":"R. IBIRAIARAS, 21","nm_bairro_equipamento":"BRASILÂNDIA","cd_cep_equipamento":"02878-080","tx_horario_funcionamento":null,"tx_numero_telefone":"3983-1197","cd_equipamento_base_origem":null}},{"type":"Feature","id":"equipamento_saude_ubs_posto_centro_v2.120784","geometry":{"type":"Point","coordinates":[358486.461,7390767.387]},"geometry_name":"ge_ponto","properties":{"cd_identificador":120784,"cd_identificador_tema_equipamento":6,"nm_tema_equipamento":"SAUDE","cd_identificador_rede_equipamento":0,"nm_rede_equipamento":"SEM REDE","tx_rede_equipamento":"Sem descrição","cd_identificador_tipo_equipamento":45,"nm_tipo_equipamento":"Unidade Básica de Saúde","tx_tipo_equipamento":"Atendimento básico em Pediatria, Ginecologia, Clínica Geral, Enfermagem e Odontologia. Principais serviços oferecidos: consultas médicas, inalações, injeções, curativos, vacinas, coleta de exames laboratoriais, tratamento odontológico, encaminhamentos par","cd_identificador_classe_equipamento":5,"nm_classe_equipamento":"UBS/POSTO DE SAÚDE/CENTRO DE SAÚDE","tx_classe_equipamento":"O PRIMEIRO CONTATO DO PACIENTE COM O SUS.","cd_identificador_esfera_administrativa_equipamento":1,"nm_esfera_administrativa_equipamento":"Municipal","tx_esfera_administrativa_equipamento":"Administração municipal","cd_equipamento":"229","nm_equipamento":"UBS JARDIM VITÓRIA","tx_endereco_equipamento":"R. LAGEDO, 123","nm_bairro_equipamento":"CIDADE TIRADENTES","cd_cep_equipamento":"04846-650","tx_horario_funcionamento":null,"tx_numero_telefone":"2282-6050","cd_equipamento_base_origem":null}},{"type":"Feature","id":"equipamento_saude_ubs_posto_centro_v2.120785","geometry":{"type":"Point","coordinates":[333396.539,7399788.489]},"geometry_name":"ge_ponto","properties":{"cd_identificador":120785,"cd_identificador_tema_equipamento":6,"nm_tema_equipamento":"SAUDE","cd_identificador_rede_equipamento":0,"nm_rede_equipamento":"SEM REDE","tx_rede_equipamento":"Sem descrição","cd_identificador_tipo_equipamento":45,"nm_tipo_equipamento":"Unidade Básica de Saúde","tx_tipo_equipamento":"Atendimento básico em Pediatria, Ginecologia, Clínica Geral, Enfermagem e Odontologia. Principais serviços oferecidos: consultas médicas, inalações, injeções, curativos, vacinas, coleta de exames laboratoriais, tratamento odontológico, encaminhamentos par","cd_identificador_classe_equipamento":5,"nm_classe_equipamento":"UBS/POSTO DE SAÚDE/CENTRO DE SAÚDE","tx_classe_equipamento":"O PRIMEIRO CONTATO DO PACIENTE COM O SUS.","cd_identificador_esfera_administrativa_equipamento":1,"nm_esfera_administrativa_equipamento":"Municipal","tx_esfera_administrativa_equipamento":"Administração municipal","cd_equipamento":"786","nm_equipamento":"UBS JOAQUIM ANTONIO EIRADO","tx_endereco_equipamento":"AV. BRAZ LEME, 2945","nm_bairro_equipamento":"SANTANA","cd_cep_equipamento":"02022-011","tx_horario_funcionamento":null,"tx_numero_telefone":"2975-4218","cd_equipamento_base_origem":null}},{"type":"Feature","id":"equipamento_saude_ubs_posto_centro_v2.120786","geometry":{"type":"Point","coordinates":[337514.973,7389524.166]},"geometry_name":"ge_ponto","properties":{"cd_identificador":120786,"cd_identificador_tema_equipamento":6,"nm_tema_equipamento":"SAUDE","cd_identificador_rede_equipamento":0,"nm_rede_equipamento":"SEM REDE","tx_rede_equipamento":"Sem descrição","cd_identificador_tipo_equipamento":45,"nm_tipo_equipamento":"Unidade Básica de Saúde","tx_tipo_equipamento":"Atendimento básico em Pediatria, Ginecologia, Clínica Geral, Enfermagem e Odontologia. Principais serviços oferecidos: consultas médicas, inalações, injeções, curativos, vacinas, coleta de exames laboratoriais, tratamento odontológico, encaminhamentos par","cd_identificador_classe_equipamento":5,"nm_classe_equipamento":"UBS/POSTO DE SAÚDE/CENTRO DE SAÚDE","tx_classe_equipamento":"O PRIMEIRO CONTATO DO PACIENTE COM O SUS.","cd_identificador_esfera_administrativa_equipamento":1,"nm_esfera_administrativa_equipamento":"Municipal","tx_esfera_administrativa_equipamento":"Administração municipal","cd_equipamento":"341","nm_equipamento":"UBS JOAQUIM ROSSINI/ VILA CARIOCA DR MOACIR PARRA","tx_endereco_equipamento":"R. ALVARO FRAGOSO, 480","nm_bairro_equipamento":"VILA CARIOCA","cd_cep_equipamento":"04223-000","tx_horario_funcionamento":null,"tx_numero_telefone":"2273-4602 / 2273-9707","cd_equipamento_base_origem":null}},{"type":"Feature","id":"equipamento_saude_ubs_posto_centro_v2.120787","geometry":{"type":"Point","coordinates":[326343.848,7374652.368]},"geometry_name":"ge_ponto","properties":{"cd_identificador":120787,"cd_identificador_tema_equipamento":6,"nm_tema_equipamento":"SAUDE","cd_identificador_rede_equipamento":0,"nm_rede_equipamento":"SEM REDE","tx_rede_equipamento":"Sem descrição","cd_identificador_tipo_equipamento":45,"nm_tipo_equipamento":"Unidade Básica de Saúde","tx_tipo_equipamento":"Atendimento básico em Pediatria, Ginecologia, Clínica Geral, Enfermagem e Odontologia. Principais serviços oferecidos: consultas médicas, inalações, injeções, curativos, vacinas, coleta de exames laboratoriais, tratamento odontológico, encaminhamentos par","cd_identificador_classe_equipamento":5,"nm_classe_equipamento":"UBS/POSTO DE SAÚDE/CENTRO DE SAÚDE","tx_classe_equipamento":"O PRIMEIRO CONTATO DO PACIENTE COM O SUS.","cd_identificador_esfera_administrativa_equipamento":1,"nm_esfera_administrativa_equipamento":"Municipal","tx_esfera_administrativa_equipamento":"Administração municipal","cd_equipamento":"126","nm_equipamento":"UBS JORDANÓPOLIS","tx_endereco_equipamento":"R. JANGADA NOVA, 75","nm_bairro_equipamento":"JARDIM PRESIDENTE","cd_cep_equipamento":"04830-200","tx_horario_funcionamento":null,"tx_numero_telefone":"5973-6400","cd_equipamento_base_origem":null}},{"type":"Feature","id":"equipamento_saude_ubs_posto_centro_v2.120788","geometry":{"type":"Point","coordinates":[352548.724,7394425.751]},"geometry_name":"ge_ponto","properties":{"cd_identificador":120788,"cd_identificador_tema_equipamento":6,"nm_tema_equipamento":"SAUDE","cd_identificador_rede_equipamento":0,"nm_rede_equipamento":"SEM REDE","tx_rede_equipamento":"Sem descrição","cd_identificador_tipo_equipamento":45,"nm_tipo_equipamento":"Unidade Básica de Saúde","tx_tipo_equipamento":"Atendimento básico em Pediatria, Ginecologia, Clínica Geral, Enfermagem e Odontologia. Principais serviços oferecidos: consultas médicas, inalações, injeções, curativos, vacinas, coleta de exames laboratoriais, tratamento odontológico, encaminhamentos par","cd_identificador_classe_equipamento":5,"nm_classe_equipamento":"UBS/POSTO DE SAÚDE/CENTRO DE SAÚDE","tx_classe_equipamento":"O PRIMEIRO CONTATO DO PACIENTE COM O SUS.","cd_identificador_esfera_administrativa_equipamento":1,"nm_esfera_administrativa_equipamento":"Municipal","tx_esfera_administrativa_equipamento":"Administração municipal","cd_equipamento":"436","nm_equipamento":"UBS JOSE BONIFACIO II - CELINA MARIA JOSE DE OLIVEIRA","tx_endereco_equipamento":"R. MURMÚRIOS DA TARDE, 30","nm_bairro_equipamento":"COHAB JOSE BONIFÁCIO","cd_cep_equipamento":"08253-580","tx_horario_funcionamento":null,"tx_numero_telefone":"2521-1226 / 2521-5325","cd_equipamento_base_origem":null}},{"type":"Feature","id":"equipamento_saude_ubs_posto_centro_v2.120789","geometry":{"type":"Point","coordinates":[353082.646,7395912.082]},"geometry_name":"ge_ponto","properties":{"cd_identificador":120789,"cd_identificador_tema_equipamento":6,"nm_tema_equipamento":"SAUDE","cd_identificador_rede_equipamento":0,"nm_rede_equipamento":"SEM REDE","tx_rede_equipamento":"Sem descrição","cd_identificador_tipo_equipamento":45,"nm_tipo_equipamento":"Unidade Básica de Saúde","tx_tipo_equipamento":"Atendimento básico em Pediatria, Ginecologia, Clínica Geral, Enfermagem e Odontologia. Principais serviços oferecidos: consultas médicas, inalações, injeções, curativos, vacinas, coleta de exames laboratoriais, tratamento odontológico, encaminhamentos par","cd_identificador_classe_equipamento":5,"nm_classe_equipamento":"UBS/POSTO DE SAÚDE/CENTRO DE SAÚDE","tx_classe_equipamento":"O PRIMEIRO CONTATO DO PACIENTE COM O SUS.","cd_identificador_esfera_administrativa_equipamento":1,"nm_esfera_administrativa_equipamento":"Municipal","tx_esfera_administrativa_equipamento":"Administração municipal","cd_equipamento":"434","nm_equipamento":"UBS JOSE BONIFACIO III - DRA. LUCY MAYUMI UDAKIRI","tx_endereco_equipamento":"R. SILVIO BARBINI, 40","nm_bairro_equipamento":"JOSE BONIFACIO","cd_cep_equipamento":"08250-650","tx_horario_funcionamento":null,"tx_numero_telefone":"2944-6086 / 2071-2500","cd_equipamento_base_origem":null}},{"type":"Feature","id":"equipamento_saude_ubs_posto_centro_v2.120790","geometry":{"type":"Point","coordinates":[320285.844,7392253.206]},"geometry_name":"ge_ponto","properties":{"cd_identificador":120790,"cd_identificador_tema_equipamento":6,"nm_tema_equipamento":"SAUDE","cd_identificador_rede_equipamento":0,"nm_rede_equipamento":"SEM REDE","tx_rede_equipamento":"Sem descrição","cd_identificador_tipo_equipamento":45,"nm_tipo_equipamento":"Unidade Básica de Saúde","tx_tipo_equipamento":"Atendimento básico em Pediatria, Ginecologia, Clínica Geral, Enfermagem e Odontologia. Principais serviços oferecidos: consultas médicas, inalações, injeções, curativos, vacinas, coleta de exames laboratoriais, tratamento odontológico, encaminhamentos par","cd_identificador_classe_equipamento":5,"nm_classe_equipamento":"UBS/POSTO DE SAÚDE/CENTRO DE SAÚDE","tx_classe_equipamento":"O PRIMEIRO CONTATO DO PACIENTE COM O SUS.","cd_identificador_esfera_administrativa_equipamento":1,"nm_esfera_administrativa_equipamento":"Municipal","tx_esfera_administrativa_equipamento":"Administração municipal","cd_equipamento":"42","nm_equipamento":"UBS JOSÉ MARCÍLIO MALTA CARDOSO","tx_endereco_equipamento":"R. DESEMBARGADOR HOMERO PINHO, 105","nm_bairro_equipamento":"JARDIM TROPICAL","cd_cep_equipamento":"05379-240","tx_horario_funcionamento":null,"tx_numero_telefone":"5043-6093 / 5043-6114","cd_equipamento_base_origem":null}},{"type":"Feature","id":"equipamento_saude_ubs_posto_centro_v2.120791","geometry":{"type":"Point","coordinates":[338641.323,7405252.337]},"geometry_name":"ge_ponto","properties":{"cd_identificador":120791,"cd_identificador_tema_equipamento":6,"nm_tema_equipamento":"SAUDE","cd_identificador_rede_equipamento":0,"nm_rede_equipamento":"SEM REDE","tx_rede_equipamento":"Sem descrição","cd_identificador_tipo_equipamento":45,"nm_tipo_equipamento":"Unidade Básica de Saúde","tx_tipo_equipamento":"Atendimento básico em Pediatria, Ginecologia, Clínica Geral, Enfermagem e Odontologia. Principais serviços oferecidos: consultas médicas, inalações, injeções, curativos, vacinas, coleta de exames laboratoriais, tratamento odontológico, encaminhamentos par","cd_identificador_classe_equipamento":5,"nm_classe_equipamento":"UBS/POSTO DE SAÚDE/CENTRO DE SAÚDE","tx_classe_equipamento":"O PRIMEIRO CONTATO DO PACIENTE COM O SUS.","cd_identificador_esfera_administrativa_equipamento":1,"nm_esfera_administrativa_equipamento":"Municipal","tx_esfera_administrativa_equipamento":"Administração municipal","cd_equipamento":"485","nm_equipamento":"UBS JOVA RURAL","tx_endereco_equipamento":"R. ALFEU DE ALCANTARA MONTEIRO, 280","nm_bairro_equipamento":"CONJUNTO HABITACIONAL JOVA RURAL","cd_cep_equipamento":"02281-200","tx_horario_funcionamento":null,"tx_numero_telefone":"4979-3122","cd_equipamento_base_origem":null}},{"type":"Feature","id":"equipamento_saude_ubs_posto_centro_v2.120792","geometry":{"type":"Point","coordinates":[334007.924,7377659.313]},"geometry_name":"ge_ponto","properties":{"cd_identificador":120792,"cd_identificador_tema_equipamento":6,"nm_tema_equipamento":"SAUDE","cd_identificador_rede_equipamento":0,"nm_rede_equipamento":"SEM REDE","tx_rede_equipamento":"Sem descrição","cd_identificador_tipo_equipamento":45,"nm_tipo_equipamento":"Unidade Básica de Saúde","tx_tipo_equipamento":"Atendimento básico em Pediatria, Ginecologia, Clínica Geral, Enfermagem e Odontologia. Principais serviços oferecidos: consultas médicas, inalações, injeções, curativos, vacinas, coleta de exames laboratoriais, tratamento odontológico, encaminhamentos par","cd_identificador_classe_equipamento":5,"nm_classe_equipamento":"UBS/POSTO DE SAÚDE/CENTRO DE SAÚDE","tx_classe_equipamento":"O PRIMEIRO CONTATO DO PACIENTE COM O SUS.","cd_identificador_esfera_administrativa_equipamento":1,"nm_esfera_administrativa_equipamento":"Municipal","tx_esfera_administrativa_equipamento":"Administração municipal","cd_equipamento":"215","nm_equipamento":"UBS LARANJEIRAS","tx_endereco_equipamento":"R. DENIS FURTEL, 108","nm_bairro_equipamento":"LARANJEIRAS","cd_cep_equipamento":"04476-145","tx_horario_funcionamento":null,"tx_numero_telefone":"5673-6181","cd_equipamento_base_origem":null}},{"type":"Feature","id":"equipamento_saude_ubs_posto_centro_v2.120793","geometry":{"type":"Point","coordinates":[317042.236,7378637.95]},"geometry_name":"ge_ponto","properties":{"cd_identificador":120793,"cd_identificador_tema_equipamento":6,"nm_tema_equipamento":"SAUDE","cd_identificador_rede_equipamento":0,"nm_rede_equipamento":"SEM REDE","tx_rede_equipamento":"Sem descrição","cd_identificador_tipo_equipamento":45,"nm_tipo_equipamento":"Unidade Básica de Saúde","tx_tipo_equipamento":"Atendimento básico em Pediatria, Ginecologia, Clínica Geral, Enfermagem e Odontologia. Principais serviços oferecidos: consultas médicas, inalações, injeções, curativos, vacinas, coleta de exames laboratoriais, tratamento odontológico, encaminhamentos par","cd_identificador_classe_equipamento":5,"nm_classe_equipamento":"UBS/POSTO DE SAÚDE/CENTRO DE SAÚDE","tx_classe_equipamento":"O PRIMEIRO CONTATO DO PACIENTE COM O SUS.","cd_identificador_esfera_administrativa_equipamento":1,"nm_esfera_administrativa_equipamento":"Municipal","tx_esfera_administrativa_equipamento":"Administração municipal","cd_equipamento":"96","nm_equipamento":"UBS LUAR DO SERTÃO","tx_endereco_equipamento":"R. LUAR DO SERTÃO, 980","nm_bairro_equipamento":"CHÁCARA SANTA MARIA","cd_cep_equipamento":"05879-450","tx_horario_funcionamento":null,"tx_numero_telefone":"5874-1826","cd_equipamento_base_origem":null}},{"type":"Feature","id":"equipamento_saude_ubs_posto_centro_v2.120794","geometry":{"type":"Point","coordinates":[337512.771,7384180.494]},"geometry_name":"ge_ponto","properties":{"cd_identificador":120794,"cd_identificador_tema_equipamento":6,"nm_tema_equipamento":"SAUDE","cd_identificador_rede_equipamento":0,"nm_rede_equipamento":"SEM REDE","tx_rede_equipamento":"Sem descrição","cd_identificador_tipo_equipamento":45,"nm_tipo_equipamento":"Unidade Básica de Saúde","tx_tipo_equipamento":"Atendimento básico em Pediatria, Ginecologia, Clínica Geral, Enfermagem e Odontologia. Principais serviços oferecidos: consultas médicas, inalações, injeções, curativos, vacinas, coleta de exames laboratoriais, tratamento odontológico, encaminhamentos par","cd_identificador_classe_equipamento":5,"nm_classe_equipamento":"UBS/POSTO DE SAÚDE/CENTRO DE SAÚDE","tx_classe_equipamento":"O PRIMEIRO CONTATO DO PACIENTE COM O SUS.","cd_identificador_esfera_administrativa_equipamento":1,"nm_esfera_administrativa_equipamento":"Municipal","tx_esfera_administrativa_equipamento":"Administração municipal","cd_equipamento":"371","nm_equipamento":"UBS LUIZ ERNESTO MAZZONI","tx_endereco_equipamento":"AV. CARLOS LIVIERO, 566","nm_bairro_equipamento":"VILA LIVIERO","cd_cep_equipamento":"04186-100","tx_horario_funcionamento":null,"tx_numero_telefone":"2331-9624","cd_equipamento_base_origem":null}},{"type":"Feature","id":"equipamento_saude_ubs_posto_centro_v2.120795","geometry":{"type":"Point","coordinates":[330453.297,7378361.437]},"geometry_name":"ge_ponto","properties":{"cd_identificador":120795,"cd_identificador_tema_equipamento":6,"nm_tema_equipamento":"SAUDE","cd_identificador_rede_equipamento":0,"nm_rede_equipamento":"SEM REDE","tx_rede_equipamento":"Sem descrição","cd_identificador_tipo_equipamento":45,"nm_tipo_equipamento":"Unidade Básica de Saúde","tx_tipo_equipamento":"Atendimento básico em Pediatria, Ginecologia, Clínica Geral, Enfermagem e Odontologia. Principais serviços oferecidos: consultas médicas, inalações, injeções, curativos, vacinas, coleta de exames laboratoriais, tratamento odontológico, encaminhamentos par","cd_identificador_classe_equipamento":5,"nm_classe_equipamento":"UBS/POSTO DE SAÚDE/CENTRO DE SAÚDE","tx_classe_equipamento":"O PRIMEIRO CONTATO DO PACIENTE COM O SUS.","cd_identificador_esfera_administrativa_equipamento":1,"nm_esfera_administrativa_equipamento":"Municipal","tx_esfera_administrativa_equipamento":"Administração municipal","cd_equipamento":"205","nm_equipamento":"UBS MAR PAULISTA","tx_endereco_equipamento":"R. MATSUICHI WADA, 393","nm_bairro_equipamento":"BALNEÁRIO MAR PAULISTA","cd_cep_equipamento":"04463-060","tx_horario_funcionamento":null,"tx_numero_telefone":"5612-4192","cd_equipamento_base_origem":null}},{"type":"Feature","id":"equipamento_saude_ubs_posto_centro_v2.120796","geometry":{"type":"Point","coordinates":[328016.749,7403061.209]},"geometry_name":"ge_ponto","properties":{"cd_identificador":120796,"cd_identificador_tema_equipamento":6,"nm_tema_equipamento":"SAUDE","cd_identificador_rede_equipamento":0,"nm_rede_equipamento":"SEM REDE","tx_rede_equipamento":"Sem descrição","cd_identificador_tipo_equipamento":45,"nm_tipo_equipamento":"Unidade Básica de Saúde","tx_tipo_equipamento":"Atendimento básico em Pediatria, Ginecologia, Clínica Geral, Enfermagem e Odontologia. Principais serviços oferecidos: consultas médicas, inalações, injeções, curativos, vacinas, coleta de exames laboratoriais, tratamento odontológico, encaminhamentos par","cd_identificador_classe_equipamento":5,"nm_classe_equipamento":"UBS/POSTO DE SAÚDE/CENTRO DE SAÚDE","tx_classe_equipamento":"O PRIMEIRO CONTATO DO PACIENTE COM O SUS.","cd_identificador_esfera_administrativa_equipamento":1,"nm_esfera_administrativa_equipamento":"Municipal","tx_esfera_administrativa_equipamento":"Administração municipal","cd_equipamento":"276","nm_equipamento":"UBS MARIA CECÍLIA FERRO DONNANGELO","tx_endereco_equipamento":"R. RUI DE MORAES APOCALIPSE, 2","nm_bairro_equipamento":"BRASILÂNDIA","cd_cep_equipamento":"02842-260","tx_horario_funcionamento":null,"tx_numero_telefone":"3921-7759","cd_equipamento_base_origem":null}},{"type":"Feature","id":"equipamento_saude_ubs_posto_centro_v2.120797","geometry":{"type":"Point","coordinates":[326159.237,7355073.942]},"geometry_name":"ge_ponto","properties":{"cd_identificador":120797,"cd_identificador_tema_equipamento":6,"nm_tema_equipamento":"SAUDE","cd_identificador_rede_equipamento":0,"nm_rede_equipamento":"SEM REDE","tx_rede_equipamento":"Sem descrição","cd_identificador_tipo_equipamento":45,"nm_tipo_equipamento":"Unidade Básica de Saúde","tx_tipo_equipamento":"Atendimento básico em Pediatria, Ginecologia, Clínica Geral, Enfermagem e Odontologia. Principais serviços oferecidos: consultas médicas, inalações, injeções, curativos, vacinas, coleta de exames laboratoriais, tratamento odontológico, encaminhamentos par","cd_identificador_classe_equipamento":5,"nm_classe_equipamento":"UBS/POSTO DE SAÚDE/CENTRO DE SAÚDE","tx_classe_equipamento":"O PRIMEIRO CONTATO DO PACIENTE COM O SUS.","cd_identificador_esfera_administrativa_equipamento":1,"nm_esfera_administrativa_equipamento":"Municipal","tx_esfera_administrativa_equipamento":"Administração municipal","cd_equipamento":"608","nm_equipamento":"UBS MARSILAC","tx_endereco_equipamento":"ESTRADA ENGENHEIRO MARSILAC, 14487","nm_bairro_equipamento":"MARSILAC","cd_cep_equipamento":"04891-000","tx_horario_funcionamento":null,"tx_numero_telefone":"5975-2281","cd_equipamento_base_origem":null}},{"type":"Feature","id":"equipamento_saude_ubs_posto_centro_v2.120798","geometry":{"type":"Point","coordinates":[347407.284,7387414.869]},"geometry_name":"ge_ponto","properties":{"cd_identificador":120798,"cd_identificador_tema_equipamento":6,"nm_tema_equipamento":"SAUDE","cd_identificador_rede_equipamento":0,"nm_rede_equipamento":"SEM REDE","tx_rede_equipamento":"Sem descrição","cd_identificador_tipo_equipamento":45,"nm_tipo_equipamento":"Unidade Básica de Saúde","tx_tipo_equipamento":"Atendimento básico em Pediatria, Ginecologia, Clínica Geral, Enfermagem e Odontologia. Principais serviços oferecidos: consultas médicas, inalações, injeções, curativos, vacinas, coleta de exames laboratoriais, tratamento odontológico, encaminhamentos par","cd_identificador_classe_equipamento":5,"nm_classe_equipamento":"UBS/POSTO DE SAÚDE/CENTRO DE SAÚDE","tx_classe_equipamento":"O PRIMEIRO CONTATO DO PACIENTE COM O SUS.","cd_identificador_esfera_administrativa_equipamento":1,"nm_esfera_administrativa_equipamento":"Municipal","tx_esfera_administrativa_equipamento":"Administração municipal","cd_equipamento":"921","nm_equipamento":"UBS MASCARENHAS DE MORAES","tx_endereco_equipamento":"R. SARG. EDGAR LOURENÇO PINTO, 116","nm_bairro_equipamento":"CJ. MAL. MASCARENHAS DE MORAES","cd_cep_equipamento":"03977-180","tx_horario_funcionamento":null,"tx_numero_telefone":"2919-1120","cd_equipamento_base_origem":null}},{"type":"Feature","id":"equipamento_saude_ubs_posto_centro_v2.120799","geometry":{"type":"Point","coordinates":[334088.08,7376418.78]},"geometry_name":"ge_ponto","properties":{"cd_identificador":120799,"cd_identificador_tema_equipamento":6,"nm_tema_equipamento":"SAUDE","cd_identificador_rede_equipamento":0,"nm_rede_equipamento":"SEM REDE","tx_rede_equipamento":"Sem descrição","cd_identificador_tipo_equipamento":45,"nm_tipo_equipamento":"Unidade Básica de Saúde","tx_tipo_equipamento":"Atendimento básico em Pediatria, Ginecologia, Clínica Geral, Enfermagem e Odontologia. Principais serviços oferecidos: consultas médicas, inalações, injeções, curativos, vacinas, coleta de exames laboratoriais, tratamento odontológico, encaminhamentos par","cd_identificador_classe_equipamento":5,"nm_classe_equipamento":"UBS/POSTO DE SAÚDE/CENTRO DE SAÚDE","tx_classe_equipamento":"O PRIMEIRO CONTATO DO PACIENTE COM O SUS.","cd_identificador_esfera_administrativa_equipamento":1,"nm_esfera_administrativa_equipamento":"Municipal","tx_esfera_administrativa_equipamento":"Administração municipal","cd_equipamento":"214","nm_equipamento":"UBS MATA VIRGEM","tx_endereco_equipamento":"ESTRADA DA SAUDE, 47","nm_bairro_equipamento":"ELDORADO","cd_cep_equipamento":"04476-320","tx_horario_funcionamento":null,"tx_numero_telefone":"5673-4455","cd_equipamento_base_origem":null}},{"type":"Feature","id":"equipamento_saude_ubs_posto_centro_v2.120800","geometry":{"type":"Point","coordinates":[327803.843,7386754.374]},"geometry_name":"ge_ponto","properties":{"cd_identificador":120800,"cd_identificador_tema_equipamento":6,"nm_tema_equipamento":"SAUDE","cd_identificador_rede_equipamento":0,"nm_rede_equipamento":"SEM REDE","tx_rede_equipamento":"Sem descrição","cd_identificador_tipo_equipamento":45,"nm_tipo_equipamento":"Unidade Básica de Saúde","tx_tipo_equipamento":"Atendimento básico em Pediatria, Ginecologia, Clínica Geral, Enfermagem e Odontologia. Principais serviços oferecidos: consultas médicas, inalações, injeções, curativos, vacinas, coleta de exames laboratoriais, tratamento odontológico, encaminhamentos par","cd_identificador_classe_equipamento":5,"nm_classe_equipamento":"UBS/POSTO DE SAÚDE/CENTRO DE SAÚDE","tx_classe_equipamento":"O PRIMEIRO CONTATO DO PACIENTE COM O SUS.","cd_identificador_esfera_administrativa_equipamento":1,"nm_esfera_administrativa_equipamento":"Municipal","tx_esfera_administrativa_equipamento":"Administração municipal","cd_equipamento":"697","nm_equipamento":"UBS MENINÓPOLIS - DR. MARIO FRANCISCO NAPOLITANO","tx_endereco_equipamento":"R. OSCAR GOMES CARDIM, 142","nm_bairro_equipamento":"VILA CORDEIRO","cd_cep_equipamento":"04580-040","tx_horario_funcionamento":null,"tx_numero_telefone":"5535-8839","cd_equipamento_base_origem":null}},{"type":"Feature","id":"equipamento_saude_ubs_posto_centro_v2.120801","geometry":{"type":"Point","coordinates":[325118.661,7400638.86]},"geometry_name":"ge_ponto","properties":{"cd_identificador":120801,"cd_identificador_tema_equipamento":6,"nm_tema_equipamento":"SAUDE","cd_identificador_rede_equipamento":0,"nm_rede_equipamento":"SEM REDE","tx_rede_equipamento":"Sem descrição","cd_identificador_tipo_equipamento":45,"nm_tipo_equipamento":"Unidade Básica de Saúde","tx_tipo_equipamento":"Atendimento básico em Pediatria, Ginecologia, Clínica Geral, Enfermagem e Odontologia. Principais serviços oferecidos: consultas médicas, inalações, injeções, curativos, vacinas, coleta de exames laboratoriais, tratamento odontológico, encaminhamentos par","cd_identificador_classe_equipamento":5,"nm_classe_equipamento":"UBS/POSTO DE SAÚDE/CENTRO DE SAÚDE","tx_classe_equipamento":"O PRIMEIRO CONTATO DO PACIENTE COM O SUS.","cd_identificador_esfera_administrativa_equipamento":1,"nm_esfera_administrativa_equipamento":"Municipal","tx_esfera_administrativa_equipamento":"Administração municipal","cd_equipamento":"750","nm_equipamento":"UBS MOINHO VELHO","tx_endereco_equipamento":"PRAÇA DOMINGOS COELHO, 5","nm_bairro_equipamento":"PIRITUBA","cd_cep_equipamento":"02933-180","tx_horario_funcionamento":null,"tx_numero_telefone":"3976-7601","cd_equipamento_base_origem":null}},{"type":"Feature","id":"equipamento_saude_ubs_posto_centro_v2.120802","geometry":{"type":"Point","coordinates":[336376.652,7387765.783]},"geometry_name":"ge_ponto","properties":{"cd_identificador":120802,"cd_identificador_tema_equipamento":6,"nm_tema_equipamento":"SAUDE","cd_identificador_rede_equipamento":0,"nm_rede_equipamento":"SEM REDE","tx_rede_equipamento":"Sem descrição","cd_identificador_tipo_equipamento":45,"nm_tipo_equipamento":"Unidade Básica de Saúde","tx_tipo_equipamento":"Atendimento básico em Pediatria, Ginecologia, Clínica Geral, Enfermagem e Odontologia. Principais serviços oferecidos: consultas médicas, inalações, injeções, curativos, vacinas, coleta de exames laboratoriais, tratamento odontológico, encaminhamentos par","cd_identificador_classe_equipamento":5,"nm_classe_equipamento":"UBS/POSTO DE SAÚDE/CENTRO DE SAÚDE","tx_classe_equipamento":"O PRIMEIRO CONTATO DO PACIENTE COM O SUS.","cd_identificador_esfera_administrativa_equipamento":1,"nm_esfera_administrativa_equipamento":"Municipal","tx_esfera_administrativa_equipamento":"Administração municipal","cd_equipamento":"367","nm_equipamento":"UBS MOINHO VELHO II","tx_endereco_equipamento":"R. BELGRADO, 323","nm_bairro_equipamento":"MOINHO VELHO","cd_cep_equipamento":"04285-041","tx_horario_funcionamento":null,"tx_numero_telefone":"2274-1059","cd_equipamento_base_origem":null}},{"type":"Feature","id":"equipamento_saude_ubs_posto_centro_v2.120803","geometry":{"type":"Point","coordinates":[336906.844,7394530.644]},"geometry_name":"ge_ponto","properties":{"cd_identificador":120803,"cd_identificador_tema_equipamento":6,"nm_tema_equipamento":"SAUDE","cd_identificador_rede_equipamento":0,"nm_rede_equipamento":"SEM REDE","tx_rede_equipamento":"Sem descrição","cd_identificador_tipo_equipamento":45,"nm_tipo_equipamento":"Unidade Básica de Saúde","tx_tipo_equipamento":"Atendimento básico em Pediatria, Ginecologia, Clínica Geral, Enfermagem e Odontologia. Principais serviços oferecidos: consultas médicas, inalações, injeções, curativos, vacinas, coleta de exames laboratoriais, tratamento odontológico, encaminhamentos par","cd_identificador_classe_equipamento":5,"nm_classe_equipamento":"UBS/POSTO DE SAÚDE/CENTRO DE SAÚDE","tx_classe_equipamento":"O PRIMEIRO CONTATO DO PACIENTE COM O SUS.","cd_identificador_esfera_administrativa_equipamento":1,"nm_esfera_administrativa_equipamento":"Municipal","tx_esfera_administrativa_equipamento":"Administração municipal","cd_equipamento":"592","nm_equipamento":"UBS MOOCA I","tx_endereco_equipamento":"R. TAQUARI, 549","nm_bairro_equipamento":"MOOCA","cd_cep_equipamento":"03166-000","tx_horario_funcionamento":null,"tx_numero_telefone":"2291-5517","cd_equipamento_base_origem":null}},{"type":"Feature","id":"equipamento_saude_ubs_posto_centro_v2.120804","geometry":{"type":"Point","coordinates":[317994.93,7407572.408]},"geometry_name":"ge_ponto","properties":{"cd_identificador":120804,"cd_identificador_tema_equipamento":6,"nm_tema_equipamento":"SAUDE","cd_identificador_rede_equipamento":0,"nm_rede_equipamento":"SEM REDE","tx_rede_equipamento":"Sem descrição","cd_identificador_tipo_equipamento":45,"nm_tipo_equipamento":"Unidade Básica de Saúde","tx_tipo_equipamento":"Atendimento básico em Pediatria, Ginecologia, Clínica Geral, Enfermagem e Odontologia. Principais serviços oferecidos: consultas médicas, inalações, injeções, curativos, vacinas, coleta de exames laboratoriais, tratamento odontológico, encaminhamentos par","cd_identificador_classe_equipamento":5,"nm_classe_equipamento":"UBS/POSTO DE SAÚDE/CENTRO DE SAÚDE","tx_classe_equipamento":"O PRIMEIRO CONTATO DO PACIENTE COM O SUS.","cd_identificador_esfera_administrativa_equipamento":1,"nm_esfera_administrativa_equipamento":"Municipal","tx_esfera_administrativa_equipamento":"Administração municipal","cd_equipamento":"675","nm_equipamento":"UBS MORADA DO SOL","tx_endereco_equipamento":"R. ASSIS BRASIL X PÇA. LUIZ VAZ DE CAMÕES, 31","nm_bairro_equipamento":"SOL NASCENTE","cd_cep_equipamento":"05281-130","tx_horario_funcionamento":null,"tx_numero_telefone":"3941-4364","cd_equipamento_base_origem":null}},{"type":"Feature","id":"equipamento_saude_ubs_posto_centro_v2.120805","geometry":{"type":"Point","coordinates":[316780.799,7406781.465]},"geometry_name":"ge_ponto","properties":{"cd_identificador":120805,"cd_identificador_tema_equipamento":6,"nm_tema_equipamento":"SAUDE","cd_identificador_rede_equipamento":0,"nm_rede_equipamento":"SEM REDE","tx_rede_equipamento":"Sem descrição","cd_identificador_tipo_equipamento":45,"nm_tipo_equipamento":"Unidade Básica de Saúde","tx_tipo_equipamento":"Atendimento básico em Pediatria, Ginecologia, Clínica Geral, Enfermagem e Odontologia. Principais serviços oferecidos: consultas médicas, inalações, injeções, curativos, vacinas, coleta de exames laboratoriais, tratamento odontológico, encaminhamentos par","cd_identificador_classe_equipamento":5,"nm_classe_equipamento":"UBS/POSTO DE SAÚDE/CENTRO DE SAÚDE","tx_classe_equipamento":"O PRIMEIRO CONTATO DO PACIENTE COM O SUS.","cd_identificador_esfera_administrativa_equipamento":1,"nm_esfera_administrativa_equipamento":"Municipal","tx_esfera_administrativa_equipamento":"Administração municipal","cd_equipamento":"672","nm_equipamento":"UBS MORRO DOCE","tx_endereco_equipamento":"R. DOM AGNELO ROSSI, 15","nm_bairro_equipamento":"MORRO DOCE","cd_cep_equipamento":"05267-060","tx_horario_funcionamento":null,"tx_numero_telefone":"3911-1756","cd_equipamento_base_origem":null}},{"type":"Feature","id":"equipamento_saude_ubs_posto_centro_v2.120806","geometry":{"type":"Point","coordinates":[356450.769,7390802.673]},"geometry_name":"ge_ponto","properties":{"cd_identificador":120806,"cd_identificador_tema_equipamento":6,"nm_tema_equipamento":"SAUDE","cd_identificador_rede_equipamento":0,"nm_rede_equipamento":"SEM REDE","tx_rede_equipamento":"Sem descrição","cd_identificador_tipo_equipamento":45,"nm_tipo_equipamento":"Unidade Básica de Saúde","tx_tipo_equipamento":"Atendimento básico em Pediatria, Ginecologia, Clínica Geral, Enfermagem e Odontologia. Principais serviços oferecidos: consultas médicas, inalações, injeções, curativos, vacinas, coleta de exames laboratoriais, tratamento odontológico, encaminhamentos par","cd_identificador_classe_equipamento":5,"nm_classe_equipamento":"UBS/POSTO DE SAÚDE/CENTRO DE SAÚDE","tx_classe_equipamento":"O PRIMEIRO CONTATO DO PACIENTE COM O SUS.","cd_identificador_esfera_administrativa_equipamento":1,"nm_esfera_administrativa_equipamento":"Municipal","tx_esfera_administrativa_equipamento":"Administração municipal","cd_equipamento":"239","nm_equipamento":"UBS NASCER DO SOL","tx_endereco_equipamento":"R. SENADOR NELSON CARNEIRO, 617","nm_bairro_equipamento":"CIDADE TIRADENTES","cd_cep_equipamento":"08485-300","tx_horario_funcionamento":null,"tx_numero_telefone":"4810-7700","cd_equipamento_base_origem":null}},{"type":"Feature","id":"equipamento_saude_ubs_posto_centro_v2.120807","geometry":{"type":"Point","coordinates":[353318.814,7401033.609]},"geometry_name":"ge_ponto","properties":{"cd_identificador":120807,"cd_identificador_tema_equipamento":6,"nm_tema_equipamento":"SAUDE","cd_identificador_rede_equipamento":0,"nm_rede_equipamento":"SEM REDE","tx_rede_equipamento":"Sem descrição","cd_identificador_tipo_equipamento":45,"nm_tipo_equipamento":"Unidade Básica de Saúde","tx_tipo_equipamento":"Atendimento básico em Pediatria, Ginecologia, Clínica Geral, Enfermagem e Odontologia. Principais serviços oferecidos: consultas médicas, inalações, injeções, curativos, vacinas, coleta de exames laboratoriais, tratamento odontológico, encaminhamentos par","cd_identificador_classe_equipamento":5,"nm_classe_equipamento":"UBS/POSTO DE SAÚDE/CENTRO DE SAÚDE","tx_classe_equipamento":"O PRIMEIRO CONTATO DO PACIENTE COM O SUS.","cd_identificador_esfera_administrativa_equipamento":1,"nm_esfera_administrativa_equipamento":"Municipal","tx_esfera_administrativa_equipamento":"Administração municipal","cd_equipamento":"879","nm_equipamento":"UBS NITRO OPERÁRIA - PAULO FELDMAN","tx_endereco_equipamento":"R. CUMARU, 14","nm_bairro_equipamento":"SÃO MIGUEL PAULISTA","cd_cep_equipamento":"08010-380","tx_horario_funcionamento":null,"tx_numero_telefone":"2956-6923","cd_equipamento_base_origem":null}},{"type":"Feature","id":"equipamento_saude_ubs_posto_centro_v2.120808","geometry":{"type":"Point","coordinates":[331674.039,7393242.239]},"geometry_name":"ge_ponto","properties":{"cd_identificador":120808,"cd_identificador_tema_equipamento":6,"nm_tema_equipamento":"SAUDE","cd_identificador_rede_equipamento":0,"nm_rede_equipamento":"SEM REDE","tx_rede_equipamento":"Sem descrição","cd_identificador_tipo_equipamento":45,"nm_tipo_equipamento":"Unidade Básica de Saúde","tx_tipo_equipamento":"Atendimento básico em Pediatria, Ginecologia, Clínica Geral, Enfermagem e Odontologia. Principais serviços oferecidos: consultas médicas, inalações, injeções, curativos, vacinas, coleta de exames laboratoriais, tratamento odontológico, encaminhamentos par","cd_identificador_classe_equipamento":5,"nm_classe_equipamento":"UBS/POSTO DE SAÚDE/CENTRO DE SAÚDE","tx_classe_equipamento":"O PRIMEIRO CONTATO DO PACIENTE COM O SUS.","cd_identificador_esfera_administrativa_equipamento":1,"nm_esfera_administrativa_equipamento":"Municipal","tx_esfera_administrativa_equipamento":"Administração municipal","cd_equipamento":"930","nm_equipamento":"UBS NOSSA SENHORA DO BRASIL - ARMANDO DARIENZO","tx_endereco_equipamento":"R. ALMIRANTE MARQUES LEÃO, 684","nm_bairro_equipamento":"BELA VISTA","cd_cep_equipamento":"01330-010","tx_horario_funcionamento":null,"tx_numero_telefone":"4210-6121","cd_equipamento_base_origem":null}},{"type":"Feature","id":"equipamento_saude_ubs_posto_centro_v2.120809","geometry":{"type":"Point","coordinates":[329134.981,7359280.146]},"geometry_name":"ge_ponto","properties":{"cd_identificador":120809,"cd_identificador_tema_equipamento":6,"nm_tema_equipamento":"SAUDE","cd_identificador_rede_equipamento":0,"nm_rede_equipamento":"SEM REDE","tx_rede_equipamento":"Sem descrição","cd_identificador_tipo_equipamento":45,"nm_tipo_equipamento":"Unidade Básica de Saúde","tx_tipo_equipamento":"Atendimento básico em Pediatria, Ginecologia, Clínica Geral, Enfermagem e Odontologia. Principais serviços oferecidos: consultas médicas, inalações, injeções, curativos, vacinas, coleta de exames laboratoriais, tratamento odontológico, encaminhamentos par","cd_identificador_classe_equipamento":5,"nm_classe_equipamento":"UBS/POSTO DE SAÚDE/CENTRO DE SAÚDE","tx_classe_equipamento":"O PRIMEIRO CONTATO DO PACIENTE COM O SUS.","cd_identificador_esfera_administrativa_equipamento":1,"nm_esfera_administrativa_equipamento":"Municipal","tx_esfera_administrativa_equipamento":"Administração municipal","cd_equipamento":"632","nm_equipamento":"UBS NOVA AMÉRICA","tx_endereco_equipamento":"R. EDUARDO COLLIER FILHO, 14","nm_bairro_equipamento":"CIDADE NOVA AMERICA","cd_cep_equipamento":"04895-020","tx_horario_funcionamento":null,"tx_numero_telefone":"5977-3507","cd_equipamento_base_origem":null}},{"type":"Feature","id":"equipamento_saude_ubs_posto_centro_v2.120810","geometry":{"type":"Point","coordinates":[325253.011,7405110.13]},"geometry_name":"ge_ponto","properties":{"cd_identificador":120810,"cd_identificador_tema_equipamento":6,"nm_tema_equipamento":"SAUDE","cd_identificador_rede_equipamento":0,"nm_rede_equipamento":"SEM REDE","tx_rede_equipamento":"Sem descrição","cd_identificador_tipo_equipamento":45,"nm_tipo_equipamento":"Unidade Básica de Saúde","tx_tipo_equipamento":"Atendimento básico em Pediatria, Ginecologia, Clínica Geral, Enfermagem e Odontologia. Principais serviços oferecidos: consultas médicas, inalações, injeções, curativos, vacinas, coleta de exames laboratoriais, tratamento odontológico, encaminhamentos par","cd_identificador_classe_equipamento":5,"nm_classe_equipamento":"UBS/POSTO DE SAÚDE/CENTRO DE SAÚDE","tx_classe_equipamento":"O PRIMEIRO CONTATO DO PACIENTE COM O SUS.","cd_identificador_esfera_administrativa_equipamento":1,"nm_esfera_administrativa_equipamento":"Municipal","tx_esfera_administrativa_equipamento":"Administração municipal","cd_equipamento":"269","nm_equipamento":"UBS NOVA ESPERANÇA PAULISTANO II","tx_endereco_equipamento":"R. MIRACI, 94","nm_bairro_equipamento":"JD. PAULISTANO II","cd_cep_equipamento":"02812-220","tx_horario_funcionamento":null,"tx_numero_telefone":"3972-5526 / 3974-6206","cd_equipamento_base_origem":null}},{"type":"Feature","id":"equipamento_saude_ubs_posto_centro_v2.120811","geometry":{"type":"Point","coordinates":[323000.447,7382811.858]},"geometry_name":"ge_ponto","properties":{"cd_identificador":120811,"cd_identificador_tema_equipamento":6,"nm_tema_equipamento":"SAUDE","cd_identificador_rede_equipamento":0,"nm_rede_equipamento":"SEM REDE","tx_rede_equipamento":"Sem descrição","cd_identificador_tipo_equipamento":45,"nm_tipo_equipamento":"Unidade Básica de Saúde","tx_tipo_equipamento":"Atendimento básico em Pediatria, Ginecologia, Clínica Geral, Enfermagem e Odontologia. Principais serviços oferecidos: consultas médicas, inalações, injeções, curativos, vacinas, coleta de exames laboratoriais, tratamento odontológico, encaminhamentos par","cd_identificador_classe_equipamento":5,"nm_classe_equipamento":"UBS/POSTO DE SAÚDE/CENTRO DE SAÚDE","tx_classe_equipamento":"O PRIMEIRO CONTATO DO PACIENTE COM O SUS.","cd_identificador_esfera_administrativa_equipamento":1,"nm_esfera_administrativa_equipamento":"Municipal","tx_esfera_administrativa_equipamento":"Administração municipal","cd_equipamento":"573","nm_equipamento":"UBS NOVO CAMINHO","tx_endereco_equipamento":"R. ANTONIO DA MATA JUNIOR, 943","nm_bairro_equipamento":"JD SÃO LUIZ","cd_cep_equipamento":"05812-030","tx_horario_funcionamento":null,"tx_numero_telefone":"5851-9026","cd_equipamento_base_origem":null}},{"type":"Feature","id":"equipamento_saude_ubs_posto_centro_v2.120812","geometry":{"type":"Point","coordinates":[322909.035,7381612.433]},"geometry_name":"ge_ponto","properties":{"cd_identificador":120812,"cd_identificador_tema_equipamento":6,"nm_tema_equipamento":"SAUDE","cd_identificador_rede_equipamento":0,"nm_rede_equipamento":"SEM REDE","tx_rede_equipamento":"Sem descrição","cd_identificador_tipo_equipamento":45,"nm_tipo_equipamento":"Unidade Básica de Saúde","tx_tipo_equipamento":"Atendimento básico em Pediatria, Ginecologia, Clínica Geral, Enfermagem e Odontologia. Principais serviços oferecidos: consultas médicas, inalações, injeções, curativos, vacinas, coleta de exames laboratoriais, tratamento odontológico, encaminhamentos par","cd_identificador_classe_equipamento":5,"nm_classe_equipamento":"UBS/POSTO DE SAÚDE/CENTRO DE SAÚDE","tx_classe_equipamento":"O PRIMEIRO CONTATO DO PACIENTE COM O SUS.","cd_identificador_esfera_administrativa_equipamento":1,"nm_esfera_administrativa_equipamento":"Municipal","tx_esfera_administrativa_equipamento":"Administração municipal","cd_equipamento":"576","nm_equipamento":"UBS NOVO JARDIM I","tx_endereco_equipamento":"R. PHILIPPE DE VITRY, 282","nm_bairro_equipamento":"JARDIM SANTA JOSEFINA","cd_cep_equipamento":"05819-080","tx_horario_funcionamento":null,"tx_numero_telefone":"5892-2134","cd_equipamento_base_origem":null}},{"type":"Feature","id":"equipamento_saude_ubs_posto_centro_v2.120813","geometry":{"type":"Point","coordinates":[348168.111,7394537.098]},"geometry_name":"ge_ponto","properties":{"cd_identificador":120813,"cd_identificador_tema_equipamento":6,"nm_tema_equipamento":"SAUDE","cd_identificador_rede_equipamento":0,"nm_rede_equipamento":"SEM REDE","tx_rede_equipamento":"Sem descrição","cd_identificador_tipo_equipamento":45,"nm_tipo_equipamento":"Unidade Básica de Saúde","tx_tipo_equipamento":"Atendimento básico em Pediatria, Ginecologia, Clínica Geral, Enfermagem e Odontologia. Principais serviços oferecidos: consultas médicas, inalações, injeções, curativos, vacinas, coleta de exames laboratoriais, tratamento odontológico, encaminhamentos par","cd_identificador_classe_equipamento":5,"nm_classe_equipamento":"UBS/POSTO DE SAÚDE/CENTRO DE SAÚDE","tx_classe_equipamento":"O PRIMEIRO CONTATO DO PACIENTE COM O SUS.","cd_identificador_esfera_administrativa_equipamento":1,"nm_esfera_administrativa_equipamento":"Municipal","tx_esfera_administrativa_equipamento":"Administração municipal","cd_equipamento":"640","nm_equipamento":"UBS PADRE JOSE DE ANCHIETA","tx_endereco_equipamento":"AV. SYLVIO TORRES, 313","nm_bairro_equipamento":"ARTHUR ALVIM","cd_cep_equipamento":"03589-010","tx_horario_funcionamento":null,"tx_numero_telefone":"2742-1367","cd_equipamento_base_origem":null}},{"type":"Feature","id":"equipamento_saude_ubs_posto_centro_v2.120814","geometry":{"type":"Point","coordinates":[353450.782,7397365.165]},"geometry_name":"ge_ponto","properties":{"cd_identificador":120814,"cd_identificador_tema_equipamento":6,"nm_tema_equipamento":"SAUDE","cd_identificador_rede_equipamento":0,"nm_rede_equipamento":"SEM REDE","tx_rede_equipamento":"Sem descrição","cd_identificador_tipo_equipamento":45,"nm_tipo_equipamento":"Unidade Básica de Saúde","tx_tipo_equipamento":"Atendimento básico em Pediatria, Ginecologia, Clínica Geral, Enfermagem e Odontologia. Principais serviços oferecidos: consultas médicas, inalações, injeções, curativos, vacinas, coleta de exames laboratoriais, tratamento odontológico, encaminhamentos par","cd_identificador_classe_equipamento":5,"nm_classe_equipamento":"UBS/POSTO DE SAÚDE/CENTRO DE SAÚDE","tx_classe_equipamento":"O PRIMEIRO CONTATO DO PACIENTE COM O SUS.","cd_identificador_esfera_administrativa_equipamento":1,"nm_esfera_administrativa_equipamento":"Municipal","tx_esfera_administrativa_equipamento":"Administração municipal","cd_equipamento":"426","nm_equipamento":"UBS PARADA XV DE NOVEMBRO","tx_endereco_equipamento":"R. IBIAJARA, 804","nm_bairro_equipamento":"PARADA XV DE NOVEMBRO","cd_cep_equipamento":"08246-101","tx_horario_funcionamento":null,"tx_numero_telefone":"2286-0017","cd_equipamento_base_origem":null}},{"type":"Feature","id":"equipamento_saude_ubs_posto_centro_v2.120815","geometry":{"type":"Point","coordinates":[324186.805,7387151.373]},"geometry_name":"ge_ponto","properties":{"cd_identificador":120815,"cd_identificador_tema_equipamento":6,"nm_tema_equipamento":"SAUDE","cd_identificador_rede_equipamento":0,"nm_rede_equipamento":"SEM REDE","tx_rede_equipamento":"Sem descrição","cd_identificador_tipo_equipamento":45,"nm_tipo_equipamento":"Unidade Básica de Saúde","tx_tipo_equipamento":"Atendimento básico em Pediatria, Ginecologia, Clínica Geral, Enfermagem e Odontologia. Principais serviços oferecidos: consultas médicas, inalações, injeções, curativos, vacinas, coleta de exames laboratoriais, tratamento odontológico, encaminhamentos par","cd_identificador_classe_equipamento":5,"nm_classe_equipamento":"UBS/POSTO DE SAÚDE/CENTRO DE SAÚDE","tx_classe_equipamento":"O PRIMEIRO CONTATO DO PACIENTE COM O SUS.","cd_identificador_esfera_administrativa_equipamento":1,"nm_esfera_administrativa_equipamento":"Municipal","tx_esfera_administrativa_equipamento":"Administração municipal","cd_equipamento":"104","nm_equipamento":"UBS PARAISOPOLIS","tx_endereco_equipamento":"R. MELCHIOR GIOLA, 80","nm_bairro_equipamento":"PARAISOPOLIS","cd_cep_equipamento":"05664-000","tx_horario_funcionamento":null,"tx_numero_telefone":"3744-5223","cd_equipamento_base_origem":null}},{"type":"Feature","id":"equipamento_saude_ubs_posto_centro_v2.120816","geometry":{"type":"Point","coordinates":[323886.482,7387656.134]},"geometry_name":"ge_ponto","properties":{"cd_identificador":120816,"cd_identificador_tema_equipamento":6,"nm_tema_equipamento":"SAUDE","cd_identificador_rede_equipamento":0,"nm_rede_equipamento":"SEM REDE","tx_rede_equipamento":"Sem descrição","cd_identificador_tipo_equipamento":45,"nm_tipo_equipamento":"Unidade Básica de Saúde","tx_tipo_equipamento":"Atendimento básico em Pediatria, Ginecologia, Clínica Geral, Enfermagem e Odontologia. Principais serviços oferecidos: consultas médicas, inalações, injeções, curativos, vacinas, coleta de exames laboratoriais, tratamento odontológico, encaminhamentos par","cd_identificador_classe_equipamento":5,"nm_classe_equipamento":"UBS/POSTO DE SAÚDE/CENTRO DE SAÚDE","tx_classe_equipamento":"O PRIMEIRO CONTATO DO PACIENTE COM O SUS.","cd_identificador_esfera_administrativa_equipamento":1,"nm_esfera_administrativa_equipamento":"Municipal","tx_esfera_administrativa_equipamento":"Administração municipal","cd_equipamento":"97","nm_equipamento":"UBS PARAISOPOLIS II","tx_endereco_equipamento":"R. PASQUALE GUALUPPI, 951","nm_bairro_equipamento":"PARAISÓPOLIS","cd_cep_equipamento":"05660-000","tx_horario_funcionamento":null,"tx_numero_telefone":"3501-9031 / 3501-2839","cd_equipamento_base_origem":null}},{"type":"Feature","id":"equipamento_saude_ubs_posto_centro_v2.120817","geometry":{"type":"Point","coordinates":[324543.346,7387112.581]},"geometry_name":"ge_ponto","properties":{"cd_identificador":120817,"cd_identificador_tema_equipamento":6,"nm_tema_equipamento":"SAUDE","cd_identificador_rede_equipamento":0,"nm_rede_equipamento":"SEM REDE","tx_rede_equipamento":"Sem descrição","cd_identificador_tipo_equipamento":45,"nm_tipo_equipamento":"Unidade Básica de Saúde","tx_tipo_equipamento":"Atendimento básico em Pediatria, Ginecologia, Clínica Geral, Enfermagem e Odontologia. Principais serviços oferecidos: consultas médicas, inalações, injeções, curativos, vacinas, coleta de exames laboratoriais, tratamento odontológico, encaminhamentos par","cd_identificador_classe_equipamento":5,"nm_classe_equipamento":"UBS/POSTO DE SAÚDE/CENTRO DE SAÚDE","tx_classe_equipamento":"O PRIMEIRO CONTATO DO PACIENTE COM O SUS.","cd_identificador_esfera_administrativa_equipamento":1,"nm_esfera_administrativa_equipamento":"Municipal","tx_esfera_administrativa_equipamento":"Administração municipal","cd_equipamento":"98","nm_equipamento":"UBS PARAISOPOLIS III","tx_endereco_equipamento":"R. SILVEIRA SAMPAIO, 660","nm_bairro_equipamento":"JD MORUMBI","cd_cep_equipamento":"05656-010","tx_horario_funcionamento":null,"tx_numero_telefone":"3742-1323 / 3742-2974","cd_equipamento_base_origem":null}},{"type":"Feature","id":"equipamento_saude_ubs_posto_centro_v2.120818","geometry":{"type":"Point","coordinates":[324095.262,7363510.122]},"geometry_name":"ge_ponto","properties":{"cd_identificador":120818,"cd_identificador_tema_equipamento":6,"nm_tema_equipamento":"SAUDE","cd_identificador_rede_equipamento":0,"nm_rede_equipamento":"SEM REDE","tx_rede_equipamento":"Sem descrição","cd_identificador_tipo_equipamento":45,"nm_tipo_equipamento":"Unidade Básica de Saúde","tx_tipo_equipamento":"Atendimento básico em Pediatria, Ginecologia, Clínica Geral, Enfermagem e Odontologia. Principais serviços oferecidos: consultas médicas, inalações, injeções, curativos, vacinas, coleta de exames laboratoriais, tratamento odontológico, encaminhamentos par","cd_identificador_classe_equipamento":5,"nm_classe_equipamento":"UBS/POSTO DE SAÚDE/CENTRO DE SAÚDE","tx_classe_equipamento":"O PRIMEIRO CONTATO DO PACIENTE COM O SUS.","cd_identificador_esfera_administrativa_equipamento":1,"nm_esfera_administrativa_equipamento":"Municipal","tx_esfera_administrativa_equipamento":"Administração municipal","cd_equipamento":"612","nm_equipamento":"UBS PARELHEIROS","tx_endereco_equipamento":"R. MARIO TRAPE, 100","nm_bairro_equipamento":"JARDIM NOVO PARELHEIROS","cd_cep_equipamento":"04890-430","tx_horario_funcionamento":null,"tx_numero_telefone":"5921-6780 / 5921-4946","cd_equipamento_base_origem":null}},{"type":"Feature","id":"equipamento_saude_ubs_posto_centro_v2.120819","geometry":{"type":"Point","coordinates":[321498.559,7384763.956]},"geometry_name":"ge_ponto","properties":{"cd_identificador":120819,"cd_identificador_tema_equipamento":6,"nm_tema_equipamento":"SAUDE","cd_identificador_rede_equipamento":0,"nm_rede_equipamento":"SEM REDE","tx_rede_equipamento":"Sem descrição","cd_identificador_tipo_equipamento":45,"nm_tipo_equipamento":"Unidade Básica de Saúde","tx_tipo_equipamento":"Atendimento básico em Pediatria, Ginecologia, Clínica Geral, Enfermagem e Odontologia. Principais serviços oferecidos: consultas médicas, inalações, injeções, curativos, vacinas, coleta de exames laboratoriais, tratamento odontológico, encaminhamentos par","cd_identificador_classe_equipamento":5,"nm_classe_equipamento":"UBS/POSTO DE SAÚDE/CENTRO DE SAÚDE","tx_classe_equipamento":"O PRIMEIRO CONTATO DO PACIENTE COM O SUS.","cd_identificador_esfera_administrativa_equipamento":1,"nm_esfera_administrativa_equipamento":"Municipal","tx_esfera_administrativa_equipamento":"Administração municipal","cd_equipamento":"61","nm_equipamento":"UBS PARQUE ARARIBA","tx_endereco_equipamento":"R. FRANCISCO SOARES, 81","nm_bairro_equipamento":"JARDIM INGÁ","cd_cep_equipamento":"05774-300","tx_horario_funcionamento":null,"tx_numero_telefone":"5511-5573","cd_equipamento_base_origem":null}},{"type":"Feature","id":"equipamento_saude_ubs_posto_centro_v2.120820","geometry":{"type":"Point","coordinates":[347710.831,7396156.201]},"geometry_name":"ge_ponto","properties":{"cd_identificador":120820,"cd_identificador_tema_equipamento":6,"nm_tema_equipamento":"SAUDE","cd_identificador_rede_equipamento":0,"nm_rede_equipamento":"SEM REDE","tx_rede_equipamento":"Sem descrição","cd_identificador_tipo_equipamento":45,"nm_tipo_equipamento":"Unidade Básica de Saúde","tx_tipo_equipamento":"Atendimento básico em Pediatria, Ginecologia, Clínica Geral, Enfermagem e Odontologia. Principais serviços oferecidos: consultas médicas, inalações, injeções, curativos, vacinas, coleta de exames laboratoriais, tratamento odontológico, encaminhamentos par","cd_identificador_classe_equipamento":5,"nm_classe_equipamento":"UBS/POSTO DE SAÚDE/CENTRO DE SAÚDE","tx_classe_equipamento":"O PRIMEIRO CONTATO DO PACIENTE COM O SUS.","cd_identificador_esfera_administrativa_equipamento":1,"nm_esfera_administrativa_equipamento":"Municipal","tx_esfera_administrativa_equipamento":"Administração municipal","cd_equipamento":"644","nm_equipamento":"UBS PARQUE ARTHUR ALVIM","tx_endereco_equipamento":"R. HENRIQUE JACOBS, 269","nm_bairro_equipamento":"ARTHUR ALVIM","cd_cep_equipamento":"03566-010","tx_horario_funcionamento":null,"tx_numero_telefone":"2749-4235","cd_equipamento_base_origem":null}},{"type":"Feature","id":"equipamento_saude_ubs_posto_centro_v2.120821","geometry":{"type":"Point","coordinates":[352195.415,7389870.302]},"geometry_name":"ge_ponto","properties":{"cd_identificador":120821,"cd_identificador_tema_equipamento":6,"nm_tema_equipamento":"SAUDE","cd_identificador_rede_equipamento":0,"nm_rede_equipamento":"SEM REDE","tx_rede_equipamento":"Sem descrição","cd_identificador_tipo_equipamento":45,"nm_tipo_equipamento":"Unidade Básica de Saúde","tx_tipo_equipamento":"Atendimento básico em Pediatria, Ginecologia, Clínica Geral, Enfermagem e Odontologia. Principais serviços oferecidos: consultas médicas, inalações, injeções, curativos, vacinas, coleta de exames laboratoriais, tratamento odontológico, encaminhamentos par","cd_identificador_classe_equipamento":5,"nm_classe_equipamento":"UBS/POSTO DE SAÚDE/CENTRO DE SAÚDE","tx_classe_equipamento":"O PRIMEIRO CONTATO DO PACIENTE COM O SUS.","cd_identificador_esfera_administrativa_equipamento":1,"nm_esfera_administrativa_equipamento":"Municipal","tx_esfera_administrativa_equipamento":"Administração municipal","cd_equipamento":"832","nm_equipamento":"UBS PARQUE BOA ESPERANÇA","tx_endereco_equipamento":"AV. RAGUEB CHOHFI, 3826","nm_bairro_equipamento":"PARQUE BOA ESPERANÇA","cd_cep_equipamento":"08341-410","tx_horario_funcionamento":null,"tx_numero_telefone":"5237-9230","cd_equipamento_base_origem":null}},{"type":"Feature","id":"equipamento_saude_ubs_posto_centro_v2.120822","geometry":{"type":"Point","coordinates":[324351.358,7396535.003]},"geometry_name":"ge_ponto","properties":{"cd_identificador":120822,"cd_identificador_tema_equipamento":6,"nm_tema_equipamento":"SAUDE","cd_identificador_rede_equipamento":0,"nm_rede_equipamento":"SEM REDE","tx_rede_equipamento":"Sem descrição","cd_identificador_tipo_equipamento":45,"nm_tipo_equipamento":"Unidade Básica de Saúde","tx_tipo_equipamento":"Atendimento básico em Pediatria, Ginecologia, Clínica Geral, Enfermagem e Odontologia. Principais serviços oferecidos: consultas médicas, inalações, injeções, curativos, vacinas, coleta de exames laboratoriais, tratamento odontológico, encaminhamentos par","cd_identificador_classe_equipamento":5,"nm_classe_equipamento":"UBS/POSTO DE SAÚDE/CENTRO DE SAÚDE","tx_classe_equipamento":"O PRIMEIRO CONTATO DO PACIENTE COM O SUS.","cd_identificador_esfera_administrativa_equipamento":1,"nm_esfera_administrativa_equipamento":"Municipal","tx_esfera_administrativa_equipamento":"Administração municipal","cd_equipamento":"518","nm_equipamento":"UBS PARQUE DA LAPA","tx_endereco_equipamento":"R. BERGSON, 52","nm_bairro_equipamento":"PQ DA LAPA","cd_cep_equipamento":"05301-060","tx_horario_funcionamento":null,"tx_numero_telefone":"3836-8029","cd_equipamento_base_origem":null}},{"type":"Feature","id":"equipamento_saude_ubs_posto_centro_v2.120823","geometry":{"type":"Point","coordinates":[352495.534,7384848.777]},"geometry_name":"ge_ponto","properties":{"cd_identificador":120823,"cd_identificador_tema_equipamento":6,"nm_tema_equipamento":"SAUDE","cd_identificador_rede_equipamento":0,"nm_rede_equipamento":"SEM REDE","tx_rede_equipamento":"Sem descrição","cd_identificador_tipo_equipamento":45,"nm_tipo_equipamento":"Unidade Básica de Saúde","tx_tipo_equipamento":"Atendimento básico em Pediatria, Ginecologia, Clínica Geral, Enfermagem e Odontologia. Principais serviços oferecidos: consultas médicas, inalações, injeções, curativos, vacinas, coleta de exames laboratoriais, tratamento odontológico, encaminhamentos par","cd_identificador_classe_equipamento":5,"nm_classe_equipamento":"UBS/POSTO DE SAÚDE/CENTRO DE SAÚDE","tx_classe_equipamento":"O PRIMEIRO CONTATO DO PACIENTE COM O SUS.","cd_identificador_esfera_administrativa_equipamento":1,"nm_esfera_administrativa_equipamento":"Municipal","tx_esfera_administrativa_equipamento":"Administração municipal","cd_equipamento":"863","nm_equipamento":"UBS PARQUE DAS FLORES","tx_endereco_equipamento":"R. DAS PETUNIAS, 31","nm_bairro_equipamento":"PARQUE DAS FLORES","cd_cep_equipamento":"08391-330","tx_horario_funcionamento":null,"tx_numero_telefone":null,"cd_equipamento_base_origem":null}},{"type":"Feature","id":"equipamento_saude_ubs_posto_centro_v2.120824","geometry":{"type":"Point","coordinates":[318786.014,7376007.793]},"geometry_name":"ge_ponto","properties":{"cd_identificador":120824,"cd_identificador_tema_equipamento":6,"nm_tema_equipamento":"SAUDE","cd_identificador_rede_equipamento":0,"nm_rede_equipamento":"SEM REDE","tx_rede_equipamento":"Sem descrição","cd_identificador_tipo_equipamento":45,"nm_tipo_equipamento":"Unidade Básica de Saúde","tx_tipo_equipamento":"Atendimento básico em Pediatria, Ginecologia, Clínica Geral, Enfermagem e Odontologia. Principais serviços oferecidos: consultas médicas, inalações, injeções, curativos, vacinas, coleta de exames laboratoriais, tratamento odontológico, encaminhamentos par","cd_identificador_classe_equipamento":5,"nm_classe_equipamento":"UBS/POSTO DE SAÚDE/CENTRO DE SAÚDE","tx_classe_equipamento":"O PRIMEIRO CONTATO DO PACIENTE COM O SUS.","cd_identificador_esfera_administrativa_equipamento":1,"nm_esfera_administrativa_equipamento":"Municipal","tx_esfera_administrativa_equipamento":"Administração municipal","cd_equipamento":"522","nm_equipamento":"UBS PARQUE DO LAGO","tx_endereco_equipamento":"ESTRADA DA BARONESA, 1000","nm_bairro_equipamento":"PARQUE DO LAGO","cd_cep_equipamento":"04945-012","tx_horario_funcionamento":null,"tx_numero_telefone":"3302-0797","cd_equipamento_base_origem":null}},{"type":"Feature","id":"equipamento_saude_ubs_posto_centro_v2.120825","geometry":{"type":"Point","coordinates":[331950.842,7378307.284]},"geometry_name":"ge_ponto","properties":{"cd_identificador":120825,"cd_identificador_tema_equipamento":6,"nm_tema_equipamento":"SAUDE","cd_identificador_rede_equipamento":0,"nm_rede_equipamento":"SEM REDE","tx_rede_equipamento":"Sem descrição","cd_identificador_tipo_equipamento":45,"nm_tipo_equipamento":"Unidade Básica de Saúde","tx_tipo_equipamento":"Atendimento básico em Pediatria, Ginecologia, Clínica Geral, Enfermagem e Odontologia. Principais serviços oferecidos: consultas médicas, inalações, injeções, curativos, vacinas, coleta de exames laboratoriais, tratamento odontológico, encaminhamentos par","cd_identificador_classe_equipamento":5,"nm_classe_equipamento":"UBS/POSTO DE SAÚDE/CENTRO DE SAÚDE","tx_classe_equipamento":"O PRIMEIRO CONTATO DO PACIENTE COM O SUS.","cd_identificador_esfera_administrativa_equipamento":1,"nm_esfera_administrativa_equipamento":"Municipal","tx_esfera_administrativa_equipamento":"Administração municipal","cd_equipamento":"212","nm_equipamento":"UBS PARQUE DOROTEIA","tx_endereco_equipamento":"R. DOS ANIQUIS, 3","nm_bairro_equipamento":"JARDIM SANTA TEREZINHA","cd_cep_equipamento":"04474-000","tx_horario_funcionamento":null,"tx_numero_telefone":"5672-7444","cd_equipamento_base_origem":null}},{"type":"Feature","id":"equipamento_saude_ubs_posto_centro_v2.120826","geometry":{"type":"Point","coordinates":[331300.095,7377023.14]},"geometry_name":"ge_ponto","properties":{"cd_identificador":120826,"cd_identificador_tema_equipamento":6,"nm_tema_equipamento":"SAUDE","cd_identificador_rede_equipamento":0,"nm_rede_equipamento":"SEM REDE","tx_rede_equipamento":"Sem descrição","cd_identificador_tipo_equipamento":45,"nm_tipo_equipamento":"Unidade Básica de Saúde","tx_tipo_equipamento":"Atendimento básico em Pediatria, Ginecologia, Clínica Geral, Enfermagem e Odontologia. Principais serviços oferecidos: consultas médicas, inalações, injeções, curativos, vacinas, coleta de exames laboratoriais, tratamento odontológico, encaminhamentos par","cd_identificador_classe_equipamento":5,"nm_classe_equipamento":"UBS/POSTO DE SAÚDE/CENTRO DE SAÚDE","tx_classe_equipamento":"O PRIMEIRO CONTATO DO PACIENTE COM O SUS.","cd_identificador_esfera_administrativa_equipamento":1,"nm_esfera_administrativa_equipamento":"Municipal","tx_esfera_administrativa_equipamento":"Administração municipal","cd_equipamento":"201","nm_equipamento":"UBS PARQUE DOS BÚFALOS","tx_endereco_equipamento":"R. PROJETADA 1, S/N","nm_bairro_equipamento":"JARDIM APURÁ","cd_cep_equipamento":"04470-181","tx_horario_funcionamento":null,"tx_numero_telefone":"5555-8577","cd_equipamento_base_origem":null}},{"type":"Feature","id":"equipamento_saude_ubs_posto_centro_v2.120827","geometry":{"type":"Point","coordinates":[339789.026,7402770.846]},"geometry_name":"ge_ponto","properties":{"cd_identificador":120827,"cd_identificador_tema_equipamento":6,"nm_tema_equipamento":"SAUDE","cd_identificador_rede_equipamento":0,"nm_rede_equipamento":"SEM REDE","tx_rede_equipamento":"Sem descrição","cd_identificador_tipo_equipamento":45,"nm_tipo_equipamento":"Unidade Básica de Saúde","tx_tipo_equipamento":"Atendimento básico em Pediatria, Ginecologia, Clínica Geral, Enfermagem e Odontologia. Principais serviços oferecidos: consultas médicas, inalações, injeções, curativos, vacinas, coleta de exames laboratoriais, tratamento odontológico, encaminhamentos par","cd_identificador_classe_equipamento":5,"nm_classe_equipamento":"UBS/POSTO DE SAÚDE/CENTRO DE SAÚDE","tx_classe_equipamento":"O PRIMEIRO CONTATO DO PACIENTE COM O SUS.","cd_identificador_esfera_administrativa_equipamento":1,"nm_esfera_administrativa_equipamento":"Municipal","tx_esfera_administrativa_equipamento":"Administração municipal","cd_equipamento":"480","nm_equipamento":"UBS PARQUE EDU CHAVES","tx_endereco_equipamento":"AV. EDU CHAVES, 1197","nm_bairro_equipamento":"PARQUE EDU CHAVES","cd_cep_equipamento":"02229-001","tx_horario_funcionamento":null,"tx_numero_telefone":"2243-6694","cd_equipamento_base_origem":null}},{"type":"Feature","id":"equipamento_saude_ubs_posto_centro_v2.120828","geometry":{"type":"Point","coordinates":[317855.784,7382141.756]},"geometry_name":"ge_ponto","properties":{"cd_identificador":120828,"cd_identificador_tema_equipamento":6,"nm_tema_equipamento":"SAUDE","cd_identificador_rede_equipamento":0,"nm_rede_equipamento":"SEM REDE","tx_rede_equipamento":"Sem descrição","cd_identificador_tipo_equipamento":45,"nm_tipo_equipamento":"Unidade Básica de Saúde","tx_tipo_equipamento":"Atendimento básico em Pediatria, Ginecologia, Clínica Geral, Enfermagem e Odontologia. Principais serviços oferecidos: consultas médicas, inalações, injeções, curativos, vacinas, coleta de exames laboratoriais, tratamento odontológico, encaminhamentos par","cd_identificador_classe_equipamento":5,"nm_classe_equipamento":"UBS/POSTO DE SAÚDE/CENTRO DE SAÚDE","tx_classe_equipamento":"O PRIMEIRO CONTATO DO PACIENTE COM O SUS.","cd_identificador_esfera_administrativa_equipamento":1,"nm_esfera_administrativa_equipamento":"Municipal","tx_esfera_administrativa_equipamento":"Administração municipal","cd_equipamento":"89","nm_equipamento":"UBS PARQUE ENGENHO II","tx_endereco_equipamento":"AV. DOM RODRIGO SANCHES, 700","nm_bairro_equipamento":"PARQUE DO ENGENHO","cd_cep_equipamento":"05892-360","tx_horario_funcionamento":null,"tx_numero_telefone":"5821-4180","cd_equipamento_base_origem":null}},{"type":"Feature","id":"equipamento_saude_ubs_posto_centro_v2.120829","geometry":{"type":"Point","coordinates":[321623.423,7380195.603]},"geometry_name":"ge_ponto","properties":{"cd_identificador":120829,"cd_identificador_tema_equipamento":6,"nm_tema_equipamento":"SAUDE","cd_identificador_rede_equipamento":0,"nm_rede_equipamento":"SEM REDE","tx_rede_equipamento":"Sem descrição","cd_identificador_tipo_equipamento":45,"nm_tipo_equipamento":"Unidade Básica de Saúde","tx_tipo_equipamento":"Atendimento básico em Pediatria, Ginecologia, Clínica Geral, Enfermagem e Odontologia. Principais serviços oferecidos: consultas médicas, inalações, injeções, curativos, vacinas, coleta de exames laboratoriais, tratamento odontológico, encaminhamentos par","cd_identificador_classe_equipamento":5,"nm_classe_equipamento":"UBS/POSTO DE SAÚDE/CENTRO DE SAÚDE","tx_classe_equipamento":"O PRIMEIRO CONTATO DO PACIENTE COM O SUS.","cd_identificador_esfera_administrativa_equipamento":1,"nm_esfera_administrativa_equipamento":"Municipal","tx_esfera_administrativa_equipamento":"Administração municipal","cd_equipamento":"551","nm_equipamento":"UBS PARQUE FIGUEIRA GRANDE","tx_endereco_equipamento":"R. DANIEL KLEIN, 211","nm_bairro_equipamento":"PQ FIGUEIRA GRANDE","cd_cep_equipamento":"04915-170","tx_horario_funcionamento":null,"tx_numero_telefone":"5514-6609 / 5894-4788","cd_equipamento_base_origem":null}},{"type":"Feature","id":"equipamento_saude_ubs_posto_centro_v2.120830","geometry":{"type":"Point","coordinates":[333110.689,7386001.363]},"geometry_name":"ge_ponto","properties":{"cd_identificador":120830,"cd_identificador_tema_equipamento":6,"nm_tema_equipamento":"SAUDE","cd_identificador_rede_equipamento":0,"nm_rede_equipamento":"SEM REDE","tx_rede_equipamento":"Sem descrição","cd_identificador_tipo_equipamento":45,"nm_tipo_equipamento":"Unidade Básica de Saúde","tx_tipo_equipamento":"Atendimento básico em Pediatria, Ginecologia, Clínica Geral, Enfermagem e Odontologia. Principais serviços oferecidos: consultas médicas, inalações, injeções, curativos, vacinas, coleta de exames laboratoriais, tratamento odontológico, encaminhamentos par","cd_identificador_classe_equipamento":5,"nm_classe_equipamento":"UBS/POSTO DE SAÚDE/CENTRO DE SAÚDE","tx_classe_equipamento":"O PRIMEIRO CONTATO DO PACIENTE COM O SUS.","cd_identificador_esfera_administrativa_equipamento":1,"nm_esfera_administrativa_equipamento":"Municipal","tx_esfera_administrativa_equipamento":"Administração municipal","cd_equipamento":"1029","nm_equipamento":"UBS PARQUE IMPERIAL - MANOEL ANTONIO DA SILVA SARAGOÇA","tx_endereco_equipamento":"R. MAJOR FREIRE, 510","nm_bairro_equipamento":"VILA MONTE ALEGRE","cd_cep_equipamento":"04304-110","tx_horario_funcionamento":null,"tx_numero_telefone":"5581-0426","cd_equipamento_base_origem":null}},{"type":"Feature","id":"equipamento_saude_ubs_posto_centro_v2.120831","geometry":{"type":"Point","coordinates":[322487.878,7401314.011]},"geometry_name":"ge_ponto","properties":{"cd_identificador":120831,"cd_identificador_tema_equipamento":6,"nm_tema_equipamento":"SAUDE","cd_identificador_rede_equipamento":0,"nm_rede_equipamento":"SEM REDE","tx_rede_equipamento":"Sem descrição","cd_identificador_tipo_equipamento":45,"nm_tipo_equipamento":"Unidade Básica de Saúde","tx_tipo_equipamento":"Atendimento básico em Pediatria, Ginecologia, Clínica Geral, Enfermagem e Odontologia. Principais serviços oferecidos: consultas médicas, inalações, injeções, curativos, vacinas, coleta de exames laboratoriais, tratamento odontológico, encaminhamentos par","cd_identificador_classe_equipamento":5,"nm_classe_equipamento":"UBS/POSTO DE SAÚDE/CENTRO DE SAÚDE","tx_classe_equipamento":"O PRIMEIRO CONTATO DO PACIENTE COM O SUS.","cd_identificador_esfera_administrativa_equipamento":1,"nm_esfera_administrativa_equipamento":"Municipal","tx_esfera_administrativa_equipamento":"Administração municipal","cd_equipamento":"758","nm_equipamento":"UBS PARQUE MARIA DOMITILA","tx_endereco_equipamento":"AV. DO ANASTÁCIO (ESQ. RUA WILLIS ROBERTO BANKS), 2421","nm_bairro_equipamento":"CITY AMERICA","cd_cep_equipamento":"05119-000","tx_horario_funcionamento":null,"tx_numero_telefone":"3903-4825 / 3902-2303","cd_equipamento_base_origem":null}},{"type":"Feature","id":"equipamento_saude_ubs_posto_centro_v2.120832","geometry":{"type":"Point","coordinates":[338994.188,7398262.87]},"geometry_name":"ge_ponto","properties":{"cd_identificador":120832,"cd_identificador_tema_equipamento":6,"nm_tema_equipamento":"SAUDE","cd_identificador_rede_equipamento":0,"nm_rede_equipamento":"SEM REDE","tx_rede_equipamento":"Sem descrição","cd_identificador_tipo_equipamento":45,"nm_tipo_equipamento":"Unidade Básica de Saúde","tx_tipo_equipamento":"Atendimento básico em Pediatria, Ginecologia, Clínica Geral, Enfermagem e Odontologia. Principais serviços oferecidos: consultas médicas, inalações, injeções, curativos, vacinas, coleta de exames laboratoriais, tratamento odontológico, encaminhamentos par","cd_identificador_classe_equipamento":5,"nm_classe_equipamento":"UBS/POSTO DE SAÚDE/CENTRO DE SAÚDE","tx_classe_equipamento":"O PRIMEIRO CONTATO DO PACIENTE COM O SUS.","cd_identificador_esfera_administrativa_equipamento":1,"nm_esfera_administrativa_equipamento":"Municipal","tx_esfera_administrativa_equipamento":"Administração municipal","cd_equipamento":"1002","nm_equipamento":"UBS PARQUE NOVO MUNDO I","tx_endereco_equipamento":"R. BENEDITA DORNELAS CLARO, 451","nm_bairro_equipamento":"PARQUE NOVO MUNDO","cd_cep_equipamento":"02168-020","tx_horario_funcionamento":null,"tx_numero_telefone":"2954-1747","cd_equipamento_base_origem":null}},{"type":"Feature","id":"equipamento_saude_ubs_posto_centro_v2.120833","geometry":{"type":"Point","coordinates":[340133.177,7398928.644]},"geometry_name":"ge_ponto","properties":{"cd_identificador":120833,"cd_identificador_tema_equipamento":6,"nm_tema_equipamento":"SAUDE","cd_identificador_rede_equipamento":0,"nm_rede_equipamento":"SEM REDE","tx_rede_equipamento":"Sem descrição","cd_identificador_tipo_equipamento":45,"nm_tipo_equipamento":"Unidade Básica de Saúde","tx_tipo_equipamento":"Atendimento básico em Pediatria, Ginecologia, Clínica Geral, Enfermagem e Odontologia. Principais serviços oferecidos: consultas médicas, inalações, injeções, curativos, vacinas, coleta de exames laboratoriais, tratamento odontológico, encaminhamentos par","cd_identificador_classe_equipamento":5,"nm_classe_equipamento":"UBS/POSTO DE SAÚDE/CENTRO DE SAÚDE","tx_classe_equipamento":"O PRIMEIRO CONTATO DO PACIENTE COM O SUS.","cd_identificador_esfera_administrativa_equipamento":1,"nm_esfera_administrativa_equipamento":"Municipal","tx_esfera_administrativa_equipamento":"Administração municipal","cd_equipamento":"1003","nm_equipamento":"UBS PARQUE NOVO MUNDO II","tx_endereco_equipamento":"R. SOLDADO ANTONIO MATIAS DE CAMARGO, 87","nm_bairro_equipamento":"PARQUE NOVO MUNDO","cd_cep_equipamento":"02188-050","tx_horario_funcionamento":null,"tx_numero_telefone":"2954-4580","cd_equipamento_base_origem":null}},{"type":"Feature","id":"equipamento_saude_ubs_posto_centro_v2.120834","geometry":{"type":"Point","coordinates":[318292.518,7377834.097]},"geometry_name":"ge_ponto","properties":{"cd_identificador":120834,"cd_identificador_tema_equipamento":6,"nm_tema_equipamento":"SAUDE","cd_identificador_rede_equipamento":0,"nm_rede_equipamento":"SEM REDE","tx_rede_equipamento":"Sem descrição","cd_identificador_tipo_equipamento":45,"nm_tipo_equipamento":"Unidade Básica de Saúde","tx_tipo_equipamento":"Atendimento básico em Pediatria, Ginecologia, Clínica Geral, Enfermagem e Odontologia. Principais serviços oferecidos: consultas médicas, inalações, injeções, curativos, vacinas, coleta de exames laboratoriais, tratamento odontológico, encaminhamentos par","cd_identificador_classe_equipamento":5,"nm_classe_equipamento":"UBS/POSTO DE SAÚDE/CENTRO DE SAÚDE","tx_classe_equipamento":"O PRIMEIRO CONTATO DO PACIENTE COM O SUS.","cd_identificador_esfera_administrativa_equipamento":1,"nm_esfera_administrativa_equipamento":"Municipal","tx_esfera_administrativa_equipamento":"Administração municipal","cd_equipamento":"526","nm_equipamento":"UBS PARQUE NOVO SANTO AMARO","tx_endereco_equipamento":"R. PORTA DO PRADO, 18","nm_bairro_equipamento":"PARQUE NOVO SANTO AMARO","cd_cep_equipamento":"05874-130","tx_horario_funcionamento":null,"tx_numero_telefone":"5831-1448","cd_equipamento_base_origem":null}},{"type":"Feature","id":"equipamento_saude_ubs_posto_centro_v2.120835","geometry":{"type":"Point","coordinates":[353746.154,7401812.511]},"geometry_name":"ge_ponto","properties":{"cd_identificador":120835,"cd_identificador_tema_equipamento":6,"nm_tema_equipamento":"SAUDE","cd_identificador_rede_equipamento":0,"nm_rede_equipamento":"SEM REDE","tx_rede_equipamento":"Sem descrição","cd_identificador_tipo_equipamento":45,"nm_tipo_equipamento":"Unidade Básica de Saúde","tx_tipo_equipamento":"Atendimento básico em Pediatria, Ginecologia, Clínica Geral, Enfermagem e Odontologia. Principais serviços oferecidos: consultas médicas, inalações, injeções, curativos, vacinas, coleta de exames laboratoriais, tratamento odontológico, encaminhamentos par","cd_identificador_classe_equipamento":5,"nm_classe_equipamento":"UBS/POSTO DE SAÚDE/CENTRO DE SAÚDE","tx_classe_equipamento":"O PRIMEIRO CONTATO DO PACIENTE COM O SUS.","cd_identificador_esfera_administrativa_equipamento":1,"nm_esfera_administrativa_equipamento":"Municipal","tx_esfera_administrativa_equipamento":"Administração municipal","cd_equipamento":"865","nm_equipamento":"UBS PARQUE PAULISTANO","tx_endereco_equipamento":"R. SILVEIRA PIRES, 265","nm_bairro_equipamento":"PARQUE PAULISTANO","cd_cep_equipamento":"08080-160","tx_horario_funcionamento":null,"tx_numero_telefone":"2025-9469 / 3678-7309","cd_equipamento_base_origem":null}},{"type":"Feature","id":"equipamento_saude_ubs_posto_centro_v2.120836","geometry":{"type":"Point","coordinates":[331030.624,7400413.757]},"geometry_name":"ge_ponto","properties":{"cd_identificador":120836,"cd_identificador_tema_equipamento":6,"nm_tema_equipamento":"SAUDE","cd_identificador_rede_equipamento":0,"nm_rede_equipamento":"SEM REDE","tx_rede_equipamento":"Sem descrição","cd_identificador_tipo_equipamento":45,"nm_tipo_equipamento":"Unidade Básica de Saúde","tx_tipo_equipamento":"Atendimento básico em Pediatria, Ginecologia, Clínica Geral, Enfermagem e Odontologia. Principais serviços oferecidos: consultas médicas, inalações, injeções, curativos, vacinas, coleta de exames laboratoriais, tratamento odontológico, encaminhamentos par","cd_identificador_classe_equipamento":5,"nm_classe_equipamento":"UBS/POSTO DE SAÚDE/CENTRO DE SAÚDE","tx_classe_equipamento":"O PRIMEIRO CONTATO DO PACIENTE COM O SUS.","cd_identificador_esfera_administrativa_equipamento":1,"nm_esfera_administrativa_equipamento":"Municipal","tx_esfera_administrativa_equipamento":"Administração municipal","cd_equipamento":"173","nm_equipamento":"UBS PARQUE PERUCHE","tx_endereco_equipamento":"R. JOSÉ RANGEL DE CAMARGO, 500","nm_bairro_equipamento":"PARQUE PERUCHE","cd_cep_equipamento":"02538-010","tx_horario_funcionamento":null,"tx_numero_telefone":"3858-8303","cd_equipamento_base_origem":null}},{"type":"Feature","id":"equipamento_saude_ubs_posto_centro_v2.120837","geometry":{"type":"Point","coordinates":[320913.591,7385134.584]},"geometry_name":"ge_ponto","properties":{"cd_identificador":120837,"cd_identificador_tema_equipamento":6,"nm_tema_equipamento":"SAUDE","cd_identificador_rede_equipamento":0,"nm_rede_equipamento":"SEM REDE","tx_rede_equipamento":"Sem descrição","cd_identificador_tipo_equipamento":45,"nm_tipo_equipamento":"Unidade Básica de Saúde","tx_tipo_equipamento":"Atendimento básico em Pediatria, Ginecologia, Clínica Geral, Enfermagem e Odontologia. Principais serviços oferecidos: consultas médicas, inalações, injeções, curativos, vacinas, coleta de exames laboratoriais, tratamento odontológico, encaminhamentos par","cd_identificador_classe_equipamento":5,"nm_classe_equipamento":"UBS/POSTO DE SAÚDE/CENTRO DE SAÚDE","tx_classe_equipamento":"O PRIMEIRO CONTATO DO PACIENTE COM O SUS.","cd_identificador_esfera_administrativa_equipamento":1,"nm_esfera_administrativa_equipamento":"Municipal","tx_esfera_administrativa_equipamento":"Administração municipal","cd_equipamento":"63","nm_equipamento":"UBS PARQUE REGINA - PERINA ALVES TEIXEIRA","tx_endereco_equipamento":"R. MELO COUTINHO, 260","nm_bairro_equipamento":"PARQUE REGINA","cd_cep_equipamento":"05775-230","tx_horario_funcionamento":null,"tx_numero_telefone":"5816-5562","cd_equipamento_base_origem":null}},{"type":"Feature","id":"equipamento_saude_ubs_posto_centro_v2.120838","geometry":{"type":"Point","coordinates":[329914.792,7373017.539]},"geometry_name":"ge_ponto","properties":{"cd_identificador":120838,"cd_identificador_tema_equipamento":6,"nm_tema_equipamento":"SAUDE","cd_identificador_rede_equipamento":0,"nm_rede_equipamento":"SEM REDE","tx_rede_equipamento":"Sem descrição","cd_identificador_tipo_equipamento":45,"nm_tipo_equipamento":"Unidade Básica de Saúde","tx_tipo_equipamento":"Atendimento básico em Pediatria, Ginecologia, Clínica Geral, Enfermagem e Odontologia. Principais serviços oferecidos: consultas médicas, inalações, injeções, curativos, vacinas, coleta de exames laboratoriais, tratamento odontológico, encaminhamentos par","cd_identificador_classe_equipamento":5,"nm_classe_equipamento":"UBS/POSTO DE SAÚDE/CENTRO DE SAÚDE","tx_classe_equipamento":"O PRIMEIRO CONTATO DO PACIENTE COM O SUS.","cd_identificador_esfera_administrativa_equipamento":1,"nm_esfera_administrativa_equipamento":"Municipal","tx_esfera_administrativa_equipamento":"Administração municipal","cd_equipamento":"144","nm_equipamento":"UBS PARQUE RESIDENCIAL COCAIA INDEPENDENTE","tx_endereco_equipamento":"R. FELINTO MILANEZ, 26","nm_bairro_equipamento":"PARQUE RESIDENCIAL COCAIA","cd_cep_equipamento":"04849-040","tx_horario_funcionamento":null,"tx_numero_telefone":"5931-0209","cd_equipamento_base_origem":null}},{"type":"Feature","id":"equipamento_saude_ubs_posto_centro_v2.120839","geometry":{"type":"Point","coordinates":[355676.688,7398972.852]},"geometry_name":"ge_ponto","properties":{"cd_identificador":120839,"cd_identificador_tema_equipamento":6,"nm_tema_equipamento":"SAUDE","cd_identificador_rede_equipamento":0,"nm_rede_equipamento":"SEM REDE","tx_rede_equipamento":"Sem descrição","cd_identificador_tipo_equipamento":45,"nm_tipo_equipamento":"Unidade Básica de Saúde","tx_tipo_equipamento":"Atendimento básico em Pediatria, Ginecologia, Clínica Geral, Enfermagem e Odontologia. Principais serviços oferecidos: consultas médicas, inalações, injeções, curativos, vacinas, coleta de exames laboratoriais, tratamento odontológico, encaminhamentos par","cd_identificador_classe_equipamento":5,"nm_classe_equipamento":"UBS/POSTO DE SAÚDE/CENTRO DE SAÚDE","tx_classe_equipamento":"O PRIMEIRO CONTATO DO PACIENTE COM O SUS.","cd_identificador_esfera_administrativa_equipamento":1,"nm_esfera_administrativa_equipamento":"Municipal","tx_esfera_administrativa_equipamento":"Administração municipal","cd_equipamento":"402","nm_equipamento":"UBS PARQUE SANTA RITA","tx_endereco_equipamento":"R. JOSÉ PESSOTA, 80","nm_bairro_equipamento":"PARQUE SANTA RITA","cd_cep_equipamento":"08150-020","tx_horario_funcionamento":null,"tx_numero_telefone":"2513-7109","cd_equipamento_base_origem":null}},{"type":"Feature","id":"equipamento_saude_ubs_posto_centro_v2.120840","geometry":{"type":"Point","coordinates":[321591.54,7382146.932]},"geometry_name":"ge_ponto","properties":{"cd_identificador":120840,"cd_identificador_tema_equipamento":6,"nm_tema_equipamento":"SAUDE","cd_identificador_rede_equipamento":0,"nm_rede_equipamento":"SEM REDE","tx_rede_equipamento":"Sem descrição","cd_identificador_tipo_equipamento":45,"nm_tipo_equipamento":"Unidade Básica de Saúde","tx_tipo_equipamento":"Atendimento básico em Pediatria, Ginecologia, Clínica Geral, Enfermagem e Odontologia. Principais serviços oferecidos: consultas médicas, inalações, injeções, curativos, vacinas, coleta de exames laboratoriais, tratamento odontológico, encaminhamentos par","cd_identificador_classe_equipamento":5,"nm_classe_equipamento":"UBS/POSTO DE SAÚDE/CENTRO DE SAÚDE","tx_classe_equipamento":"O PRIMEIRO CONTATO DO PACIENTE COM O SUS.","cd_identificador_esfera_administrativa_equipamento":1,"nm_esfera_administrativa_equipamento":"Municipal","tx_esfera_administrativa_equipamento":"Administração municipal","cd_equipamento":"560","nm_equipamento":"UBS PARQUE SANTO ANTONIO II","tx_endereco_equipamento":"R. ANTONIO RAMOS ROSA, 898","nm_bairro_equipamento":"PARQUE SANTO ANTONIO","cd_cep_equipamento":"05822-010","tx_horario_funcionamento":null,"tx_numero_telefone":"5193-0370","cd_equipamento_base_origem":null}},{"type":"Feature","id":"equipamento_saude_ubs_posto_centro_v2.120841","geometry":{"type":"Point","coordinates":[342226.87,7389617.04]},"geometry_name":"ge_ponto","properties":{"cd_identificador":120841,"cd_identificador_tema_equipamento":6,"nm_tema_equipamento":"SAUDE","cd_identificador_rede_equipamento":0,"nm_rede_equipamento":"SEM REDE","tx_rede_equipamento":"Sem descrição","cd_identificador_tipo_equipamento":45,"nm_tipo_equipamento":"Unidade Básica de Saúde","tx_tipo_equipamento":"Atendimento básico em Pediatria, Ginecologia, Clínica Geral, Enfermagem e Odontologia. Principais serviços oferecidos: consultas médicas, inalações, injeções, curativos, vacinas, coleta de exames laboratoriais, tratamento odontológico, encaminhamentos par","cd_identificador_classe_equipamento":5,"nm_classe_equipamento":"UBS/POSTO DE SAÚDE/CENTRO DE SAÚDE","tx_classe_equipamento":"O PRIMEIRO CONTATO DO PACIENTE COM O SUS.","cd_identificador_esfera_administrativa_equipamento":1,"nm_esfera_administrativa_equipamento":"Municipal","tx_esfera_administrativa_equipamento":"Administração municipal","cd_equipamento":"1049","nm_equipamento":"UBS PARQUE SÃO LUCAS","tx_endereco_equipamento":"R. DR NOGUEIRA DE NORONHA, 322","nm_bairro_equipamento":"PQ SÃO LUCAS","cd_cep_equipamento":"03239-080","tx_horario_funcionamento":null,"tx_numero_telefone":"2211-2503","cd_equipamento_base_origem":null}},{"type":"Feature","id":"equipamento_saude_ubs_posto_centro_v2.120842","geometry":{"type":"Point","coordinates":[350097.477,7386471.86]},"geometry_name":"ge_ponto","properties":{"cd_identificador":120842,"cd_identificador_tema_equipamento":6,"nm_tema_equipamento":"SAUDE","cd_identificador_rede_equipamento":0,"nm_rede_equipamento":"SEM REDE","tx_rede_equipamento":"Sem descrição","cd_identificador_tipo_equipamento":45,"nm_tipo_equipamento":"Unidade Básica de Saúde","tx_tipo_equipamento":"Atendimento básico em Pediatria, Ginecologia, Clínica Geral, Enfermagem e Odontologia. Principais serviços oferecidos: consultas médicas, inalações, injeções, curativos, vacinas, coleta de exames laboratoriais, tratamento odontológico, encaminhamentos par","cd_identificador_classe_equipamento":5,"nm_classe_equipamento":"UBS/POSTO DE SAÚDE/CENTRO DE SAÚDE","tx_classe_equipamento":"O PRIMEIRO CONTATO DO PACIENTE COM O SUS.","cd_identificador_esfera_administrativa_equipamento":1,"nm_esfera_administrativa_equipamento":"Municipal","tx_esfera_administrativa_equipamento":"Administração municipal","cd_equipamento":"862","nm_equipamento":"UBS PARQUE SÃO RAFAEL - DRA. ORA ROSEN","tx_endereco_equipamento":"R. DR ARISTIDES RICARDO, 313","nm_bairro_equipamento":"PARQUE SÃO RAFAEL","cd_cep_equipamento":"08311-270","tx_horario_funcionamento":null,"tx_numero_telefone":"2919-5006","cd_equipamento_base_origem":null}},{"type":"Feature","id":"equipamento_saude_ubs_posto_centro_v2.120843","geometry":{"type":"Point","coordinates":[345230.417,7387689.224]},"geometry_name":"ge_ponto","properties":{"cd_identificador":120843,"cd_identificador_tema_equipamento":6,"nm_tema_equipamento":"SAUDE","cd_identificador_rede_equipamento":0,"nm_rede_equipamento":"SEM REDE","tx_rede_equipamento":"Sem descrição","cd_identificador_tipo_equipamento":45,"nm_tipo_equipamento":"Unidade Básica de Saúde","tx_tipo_equipamento":"Atendimento básico em Pediatria, Ginecologia, Clínica Geral, Enfermagem e Odontologia. Principais serviços oferecidos: consultas médicas, inalações, injeções, curativos, vacinas, coleta de exames laboratoriais, tratamento odontológico, encaminhamentos par","cd_identificador_classe_equipamento":5,"nm_classe_equipamento":"UBS/POSTO DE SAÚDE/CENTRO DE SAÚDE","tx_classe_equipamento":"O PRIMEIRO CONTATO DO PACIENTE COM O SUS.","cd_identificador_esfera_administrativa_equipamento":1,"nm_esfera_administrativa_equipamento":"Municipal","tx_esfera_administrativa_equipamento":"Administração municipal","cd_equipamento":"899","nm_equipamento":"UBS PASTORAL","tx_endereco_equipamento":"R. NOVA RESENDE, 199","nm_bairro_equipamento":"PQ SANTA MADALENA","cd_cep_equipamento":"03981-090","tx_horario_funcionamento":null,"tx_numero_telefone":"2702-5889 / 2702-5888","cd_equipamento_base_origem":null}},{"type":"Feature","id":"equipamento_saude_ubs_posto_centro_v2.120844","geometry":{"type":"Point","coordinates":[348478.701,7399994.594]},"geometry_name":"ge_ponto","properties":{"cd_identificador":120844,"cd_identificador_tema_equipamento":6,"nm_tema_equipamento":"SAUDE","cd_identificador_rede_equipamento":0,"nm_rede_equipamento":"SEM REDE","tx_rede_equipamento":"Sem descrição","cd_identificador_tipo_equipamento":45,"nm_tipo_equipamento":"Unidade Básica de Saúde","tx_tipo_equipamento":"Atendimento básico em Pediatria, Ginecologia, Clínica Geral, Enfermagem e Odontologia. Principais serviços oferecidos: consultas médicas, inalações, injeções, curativos, vacinas, coleta de exames laboratoriais, tratamento odontológico, encaminhamentos par","cd_identificador_classe_equipamento":5,"nm_classe_equipamento":"UBS/POSTO DE SAÚDE/CENTRO DE SAÚDE","tx_classe_equipamento":"O PRIMEIRO CONTATO DO PACIENTE COM O SUS.","cd_identificador_esfera_administrativa_equipamento":1,"nm_esfera_administrativa_equipamento":"Municipal","tx_esfera_administrativa_equipamento":"Administração municipal","cd_equipamento":"242","nm_equipamento":"UBS PEDRO DE SOUZA CAMPOS","tx_endereco_equipamento":"R. PAULO BIFANO ALVES, 764","nm_bairro_equipamento":"PQ BOTURUSSU","cd_cep_equipamento":"03801-000","tx_horario_funcionamento":null,"tx_numero_telefone":"2546-4111 / 2214-0482","cd_equipamento_base_origem":null}},{"type":"Feature","id":"equipamento_saude_ubs_posto_centro_v2.120845","geometry":{"type":"Point","coordinates":[348586.97,7398678.41]},"geometry_name":"ge_ponto","properties":{"cd_identificador":120845,"cd_identificador_tema_equipamento":6,"nm_tema_equipamento":"SAUDE","cd_identificador_rede_equipamento":0,"nm_rede_equipamento":"SEM REDE","tx_rede_equipamento":"Sem descrição","cd_identificador_tipo_equipamento":45,"nm_tipo_equipamento":"Unidade Básica de Saúde","tx_tipo_equipamento":"Atendimento básico em Pediatria, Ginecologia, Clínica Geral, Enfermagem e Odontologia. Principais serviços oferecidos: consultas médicas, inalações, injeções, curativos, vacinas, coleta de exames laboratoriais, tratamento odontológico, encaminhamentos par","cd_identificador_classe_equipamento":5,"nm_classe_equipamento":"UBS/POSTO DE SAÚDE/CENTRO DE SAÚDE","tx_classe_equipamento":"O PRIMEIRO CONTATO DO PACIENTE COM O SUS.","cd_identificador_esfera_administrativa_equipamento":1,"nm_esfera_administrativa_equipamento":"Municipal","tx_esfera_administrativa_equipamento":"Administração municipal","cd_equipamento":"261","nm_equipamento":"UBS PONTE RASA - DR. CARLOS OLIVALDO DE SOUZA LOPES MUNIZ","tx_endereco_equipamento":"R. JACO BERTILLON, 22","nm_bairro_equipamento":"ALTO DA PONTE RASA","cd_cep_equipamento":"03894-000","tx_horario_funcionamento":null,"tx_numero_telefone":"2041-1744","cd_equipamento_base_origem":null}},{"type":"Feature","id":"equipamento_saude_ubs_posto_centro_v2.120846","geometry":{"type":"Point","coordinates":[322325.412,7351951.846]},"geometry_name":"ge_ponto","properties":{"cd_identificador":120846,"cd_identificador_tema_equipamento":6,"nm_tema_equipamento":"SAUDE","cd_identificador_rede_equipamento":0,"nm_rede_equipamento":"SEM REDE","tx_rede_equipamento":"Sem descrição","cd_identificador_tipo_equipamento":45,"nm_tipo_equipamento":"Unidade Básica de Saúde","tx_tipo_equipamento":"Atendimento básico em Pediatria, Ginecologia, Clínica Geral, Enfermagem e Odontologia. Principais serviços oferecidos: consultas médicas, inalações, injeções, curativos, vacinas, coleta de exames laboratoriais, tratamento odontológico, encaminhamentos par","cd_identificador_classe_equipamento":5,"nm_classe_equipamento":"UBS/POSTO DE SAÚDE/CENTRO DE SAÚDE","tx_classe_equipamento":"O PRIMEIRO CONTATO DO PACIENTE COM O SUS.","cd_identificador_esfera_administrativa_equipamento":1,"nm_esfera_administrativa_equipamento":"Municipal","tx_esfera_administrativa_equipamento":"Administração municipal","cd_equipamento":"609","nm_equipamento":"UBS PONTE SECA - DOM LUCIANO BERGAMIN","tx_endereco_equipamento":"ESTRADA DA LIGAÇAO, 1","nm_bairro_equipamento":"MARSILAC - ZONA RURAL","cd_cep_equipamento":"04891-360","tx_horario_funcionamento":null,"tx_numero_telefone":"5978-6394","cd_equipamento_base_origem":null}},{"type":"Feature","id":"equipamento_saude_ubs_posto_centro_v2.120847","geometry":{"type":"Point","coordinates":[357445.791,7393408.294]},"geometry_name":"ge_ponto","properties":{"cd_identificador":120847,"cd_identificador_tema_equipamento":6,"nm_tema_equipamento":"SAUDE","cd_identificador_rede_equipamento":0,"nm_rede_equipamento":"SEM REDE","tx_rede_equipamento":"Sem descrição","cd_identificador_tipo_equipamento":45,"nm_tipo_equipamento":"Unidade Básica de Saúde","tx_tipo_equipamento":"Atendimento básico em Pediatria, Ginecologia, Clínica Geral, Enfermagem e Odontologia. Principais serviços oferecidos: consultas médicas, inalações, injeções, curativos, vacinas, coleta de exames laboratoriais, tratamento odontológico, encaminhamentos par","cd_identificador_classe_equipamento":5,"nm_classe_equipamento":"UBS/POSTO DE SAÚDE/CENTRO DE SAÚDE","tx_classe_equipamento":"O PRIMEIRO CONTATO DO PACIENTE COM O SUS.","cd_identificador_esfera_administrativa_equipamento":1,"nm_esfera_administrativa_equipamento":"Municipal","tx_esfera_administrativa_equipamento":"Administração municipal","cd_equipamento":"313","nm_equipamento":"UBS PREFEITO CELSO AUGUSTO DANIEL","tx_endereco_equipamento":"R. JORGE MARACCINI PONFILIO, 210","nm_bairro_equipamento":"CJ. HAB JUSCELINO KUBITSCHEK","cd_cep_equipamento":"08465-050","tx_horario_funcionamento":null,"tx_numero_telefone":"2556-7997 / 4780-5034","cd_equipamento_base_origem":null}},{"type":"Feature","id":"equipamento_saude_ubs_posto_centro_v2.120848","geometry":{"type":"Point","coordinates":[356412.915,7393045.59]},"geometry_name":"ge_ponto","properties":{"cd_identificador":120848,"cd_identificador_tema_equipamento":6,"nm_tema_equipamento":"SAUDE","cd_identificador_rede_equipamento":0,"nm_rede_equipamento":"SEM REDE","tx_rede_equipamento":"Sem descrição","cd_identificador_tipo_equipamento":45,"nm_tipo_equipamento":"Unidade Básica de Saúde","tx_tipo_equipamento":"Atendimento básico em Pediatria, Ginecologia, Clínica Geral, Enfermagem e Odontologia. Principais serviços oferecidos: consultas médicas, inalações, injeções, curativos, vacinas, coleta de exames laboratoriais, tratamento odontológico, encaminhamentos par","cd_identificador_classe_equipamento":5,"nm_classe_equipamento":"UBS/POSTO DE SAÚDE/CENTRO DE SAÚDE","tx_classe_equipamento":"O PRIMEIRO CONTATO DO PACIENTE COM O SUS.","cd_identificador_esfera_administrativa_equipamento":1,"nm_esfera_administrativa_equipamento":"Municipal","tx_esfera_administrativa_equipamento":"Administração municipal","cd_equipamento":"230","nm_equipamento":"UBS PREFEITO PRESTES MAIA","tx_endereco_equipamento":"R. INACIO PINTO LIMA, 35","nm_bairro_equipamento":"CIDADE TIRADENTES","cd_cep_equipamento":"08490-020","tx_horario_funcionamento":null,"tx_numero_telefone":"2555-2676","cd_equipamento_base_origem":null}},{"type":"Feature","id":"equipamento_saude_ubs_posto_centro_v2.120849","geometry":{"type":"Point","coordinates":[357294.624,7397061.037]},"geometry_name":"ge_ponto","properties":{"cd_identificador":120849,"cd_identificador_tema_equipamento":6,"nm_tema_equipamento":"SAUDE","cd_identificador_rede_equipamento":0,"nm_rede_equipamento":"SEM REDE","tx_rede_equipamento":"Sem descrição","cd_identificador_tipo_equipamento":45,"nm_tipo_equipamento":"Unidade Básica de Saúde","tx_tipo_equipamento":"Atendimento básico em Pediatria, Ginecologia, Clínica Geral, Enfermagem e Odontologia. Principais serviços oferecidos: consultas médicas, inalações, injeções, curativos, vacinas, coleta de exames laboratoriais, tratamento odontológico, encaminhamentos par","cd_identificador_classe_equipamento":5,"nm_classe_equipamento":"UBS/POSTO DE SAÚDE/CENTRO DE SAÚDE","tx_classe_equipamento":"O PRIMEIRO CONTATO DO PACIENTE COM O SUS.","cd_identificador_esfera_administrativa_equipamento":1,"nm_esfera_administrativa_equipamento":"Municipal","tx_esfera_administrativa_equipamento":"Administração municipal","cd_equipamento":"328","nm_equipamento":"UBS PRIMEIRO DE OUTUBRO","tx_endereco_equipamento":"TRAVESSA AÇUCENA DO BREJO, 16 B","nm_bairro_equipamento":"JARDIM LOURDES","cd_cep_equipamento":"08452-590","tx_horario_funcionamento":null,"tx_numero_telefone":"2035-8010","cd_equipamento_base_origem":null}},{"type":"Feature","id":"equipamento_saude_ubs_posto_centro_v2.120850","geometry":{"type":"Point","coordinates":[347024.194,7388788.542]},"geometry_name":"ge_ponto","properties":{"cd_identificador":120850,"cd_identificador_tema_equipamento":6,"nm_tema_equipamento":"SAUDE","cd_identificador_rede_equipamento":0,"nm_rede_equipamento":"SEM REDE","tx_rede_equipamento":"Sem descrição","cd_identificador_tipo_equipamento":45,"nm_tipo_equipamento":"Unidade Básica de Saúde","tx_tipo_equipamento":"Atendimento básico em Pediatria, Ginecologia, Clínica Geral, Enfermagem e Odontologia. Principais serviços oferecidos: consultas médicas, inalações, injeções, curativos, vacinas, coleta de exames laboratoriais, tratamento odontológico, encaminhamentos par","cd_identificador_classe_equipamento":5,"nm_classe_equipamento":"UBS/POSTO DE SAÚDE/CENTRO DE SAÚDE","tx_classe_equipamento":"O PRIMEIRO CONTATO DO PACIENTE COM O SUS.","cd_identificador_esfera_administrativa_equipamento":1,"nm_esfera_administrativa_equipamento":"Municipal","tx_esfera_administrativa_equipamento":"Administração municipal","cd_equipamento":"909","nm_equipamento":"UBS PRO MORAR","tx_endereco_equipamento":"R. GIOVANNI NASCO, 535","nm_bairro_equipamento":"CONJ HABITACIONAL TEOTONIO VILELA","cd_cep_equipamento":"03928-090","tx_horario_funcionamento":null,"tx_numero_telefone":"2036-1448","cd_equipamento_base_origem":null}},{"type":"Feature","id":"equipamento_saude_ubs_posto_centro_v2.120851","geometry":{"type":"Point","coordinates":[332060.888,7385902.033]},"geometry_name":"ge_ponto","properties":{"cd_identificador":120851,"cd_identificador_tema_equipamento":6,"nm_tema_equipamento":"SAUDE","cd_identificador_rede_equipamento":0,"nm_rede_equipamento":"SEM REDE","tx_rede_equipamento":"Sem descrição","cd_identificador_tipo_equipamento":45,"nm_tipo_equipamento":"Unidade Básica de Saúde","tx_tipo_equipamento":"Atendimento básico em Pediatria, Ginecologia, Clínica Geral, Enfermagem e Odontologia. Principais serviços oferecidos: consultas médicas, inalações, injeções, curativos, vacinas, coleta de exames laboratoriais, tratamento odontológico, encaminhamentos par","cd_identificador_classe_equipamento":5,"nm_classe_equipamento":"UBS/POSTO DE SAÚDE/CENTRO DE SAÚDE","tx_classe_equipamento":"O PRIMEIRO CONTATO DO PACIENTE COM O SUS.","cd_identificador_esfera_administrativa_equipamento":1,"nm_esfera_administrativa_equipamento":"Municipal","tx_esfera_administrativa_equipamento":"Administração municipal","cd_equipamento":"1028","nm_equipamento":"UBS PROF. MILTON SANTOS","tx_endereco_equipamento":"AV. CECI, 2249","nm_bairro_equipamento":"PLANALTO PAULISTA","cd_cep_equipamento":"04065-004","tx_horario_funcionamento":null,"tx_numero_telefone":"5581-0426","cd_equipamento_base_origem":null}},{"type":"Feature","id":"equipamento_saude_ubs_posto_centro_v2.120852","geometry":{"type":"Point","coordinates":[356797.03,7388996.113]},"geometry_name":"ge_ponto","properties":{"cd_identificador":120852,"cd_identificador_tema_equipamento":6,"nm_tema_equipamento":"SAUDE","cd_identificador_rede_equipamento":0,"nm_rede_equipamento":"SEM REDE","tx_rede_equipamento":"Sem descrição","cd_identificador_tipo_equipamento":45,"nm_tipo_equipamento":"Unidade Básica de Saúde","tx_tipo_equipamento":"Atendimento básico em Pediatria, Ginecologia, Clínica Geral, Enfermagem e Odontologia. Principais serviços oferecidos: consultas médicas, inalações, injeções, curativos, vacinas, coleta de exames laboratoriais, tratamento odontológico, encaminhamentos par","cd_identificador_classe_equipamento":5,"nm_classe_equipamento":"UBS/POSTO DE SAÚDE/CENTRO DE SAÚDE","tx_classe_equipamento":"O PRIMEIRO CONTATO DO PACIENTE COM O SUS.","cd_identificador_esfera_administrativa_equipamento":1,"nm_esfera_administrativa_equipamento":"Municipal","tx_esfera_administrativa_equipamento":"Administração municipal","cd_equipamento":"233","nm_equipamento":"UBS PROFETA JEREMIAS","tx_endereco_equipamento":"R. LUIS BORDESE, 63","nm_bairro_equipamento":"CIDADE TIRADENTES","cd_cep_equipamento":"08471-710","tx_horario_funcionamento":null,"tx_numero_telefone":"2558-3866","cd_equipamento_base_origem":null}},{"type":"Feature","id":"equipamento_saude_ubs_posto_centro_v2.120853","geometry":{"type":"Point","coordinates":[325986.914,7387900.305]},"geometry_name":"ge_ponto","properties":{"cd_identificador":120853,"cd_identificador_tema_equipamento":6,"nm_tema_equipamento":"SAUDE","cd_identificador_rede_equipamento":0,"nm_rede_equipamento":"SEM REDE","tx_rede_equipamento":"Sem descrição","cd_identificador_tipo_equipamento":45,"nm_tipo_equipamento":"Unidade Básica de Saúde","tx_tipo_equipamento":"Atendimento básico em Pediatria, Ginecologia, Clínica Geral, Enfermagem e Odontologia. Principais serviços oferecidos: consultas médicas, inalações, injeções, curativos, vacinas, coleta de exames laboratoriais, tratamento odontológico, encaminhamentos par","cd_identificador_classe_equipamento":5,"nm_classe_equipamento":"UBS/POSTO DE SAÚDE/CENTRO DE SAÚDE","tx_classe_equipamento":"O PRIMEIRO CONTATO DO PACIENTE COM O SUS.","cd_identificador_esfera_administrativa_equipamento":1,"nm_esfera_administrativa_equipamento":"Municipal","tx_esfera_administrativa_equipamento":"Administração municipal","cd_equipamento":"36","nm_equipamento":"UBS REAL PARQUE - PAULO MANGABEIRA ALBERNAZ FILHO","tx_endereco_equipamento":"R. BARÃO DE MELGAÇO, 339","nm_bairro_equipamento":"REAL PARQUE","cd_cep_equipamento":"05684-030","tx_horario_funcionamento":null,"tx_numero_telefone":"3758-2329","cd_equipamento_base_origem":null}},{"type":"Feature","id":"equipamento_saude_ubs_posto_centro_v2.120854","geometry":{"type":"Point","coordinates":[322872.424,7367646.217]},"geometry_name":"ge_ponto","properties":{"cd_identificador":120854,"cd_identificador_tema_equipamento":6,"nm_tema_equipamento":"SAUDE","cd_identificador_rede_equipamento":0,"nm_rede_equipamento":"SEM REDE","tx_rede_equipamento":"Sem descrição","cd_identificador_tipo_equipamento":45,"nm_tipo_equipamento":"Unidade Básica de Saúde","tx_tipo_equipamento":"Atendimento básico em Pediatria, Ginecologia, Clínica Geral, Enfermagem e Odontologia. Principais serviços oferecidos: consultas médicas, inalações, injeções, curativos, vacinas, coleta de exames laboratoriais, tratamento odontológico, encaminhamentos par","cd_identificador_classe_equipamento":5,"nm_classe_equipamento":"UBS/POSTO DE SAÚDE/CENTRO DE SAÚDE","tx_classe_equipamento":"O PRIMEIRO CONTATO DO PACIENTE COM O SUS.","cd_identificador_esfera_administrativa_equipamento":1,"nm_esfera_administrativa_equipamento":"Municipal","tx_esfera_administrativa_equipamento":"Administração municipal","cd_equipamento":"620","nm_equipamento":"UBS RECANTO CAMPO BELO","tx_endereco_equipamento":"R. VIRGINIA MODESTO, 800","nm_bairro_equipamento":"RECANTO CAMPO BELO","cd_cep_equipamento":"04880-035","tx_horario_funcionamento":null,"tx_numero_telefone":"5527-4345","cd_equipamento_base_origem":null}},{"type":"Feature","id":"equipamento_saude_ubs_posto_centro_v2.120855","geometry":{"type":"Point","coordinates":[321038.451,7409433.694]},"geometry_name":"ge_ponto","properties":{"cd_identificador":120855,"cd_identificador_tema_equipamento":6,"nm_tema_equipamento":"SAUDE","cd_identificador_rede_equipamento":0,"nm_rede_equipamento":"SEM REDE","tx_rede_equipamento":"Sem descrição","cd_identificador_tipo_equipamento":45,"nm_tipo_equipamento":"Unidade Básica de Saúde","tx_tipo_equipamento":"Atendimento básico em Pediatria, Ginecologia, Clínica Geral, Enfermagem e Odontologia. Principais serviços oferecidos: consultas médicas, inalações, injeções, curativos, vacinas, coleta de exames laboratoriais, tratamento odontológico, encaminhamentos par","cd_identificador_classe_equipamento":5,"nm_classe_equipamento":"UBS/POSTO DE SAÚDE/CENTRO DE SAÚDE","tx_classe_equipamento":"O PRIMEIRO CONTATO DO PACIENTE COM O SUS.","cd_identificador_esfera_administrativa_equipamento":1,"nm_esfera_administrativa_equipamento":"Municipal","tx_esfera_administrativa_equipamento":"Administração municipal","cd_equipamento":"685","nm_equipamento":"UBS RECANTO DOS HUMILDES","tx_endereco_equipamento":"R. PAVÃO, 36","nm_bairro_equipamento":"RECANTO DOS HUMILDES","cd_cep_equipamento":"05210-000","tx_horario_funcionamento":null,"tx_numero_telefone":"3917-5870","cd_equipamento_base_origem":null}},{"type":"Feature","id":"equipamento_saude_ubs_posto_centro_v2.120856","geometry":{"type":"Point","coordinates":[354920.96,7387400.391]},"geometry_name":"ge_ponto","properties":{"cd_identificador":120856,"cd_identificador_tema_equipamento":6,"nm_tema_equipamento":"SAUDE","cd_identificador_rede_equipamento":0,"nm_rede_equipamento":"SEM REDE","tx_rede_equipamento":"Sem descrição","cd_identificador_tipo_equipamento":45,"nm_tipo_equipamento":"Unidade Básica de Saúde","tx_tipo_equipamento":"Atendimento básico em Pediatria, Ginecologia, Clínica Geral, Enfermagem e Odontologia. Principais serviços oferecidos: consultas médicas, inalações, injeções, curativos, vacinas, coleta de exames laboratoriais, tratamento odontológico, encaminhamentos par","cd_identificador_classe_equipamento":5,"nm_classe_equipamento":"UBS/POSTO DE SAÚDE/CENTRO DE SAÚDE","tx_classe_equipamento":"O PRIMEIRO CONTATO DO PACIENTE COM O SUS.","cd_identificador_esfera_administrativa_equipamento":1,"nm_esfera_administrativa_equipamento":"Municipal","tx_esfera_administrativa_equipamento":"Administração municipal","cd_equipamento":"830","nm_equipamento":"UBS RECANTO VERDE SOL","tx_endereco_equipamento":"ESTRADA DOS FIDELIS, 10","nm_bairro_equipamento":"RECANTO VERDE SOL","cd_cep_equipamento":"08382-505","tx_horario_funcionamento":null,"tx_numero_telefone":"2734-3271","cd_equipamento_base_origem":null}},{"type":"Feature","id":"equipamento_saude_ubs_posto_centro_v2.120857","geometry":{"type":"Point","coordinates":[332934.659,7394953.207]},"geometry_name":"ge_ponto","properties":{"cd_identificador":120857,"cd_identificador_tema_equipamento":6,"nm_tema_equipamento":"SAUDE","cd_identificador_rede_equipamento":0,"nm_rede_equipamento":"SEM REDE","tx_rede_equipamento":"Sem descrição","cd_identificador_tipo_equipamento":45,"nm_tipo_equipamento":"Unidade Básica de Saúde","tx_tipo_equipamento":"Atendimento básico em Pediatria, Ginecologia, Clínica Geral, Enfermagem e Odontologia. Principais serviços oferecidos: consultas médicas, inalações, injeções, curativos, vacinas, coleta de exames laboratoriais, tratamento odontológico, encaminhamentos par","cd_identificador_classe_equipamento":5,"nm_classe_equipamento":"UBS/POSTO DE SAÚDE/CENTRO DE SAÚDE","tx_classe_equipamento":"O PRIMEIRO CONTATO DO PACIENTE COM O SUS.","cd_identificador_esfera_administrativa_equipamento":1,"nm_esfera_administrativa_equipamento":"Municipal","tx_esfera_administrativa_equipamento":"Administração municipal","cd_equipamento":"986","nm_equipamento":"UBS REPÚBLICA - FERNANDA SANTE LIMEIRA","tx_endereco_equipamento":"R. LIBERO BADARÓ, 282","nm_bairro_equipamento":"CENTRO","cd_cep_equipamento":"01008-000","tx_horario_funcionamento":null,"tx_numero_telefone":"4210-6122","cd_equipamento_base_origem":null}},{"type":"Feature","id":"equipamento_saude_ubs_posto_centro_v2.120858","geometry":{"type":"Point","coordinates":[343627.398,7388757.419]},"geometry_name":"ge_ponto","properties":{"cd_identificador":120858,"cd_identificador_tema_equipamento":6,"nm_tema_equipamento":"SAUDE","cd_identificador_rede_equipamento":0,"nm_rede_equipamento":"SEM REDE","tx_rede_equipamento":"Sem descrição","cd_identificador_tipo_equipamento":45,"nm_tipo_equipamento":"Unidade Básica de Saúde","tx_tipo_equipamento":"Atendimento básico em Pediatria, Ginecologia, Clínica Geral, Enfermagem e Odontologia. Principais serviços oferecidos: consultas médicas, inalações, injeções, curativos, vacinas, coleta de exames laboratoriais, tratamento odontológico, encaminhamentos par","cd_identificador_classe_equipamento":5,"nm_classe_equipamento":"UBS/POSTO DE SAÚDE/CENTRO DE SAÚDE","tx_classe_equipamento":"O PRIMEIRO CONTATO DO PACIENTE COM O SUS.","cd_identificador_esfera_administrativa_equipamento":1,"nm_esfera_administrativa_equipamento":"Municipal","tx_esfera_administrativa_equipamento":"Administração municipal","cd_equipamento":"1053","nm_equipamento":"UBS REUNIDAS I","tx_endereco_equipamento":"R. SÃO JOSE DAS ESPINHARAS, 400","nm_bairro_equipamento":"VILA INDUSTRIAL","cd_cep_equipamento":"03249-030","tx_horario_funcionamento":null,"tx_numero_telefone":"2702-5904","cd_equipamento_base_origem":null}},{"type":"Feature","id":"equipamento_saude_ubs_posto_centro_v2.120859","geometry":{"type":"Point","coordinates":[344827.238,7388683.841]},"geometry_name":"ge_ponto","properties":{"cd_identificador":120859,"cd_identificador_tema_equipamento":6,"nm_tema_equipamento":"SAUDE","cd_identificador_rede_equipamento":0,"nm_rede_equipamento":"SEM REDE","tx_rede_equipamento":"Sem descrição","cd_identificador_tipo_equipamento":45,"nm_tipo_equipamento":"Unidade Básica de Saúde","tx_tipo_equipamento":"Atendimento básico em Pediatria, Ginecologia, Clínica Geral, Enfermagem e Odontologia. Principais serviços oferecidos: consultas médicas, inalações, injeções, curativos, vacinas, coleta de exames laboratoriais, tratamento odontológico, encaminhamentos par","cd_identificador_classe_equipamento":5,"nm_classe_equipamento":"UBS/POSTO DE SAÚDE/CENTRO DE SAÚDE","tx_classe_equipamento":"O PRIMEIRO CONTATO DO PACIENTE COM O SUS.","cd_identificador_esfera_administrativa_equipamento":1,"nm_esfera_administrativa_equipamento":"Municipal","tx_esfera_administrativa_equipamento":"Administração municipal","cd_equipamento":"919","nm_equipamento":"UBS REUNIDAS II","tx_endereco_equipamento":"AV. DA CASA GRANDE, 1258","nm_bairro_equipamento":"VILA UNIÃO","cd_cep_equipamento":"03260-000","tx_horario_funcionamento":null,"tx_numero_telefone":"2706-0555","cd_equipamento_base_origem":null}},{"type":"Feature","id":"equipamento_saude_ubs_posto_centro_v2.120860","geometry":{"type":"Point","coordinates":[351334.697,7386919.753]},"geometry_name":"ge_ponto","properties":{"cd_identificador":120860,"cd_identificador_tema_equipamento":6,"nm_tema_equipamento":"SAUDE","cd_identificador_rede_equipamento":0,"nm_rede_equipamento":"SEM REDE","tx_rede_equipamento":"Sem descrição","cd_identificador_tipo_equipamento":45,"nm_tipo_equipamento":"Unidade Básica de Saúde","tx_tipo_equipamento":"Atendimento básico em Pediatria, Ginecologia, Clínica Geral, Enfermagem e Odontologia. Principais serviços oferecidos: consultas médicas, inalações, injeções, curativos, vacinas, coleta de exames laboratoriais, tratamento odontológico, encaminhamentos par","cd_identificador_classe_equipamento":5,"nm_classe_equipamento":"UBS/POSTO DE SAÚDE/CENTRO DE SAÚDE","tx_classe_equipamento":"O PRIMEIRO CONTATO DO PACIENTE COM O SUS.","cd_identificador_esfera_administrativa_equipamento":1,"nm_esfera_administrativa_equipamento":"Municipal","tx_esfera_administrativa_equipamento":"Administração municipal","cd_equipamento":"856","nm_equipamento":"UBS RIO CLARO","tx_endereco_equipamento":"R. CINIRA POLÔNIO, 33","nm_bairro_equipamento":"JD RIO CLARO","cd_cep_equipamento":"08395-320","tx_horario_funcionamento":null,"tx_numero_telefone":"2253-4307 / 2751-5112","cd_equipamento_base_origem":null}},{"type":"Feature","id":"equipamento_saude_ubs_posto_centro_v2.120861","geometry":{"type":"Point","coordinates":[321230.426,7393096.039]},"geometry_name":"ge_ponto","properties":{"cd_identificador":120861,"cd_identificador_tema_equipamento":6,"nm_tema_equipamento":"SAUDE","cd_identificador_rede_equipamento":0,"nm_rede_equipamento":"SEM REDE","tx_rede_equipamento":"Sem descrição","cd_identificador_tipo_equipamento":45,"nm_tipo_equipamento":"Unidade Básica de Saúde","tx_tipo_equipamento":"Atendimento básico em Pediatria, Ginecologia, Clínica Geral, Enfermagem e Odontologia. Principais serviços oferecidos: consultas médicas, inalações, injeções, curativos, vacinas, coleta de exames laboratoriais, tratamento odontológico, encaminhamentos par","cd_identificador_classe_equipamento":5,"nm_classe_equipamento":"UBS/POSTO DE SAÚDE/CENTRO DE SAÚDE","tx_classe_equipamento":"O PRIMEIRO CONTATO DO PACIENTE COM O SUS.","cd_identificador_esfera_administrativa_equipamento":1,"nm_esfera_administrativa_equipamento":"Municipal","tx_esfera_administrativa_equipamento":"Administração municipal","cd_equipamento":"45","nm_equipamento":"UBS RIO PEQUENO - PAULO DE BARROS FRANÇA","tx_endereco_equipamento":"R. PADRE FRANCISCO LIBERMANN, 318","nm_bairro_equipamento":"RIO PEQUENO","cd_cep_equipamento":"05353-160","tx_horario_funcionamento":null,"tx_numero_telefone":"3768-9460","cd_equipamento_base_origem":null}},{"type":"Feature","id":"equipamento_saude_ubs_posto_centro_v2.120862","geometry":{"type":"Point","coordinates":[337386.729,7387605.079]},"geometry_name":"ge_ponto","properties":{"cd_identificador":120862,"cd_identificador_tema_equipamento":6,"nm_tema_equipamento":"SAUDE","cd_identificador_rede_equipamento":0,"nm_rede_equipamento":"SEM REDE","tx_rede_equipamento":"Sem descrição","cd_identificador_tipo_equipamento":45,"nm_tipo_equipamento":"Unidade Básica de Saúde","tx_tipo_equipamento":"Atendimento básico em Pediatria, Ginecologia, Clínica Geral, Enfermagem e Odontologia. Principais serviços oferecidos: consultas médicas, inalações, injeções, curativos, vacinas, coleta de exames laboratoriais, tratamento odontológico, encaminhamentos par","cd_identificador_classe_equipamento":5,"nm_classe_equipamento":"UBS/POSTO DE SAÚDE/CENTRO DE SAÚDE","tx_classe_equipamento":"O PRIMEIRO CONTATO DO PACIENTE COM O SUS.","cd_identificador_esfera_administrativa_equipamento":1,"nm_esfera_administrativa_equipamento":"Municipal","tx_esfera_administrativa_equipamento":"Administração municipal","cd_equipamento":"364","nm_equipamento":"UBS SACOMA EDMUNDO SUSSUMU FUJITA","tx_endereco_equipamento":"ESTRADA DAS LAGRIMAS, 1604","nm_bairro_equipamento":"SACOMÃ","cd_cep_equipamento":"04232-000","tx_horario_funcionamento":null,"tx_numero_telefone":"2063-1581","cd_equipamento_base_origem":null}},{"type":"Feature","id":"equipamento_saude_ubs_posto_centro_v2.120863","geometry":{"type":"Point","coordinates":[331333.96,7396635.69]},"geometry_name":"ge_ponto","properties":{"cd_identificador":120863,"cd_identificador_tema_equipamento":6,"nm_tema_equipamento":"SAUDE","cd_identificador_rede_equipamento":0,"nm_rede_equipamento":"SEM REDE","tx_rede_equipamento":"Sem descrição","cd_identificador_tipo_equipamento":45,"nm_tipo_equipamento":"Unidade Básica de Saúde","tx_tipo_equipamento":"Atendimento básico em Pediatria, Ginecologia, Clínica Geral, Enfermagem e Odontologia. Principais serviços oferecidos: consultas médicas, inalações, injeções, curativos, vacinas, coleta de exames laboratoriais, tratamento odontológico, encaminhamentos par","cd_identificador_classe_equipamento":5,"nm_classe_equipamento":"UBS/POSTO DE SAÚDE/CENTRO DE SAÚDE","tx_classe_equipamento":"O PRIMEIRO CONTATO DO PACIENTE COM O SUS.","cd_identificador_esfera_administrativa_equipamento":1,"nm_esfera_administrativa_equipamento":"Municipal","tx_esfera_administrativa_equipamento":"Administração municipal","cd_equipamento":"965","nm_equipamento":"UBS SANTA CECÍLIA - DR HUMBERTO PASCALE","tx_endereco_equipamento":"R. VITORINO CARMILO, 599","nm_bairro_equipamento":"CAMPOS ELÍSEOS","cd_cep_equipamento":"01153-000","tx_horario_funcionamento":null,"tx_numero_telefone":"4210-6123 / 4210-5399","cd_equipamento_base_origem":null}},{"type":"Feature","id":"equipamento_saude_ubs_posto_centro_v2.120864","geometry":{"type":"Point","coordinates":[334294.25,7389220.833]},"geometry_name":"ge_ponto","properties":{"cd_identificador":120864,"cd_identificador_tema_equipamento":6,"nm_tema_equipamento":"SAUDE","cd_identificador_rede_equipamento":0,"nm_rede_equipamento":"SEM REDE","tx_rede_equipamento":"Sem descrição","cd_identificador_tipo_equipamento":45,"nm_tipo_equipamento":"Unidade Básica de Saúde","tx_tipo_equipamento":"Atendimento básico em Pediatria, Ginecologia, Clínica Geral, Enfermagem e Odontologia. Principais serviços oferecidos: consultas médicas, inalações, injeções, curativos, vacinas, coleta de exames laboratoriais, tratamento odontológico, encaminhamentos par","cd_identificador_classe_equipamento":5,"nm_classe_equipamento":"UBS/POSTO DE SAÚDE/CENTRO DE SAÚDE","tx_classe_equipamento":"O PRIMEIRO CONTATO DO PACIENTE COM O SUS.","cd_identificador_esfera_administrativa_equipamento":1,"nm_esfera_administrativa_equipamento":"Municipal","tx_esfera_administrativa_equipamento":"Administração municipal","cd_equipamento":"1033","nm_equipamento":"UBS SANTA CRUZ","tx_endereco_equipamento":"R. SANTA CRUZ, 1191","nm_bairro_equipamento":"VILA MARIANA","cd_cep_equipamento":"04121-001","tx_horario_funcionamento":null,"tx_numero_telefone":"3245-9005","cd_equipamento_base_origem":null}},{"type":"Feature","id":"equipamento_saude_ubs_posto_centro_v2.120865","geometry":{"type":"Point","coordinates":[350663.988,7401210.817]},"geometry_name":"ge_ponto","properties":{"cd_identificador":120865,"cd_identificador_tema_equipamento":6,"nm_tema_equipamento":"SAUDE","cd_identificador_rede_equipamento":0,"nm_rede_equipamento":"SEM REDE","tx_rede_equipamento":"Sem descrição","cd_identificador_tipo_equipamento":45,"nm_tipo_equipamento":"Unidade Básica de Saúde","tx_tipo_equipamento":"Atendimento básico em Pediatria, Ginecologia, Clínica Geral, Enfermagem e Odontologia. Principais serviços oferecidos: consultas médicas, inalações, injeções, curativos, vacinas, coleta de exames laboratoriais, tratamento odontológico, encaminhamentos par","cd_identificador_classe_equipamento":5,"nm_classe_equipamento":"UBS/POSTO DE SAÚDE/CENTRO DE SAÚDE","tx_classe_equipamento":"O PRIMEIRO CONTATO DO PACIENTE COM O SUS.","cd_identificador_esfera_administrativa_equipamento":1,"nm_esfera_administrativa_equipamento":"Municipal","tx_esfera_administrativa_equipamento":"Administração municipal","cd_equipamento":"894","nm_equipamento":"UBS SANTA INÊS","tx_endereco_equipamento":"R. FREI FIDELIS MOTA, 1001","nm_bairro_equipamento":"PARQUE CRUZEIRO DO SUL","cd_cep_equipamento":"08070-130","tx_horario_funcionamento":null,"tx_numero_telefone":"2297-9669","cd_equipamento_base_origem":null}},{"type":"Feature","id":"equipamento_saude_ubs_posto_centro_v2.120866","geometry":{"type":"Point","coordinates":[319929.214,7379094.238]},"geometry_name":"ge_ponto","properties":{"cd_identificador":120866,"cd_identificador_tema_equipamento":6,"nm_tema_equipamento":"SAUDE","cd_identificador_rede_equipamento":0,"nm_rede_equipamento":"SEM REDE","tx_rede_equipamento":"Sem descrição","cd_identificador_tipo_equipamento":45,"nm_tipo_equipamento":"Unidade Básica de Saúde","tx_tipo_equipamento":"Atendimento básico em Pediatria, Ginecologia, Clínica Geral, Enfermagem e Odontologia. Principais serviços oferecidos: consultas médicas, inalações, injeções, curativos, vacinas, coleta de exames laboratoriais, tratamento odontológico, encaminhamentos par","cd_identificador_classe_equipamento":5,"nm_classe_equipamento":"UBS/POSTO DE SAÚDE/CENTRO DE SAÚDE","tx_classe_equipamento":"O PRIMEIRO CONTATO DO PACIENTE COM O SUS.","cd_identificador_esfera_administrativa_equipamento":1,"nm_esfera_administrativa_equipamento":"Municipal","tx_esfera_administrativa_equipamento":"Administração municipal","cd_equipamento":"533","nm_equipamento":"UBS SANTA LÚCIA","tx_endereco_equipamento":"R. CARMELO CALI, 26","nm_bairro_equipamento":"VILA SANTA LÚCIA","cd_cep_equipamento":"04940-070","tx_horario_funcionamento":null,"tx_numero_telefone":"5898-5400","cd_equipamento_base_origem":null}},{"type":"Feature","id":"equipamento_saude_ubs_posto_centro_v2.120867","geometry":{"type":"Point","coordinates":[358220.368,7398090.715]},"geometry_name":"ge_ponto","properties":{"cd_identificador":120867,"cd_identificador_tema_equipamento":6,"nm_tema_equipamento":"SAUDE","cd_identificador_rede_equipamento":0,"nm_rede_equipamento":"SEM REDE","tx_rede_equipamento":"Sem descrição","cd_identificador_tipo_equipamento":45,"nm_tipo_equipamento":"Unidade Básica de Saúde","tx_tipo_equipamento":"Atendimento básico em Pediatria, Ginecologia, Clínica Geral, Enfermagem e Odontologia. Principais serviços oferecidos: consultas médicas, inalações, injeções, curativos, vacinas, coleta de exames laboratoriais, tratamento odontológico, encaminhamentos par","cd_identificador_classe_equipamento":5,"nm_classe_equipamento":"UBS/POSTO DE SAÚDE/CENTRO DE SAÚDE","tx_classe_equipamento":"O PRIMEIRO CONTATO DO PACIENTE COM O SUS.","cd_identificador_esfera_administrativa_equipamento":1,"nm_esfera_administrativa_equipamento":"Municipal","tx_esfera_administrativa_equipamento":"Administração municipal","cd_equipamento":"334","nm_equipamento":"UBS SANTA LUZIA","tx_endereco_equipamento":"R. CONJUNTO DA PAZ, 39","nm_bairro_equipamento":"JARDIM MIRIAM","cd_cep_equipamento":"08142-360","tx_horario_funcionamento":null,"tx_numero_telefone":"2562-3532","cd_equipamento_base_origem":null}},{"type":"Feature","id":"equipamento_saude_ubs_posto_centro_v2.120869","geometry":{"type":"Point","coordinates":[326423.535,7383743.122]},"geometry_name":"ge_ponto","properties":{"cd_identificador":120869,"cd_identificador_tema_equipamento":6,"nm_tema_equipamento":"SAUDE","cd_identificador_rede_equipamento":0,"nm_rede_equipamento":"SEM REDE","tx_rede_equipamento":"Sem descrição","cd_identificador_tipo_equipamento":45,"nm_tipo_equipamento":"Unidade Básica de Saúde","tx_tipo_equipamento":"Atendimento básico em Pediatria, Ginecologia, Clínica Geral, Enfermagem e Odontologia. Principais serviços oferecidos: consultas médicas, inalações, injeções, curativos, vacinas, coleta de exames laboratoriais, tratamento odontológico, encaminhamentos par","cd_identificador_classe_equipamento":5,"nm_classe_equipamento":"UBS/POSTO DE SAÚDE/CENTRO DE SAÚDE","tx_classe_equipamento":"O PRIMEIRO CONTATO DO PACIENTE COM O SUS.","cd_identificador_esfera_administrativa_equipamento":1,"nm_esfera_administrativa_equipamento":"Municipal","tx_esfera_administrativa_equipamento":"Administração municipal","cd_equipamento":"822","nm_equipamento":"UBS SANTO AMARO - DR. SÉRGIO VILLAÇA BRAGA","tx_endereco_equipamento":"R. CONDE DE ITU, 359","nm_bairro_equipamento":"SANTO AMARO","cd_cep_equipamento":"04741-000","tx_horario_funcionamento":null,"tx_numero_telefone":"5687-5039","cd_equipamento_base_origem":null}},{"type":"Feature","id":"equipamento_saude_ubs_posto_centro_v2.120870","geometry":{"type":"Point","coordinates":[325599.352,7405226.439]},"geometry_name":"ge_ponto","properties":{"cd_identificador":120870,"cd_identificador_tema_equipamento":6,"nm_tema_equipamento":"SAUDE","cd_identificador_rede_equipamento":0,"nm_rede_equipamento":"SEM REDE","tx_rede_equipamento":"Sem descrição","cd_identificador_tipo_equipamento":45,"nm_tipo_equipamento":"Unidade Básica de Saúde","tx_tipo_equipamento":"Atendimento básico em Pediatria, Ginecologia, Clínica Geral, Enfermagem e Odontologia. Principais serviços oferecidos: consultas médicas, inalações, injeções, curativos, vacinas, coleta de exames laboratoriais, tratamento odontológico, encaminhamentos par","cd_identificador_classe_equipamento":5,"nm_classe_equipamento":"UBS/POSTO DE SAÚDE/CENTRO DE SAÚDE","tx_classe_equipamento":"O PRIMEIRO CONTATO DO PACIENTE COM O SUS.","cd_identificador_esfera_administrativa_equipamento":1,"nm_esfera_administrativa_equipamento":"Municipal","tx_esfera_administrativa_equipamento":"Administração municipal","cd_equipamento":"286","nm_equipamento":"UBS SANTO DIAS","tx_endereco_equipamento":"R. SANTO DIAS, 8","nm_bairro_equipamento":"VILA NOVA ESPERANCA","cd_cep_equipamento":"02814-200","tx_horario_funcionamento":null,"tx_numero_telefone":null,"cd_equipamento_base_origem":null}},{"type":"Feature","id":"equipamento_saude_ubs_posto_centro_v2.120871","geometry":{"type":"Point","coordinates":[321298.809,7400489.27]},"geometry_name":"ge_ponto","properties":{"cd_identificador":120871,"cd_identificador_tema_equipamento":6,"nm_tema_equipamento":"SAUDE","cd_identificador_rede_equipamento":0,"nm_rede_equipamento":"SEM REDE","tx_rede_equipamento":"Sem descrição","cd_identificador_tipo_equipamento":45,"nm_tipo_equipamento":"Unidade Básica de Saúde","tx_tipo_equipamento":"Atendimento básico em Pediatria, Ginecologia, Clínica Geral, Enfermagem e Odontologia. Principais serviços oferecidos: consultas médicas, inalações, injeções, curativos, vacinas, coleta de exames laboratoriais, tratamento odontológico, encaminhamentos par","cd_identificador_classe_equipamento":5,"nm_classe_equipamento":"UBS/POSTO DE SAÚDE/CENTRO DE SAÚDE","tx_classe_equipamento":"O PRIMEIRO CONTATO DO PACIENTE COM O SUS.","cd_identificador_esfera_administrativa_equipamento":1,"nm_esfera_administrativa_equipamento":"Municipal","tx_esfera_administrativa_equipamento":"Administração municipal","cd_equipamento":"759","nm_equipamento":"UBS SANTO ELIAS","tx_endereco_equipamento":"R. FABIO DE ALMEIDA MAGALHÃES, 494","nm_bairro_equipamento":"JD SANTO ELIAS","cd_cep_equipamento":"05135-370","tx_horario_funcionamento":null,"tx_numero_telefone":"3904-0016 / 3973-8620","cd_equipamento_base_origem":null}},{"type":"Feature","id":"equipamento_saude_ubs_posto_centro_v2.120872","geometry":{"type":"Point","coordinates":[350984.456,7393776.227]},"geometry_name":"ge_ponto","properties":{"cd_identificador":120872,"cd_identificador_tema_equipamento":6,"nm_tema_equipamento":"SAUDE","cd_identificador_rede_equipamento":0,"nm_rede_equipamento":"SEM REDE","tx_rede_equipamento":"Sem descrição","cd_identificador_tipo_equipamento":45,"nm_tipo_equipamento":"Unidade Básica de Saúde","tx_tipo_equipamento":"Atendimento básico em Pediatria, Ginecologia, Clínica Geral, Enfermagem e Odontologia. Principais serviços oferecidos: consultas médicas, inalações, injeções, curativos, vacinas, coleta de exames laboratoriais, tratamento odontológico, encaminhamentos par","cd_identificador_classe_equipamento":5,"nm_classe_equipamento":"UBS/POSTO DE SAÚDE/CENTRO DE SAÚDE","tx_classe_equipamento":"O PRIMEIRO CONTATO DO PACIENTE COM O SUS.","cd_identificador_esfera_administrativa_equipamento":1,"nm_esfera_administrativa_equipamento":"Municipal","tx_esfera_administrativa_equipamento":"Administração municipal","cd_equipamento":"451","nm_equipamento":"UBS SANTO ESTEVÃO","tx_endereco_equipamento":"R. CACHOEIRA DA ILHA, 355","nm_bairro_equipamento":"ITAQUERA","cd_cep_equipamento":"08270-110","tx_horario_funcionamento":null,"tx_numero_telefone":"2523-0577","cd_equipamento_base_origem":null}},{"type":"Feature","id":"equipamento_saude_ubs_posto_centro_v2.120873","geometry":{"type":"Point","coordinates":[355796.969,7394008.073]},"geometry_name":"ge_ponto","properties":{"cd_identificador":120873,"cd_identificador_tema_equipamento":6,"nm_tema_equipamento":"SAUDE","cd_identificador_rede_equipamento":0,"nm_rede_equipamento":"SEM REDE","tx_rede_equipamento":"Sem descrição","cd_identificador_tipo_equipamento":45,"nm_tipo_equipamento":"Unidade Básica de Saúde","tx_tipo_equipamento":"Atendimento básico em Pediatria, Ginecologia, Clínica Geral, Enfermagem e Odontologia. Principais serviços oferecidos: consultas médicas, inalações, injeções, curativos, vacinas, coleta de exames laboratoriais, tratamento odontológico, encaminhamentos par","cd_identificador_classe_equipamento":5,"nm_classe_equipamento":"UBS/POSTO DE SAÚDE/CENTRO DE SAÚDE","tx_classe_equipamento":"O PRIMEIRO CONTATO DO PACIENTE COM O SUS.","cd_identificador_esfera_administrativa_equipamento":1,"nm_esfera_administrativa_equipamento":"Municipal","tx_esfera_administrativa_equipamento":"Administração municipal","cd_equipamento":"322","nm_equipamento":"UBS SÃO CARLOS - GUAIANASES","tx_endereco_equipamento":"R. MACABU, 35","nm_bairro_equipamento":"JD SAO CARLOS","cd_cep_equipamento":"08411-470","tx_horario_funcionamento":null,"tx_numero_telefone":"4780-5036","cd_equipamento_base_origem":null}},{"type":"Feature","id":"equipamento_saude_ubs_posto_centro_v2.120874","geometry":{"type":"Point","coordinates":[330571.563,7379572.718]},"geometry_name":"ge_ponto","properties":{"cd_identificador":120874,"cd_identificador_tema_equipamento":6,"nm_tema_equipamento":"SAUDE","cd_identificador_rede_equipamento":0,"nm_rede_equipamento":"SEM REDE","tx_rede_equipamento":"Sem descrição","cd_identificador_tipo_equipamento":45,"nm_tipo_equipamento":"Unidade Básica de Saúde","tx_tipo_equipamento":"Atendimento básico em Pediatria, Ginecologia, Clínica Geral, Enfermagem e Odontologia. Principais serviços oferecidos: consultas médicas, inalações, injeções, curativos, vacinas, coleta de exames laboratoriais, tratamento odontológico, encaminhamentos par","cd_identificador_classe_equipamento":5,"nm_classe_equipamento":"UBS/POSTO DE SAÚDE/CENTRO DE SAÚDE","tx_classe_equipamento":"O PRIMEIRO CONTATO DO PACIENTE COM O SUS.","cd_identificador_esfera_administrativa_equipamento":1,"nm_esfera_administrativa_equipamento":"Municipal","tx_esfera_administrativa_equipamento":"Administração municipal","cd_equipamento":"183","nm_equipamento":"UBS SÃO JORGE - CIDADE ADEMAR","tx_endereco_equipamento":"AV. EDUARDO PEREIRA RAMOS, 810","nm_bairro_equipamento":"JARDIM SAO JORGE","cd_cep_equipamento":"04432-000","tx_horario_funcionamento":null,"tx_numero_telefone":"5611-3527 / 5611-6933","cd_equipamento_base_origem":null}},{"type":"Feature","id":"equipamento_saude_ubs_posto_centro_v2.120875","geometry":{"type":"Point","coordinates":[348680.257,7389288.102]},"geometry_name":"ge_ponto","properties":{"cd_identificador":120875,"cd_identificador_tema_equipamento":6,"nm_tema_equipamento":"SAUDE","cd_identificador_rede_equipamento":0,"nm_rede_equipamento":"SEM REDE","tx_rede_equipamento":"Sem descrição","cd_identificador_tipo_equipamento":45,"nm_tipo_equipamento":"Unidade Básica de Saúde","tx_tipo_equipamento":"Atendimento básico em Pediatria, Ginecologia, Clínica Geral, Enfermagem e Odontologia. Principais serviços oferecidos: consultas médicas, inalações, injeções, curativos, vacinas, coleta de exames laboratoriais, tratamento odontológico, encaminhamentos par","cd_identificador_classe_equipamento":5,"nm_classe_equipamento":"UBS/POSTO DE SAÚDE/CENTRO DE SAÚDE","tx_classe_equipamento":"O PRIMEIRO CONTATO DO PACIENTE COM O SUS.","cd_identificador_esfera_administrativa_equipamento":1,"nm_esfera_administrativa_equipamento":"Municipal","tx_esfera_administrativa_equipamento":"Administração municipal","cd_equipamento":"846","nm_equipamento":"UBS SÃO MATEUS - NAIR ALVES DE REZENDE NORIMBENI","tx_endereco_equipamento":"R. ANGELO DE CANDIA, 1058","nm_bairro_equipamento":"SÃO MATEUS","cd_cep_equipamento":"03958-000","tx_horario_funcionamento":null,"tx_numero_telefone":"2017-2706","cd_equipamento_base_origem":null}},{"type":"Feature","id":"equipamento_saude_ubs_posto_centro_v2.120876","geometry":{"type":"Point","coordinates":[322019.6,7392999.89]},"geometry_name":"ge_ponto","properties":{"cd_identificador":120876,"cd_identificador_tema_equipamento":6,"nm_tema_equipamento":"SAUDE","cd_identificador_rede_equipamento":0,"nm_rede_equipamento":"SEM REDE","tx_rede_equipamento":"Sem descrição","cd_identificador_tipo_equipamento":45,"nm_tipo_equipamento":"Unidade Básica de Saúde","tx_tipo_equipamento":"Atendimento básico em Pediatria, Ginecologia, Clínica Geral, Enfermagem e Odontologia. Principais serviços oferecidos: consultas médicas, inalações, injeções, curativos, vacinas, coleta de exames laboratoriais, tratamento odontológico, encaminhamentos par","cd_identificador_classe_equipamento":5,"nm_classe_equipamento":"UBS/POSTO DE SAÚDE/CENTRO DE SAÚDE","tx_classe_equipamento":"O PRIMEIRO CONTATO DO PACIENTE COM O SUS.","cd_identificador_esfera_administrativa_equipamento":1,"nm_esfera_administrativa_equipamento":"Municipal","tx_esfera_administrativa_equipamento":"Administração municipal","cd_equipamento":"47","nm_equipamento":"UBS SÃO REMO","tx_endereco_equipamento":"R. BALTAZAR RABELO, 167","nm_bairro_equipamento":"RIO PEQUENO","cd_cep_equipamento":"05360-170","tx_horario_funcionamento":null,"tx_numero_telefone":"4380-4545","cd_equipamento_base_origem":null}},{"type":"Feature","id":"equipamento_saude_ubs_posto_centro_v2.120877","geometry":{"type":"Point","coordinates":[333819.512,7394511.966]},"geometry_name":"ge_ponto","properties":{"cd_identificador":120877,"cd_identificador_tema_equipamento":6,"nm_tema_equipamento":"SAUDE","cd_identificador_rede_equipamento":0,"nm_rede_equipamento":"SEM REDE","tx_rede_equipamento":"Sem descrição","cd_identificador_tipo_equipamento":45,"nm_tipo_equipamento":"Unidade Básica de Saúde","tx_tipo_equipamento":"Atendimento básico em Pediatria, Ginecologia, Clínica Geral, Enfermagem e Odontologia. Principais serviços oferecidos: consultas médicas, inalações, injeções, curativos, vacinas, coleta de exames laboratoriais, tratamento odontológico, encaminhamentos par","cd_identificador_classe_equipamento":5,"nm_classe_equipamento":"UBS/POSTO DE SAÚDE/CENTRO DE SAÚDE","tx_classe_equipamento":"O PRIMEIRO CONTATO DO PACIENTE COM O SUS.","cd_identificador_esfera_administrativa_equipamento":1,"nm_esfera_administrativa_equipamento":"Municipal","tx_esfera_administrativa_equipamento":"Administração municipal","cd_equipamento":"978","nm_equipamento":"UBS SÉ","tx_endereco_equipamento":"R. FREDERICO ALVARENGA, 259","nm_bairro_equipamento":"SE","cd_cep_equipamento":"01020-030","tx_horario_funcionamento":null,"tx_numero_telefone":"4210-6124 / 4210-5398","cd_equipamento_base_origem":null}},{"type":"Feature","id":"equipamento_saude_ubs_posto_centro_v2.120878","geometry":{"type":"Point","coordinates":[321635.192,7406682.631]},"geometry_name":"ge_ponto","properties":{"cd_identificador":120878,"cd_identificador_tema_equipamento":6,"nm_tema_equipamento":"SAUDE","cd_identificador_rede_equipamento":0,"nm_rede_equipamento":"SEM REDE","tx_rede_equipamento":"Sem descrição","cd_identificador_tipo_equipamento":45,"nm_tipo_equipamento":"Unidade Básica de Saúde","tx_tipo_equipamento":"Atendimento básico em Pediatria, Ginecologia, Clínica Geral, Enfermagem e Odontologia. Principais serviços oferecidos: consultas médicas, inalações, injeções, curativos, vacinas, coleta de exames laboratoriais, tratamento odontológico, encaminhamentos par","cd_identificador_classe_equipamento":5,"nm_classe_equipamento":"UBS/POSTO DE SAÚDE/CENTRO DE SAÚDE","tx_classe_equipamento":"O PRIMEIRO CONTATO DO PACIENTE COM O SUS.","cd_identificador_esfera_administrativa_equipamento":1,"nm_esfera_administrativa_equipamento":"Municipal","tx_esfera_administrativa_equipamento":"Administração municipal","cd_equipamento":"726","nm_equipamento":"UBS SEM TERRA - PARQUE NAÇÕES UNIDAS","tx_endereco_equipamento":"R. ARACY RONDON AMARANTE, 22","nm_bairro_equipamento":"JARDIM SANTA LUCRECIA","cd_cep_equipamento":"02996-180","tx_horario_funcionamento":null,"tx_numero_telefone":"3902-3551","cd_equipamento_base_origem":null}},{"type":"Feature","id":"equipamento_saude_ubs_posto_centro_v2.120879","geometry":{"type":"Point","coordinates":[330041.991,7370621.905]},"geometry_name":"ge_ponto","properties":{"cd_identificador":120879,"cd_identificador_tema_equipamento":6,"nm_tema_equipamento":"SAUDE","cd_identificador_rede_equipamento":0,"nm_rede_equipamento":"SEM REDE","tx_rede_equipamento":"Sem descrição","cd_identificador_tipo_equipamento":45,"nm_tipo_equipamento":"Unidade Básica de Saúde","tx_tipo_equipamento":"Atendimento básico em Pediatria, Ginecologia, Clínica Geral, Enfermagem e Odontologia. Principais serviços oferecidos: consultas médicas, inalações, injeções, curativos, vacinas, coleta de exames laboratoriais, tratamento odontológico, encaminhamentos par","cd_identificador_classe_equipamento":5,"nm_classe_equipamento":"UBS/POSTO DE SAÚDE/CENTRO DE SAÚDE","tx_classe_equipamento":"O PRIMEIRO CONTATO DO PACIENTE COM O SUS.","cd_identificador_esfera_administrativa_equipamento":1,"nm_esfera_administrativa_equipamento":"Municipal","tx_esfera_administrativa_equipamento":"Administração municipal","cd_equipamento":"149","nm_equipamento":"UBS SHANGRILA/ELLUS","tx_endereco_equipamento":"R. SEM NOME, 16","nm_bairro_equipamento":"JD SHANGRILA","cd_cep_equipamento":"04852-032","tx_horario_funcionamento":null,"tx_numero_telefone":"5932-2180","cd_equipamento_base_origem":null}},{"type":"Feature","id":"equipamento_saude_ubs_posto_centro_v2.120880","geometry":{"type":"Point","coordinates":[326401.238,7405064.814]},"geometry_name":"ge_ponto","properties":{"cd_identificador":120880,"cd_identificador_tema_equipamento":6,"nm_tema_equipamento":"SAUDE","cd_identificador_rede_equipamento":0,"nm_rede_equipamento":"SEM REDE","tx_rede_equipamento":"Sem descrição","cd_identificador_tipo_equipamento":45,"nm_tipo_equipamento":"Unidade Básica de Saúde","tx_tipo_equipamento":"Atendimento básico em Pediatria, Ginecologia, Clínica Geral, Enfermagem e Odontologia. Principais serviços oferecidos: consultas médicas, inalações, injeções, curativos, vacinas, coleta de exames laboratoriais, tratamento odontológico, encaminhamentos par","cd_identificador_classe_equipamento":5,"nm_classe_equipamento":"UBS/POSTO DE SAÚDE/CENTRO DE SAÚDE","tx_classe_equipamento":"O PRIMEIRO CONTATO DO PACIENTE COM O SUS.","cd_identificador_esfera_administrativa_equipamento":1,"nm_esfera_administrativa_equipamento":"Municipal","tx_esfera_administrativa_equipamento":"Administração municipal","cd_equipamento":"279","nm_equipamento":"UBS SILMARYA REJANE M.DE SOUZA","tx_endereco_equipamento":"R. EUVALDO AUGUSTO FREIRE, 20","nm_bairro_equipamento":"BRASILÂNDIA","cd_cep_equipamento":"02855-030","tx_horario_funcionamento":null,"tx_numero_telefone":"3923-1520","cd_equipamento_base_origem":null}},{"type":"Feature","id":"equipamento_saude_ubs_posto_centro_v2.120881","geometry":{"type":"Point","coordinates":[346609.719,7388597.141]},"geometry_name":"ge_ponto","properties":{"cd_identificador":120881,"cd_identificador_tema_equipamento":6,"nm_tema_equipamento":"SAUDE","cd_identificador_rede_equipamento":0,"nm_rede_equipamento":"SEM REDE","tx_rede_equipamento":"Sem descrição","cd_identificador_tipo_equipamento":45,"nm_tipo_equipamento":"Unidade Básica de Saúde","tx_tipo_equipamento":"Atendimento básico em Pediatria, Ginecologia, Clínica Geral, Enfermagem e Odontologia. Principais serviços oferecidos: consultas médicas, inalações, injeções, curativos, vacinas, coleta de exames laboratoriais, tratamento odontológico, encaminhamentos par","cd_identificador_classe_equipamento":5,"nm_classe_equipamento":"UBS/POSTO DE SAÚDE/CENTRO DE SAÚDE","tx_classe_equipamento":"O PRIMEIRO CONTATO DO PACIENTE COM O SUS.","cd_identificador_esfera_administrativa_equipamento":1,"nm_esfera_administrativa_equipamento":"Municipal","tx_esfera_administrativa_equipamento":"Administração municipal","cd_equipamento":"916","nm_equipamento":"UBS TEOTONIO VILELA","tx_endereco_equipamento":"AV. ARQUITETO VILANOVA ARTIGAS, 1071","nm_bairro_equipamento":"JD SAPOPEMBA","cd_cep_equipamento":"03928-240","tx_horario_funcionamento":null,"tx_numero_telefone":"2704-1383","cd_equipamento_base_origem":null}},{"type":"Feature","id":"equipamento_saude_ubs_posto_centro_v2.120882","geometry":{"type":"Point","coordinates":[349806.364,7399969.601]},"geometry_name":"ge_ponto","properties":{"cd_identificador":120882,"cd_identificador_tema_equipamento":6,"nm_tema_equipamento":"SAUDE","cd_identificador_rede_equipamento":0,"nm_rede_equipamento":"SEM REDE","tx_rede_equipamento":"Sem descrição","cd_identificador_tipo_equipamento":45,"nm_tipo_equipamento":"Unidade Básica de Saúde","tx_tipo_equipamento":"Atendimento básico em Pediatria, Ginecologia, Clínica Geral, Enfermagem e Odontologia. Principais serviços oferecidos: consultas médicas, inalações, injeções, curativos, vacinas, coleta de exames laboratoriais, tratamento odontológico, encaminhamentos par","cd_identificador_classe_equipamento":5,"nm_classe_equipamento":"UBS/POSTO DE SAÚDE/CENTRO DE SAÚDE","tx_classe_equipamento":"O PRIMEIRO CONTATO DO PACIENTE COM O SUS.","cd_identificador_esfera_administrativa_equipamento":1,"nm_esfera_administrativa_equipamento":"Municipal","tx_esfera_administrativa_equipamento":"Administração municipal","cd_equipamento":"895","nm_equipamento":"UBS THÉRSIO VENTURA","tx_endereco_equipamento":"R. ARRAIAL DE SANTA BARBARA, 996","nm_bairro_equipamento":"CIDADE PEDRO J NUNES","cd_cep_equipamento":"08061-360","tx_horario_funcionamento":null,"tx_numero_telefone":"2545-1026","cd_equipamento_base_origem":null}},{"type":"Feature","id":"equipamento_saude_ubs_posto_centro_v2.120883","geometry":{"type":"Point","coordinates":[359015.745,7402573.355]},"geometry_name":"ge_ponto","properties":{"cd_identificador":120883,"cd_identificador_tema_equipamento":6,"nm_tema_equipamento":"SAUDE","cd_identificador_rede_equipamento":0,"nm_rede_equipamento":"SEM REDE","tx_rede_equipamento":"Sem descrição","cd_identificador_tipo_equipamento":45,"nm_tipo_equipamento":"Unidade Básica de Saúde","tx_tipo_equipamento":"Atendimento básico em Pediatria, Ginecologia, Clínica Geral, Enfermagem e Odontologia. Principais serviços oferecidos: consultas médicas, inalações, injeções, curativos, vacinas, coleta de exames laboratoriais, tratamento odontológico, encaminhamentos par","cd_identificador_classe_equipamento":5,"nm_classe_equipamento":"UBS/POSTO DE SAÚDE/CENTRO DE SAÚDE","tx_classe_equipamento":"O PRIMEIRO CONTATO DO PACIENTE COM O SUS.","cd_identificador_esfera_administrativa_equipamento":1,"nm_esfera_administrativa_equipamento":"Municipal","tx_esfera_administrativa_equipamento":"Administração municipal","cd_equipamento":"868","nm_equipamento":"UBS TRÊS PONTES","tx_endereco_equipamento":"R. CAPACHOS, 136","nm_bairro_equipamento":"JARDIM CELIA","cd_cep_equipamento":"08191-330","tx_horario_funcionamento":null,"tx_numero_telefone":"4780-5112","cd_equipamento_base_origem":null}},{"type":"Feature","id":"equipamento_saude_ubs_posto_centro_v2.120884","geometry":{"type":"Point","coordinates":[324487.117,7407169.042]},"geometry_name":"ge_ponto","properties":{"cd_identificador":120884,"cd_identificador_tema_equipamento":6,"nm_tema_equipamento":"SAUDE","cd_identificador_rede_equipamento":0,"nm_rede_equipamento":"SEM REDE","tx_rede_equipamento":"Sem descrição","cd_identificador_tipo_equipamento":45,"nm_tipo_equipamento":"Unidade Básica de Saúde","tx_tipo_equipamento":"Atendimento básico em Pediatria, Ginecologia, Clínica Geral, Enfermagem e Odontologia. Principais serviços oferecidos: consultas médicas, inalações, injeções, curativos, vacinas, coleta de exames laboratoriais, tratamento odontológico, encaminhamentos par","cd_identificador_classe_equipamento":5,"nm_classe_equipamento":"UBS/POSTO DE SAÚDE/CENTRO DE SAÚDE","tx_classe_equipamento":"O PRIMEIRO CONTATO DO PACIENTE COM O SUS.","cd_identificador_esfera_administrativa_equipamento":1,"nm_esfera_administrativa_equipamento":"Municipal","tx_esfera_administrativa_equipamento":"Administração municipal","cd_equipamento":"735","nm_equipamento":"UBS UNIÃO DAS VILAS DE TAIPAS","tx_endereco_equipamento":"AV. ELISIO TEIXEIRA LEITE, 7703","nm_bairro_equipamento":"PARADA DE TAIPAS","cd_cep_equipamento":"02810-000","tx_horario_funcionamento":null,"tx_numero_telefone":"3972-1355","cd_equipamento_base_origem":null}},{"type":"Feature","id":"equipamento_saude_ubs_posto_centro_v2.120885","geometry":{"type":"Point","coordinates":[350972.462,7402205.432]},"geometry_name":"ge_ponto","properties":{"cd_identificador":120885,"cd_identificador_tema_equipamento":6,"nm_tema_equipamento":"SAUDE","cd_identificador_rede_equipamento":0,"nm_rede_equipamento":"SEM REDE","tx_rede_equipamento":"Sem descrição","cd_identificador_tipo_equipamento":45,"nm_tipo_equipamento":"Unidade Básica de Saúde","tx_tipo_equipamento":"Atendimento básico em Pediatria, Ginecologia, Clínica Geral, Enfermagem e Odontologia. Principais serviços oferecidos: consultas médicas, inalações, injeções, curativos, vacinas, coleta de exames laboratoriais, tratamento odontológico, encaminhamentos par","cd_identificador_classe_equipamento":5,"nm_classe_equipamento":"UBS/POSTO DE SAÚDE/CENTRO DE SAÚDE","tx_classe_equipamento":"O PRIMEIRO CONTATO DO PACIENTE COM O SUS.","cd_identificador_esfera_administrativa_equipamento":1,"nm_esfera_administrativa_equipamento":"Municipal","tx_esfera_administrativa_equipamento":"Administração municipal","cd_equipamento":"888","nm_equipamento":"UBS UNIÃO DE VILA NOVA","tx_endereco_equipamento":"R. CATLEIAS, 205","nm_bairro_equipamento":"SÃO MIGUEL PAULISTA","cd_cep_equipamento":"08071-100","tx_horario_funcionamento":null,"tx_numero_telefone":"2037-7779","cd_equipamento_base_origem":null}},{"type":"Feature","id":"equipamento_saude_ubs_posto_centro_v2.120886","geometry":{"type":"Point","coordinates":[326075.051,7360867.199]},"geometry_name":"ge_ponto","properties":{"cd_identificador":120886,"cd_identificador_tema_equipamento":6,"nm_tema_equipamento":"SAUDE","cd_identificador_rede_equipamento":0,"nm_rede_equipamento":"SEM REDE","tx_rede_equipamento":"Sem descrição","cd_identificador_tipo_equipamento":45,"nm_tipo_equipamento":"Unidade Básica de Saúde","tx_tipo_equipamento":"Atendimento básico em Pediatria, Ginecologia, Clínica Geral, Enfermagem e Odontologia. Principais serviços oferecidos: consultas médicas, inalações, injeções, curativos, vacinas, coleta de exames laboratoriais, tratamento odontológico, encaminhamentos par","cd_identificador_classe_equipamento":5,"nm_classe_equipamento":"UBS/POSTO DE SAÚDE/CENTRO DE SAÚDE","tx_classe_equipamento":"O PRIMEIRO CONTATO DO PACIENTE COM O SUS.","cd_identificador_esfera_administrativa_equipamento":1,"nm_esfera_administrativa_equipamento":"Municipal","tx_esfera_administrativa_equipamento":"Administração municipal","cd_equipamento":"610","nm_equipamento":"UBS VARGEM GRANDE","tx_endereco_equipamento":"R. DAS ARARAS, 49","nm_bairro_equipamento":"VARGEM GRANDE","cd_cep_equipamento":"04896-260","tx_horario_funcionamento":null,"tx_numero_telefone":"5921-2111 / 5920-0261","cd_equipamento_base_origem":null}},{"type":"Feature","id":"equipamento_saude_ubs_posto_centro_v2.120887","geometry":{"type":"Point","coordinates":[328427.261,7368535.222]},"geometry_name":"ge_ponto","properties":{"cd_identificador":120887,"cd_identificador_tema_equipamento":6,"nm_tema_equipamento":"SAUDE","cd_identificador_rede_equipamento":0,"nm_rede_equipamento":"SEM REDE","tx_rede_equipamento":"Sem descrição","cd_identificador_tipo_equipamento":45,"nm_tipo_equipamento":"Unidade Básica de Saúde","tx_tipo_equipamento":"Atendimento básico em Pediatria, Ginecologia, Clínica Geral, Enfermagem e Odontologia. Principais serviços oferecidos: consultas médicas, inalações, injeções, curativos, vacinas, coleta de exames laboratoriais, tratamento odontológico, encaminhamentos par","cd_identificador_classe_equipamento":5,"nm_classe_equipamento":"UBS/POSTO DE SAÚDE/CENTRO DE SAÚDE","tx_classe_equipamento":"O PRIMEIRO CONTATO DO PACIENTE COM O SUS.","cd_identificador_esfera_administrativa_equipamento":1,"nm_esfera_administrativa_equipamento":"Municipal","tx_esfera_administrativa_equipamento":"Administração municipal","cd_equipamento":"129","nm_equipamento":"UBS VARGINHA","tx_endereco_equipamento":"R. HENRIQUE MUZZIO, 383","nm_bairro_equipamento":"VARGINHA","cd_cep_equipamento":"04857-040","tx_horario_funcionamento":null,"tx_numero_telefone":"5527-2709 / 5526-3988","cd_equipamento_base_origem":null}},{"type":"Feature","id":"equipamento_saude_ubs_posto_centro_v2.120888","geometry":{"type":"Point","coordinates":[325476.746,7379816.154]},"geometry_name":"ge_ponto","properties":{"cd_identificador":120888,"cd_identificador_tema_equipamento":6,"nm_tema_equipamento":"SAUDE","cd_identificador_rede_equipamento":0,"nm_rede_equipamento":"SEM REDE","tx_rede_equipamento":"Sem descrição","cd_identificador_tipo_equipamento":45,"nm_tipo_equipamento":"Unidade Básica de Saúde","tx_tipo_equipamento":"Atendimento básico em Pediatria, Ginecologia, Clínica Geral, Enfermagem e Odontologia. Principais serviços oferecidos: consultas médicas, inalações, injeções, curativos, vacinas, coleta de exames laboratoriais, tratamento odontológico, encaminhamentos par","cd_identificador_classe_equipamento":5,"nm_classe_equipamento":"UBS/POSTO DE SAÚDE/CENTRO DE SAÚDE","tx_classe_equipamento":"O PRIMEIRO CONTATO DO PACIENTE COM O SUS.","cd_identificador_esfera_administrativa_equipamento":1,"nm_esfera_administrativa_equipamento":"Municipal","tx_esfera_administrativa_equipamento":"Administração municipal","cd_equipamento":"155","nm_equipamento":"UBS VELEIROS","tx_endereco_equipamento":"AV. CLARA MANTELLI, 185","nm_bairro_equipamento":"VELEIROS","cd_cep_equipamento":"04771-180","tx_horario_funcionamento":null,"tx_numero_telefone":"5681-5520 / 5687-0639","cd_equipamento_base_origem":null}},{"type":"Feature","id":"equipamento_saude_ubs_posto_centro_v2.120889","geometry":{"type":"Point","coordinates":[318482.017,7373748.846]},"geometry_name":"ge_ponto","properties":{"cd_identificador":120889,"cd_identificador_tema_equipamento":6,"nm_tema_equipamento":"SAUDE","cd_identificador_rede_equipamento":0,"nm_rede_equipamento":"SEM REDE","tx_rede_equipamento":"Sem descrição","cd_identificador_tipo_equipamento":45,"nm_tipo_equipamento":"Unidade Básica de Saúde","tx_tipo_equipamento":"Atendimento básico em Pediatria, Ginecologia, Clínica Geral, Enfermagem e Odontologia. Principais serviços oferecidos: consultas médicas, inalações, injeções, curativos, vacinas, coleta de exames laboratoriais, tratamento odontológico, encaminhamentos par","cd_identificador_classe_equipamento":5,"nm_classe_equipamento":"UBS/POSTO DE SAÚDE/CENTRO DE SAÚDE","tx_classe_equipamento":"O PRIMEIRO CONTATO DO PACIENTE COM O SUS.","cd_identificador_esfera_administrativa_equipamento":1,"nm_esfera_administrativa_equipamento":"Municipal","tx_esfera_administrativa_equipamento":"Administração municipal","cd_equipamento":"542","nm_equipamento":"UBS VERA CRUZ - DR FERNANDO PROENÇA DE GOUVEA","tx_endereco_equipamento":"AV. FUNCIONÁRIOS PÚBLICOS (REF.:R.PABLO BRUNA), 379","nm_bairro_equipamento":"JD VERA CRUZ","cd_cep_equipamento":"04962-000","tx_horario_funcionamento":null,"tx_numero_telefone":"5898-5900","cd_equipamento_base_origem":null}},{"type":"Feature","id":"equipamento_saude_ubs_posto_centro_v2.120890","geometry":{"type":"Point","coordinates":[335523.047,7405836.87]},"geometry_name":"ge_ponto","properties":{"cd_identificador":120890,"cd_identificador_tema_equipamento":6,"nm_tema_equipamento":"SAUDE","cd_identificador_rede_equipamento":0,"nm_rede_equipamento":"SEM REDE","tx_rede_equipamento":"Sem descrição","cd_identificador_tipo_equipamento":45,"nm_tipo_equipamento":"Unidade Básica de Saúde","tx_tipo_equipamento":"Atendimento básico em Pediatria, Ginecologia, Clínica Geral, Enfermagem e Odontologia. Principais serviços oferecidos: consultas médicas, inalações, injeções, curativos, vacinas, coleta de exames laboratoriais, tratamento odontológico, encaminhamentos par","cd_identificador_classe_equipamento":5,"nm_classe_equipamento":"UBS/POSTO DE SAÚDE/CENTRO DE SAÚDE","tx_classe_equipamento":"O PRIMEIRO CONTATO DO PACIENTE COM O SUS.","cd_identificador_esfera_administrativa_equipamento":1,"nm_esfera_administrativa_equipamento":"Municipal","tx_esfera_administrativa_equipamento":"Administração municipal","cd_equipamento":"493","nm_equipamento":"UBS VILA ALBERTINA - DR OSVALDO MARÇAL","tx_endereco_equipamento":"R. ANTONIO JOAQUIM DE OLIVEIRA, 224","nm_bairro_equipamento":"VL ESMERALDA","cd_cep_equipamento":"02356-020","tx_horario_funcionamento":null,"tx_numero_telefone":"2821-5150","cd_equipamento_base_origem":null}},{"type":"Feature","id":"equipamento_saude_ubs_posto_centro_v2.120891","geometry":{"type":"Point","coordinates":[340041.002,7389567.452]},"geometry_name":"ge_ponto","properties":{"cd_identificador":120891,"cd_identificador_tema_equipamento":6,"nm_tema_equipamento":"SAUDE","cd_identificador_rede_equipamento":0,"nm_rede_equipamento":"SEM REDE","tx_rede_equipamento":"Sem descrição","cd_identificador_tipo_equipamento":45,"nm_tipo_equipamento":"Unidade Básica de Saúde","tx_tipo_equipamento":"Atendimento básico em Pediatria, Ginecologia, Clínica Geral, Enfermagem e Odontologia. Principais serviços oferecidos: consultas médicas, inalações, injeções, curativos, vacinas, coleta de exames laboratoriais, tratamento odontológico, encaminhamentos par","cd_identificador_classe_equipamento":5,"nm_classe_equipamento":"UBS/POSTO DE SAÚDE/CENTRO DE SAÚDE","tx_classe_equipamento":"O PRIMEIRO CONTATO DO PACIENTE COM O SUS.","cd_identificador_esfera_administrativa_equipamento":1,"nm_esfera_administrativa_equipamento":"Municipal","tx_esfera_administrativa_equipamento":"Administração municipal","cd_equipamento":"1065","nm_equipamento":"UBS VILA ALPINA - DR. HERMINIO MOREIRA","tx_endereco_equipamento":"R. PARAMU, 398","nm_bairro_equipamento":"VL ALPINA","cd_cep_equipamento":"03147-100","tx_horario_funcionamento":null,"tx_numero_telefone":"2912-8958","cd_equipamento_base_origem":null}},{"type":"Feature","id":"equipamento_saude_ubs_posto_centro_v2.120892","geometry":{"type":"Point","coordinates":[324102.671,7398331.605]},"geometry_name":"ge_ponto","properties":{"cd_identificador":120892,"cd_identificador_tema_equipamento":6,"nm_tema_equipamento":"SAUDE","cd_identificador_rede_equipamento":0,"nm_rede_equipamento":"SEM REDE","tx_rede_equipamento":"Sem descrição","cd_identificador_tipo_equipamento":45,"nm_tipo_equipamento":"Unidade Básica de Saúde","tx_tipo_equipamento":"Atendimento básico em Pediatria, Ginecologia, Clínica Geral, Enfermagem e Odontologia. Principais serviços oferecidos: consultas médicas, inalações, injeções, curativos, vacinas, coleta de exames laboratoriais, tratamento odontológico, encaminhamentos par","cd_identificador_classe_equipamento":5,"nm_classe_equipamento":"UBS/POSTO DE SAÚDE/CENTRO DE SAÚDE","tx_classe_equipamento":"O PRIMEIRO CONTATO DO PACIENTE COM O SUS.","cd_identificador_esfera_administrativa_equipamento":1,"nm_esfera_administrativa_equipamento":"Municipal","tx_esfera_administrativa_equipamento":"Administração municipal","cd_equipamento":"503","nm_equipamento":"UBS VILA ANASTÁCIO","tx_endereco_equipamento":"R. CONSELHEIRO OLEGARIO, 239","nm_bairro_equipamento":"VILA ANASTACIO","cd_cep_equipamento":"05093-040","tx_horario_funcionamento":null,"tx_numero_telefone":"2774-1243","cd_equipamento_base_origem":null}},{"type":"Feature","id":"equipamento_saude_ubs_posto_centro_v2.120893","geometry":{"type":"Point","coordinates":[328755.386,7396685.068]},"geometry_name":"ge_ponto","properties":{"cd_identificador":120893,"cd_identificador_tema_equipamento":6,"nm_tema_equipamento":"SAUDE","cd_identificador_rede_equipamento":0,"nm_rede_equipamento":"SEM REDE","tx_rede_equipamento":"Sem descrição","cd_identificador_tipo_equipamento":45,"nm_tipo_equipamento":"Unidade Básica de Saúde","tx_tipo_equipamento":"Atendimento básico em Pediatria, Ginecologia, Clínica Geral, Enfermagem e Odontologia. Principais serviços oferecidos: consultas médicas, inalações, injeções, curativos, vacinas, coleta de exames laboratoriais, tratamento odontológico, encaminhamentos par","cd_identificador_classe_equipamento":5,"nm_classe_equipamento":"UBS/POSTO DE SAÚDE/CENTRO DE SAÚDE","tx_classe_equipamento":"O PRIMEIRO CONTATO DO PACIENTE COM O SUS.","cd_identificador_esfera_administrativa_equipamento":1,"nm_esfera_administrativa_equipamento":"Municipal","tx_esfera_administrativa_equipamento":"Administração municipal","cd_equipamento":"511","nm_equipamento":"UBS VILA ANGLO - JOSÉ SERRA RIBEIRO","tx_endereco_equipamento":"AV. SUMARÉ, 100","nm_bairro_equipamento":"PERDIZES","cd_cep_equipamento":"05016-090","tx_horario_funcionamento":null,"tx_numero_telefone":"3801-1547","cd_equipamento_base_origem":null}},{"type":"Feature","id":"equipamento_saude_ubs_posto_centro_v2.120894","geometry":{"type":"Point","coordinates":[329700.036,7378992.803]},"geometry_name":"ge_ponto","properties":{"cd_identificador":120894,"cd_identificador_tema_equipamento":6,"nm_tema_equipamento":"SAUDE","cd_identificador_rede_equipamento":0,"nm_rede_equipamento":"SEM REDE","tx_rede_equipamento":"Sem descrição","cd_identificador_tipo_equipamento":45,"nm_tipo_equipamento":"Unidade Básica de Saúde","tx_tipo_equipamento":"Atendimento básico em Pediatria, Ginecologia, Clínica Geral, Enfermagem e Odontologia. Principais serviços oferecidos: consultas médicas, inalações, injeções, curativos, vacinas, coleta de exames laboratoriais, tratamento odontológico, encaminhamentos par","cd_identificador_classe_equipamento":5,"nm_classe_equipamento":"UBS/POSTO DE SAÚDE/CENTRO DE SAÚDE","tx_classe_equipamento":"O PRIMEIRO CONTATO DO PACIENTE COM O SUS.","cd_identificador_esfera_administrativa_equipamento":1,"nm_esfera_administrativa_equipamento":"Municipal","tx_esfera_administrativa_equipamento":"Administração municipal","cd_equipamento":"208","nm_equipamento":"UBS VILA APARECIDA","tx_endereco_equipamento":"AV. BATISTA MACIEL, 430","nm_bairro_equipamento":"PEDREIRA","cd_cep_equipamento":"04459-110","tx_horario_funcionamento":null,"tx_numero_telefone":"5612-9644","cd_equipamento_base_origem":null}},{"type":"Feature","id":"equipamento_saude_ubs_posto_centro_v2.120895","geometry":{"type":"Point","coordinates":[337910.047,7385429.656]},"geometry_name":"ge_ponto","properties":{"cd_identificador":120895,"cd_identificador_tema_equipamento":6,"nm_tema_equipamento":"SAUDE","cd_identificador_rede_equipamento":0,"nm_rede_equipamento":"SEM REDE","tx_rede_equipamento":"Sem descrição","cd_identificador_tipo_equipamento":45,"nm_tipo_equipamento":"Unidade Básica de Saúde","tx_tipo_equipamento":"Atendimento básico em Pediatria, Ginecologia, Clínica Geral, Enfermagem e Odontologia. Principais serviços oferecidos: consultas médicas, inalações, injeções, curativos, vacinas, coleta de exames laboratoriais, tratamento odontológico, encaminhamentos par","cd_identificador_classe_equipamento":5,"nm_classe_equipamento":"UBS/POSTO DE SAÚDE/CENTRO DE SAÚDE","tx_classe_equipamento":"O PRIMEIRO CONTATO DO PACIENTE COM O SUS.","cd_identificador_esfera_administrativa_equipamento":1,"nm_esfera_administrativa_equipamento":"Municipal","tx_esfera_administrativa_equipamento":"Administração municipal","cd_equipamento":"374","nm_equipamento":"UBS VILA ARAPUÃ - NELSON MORAES","tx_endereco_equipamento":"R. COLOMBO FLORENCE, 235","nm_bairro_equipamento":"VILA ARAPUA","cd_cep_equipamento":"04257-045","tx_horario_funcionamento":null,"tx_numero_telefone":"2946-6660","cd_equipamento_base_origem":null}},{"type":"Feature","id":"equipamento_saude_ubs_posto_centro_v2.120896","geometry":{"type":"Point","coordinates":[343144.195,7396432.592]},"geometry_name":"ge_ponto","properties":{"cd_identificador":120896,"cd_identificador_tema_equipamento":6,"nm_tema_equipamento":"SAUDE","cd_identificador_rede_equipamento":0,"nm_rede_equipamento":"SEM REDE","tx_rede_equipamento":"Sem descrição","cd_identificador_tipo_equipamento":45,"nm_tipo_equipamento":"Unidade Básica de Saúde","tx_tipo_equipamento":"Atendimento básico em Pediatria, Ginecologia, Clínica Geral, Enfermagem e Odontologia. Principais serviços oferecidos: consultas médicas, inalações, injeções, curativos, vacinas, coleta de exames laboratoriais, tratamento odontológico, encaminhamentos par","cd_identificador_classe_equipamento":5,"nm_classe_equipamento":"UBS/POSTO DE SAÚDE/CENTRO DE SAÚDE","tx_classe_equipamento":"O PRIMEIRO CONTATO DO PACIENTE COM O SUS.","cd_identificador_esfera_administrativa_equipamento":1,"nm_esfera_administrativa_equipamento":"Municipal","tx_esfera_administrativa_equipamento":"Administração municipal","cd_equipamento":"666","nm_equipamento":"UBS VILA ARICANDUVA","tx_endereco_equipamento":"R. ANTONIO LINDOURO DA SILVA, 284","nm_bairro_equipamento":"VILA ARICANDUVA","cd_cep_equipamento":"03506-000","tx_horario_funcionamento":null,"tx_numero_telefone":"2294-8853","cd_equipamento_base_origem":null}},{"type":"Feature","id":"equipamento_saude_ubs_posto_centro_v2.120897","geometry":{"type":"Point","coordinates":[328036.547,7380116.236]},"geometry_name":"ge_ponto","properties":{"cd_identificador":120897,"cd_identificador_tema_equipamento":6,"nm_tema_equipamento":"SAUDE","cd_identificador_rede_equipamento":0,"nm_rede_equipamento":"SEM REDE","tx_rede_equipamento":"Sem descrição","cd_identificador_tipo_equipamento":45,"nm_tipo_equipamento":"Unidade Básica de Saúde","tx_tipo_equipamento":"Atendimento básico em Pediatria, Ginecologia, Clínica Geral, Enfermagem e Odontologia. Principais serviços oferecidos: consultas médicas, inalações, injeções, curativos, vacinas, coleta de exames laboratoriais, tratamento odontológico, encaminhamentos par","cd_identificador_classe_equipamento":5,"nm_classe_equipamento":"UBS/POSTO DE SAÚDE/CENTRO DE SAÚDE","tx_classe_equipamento":"O PRIMEIRO CONTATO DO PACIENTE COM O SUS.","cd_identificador_esfera_administrativa_equipamento":1,"nm_esfera_administrativa_equipamento":"Municipal","tx_esfera_administrativa_equipamento":"Administração municipal","cd_equipamento":"804","nm_equipamento":"UBS VILA ARRIETE - DECIO PACHECO PEDROSO","tx_endereco_equipamento":"R. JULIETA DE ARAUJO ALMEIDA, 44","nm_bairro_equipamento":"VILA ARRIETE","cd_cep_equipamento":"04445-010","tx_horario_funcionamento":null,"tx_numero_telefone":"5611-4046","cd_equipamento_base_origem":null}},{"type":"Feature","id":"equipamento_saude_ubs_posto_centro_v2.120898","geometry":{"type":"Point","coordinates":[333922.064,7403117.657]},"geometry_name":"ge_ponto","properties":{"cd_identificador":120898,"cd_identificador_tema_equipamento":6,"nm_tema_equipamento":"SAUDE","cd_identificador_rede_equipamento":0,"nm_rede_equipamento":"SEM REDE","tx_rede_equipamento":"Sem descrição","cd_identificador_tipo_equipamento":45,"nm_tipo_equipamento":"Unidade Básica de Saúde","tx_tipo_equipamento":"Atendimento básico em Pediatria, Ginecologia, Clínica Geral, Enfermagem e Odontologia. Principais serviços oferecidos: consultas médicas, inalações, injeções, curativos, vacinas, coleta de exames laboratoriais, tratamento odontológico, encaminhamentos par","cd_identificador_classe_equipamento":5,"nm_classe_equipamento":"UBS/POSTO DE SAÚDE/CENTRO DE SAÚDE","tx_classe_equipamento":"O PRIMEIRO CONTATO DO PACIENTE COM O SUS.","cd_identificador_esfera_administrativa_equipamento":1,"nm_esfera_administrativa_equipamento":"Municipal","tx_esfera_administrativa_equipamento":"Administração municipal","cd_equipamento":"768","nm_equipamento":"UBS VILA AURORA - DR DOMINGOS MAZZONETO DE CILO","tx_endereco_equipamento":"AV. ENGENHEIRO CAETANO ALVARES, 7570","nm_bairro_equipamento":"IMIRIM","cd_cep_equipamento":"02413-200","tx_horario_funcionamento":null,"tx_numero_telefone":"2235-1053","cd_equipamento_base_origem":null}},{"type":"Feature","id":"equipamento_saude_ubs_posto_centro_v2.120899","geometry":{"type":"Point","coordinates":[339216.881,7392392.05]},"geometry_name":"ge_ponto","properties":{"cd_identificador":120899,"cd_identificador_tema_equipamento":6,"nm_tema_equipamento":"SAUDE","cd_identificador_rede_equipamento":0,"nm_rede_equipamento":"SEM REDE","tx_rede_equipamento":"Sem descrição","cd_identificador_tipo_equipamento":45,"nm_tipo_equipamento":"Unidade Básica de Saúde","tx_tipo_equipamento":"Atendimento básico em Pediatria, Ginecologia, Clínica Geral, Enfermagem e Odontologia. Principais serviços oferecidos: consultas médicas, inalações, injeções, curativos, vacinas, coleta de exames laboratoriais, tratamento odontológico, encaminhamentos par","cd_identificador_classe_equipamento":5,"nm_classe_equipamento":"UBS/POSTO DE SAÚDE/CENTRO DE SAÚDE","tx_classe_equipamento":"O PRIMEIRO CONTATO DO PACIENTE COM O SUS.","cd_identificador_esfera_administrativa_equipamento":1,"nm_esfera_administrativa_equipamento":"Municipal","tx_esfera_administrativa_equipamento":"Administração municipal","cd_equipamento":"581","nm_equipamento":"UBS VILA BERTIOGA - DOMINGOS DELASCIO","tx_endereco_equipamento":"R. FAROL PAULISTANO, 410","nm_bairro_equipamento":"ALTO DA MOOCA","cd_cep_equipamento":"03192-060","tx_horario_funcionamento":null,"tx_numero_telefone":"2965-1066","cd_equipamento_base_origem":null}},{"type":"Feature","id":"equipamento_saude_ubs_posto_centro_v2.120900","geometry":{"type":"Point","coordinates":[319335.556,7390353.239]},"geometry_name":"ge_ponto","properties":{"cd_identificador":120900,"cd_identificador_tema_equipamento":6,"nm_tema_equipamento":"SAUDE","cd_identificador_rede_equipamento":0,"nm_rede_equipamento":"SEM REDE","tx_rede_equipamento":"Sem descrição","cd_identificador_tipo_equipamento":45,"nm_tipo_equipamento":"Unidade Básica de Saúde","tx_tipo_equipamento":"Atendimento básico em Pediatria, Ginecologia, Clínica Geral, Enfermagem e Odontologia. Principais serviços oferecidos: consultas médicas, inalações, injeções, curativos, vacinas, coleta de exames laboratoriais, tratamento odontológico, encaminhamentos par","cd_identificador_classe_equipamento":5,"nm_classe_equipamento":"UBS/POSTO DE SAÚDE/CENTRO DE SAÚDE","tx_classe_equipamento":"O PRIMEIRO CONTATO DO PACIENTE COM O SUS.","cd_identificador_esfera_administrativa_equipamento":1,"nm_esfera_administrativa_equipamento":"Municipal","tx_esfera_administrativa_equipamento":"Administração municipal","cd_equipamento":"40","nm_equipamento":"UBS VILA BORGES","tx_endereco_equipamento":"R. JACINTO DE MORAES, 22","nm_bairro_equipamento":"JARDIM CLAUDIA","cd_cep_equipamento":"05546-040","tx_horario_funcionamento":null,"tx_numero_telefone":"3782-4739","cd_equipamento_base_origem":null}},{"type":"Feature","id":"equipamento_saude_ubs_posto_centro_v2.120901","geometry":{"type":"Point","coordinates":[321056.083,7411120.965]},"geometry_name":"ge_ponto","properties":{"cd_identificador":120901,"cd_identificador_tema_equipamento":6,"nm_tema_equipamento":"SAUDE","cd_identificador_rede_equipamento":0,"nm_rede_equipamento":"SEM REDE","tx_rede_equipamento":"Sem descrição","cd_identificador_tipo_equipamento":45,"nm_tipo_equipamento":"Unidade Básica de Saúde","tx_tipo_equipamento":"Atendimento básico em Pediatria, Ginecologia, Clínica Geral, Enfermagem e Odontologia. Principais serviços oferecidos: consultas médicas, inalações, injeções, curativos, vacinas, coleta de exames laboratoriais, tratamento odontológico, encaminhamentos par","cd_identificador_classe_equipamento":5,"nm_classe_equipamento":"UBS/POSTO DE SAÚDE/CENTRO DE SAÚDE","tx_classe_equipamento":"O PRIMEIRO CONTATO DO PACIENTE COM O SUS.","cd_identificador_esfera_administrativa_equipamento":1,"nm_esfera_administrativa_equipamento":"Municipal","tx_esfera_administrativa_equipamento":"Administração municipal","cd_equipamento":"681","nm_equipamento":"UBS VILA CAIÚBA","tx_endereco_equipamento":"R. PRESIDENTE VARGAS, 540","nm_bairro_equipamento":"PERUS","cd_cep_equipamento":"05207-000","tx_horario_funcionamento":null,"tx_numero_telefone":"3835-2063","cd_equipamento_base_origem":null}},{"type":"Feature","id":"equipamento_saude_ubs_posto_centro_v2.120902","geometry":{"type":"Point","coordinates":[317235.923,7373494.942]},"geometry_name":"ge_ponto","properties":{"cd_identificador":120902,"cd_identificador_tema_equipamento":6,"nm_tema_equipamento":"SAUDE","cd_identificador_rede_equipamento":0,"nm_rede_equipamento":"SEM REDE","tx_rede_equipamento":"Sem descrição","cd_identificador_tipo_equipamento":45,"nm_tipo_equipamento":"Unidade Básica de Saúde","tx_tipo_equipamento":"Atendimento básico em Pediatria, Ginecologia, Clínica Geral, Enfermagem e Odontologia. Principais serviços oferecidos: consultas médicas, inalações, injeções, curativos, vacinas, coleta de exames laboratoriais, tratamento odontológico, encaminhamentos par","cd_identificador_classe_equipamento":5,"nm_classe_equipamento":"UBS/POSTO DE SAÚDE/CENTRO DE SAÚDE","tx_classe_equipamento":"O PRIMEIRO CONTATO DO PACIENTE COM O SUS.","cd_identificador_esfera_administrativa_equipamento":1,"nm_esfera_administrativa_equipamento":"Municipal","tx_esfera_administrativa_equipamento":"Administração municipal","cd_equipamento":"529","nm_equipamento":"UBS VILA CALU","tx_endereco_equipamento":"ESTRADA DO M BOI MIRIM, 10416","nm_bairro_equipamento":"VILA CALU","cd_cep_equipamento":"04948-030","tx_horario_funcionamento":null,"tx_numero_telefone":"5832-5700","cd_equipamento_base_origem":null}},{"type":"Feature","id":"equipamento_saude_ubs_posto_centro_v2.120903","geometry":{"type":"Point","coordinates":[331683.723,7382406.354]},"geometry_name":"ge_ponto","properties":{"cd_identificador":120903,"cd_identificador_tema_equipamento":6,"nm_tema_equipamento":"SAUDE","cd_identificador_rede_equipamento":0,"nm_rede_equipamento":"SEM REDE","tx_rede_equipamento":"Sem descrição","cd_identificador_tipo_equipamento":45,"nm_tipo_equipamento":"Unidade Básica de Saúde","tx_tipo_equipamento":"Atendimento básico em Pediatria, Ginecologia, Clínica Geral, Enfermagem e Odontologia. Principais serviços oferecidos: consultas médicas, inalações, injeções, curativos, vacinas, coleta de exames laboratoriais, tratamento odontológico, encaminhamentos par","cd_identificador_classe_equipamento":5,"nm_classe_equipamento":"UBS/POSTO DE SAÚDE/CENTRO DE SAÚDE","tx_classe_equipamento":"O PRIMEIRO CONTATO DO PACIENTE COM O SUS.","cd_identificador_esfera_administrativa_equipamento":1,"nm_esfera_administrativa_equipamento":"Municipal","tx_esfera_administrativa_equipamento":"Administração municipal","cd_equipamento":"473","nm_equipamento":"UBS VILA CAMPESTRE","tx_endereco_equipamento":"R. ARTUR NUNES DA SILVA, 206","nm_bairro_equipamento":"VILA CAMPESTRE","cd_cep_equipamento":"04332-080","tx_horario_funcionamento":null,"tx_numero_telefone":null,"cd_equipamento_base_origem":null}},{"type":"Feature","id":"equipamento_saude_ubs_posto_centro_v2.120904","geometry":{"type":"Point","coordinates":[330281.047,7383037.657]},"geometry_name":"ge_ponto","properties":{"cd_identificador":120904,"cd_identificador_tema_equipamento":6,"nm_tema_equipamento":"SAUDE","cd_identificador_rede_equipamento":0,"nm_rede_equipamento":"SEM REDE","tx_rede_equipamento":"Sem descrição","cd_identificador_tipo_equipamento":45,"nm_tipo_equipamento":"Unidade Básica de Saúde","tx_tipo_equipamento":"Atendimento básico em Pediatria, Ginecologia, Clínica Geral, Enfermagem e Odontologia. Principais serviços oferecidos: consultas médicas, inalações, injeções, curativos, vacinas, coleta de exames laboratoriais, tratamento odontológico, encaminhamentos par","cd_identificador_classe_equipamento":5,"nm_classe_equipamento":"UBS/POSTO DE SAÚDE/CENTRO DE SAÚDE","tx_classe_equipamento":"O PRIMEIRO CONTATO DO PACIENTE COM O SUS.","cd_identificador_esfera_administrativa_equipamento":1,"nm_esfera_administrativa_equipamento":"Municipal","tx_esfera_administrativa_equipamento":"Administração municipal","cd_equipamento":"467","nm_equipamento":"UBS VILA CANAÃ","tx_endereco_equipamento":"R. CONTOS GAUCHESCOS, 630","nm_bairro_equipamento":"VILA CANAÃ","cd_cep_equipamento":"04369-000","tx_horario_funcionamento":null,"tx_numero_telefone":"5565-0485","cd_equipamento_base_origem":null}},{"type":"Feature","id":"equipamento_saude_ubs_posto_centro_v2.120905","geometry":{"type":"Point","coordinates":[352131.074,7394869.713]},"geometry_name":"ge_ponto","properties":{"cd_identificador":120905,"cd_identificador_tema_equipamento":6,"nm_tema_equipamento":"SAUDE","cd_identificador_rede_equipamento":0,"nm_rede_equipamento":"SEM REDE","tx_rede_equipamento":"Sem descrição","cd_identificador_tipo_equipamento":45,"nm_tipo_equipamento":"Unidade Básica de Saúde","tx_tipo_equipamento":"Atendimento básico em Pediatria, Ginecologia, Clínica Geral, Enfermagem e Odontologia. Principais serviços oferecidos: consultas médicas, inalações, injeções, curativos, vacinas, coleta de exames laboratoriais, tratamento odontológico, encaminhamentos par","cd_identificador_classe_equipamento":5,"nm_classe_equipamento":"UBS/POSTO DE SAÚDE/CENTRO DE SAÚDE","tx_classe_equipamento":"O PRIMEIRO CONTATO DO PACIENTE COM O SUS.","cd_identificador_esfera_administrativa_equipamento":1,"nm_esfera_administrativa_equipamento":"Municipal","tx_esfera_administrativa_equipamento":"Administração municipal","cd_equipamento":"427","nm_equipamento":"UBS VILA CARMOSINA","tx_endereco_equipamento":"R. IPOPOCA, 61","nm_bairro_equipamento":"ITAQUERA","cd_cep_equipamento":"08290-330","tx_horario_funcionamento":null,"tx_numero_telefone":"2524-7796","cd_equipamento_base_origem":null}},{"type":"Feature","id":"equipamento_saude_ubs_posto_centro_v2.120906","geometry":{"type":"Point","coordinates":[344389.894,7394429.184]},"geometry_name":"ge_ponto","properties":{"cd_identificador":120906,"cd_identificador_tema_equipamento":6,"nm_tema_equipamento":"SAUDE","cd_identificador_rede_equipamento":0,"nm_rede_equipamento":"SEM REDE","tx_rede_equipamento":"Sem descrição","cd_identificador_tipo_equipamento":45,"nm_tipo_equipamento":"Unidade Básica de Saúde","tx_tipo_equipamento":"Atendimento básico em Pediatria, Ginecologia, Clínica Geral, Enfermagem e Odontologia. Principais serviços oferecidos: consultas médicas, inalações, injeções, curativos, vacinas, coleta de exames laboratoriais, tratamento odontológico, encaminhamentos par","cd_identificador_classe_equipamento":5,"nm_classe_equipamento":"UBS/POSTO DE SAÚDE/CENTRO DE SAÚDE","tx_classe_equipamento":"O PRIMEIRO CONTATO DO PACIENTE COM O SUS.","cd_identificador_esfera_administrativa_equipamento":1,"nm_esfera_administrativa_equipamento":"Municipal","tx_esfera_administrativa_equipamento":"Administração municipal","cd_equipamento":"8","nm_equipamento":"UBS VILA CARRÃO - DR. ADHEMAR MONTEIRO PACHECO","tx_endereco_equipamento":"R. DR JACI BARBOSA, 280","nm_bairro_equipamento":"VL CARRÃO","cd_cep_equipamento":"03447-000","tx_horario_funcionamento":null,"tx_numero_telefone":"2785-4728","cd_equipamento_base_origem":null}},{"type":"Feature","id":"equipamento_saude_ubs_posto_centro_v2.120907","geometry":{"type":"Point","coordinates":[356590.221,7396285.727]},"geometry_name":"ge_ponto","properties":{"cd_identificador":120907,"cd_identificador_tema_equipamento":6,"nm_tema_equipamento":"SAUDE","cd_identificador_rede_equipamento":0,"nm_rede_equipamento":"SEM REDE","tx_rede_equipamento":"Sem descrição","cd_identificador_tipo_equipamento":45,"nm_tipo_equipamento":"Unidade Básica de Saúde","tx_tipo_equipamento":"Atendimento básico em Pediatria, Ginecologia, Clínica Geral, Enfermagem e Odontologia. Principais serviços oferecidos: consultas médicas, inalações, injeções, curativos, vacinas, coleta de exames laboratoriais, tratamento odontológico, encaminhamentos par","cd_identificador_classe_equipamento":5,"nm_classe_equipamento":"UBS/POSTO DE SAÚDE/CENTRO DE SAÚDE","tx_classe_equipamento":"O PRIMEIRO CONTATO DO PACIENTE COM O SUS.","cd_identificador_esfera_administrativa_equipamento":1,"nm_esfera_administrativa_equipamento":"Municipal","tx_esfera_administrativa_equipamento":"Administração municipal","cd_equipamento":"333","nm_equipamento":"UBS VILA CHABILÂNDIA","tx_endereco_equipamento":"ESTRADA DO LAGEADO VELHO, 392","nm_bairro_equipamento":"LAJEADO","cd_cep_equipamento":"08451-000","tx_horario_funcionamento":null,"tx_numero_telefone":"2557-9571","cd_equipamento_base_origem":null}},{"type":"Feature","id":"equipamento_saude_ubs_posto_centro_v2.120908","geometry":{"type":"Point","coordinates":[347684.854,7401457.721]},"geometry_name":"ge_ponto","properties":{"cd_identificador":120908,"cd_identificador_tema_equipamento":6,"nm_tema_equipamento":"SAUDE","cd_identificador_rede_equipamento":0,"nm_rede_equipamento":"SEM REDE","tx_rede_equipamento":"Sem descrição","cd_identificador_tipo_equipamento":45,"nm_tipo_equipamento":"Unidade Básica de Saúde","tx_tipo_equipamento":"Atendimento básico em Pediatria, Ginecologia, Clínica Geral, Enfermagem e Odontologia. Principais serviços oferecidos: consultas médicas, inalações, injeções, curativos, vacinas, coleta de exames laboratoriais, tratamento odontológico, encaminhamentos par","cd_identificador_classe_equipamento":5,"nm_classe_equipamento":"UBS/POSTO DE SAÚDE/CENTRO DE SAÚDE","tx_classe_equipamento":"O PRIMEIRO CONTATO DO PACIENTE COM O SUS.","cd_identificador_esfera_administrativa_equipamento":1,"nm_esfera_administrativa_equipamento":"Municipal","tx_esfera_administrativa_equipamento":"Administração municipal","cd_equipamento":"249","nm_equipamento":"UBS VILA CISPER","tx_endereco_equipamento":"R. CACULÉ, 79","nm_bairro_equipamento":"VL CISPER","cd_cep_equipamento":"03817-220","tx_horario_funcionamento":null,"tx_numero_telefone":"2546-5100","cd_equipamento_base_origem":null}},{"type":"Feature","id":"equipamento_saude_ubs_posto_centro_v2.120909","geometry":{"type":"Point","coordinates":[330076.1,7380903.987]},"geometry_name":"ge_ponto","properties":{"cd_identificador":120909,"cd_identificador_tema_equipamento":6,"nm_tema_equipamento":"SAUDE","cd_identificador_rede_equipamento":0,"nm_rede_equipamento":"SEM REDE","tx_rede_equipamento":"Sem descrição","cd_identificador_tipo_equipamento":45,"nm_tipo_equipamento":"Unidade Básica de Saúde","tx_tipo_equipamento":"Atendimento básico em Pediatria, Ginecologia, Clínica Geral, Enfermagem e Odontologia. Principais serviços oferecidos: consultas médicas, inalações, injeções, curativos, vacinas, coleta de exames laboratoriais, tratamento odontológico, encaminhamentos par","cd_identificador_classe_equipamento":5,"nm_classe_equipamento":"UBS/POSTO DE SAÚDE/CENTRO DE SAÚDE","tx_classe_equipamento":"O PRIMEIRO CONTATO DO PACIENTE COM O SUS.","cd_identificador_esfera_administrativa_equipamento":1,"nm_esfera_administrativa_equipamento":"Municipal","tx_esfera_administrativa_equipamento":"Administração municipal","cd_equipamento":"197","nm_equipamento":"UBS VILA CONSTÂNCIA - VICENTE OCTAVIO GUIDA","tx_endereco_equipamento":"R. HERMENEGILDO MARTINI, S/Nº","nm_bairro_equipamento":"VILA DO CASTELO","cd_cep_equipamento":"04438-280","tx_horario_funcionamento":null,"tx_numero_telefone":"5678-7444","cd_equipamento_base_origem":null}},{"type":"Feature","id":"equipamento_saude_ubs_posto_centro_v2.120910","geometry":{"type":"Point","coordinates":[354746.106,7393194.022]},"geometry_name":"ge_ponto","properties":{"cd_identificador":120910,"cd_identificador_tema_equipamento":6,"nm_tema_equipamento":"SAUDE","cd_identificador_rede_equipamento":0,"nm_rede_equipamento":"SEM REDE","tx_rede_equipamento":"Sem descrição","cd_identificador_tipo_equipamento":45,"nm_tipo_equipamento":"Unidade Básica de Saúde","tx_tipo_equipamento":"Atendimento básico em Pediatria, Ginecologia, Clínica Geral, Enfermagem e Odontologia. Principais serviços oferecidos: consultas médicas, inalações, injeções, curativos, vacinas, coleta de exames laboratoriais, tratamento odontológico, encaminhamentos par","cd_identificador_classe_equipamento":5,"nm_classe_equipamento":"UBS/POSTO DE SAÚDE/CENTRO DE SAÚDE","tx_classe_equipamento":"O PRIMEIRO CONTATO DO PACIENTE COM O SUS.","cd_identificador_esfera_administrativa_equipamento":1,"nm_esfera_administrativa_equipamento":"Municipal","tx_esfera_administrativa_equipamento":"Administração municipal","cd_equipamento":"439","nm_equipamento":"UBS VILA COSMOPOLITA","tx_endereco_equipamento":"R. CHUVAS DE VERAO, 250","nm_bairro_equipamento":"GUAIANASES","cd_cep_equipamento":"08421-570","tx_horario_funcionamento":null,"tx_numero_telefone":"2555-8583 / 2556-7881","cd_equipamento_base_origem":null}},{"type":"Feature","id":"equipamento_saude_ubs_posto_centro_v2.120911","geometry":{"type":"Point","coordinates":[354708.612,7400154.421]},"geometry_name":"ge_ponto","properties":{"cd_identificador":120911,"cd_identificador_tema_equipamento":6,"nm_tema_equipamento":"SAUDE","cd_identificador_rede_equipamento":0,"nm_rede_equipamento":"SEM REDE","tx_rede_equipamento":"Sem descrição","cd_identificador_tipo_equipamento":45,"nm_tipo_equipamento":"Unidade Básica de Saúde","tx_tipo_equipamento":"Atendimento básico em Pediatria, Ginecologia, Clínica Geral, Enfermagem e Odontologia. Principais serviços oferecidos: consultas médicas, inalações, injeções, curativos, vacinas, coleta de exames laboratoriais, tratamento odontológico, encaminhamentos par","cd_identificador_classe_equipamento":5,"nm_classe_equipamento":"UBS/POSTO DE SAÚDE/CENTRO DE SAÚDE","tx_classe_equipamento":"O PRIMEIRO CONTATO DO PACIENTE COM O SUS.","cd_identificador_esfera_administrativa_equipamento":1,"nm_esfera_administrativa_equipamento":"Municipal","tx_esfera_administrativa_equipamento":"Administração municipal","cd_equipamento":"394","nm_equipamento":"UBS VILA CURUÇÁ","tx_endereco_equipamento":"R. PEDRO MEIRA, 1","nm_bairro_equipamento":"VILA CURUÇÁ","cd_cep_equipamento":"08030-500","tx_horario_funcionamento":null,"tx_numero_telefone":"2035-4311 / 2513-2255","cd_equipamento_base_origem":null}},{"type":"Feature","id":"equipamento_saude_ubs_posto_centro_v2.120912","geometry":{"type":"Point","coordinates":[319851.538,7392973.785]},"geometry_name":"ge_ponto","properties":{"cd_identificador":120912,"cd_identificador_tema_equipamento":6,"nm_tema_equipamento":"SAUDE","cd_identificador_rede_equipamento":0,"nm_rede_equipamento":"SEM REDE","tx_rede_equipamento":"Sem descrição","cd_identificador_tipo_equipamento":45,"nm_tipo_equipamento":"Unidade Básica de Saúde","tx_tipo_equipamento":"Atendimento básico em Pediatria, Ginecologia, Clínica Geral, Enfermagem e Odontologia. Principais serviços oferecidos: consultas médicas, inalações, injeções, curativos, vacinas, coleta de exames laboratoriais, tratamento odontológico, encaminhamentos par","cd_identificador_classe_equipamento":5,"nm_classe_equipamento":"UBS/POSTO DE SAÚDE/CENTRO DE SAÚDE","tx_classe_equipamento":"O PRIMEIRO CONTATO DO PACIENTE COM O SUS.","cd_identificador_esfera_administrativa_equipamento":1,"nm_esfera_administrativa_equipamento":"Municipal","tx_esfera_administrativa_equipamento":"Administração municipal","cd_equipamento":"43","nm_equipamento":"UBS VILA DALVA - ENG. GUILHERME HENRIQUE PINTO COELHO","tx_endereco_equipamento":"R. GUSTAVO BERTHIER, 155","nm_bairro_equipamento":"VILA DALVA","cd_cep_equipamento":"05386-110","tx_horario_funcionamento":null,"tx_numero_telefone":"3712-0704","cd_equipamento_base_origem":null}},{"type":"Feature","id":"equipamento_saude_ubs_posto_centro_v2.120913","geometry":{"type":"Point","coordinates":[322227.736,7384129.132]},"geometry_name":"ge_ponto","properties":{"cd_identificador":120913,"cd_identificador_tema_equipamento":6,"nm_tema_equipamento":"SAUDE","cd_identificador_rede_equipamento":0,"nm_rede_equipamento":"SEM REDE","tx_rede_equipamento":"Sem descrição","cd_identificador_tipo_equipamento":45,"nm_tipo_equipamento":"Unidade Básica de Saúde","tx_tipo_equipamento":"Atendimento básico em Pediatria, Ginecologia, Clínica Geral, Enfermagem e Odontologia. Principais serviços oferecidos: consultas médicas, inalações, injeções, curativos, vacinas, coleta de exames laboratoriais, tratamento odontológico, encaminhamentos par","cd_identificador_classe_equipamento":5,"nm_classe_equipamento":"UBS/POSTO DE SAÚDE/CENTRO DE SAÚDE","tx_classe_equipamento":"O PRIMEIRO CONTATO DO PACIENTE COM O SUS.","cd_identificador_esfera_administrativa_equipamento":1,"nm_esfera_administrativa_equipamento":"Municipal","tx_esfera_administrativa_equipamento":"Administração municipal","cd_equipamento":"562","nm_equipamento":"UBS VILA DAS BELEZAS - DR. ALBERTO AMBRÓSIO","tx_endereco_equipamento":"ESTRADA DE ITAPECERICA, 720","nm_bairro_equipamento":"VILA PREL","cd_cep_equipamento":"05835-002","tx_horario_funcionamento":null,"tx_numero_telefone":"5511-4712","cd_equipamento_base_origem":null}},{"type":"Feature","id":"equipamento_saude_ubs_posto_centro_v2.120914","geometry":{"type":"Point","coordinates":[336281.861,7385864.435]},"geometry_name":"ge_ponto","properties":{"cd_identificador":120914,"cd_identificador_tema_equipamento":6,"nm_tema_equipamento":"SAUDE","cd_identificador_rede_equipamento":0,"nm_rede_equipamento":"SEM REDE","tx_rede_equipamento":"Sem descrição","cd_identificador_tipo_equipamento":45,"nm_tipo_equipamento":"Unidade Básica de Saúde","tx_tipo_equipamento":"Atendimento básico em Pediatria, Ginecologia, Clínica Geral, Enfermagem e Odontologia. Principais serviços oferecidos: consultas médicas, inalações, injeções, curativos, vacinas, coleta de exames laboratoriais, tratamento odontológico, encaminhamentos par","cd_identificador_classe_equipamento":5,"nm_classe_equipamento":"UBS/POSTO DE SAÚDE/CENTRO DE SAÚDE","tx_classe_equipamento":"O PRIMEIRO CONTATO DO PACIENTE COM O SUS.","cd_identificador_esfera_administrativa_equipamento":1,"nm_esfera_administrativa_equipamento":"Municipal","tx_esfera_administrativa_equipamento":"Administração municipal","cd_equipamento":"373","nm_equipamento":"UBS VILA DAS MERCÊS","tx_endereco_equipamento":"R. NOSSA SENHORA DAS MERCÊS, 1315","nm_bairro_equipamento":"VILA DAS MERCÊS","cd_cep_equipamento":"04165-001","tx_horario_funcionamento":null,"tx_numero_telefone":"2946-1443","cd_equipamento_base_origem":null}},{"type":"Feature","id":"equipamento_saude_ubs_posto_centro_v2.120915","geometry":{"type":"Point","coordinates":[330270.835,7404013.107]},"geometry_name":"ge_ponto","properties":{"cd_identificador":120915,"cd_identificador_tema_equipamento":6,"nm_tema_equipamento":"SAUDE","cd_identificador_rede_equipamento":0,"nm_rede_equipamento":"SEM REDE","tx_rede_equipamento":"Sem descrição","cd_identificador_tipo_equipamento":45,"nm_tipo_equipamento":"Unidade Básica de Saúde","tx_tipo_equipamento":"Atendimento básico em Pediatria, Ginecologia, Clínica Geral, Enfermagem e Odontologia. Principais serviços oferecidos: consultas médicas, inalações, injeções, curativos, vacinas, coleta de exames laboratoriais, tratamento odontológico, encaminhamentos par","cd_identificador_classe_equipamento":5,"nm_classe_equipamento":"UBS/POSTO DE SAÚDE/CENTRO DE SAÚDE","tx_classe_equipamento":"O PRIMEIRO CONTATO DO PACIENTE COM O SUS.","cd_identificador_esfera_administrativa_equipamento":1,"nm_esfera_administrativa_equipamento":"Municipal","tx_esfera_administrativa_equipamento":"Administração municipal","cd_equipamento":"166","nm_equipamento":"UBS VILA DIONISIA","tx_endereco_equipamento":"R. CHEN FERRAZ FALCÃO, 50","nm_bairro_equipamento":"VILA DIONISIA","cd_cep_equipamento":"02670-040","tx_horario_funcionamento":null,"tx_numero_telefone":"3984-9329","cd_equipamento_base_origem":null}},{"type":"Feature","id":"equipamento_saude_ubs_posto_centro_v2.120916","geometry":{"type":"Point","coordinates":[330571.816,7403721.757]},"geometry_name":"ge_ponto","properties":{"cd_identificador":120916,"cd_identificador_tema_equipamento":6,"nm_tema_equipamento":"SAUDE","cd_identificador_rede_equipamento":0,"nm_rede_equipamento":"SEM REDE","tx_rede_equipamento":"Sem descrição","cd_identificador_tipo_equipamento":45,"nm_tipo_equipamento":"Unidade Básica de Saúde","tx_tipo_equipamento":"Atendimento básico em Pediatria, Ginecologia, Clínica Geral, Enfermagem e Odontologia. Principais serviços oferecidos: consultas médicas, inalações, injeções, curativos, vacinas, coleta de exames laboratoriais, tratamento odontológico, encaminhamentos par","cd_identificador_classe_equipamento":5,"nm_classe_equipamento":"UBS/POSTO DE SAÚDE/CENTRO DE SAÚDE","tx_classe_equipamento":"O PRIMEIRO CONTATO DO PACIENTE COM O SUS.","cd_identificador_esfera_administrativa_equipamento":1,"nm_esfera_administrativa_equipamento":"Municipal","tx_esfera_administrativa_equipamento":"Administração municipal","cd_equipamento":"159","nm_equipamento":"UBS VILA DIONISIA II","tx_endereco_equipamento":"R. SETE DE DEZEMBRO, 73","nm_bairro_equipamento":"VILA NOVA CACHOCHEIRINHA","cd_cep_equipamento":"02617-080","tx_horario_funcionamento":null,"tx_numero_telefone":"2208-0029","cd_equipamento_base_origem":null}},{"type":"Feature","id":"equipamento_saude_ubs_posto_centro_v2.120917","geometry":{"type":"Point","coordinates":[337485.555,7401261.159]},"geometry_name":"ge_ponto","properties":{"cd_identificador":120917,"cd_identificador_tema_equipamento":6,"nm_tema_equipamento":"SAUDE","cd_identificador_rede_equipamento":0,"nm_rede_equipamento":"SEM REDE","tx_rede_equipamento":"Sem descrição","cd_identificador_tipo_equipamento":45,"nm_tipo_equipamento":"Unidade Básica de Saúde","tx_tipo_equipamento":"Atendimento básico em Pediatria, Ginecologia, Clínica Geral, Enfermagem e Odontologia. Principais serviços oferecidos: consultas médicas, inalações, injeções, curativos, vacinas, coleta de exames laboratoriais, tratamento odontológico, encaminhamentos par","cd_identificador_classe_equipamento":5,"nm_classe_equipamento":"UBS/POSTO DE SAÚDE/CENTRO DE SAÚDE","tx_classe_equipamento":"O PRIMEIRO CONTATO DO PACIENTE COM O SUS.","cd_identificador_esfera_administrativa_equipamento":1,"nm_esfera_administrativa_equipamento":"Municipal","tx_esfera_administrativa_equipamento":"Administração municipal","cd_equipamento":"1012","nm_equipamento":"UBS VILA EDE","tx_endereco_equipamento":"R. PADRE MARCOS SIMONI, 390","nm_bairro_equipamento":"VILA EDE","cd_cep_equipamento":"02203-010","tx_horario_funcionamento":null,"tx_numero_telefone":"3478-5901","cd_equipamento_base_origem":null}},{"type":"Feature","id":"equipamento_saude_ubs_posto_centro_v2.120918","geometry":{"type":"Point","coordinates":[342137.238,7391217.728]},"geometry_name":"ge_ponto","properties":{"cd_identificador":120918,"cd_identificador_tema_equipamento":6,"nm_tema_equipamento":"SAUDE","cd_identificador_rede_equipamento":0,"nm_rede_equipamento":"SEM REDE","tx_rede_equipamento":"Sem descrição","cd_identificador_tipo_equipamento":45,"nm_tipo_equipamento":"Unidade Básica de Saúde","tx_tipo_equipamento":"Atendimento básico em Pediatria, Ginecologia, Clínica Geral, Enfermagem e Odontologia. Principais serviços oferecidos: consultas médicas, inalações, injeções, curativos, vacinas, coleta de exames laboratoriais, tratamento odontológico, encaminhamentos par","cd_identificador_classe_equipamento":5,"nm_classe_equipamento":"UBS/POSTO DE SAÚDE/CENTRO DE SAÚDE","tx_classe_equipamento":"O PRIMEIRO CONTATO DO PACIENTE COM O SUS.","cd_identificador_esfera_administrativa_equipamento":1,"nm_esfera_administrativa_equipamento":"Municipal","tx_esfera_administrativa_equipamento":"Administração municipal","cd_equipamento":"1048","nm_equipamento":"UBS VILA EMA - DR FUAD KASSAB","tx_endereco_equipamento":"R. GUSTAVO STACH, 140","nm_bairro_equipamento":"VILA EMA","cd_cep_equipamento":"03278-030","tx_horario_funcionamento":null,"tx_numero_telefone":"2116-9076","cd_equipamento_base_origem":null}},{"type":"Feature","id":"equipamento_saude_ubs_posto_centro_v2.120919","geometry":{"type":"Point","coordinates":[329673.472,7402196.039]},"geometry_name":"ge_ponto","properties":{"cd_identificador":120919,"cd_identificador_tema_equipamento":6,"nm_tema_equipamento":"SAUDE","cd_identificador_rede_equipamento":0,"nm_rede_equipamento":"SEM REDE","tx_rede_equipamento":"Sem descrição","cd_identificador_tipo_equipamento":45,"nm_tipo_equipamento":"Unidade Básica de Saúde","tx_tipo_equipamento":"Atendimento básico em Pediatria, Ginecologia, Clínica Geral, Enfermagem e Odontologia. Principais serviços oferecidos: consultas médicas, inalações, injeções, curativos, vacinas, coleta de exames laboratoriais, tratamento odontológico, encaminhamentos par","cd_identificador_classe_equipamento":5,"nm_classe_equipamento":"UBS/POSTO DE SAÚDE/CENTRO DE SAÚDE","tx_classe_equipamento":"O PRIMEIRO CONTATO DO PACIENTE COM O SUS.","cd_identificador_esfera_administrativa_equipamento":1,"nm_esfera_administrativa_equipamento":"Municipal","tx_esfera_administrativa_equipamento":"Administração municipal","cd_equipamento":"179","nm_equipamento":"UBS VILA ESPANHOLA","tx_endereco_equipamento":"AV. JOÃO DOS SANTOS ABREU, 650","nm_bairro_equipamento":"VILA ESPANHOLA","cd_cep_equipamento":"02566-020","tx_horario_funcionamento":null,"tx_numero_telefone":"2263-1569","cd_equipamento_base_origem":null}},{"type":"Feature","id":"equipamento_saude_ubs_posto_centro_v2.120920","geometry":{"type":"Point","coordinates":[343596.784,7396859.379]},"geometry_name":"ge_ponto","properties":{"cd_identificador":120920,"cd_identificador_tema_equipamento":6,"nm_tema_equipamento":"SAUDE","cd_identificador_rede_equipamento":0,"nm_rede_equipamento":"SEM REDE","tx_rede_equipamento":"Sem descrição","cd_identificador_tipo_equipamento":45,"nm_tipo_equipamento":"Unidade Básica de Saúde","tx_tipo_equipamento":"Atendimento básico em Pediatria, Ginecologia, Clínica Geral, Enfermagem e Odontologia. Principais serviços oferecidos: consultas médicas, inalações, injeções, curativos, vacinas, coleta de exames laboratoriais, tratamento odontológico, encaminhamentos par","cd_identificador_classe_equipamento":5,"nm_classe_equipamento":"UBS/POSTO DE SAÚDE/CENTRO DE SAÚDE","tx_classe_equipamento":"O PRIMEIRO CONTATO DO PACIENTE COM O SUS.","cd_identificador_esfera_administrativa_equipamento":1,"nm_esfera_administrativa_equipamento":"Municipal","tx_esfera_administrativa_equipamento":"Administração municipal","cd_equipamento":"655","nm_equipamento":"UBS VILA ESPERANÇA - DR. CASSIO BITENCOURT FILHO","tx_endereco_equipamento":"R. ALVINÓPOLIS, 1350","nm_bairro_equipamento":"VILA BEATRIZ","cd_cep_equipamento":"03644-070","tx_horario_funcionamento":null,"tx_numero_telefone":"2023-1137","cd_equipamento_base_origem":null}},{"type":"Feature","id":"equipamento_saude_ubs_posto_centro_v2.120921","geometry":{"type":"Point","coordinates":[344181.217,7397700.306]},"geometry_name":"ge_ponto","properties":{"cd_identificador":120921,"cd_identificador_tema_equipamento":6,"nm_tema_equipamento":"SAUDE","cd_identificador_rede_equipamento":0,"nm_rede_equipamento":"SEM REDE","tx_rede_equipamento":"Sem descrição","cd_identificador_tipo_equipamento":45,"nm_tipo_equipamento":"Unidade Básica de Saúde","tx_tipo_equipamento":"Atendimento básico em Pediatria, Ginecologia, Clínica Geral, Enfermagem e Odontologia. Principais serviços oferecidos: consultas médicas, inalações, injeções, curativos, vacinas, coleta de exames laboratoriais, tratamento odontológico, encaminhamentos par","cd_identificador_classe_equipamento":5,"nm_classe_equipamento":"UBS/POSTO DE SAÚDE/CENTRO DE SAÚDE","tx_classe_equipamento":"O PRIMEIRO CONTATO DO PACIENTE COM O SUS.","cd_identificador_esfera_administrativa_equipamento":1,"nm_esfera_administrativa_equipamento":"Municipal","tx_esfera_administrativa_equipamento":"Administração municipal","cd_equipamento":"663","nm_equipamento":"UBS VILA ESPERANÇA - DR. EMILIO SANTIAGO DE OLIVEIRA","tx_endereco_equipamento":"R. COREMU, 163","nm_bairro_equipamento":"VILA ESPERANÇA","cd_cep_equipamento":"03647-030","tx_horario_funcionamento":null,"tx_numero_telefone":"2958-7502","cd_equipamento_base_origem":null}},{"type":"Feature","id":"equipamento_saude_ubs_posto_centro_v2.120922","geometry":{"type":"Point","coordinates":[343378.236,7392521.616]},"geometry_name":"ge_ponto","properties":{"cd_identificador":120922,"cd_identificador_tema_equipamento":6,"nm_tema_equipamento":"SAUDE","cd_identificador_rede_equipamento":0,"nm_rede_equipamento":"SEM REDE","tx_rede_equipamento":"Sem descrição","cd_identificador_tipo_equipamento":45,"nm_tipo_equipamento":"Unidade Básica de Saúde","tx_tipo_equipamento":"Atendimento básico em Pediatria, Ginecologia, Clínica Geral, Enfermagem e Odontologia. Principais serviços oferecidos: consultas médicas, inalações, injeções, curativos, vacinas, coleta de exames laboratoriais, tratamento odontológico, encaminhamentos par","cd_identificador_classe_equipamento":5,"nm_classe_equipamento":"UBS/POSTO DE SAÚDE/CENTRO DE SAÚDE","tx_classe_equipamento":"O PRIMEIRO CONTATO DO PACIENTE COM O SUS.","cd_identificador_esfera_administrativa_equipamento":1,"nm_esfera_administrativa_equipamento":"Municipal","tx_esfera_administrativa_equipamento":"Administração municipal","cd_equipamento":"12","nm_equipamento":"UBS VILA FORMOSA - COMENDADOR JOSÉ GONZALEZ","tx_endereco_equipamento":"R. NOSSA SENHORA DAS DORES, 350","nm_bairro_equipamento":"VL FORMOSA","cd_cep_equipamento":"03367-040","tx_horario_funcionamento":null,"tx_numero_telefone":"2910-0235 / 2216-7583","cd_equipamento_base_origem":null}},{"type":"Feature","id":"equipamento_saude_ubs_posto_centro_v2.120923","geometry":{"type":"Point","coordinates":[341565.254,7393377.326]},"geometry_name":"ge_ponto","properties":{"cd_identificador":120923,"cd_identificador_tema_equipamento":6,"nm_tema_equipamento":"SAUDE","cd_identificador_rede_equipamento":0,"nm_rede_equipamento":"SEM REDE","tx_rede_equipamento":"Sem descrição","cd_identificador_tipo_equipamento":45,"nm_tipo_equipamento":"Unidade Básica de Saúde","tx_tipo_equipamento":"Atendimento básico em Pediatria, Ginecologia, Clínica Geral, Enfermagem e Odontologia. Principais serviços oferecidos: consultas médicas, inalações, injeções, curativos, vacinas, coleta de exames laboratoriais, tratamento odontológico, encaminhamentos par","cd_identificador_classe_equipamento":5,"nm_classe_equipamento":"UBS/POSTO DE SAÚDE/CENTRO DE SAÚDE","tx_classe_equipamento":"O PRIMEIRO CONTATO DO PACIENTE COM O SUS.","cd_identificador_esfera_administrativa_equipamento":1,"nm_esfera_administrativa_equipamento":"Municipal","tx_esfera_administrativa_equipamento":"Administração municipal","cd_equipamento":"13","nm_equipamento":"UBS VILA FORMOSA I - DR. ANTONIO DA SILVEIRA E OLIVEIRA","tx_endereco_equipamento":"R. ACURUÍ, 720","nm_bairro_equipamento":"VILA FORMOSA","cd_cep_equipamento":"03355-000","tx_horario_funcionamento":null,"tx_numero_telefone":"2671-0888","cd_equipamento_base_origem":null}},{"type":"Feature","id":"equipamento_saude_ubs_posto_centro_v2.120924","geometry":{"type":"Point","coordinates":[342931.552,7392604.315]},"geometry_name":"ge_ponto","properties":{"cd_identificador":120924,"cd_identificador_tema_equipamento":6,"nm_tema_equipamento":"SAUDE","cd_identificador_rede_equipamento":0,"nm_rede_equipamento":"SEM REDE","tx_rede_equipamento":"Sem descrição","cd_identificador_tipo_equipamento":45,"nm_tipo_equipamento":"Unidade Básica de Saúde","tx_tipo_equipamento":"Atendimento básico em Pediatria, Ginecologia, Clínica Geral, Enfermagem e Odontologia. Principais serviços oferecidos: consultas médicas, inalações, injeções, curativos, vacinas, coleta de exames laboratoriais, tratamento odontológico, encaminhamentos par","cd_identificador_classe_equipamento":5,"nm_classe_equipamento":"UBS/POSTO DE SAÚDE/CENTRO DE SAÚDE","tx_classe_equipamento":"O PRIMEIRO CONTATO DO PACIENTE COM O SUS.","cd_identificador_esfera_administrativa_equipamento":1,"nm_esfera_administrativa_equipamento":"Municipal","tx_esfera_administrativa_equipamento":"Administração municipal","cd_equipamento":"14","nm_equipamento":"UBS VILA FORMOSA II","tx_endereco_equipamento":"R. OURICURI, 455","nm_bairro_equipamento":"VILA FORMOSA","cd_cep_equipamento":"03365-000","tx_horario_funcionamento":null,"tx_numero_telefone":"2674-5246","cd_equipamento_base_origem":null}},{"type":"Feature","id":"equipamento_saude_ubs_posto_centro_v2.120925","geometry":{"type":"Point","coordinates":[345978.42,7397707.348]},"geometry_name":"ge_ponto","properties":{"cd_identificador":120925,"cd_identificador_tema_equipamento":6,"nm_tema_equipamento":"SAUDE","cd_identificador_rede_equipamento":0,"nm_rede_equipamento":"SEM REDE","tx_rede_equipamento":"Sem descrição","cd_identificador_tipo_equipamento":45,"nm_tipo_equipamento":"Unidade Básica de Saúde","tx_tipo_equipamento":"Atendimento básico em Pediatria, Ginecologia, Clínica Geral, Enfermagem e Odontologia. Principais serviços oferecidos: consultas médicas, inalações, injeções, curativos, vacinas, coleta de exames laboratoriais, tratamento odontológico, encaminhamentos par","cd_identificador_classe_equipamento":5,"nm_classe_equipamento":"UBS/POSTO DE SAÚDE/CENTRO DE SAÚDE","tx_classe_equipamento":"O PRIMEIRO CONTATO DO PACIENTE COM O SUS.","cd_identificador_esfera_administrativa_equipamento":1,"nm_esfera_administrativa_equipamento":"Municipal","tx_esfera_administrativa_equipamento":"Administração municipal","cd_equipamento":"660","nm_equipamento":"UBS VILA GRANADA - DR ALFREDO FERREIRA PAULINO FILHO","tx_endereco_equipamento":"R. MADALENA JULIA, 60","nm_bairro_equipamento":"VILA GRANADA","cd_cep_equipamento":"03660-010","tx_horario_funcionamento":null,"tx_numero_telefone":"2257-1194","cd_equipamento_base_origem":null}},{"type":"Feature","id":"equipamento_saude_ubs_posto_centro_v2.120926","geometry":{"type":"Point","coordinates":[333216.647,7377728.665]},"geometry_name":"ge_ponto","properties":{"cd_identificador":120926,"cd_identificador_tema_equipamento":6,"nm_tema_equipamento":"SAUDE","cd_identificador_rede_equipamento":0,"nm_rede_equipamento":"SEM REDE","tx_rede_equipamento":"Sem descrição","cd_identificador_tipo_equipamento":45,"nm_tipo_equipamento":"Unidade Básica de Saúde","tx_tipo_equipamento":"Atendimento básico em Pediatria, Ginecologia, Clínica Geral, Enfermagem e Odontologia. Principais serviços oferecidos: consultas médicas, inalações, injeções, curativos, vacinas, coleta de exames laboratoriais, tratamento odontológico, encaminhamentos par","cd_identificador_classe_equipamento":5,"nm_classe_equipamento":"UBS/POSTO DE SAÚDE/CENTRO DE SAÚDE","tx_classe_equipamento":"O PRIMEIRO CONTATO DO PACIENTE COM O SUS.","cd_identificador_esfera_administrativa_equipamento":1,"nm_esfera_administrativa_equipamento":"Municipal","tx_esfera_administrativa_equipamento":"Administração municipal","cd_equipamento":"216","nm_equipamento":"UBS VILA GUACURI - CICERO SERGIO CAVALCANTE","tx_endereco_equipamento":"R. VALENTINO FIORAVANTE, 416","nm_bairro_equipamento":"JARDIM RUBILENE","cd_cep_equipamento":"04475-380","tx_horario_funcionamento":null,"tx_numero_telefone":"5674-0921","cd_equipamento_base_origem":null}},{"type":"Feature","id":"equipamento_saude_ubs_posto_centro_v2.120927","geometry":{"type":"Point","coordinates":[344040.572,7391486.232]},"geometry_name":"ge_ponto","properties":{"cd_identificador":120927,"cd_identificador_tema_equipamento":6,"nm_tema_equipamento":"SAUDE","cd_identificador_rede_equipamento":0,"nm_rede_equipamento":"SEM REDE","tx_rede_equipamento":"Sem descrição","cd_identificador_tipo_equipamento":45,"nm_tipo_equipamento":"Unidade Básica de Saúde","tx_tipo_equipamento":"Atendimento básico em Pediatria, Ginecologia, Clínica Geral, Enfermagem e Odontologia. Principais serviços oferecidos: consultas médicas, inalações, injeções, curativos, vacinas, coleta de exames laboratoriais, tratamento odontológico, encaminhamentos par","cd_identificador_classe_equipamento":5,"nm_classe_equipamento":"UBS/POSTO DE SAÚDE/CENTRO DE SAÚDE","tx_classe_equipamento":"O PRIMEIRO CONTATO DO PACIENTE COM O SUS.","cd_identificador_esfera_administrativa_equipamento":1,"nm_esfera_administrativa_equipamento":"Municipal","tx_esfera_administrativa_equipamento":"Administração municipal","cd_equipamento":"15","nm_equipamento":"UBS VILA GUARANI","tx_endereco_equipamento":"R. TERESINHA, 123","nm_bairro_equipamento":"JARDIM MARINGÁ","cd_cep_equipamento":"03382-180","tx_horario_funcionamento":null,"tx_numero_telefone":"2910-2958","cd_equipamento_base_origem":null}},{"type":"Feature","id":"equipamento_saude_ubs_posto_centro_v2.120928","geometry":{"type":"Point","coordinates":[336089.599,7398410.864]},"geometry_name":"ge_ponto","properties":{"cd_identificador":120928,"cd_identificador_tema_equipamento":6,"nm_tema_equipamento":"SAUDE","cd_identificador_rede_equipamento":0,"nm_rede_equipamento":"SEM REDE","tx_rede_equipamento":"Sem descrição","cd_identificador_tipo_equipamento":45,"nm_tipo_equipamento":"Unidade Básica de Saúde","tx_tipo_equipamento":"Atendimento básico em Pediatria, Ginecologia, Clínica Geral, Enfermagem e Odontologia. Principais serviços oferecidos: consultas médicas, inalações, injeções, curativos, vacinas, coleta de exames laboratoriais, tratamento odontológico, encaminhamentos par","cd_identificador_classe_equipamento":5,"nm_classe_equipamento":"UBS/POSTO DE SAÚDE/CENTRO DE SAÚDE","tx_classe_equipamento":"O PRIMEIRO CONTATO DO PACIENTE COM O SUS.","cd_identificador_esfera_administrativa_equipamento":1,"nm_esfera_administrativa_equipamento":"Municipal","tx_esfera_administrativa_equipamento":"Administração municipal","cd_equipamento":"998","nm_equipamento":"UBS VILA GUILHERME","tx_endereco_equipamento":"R. JOÃO VENTURA BATISTA, 615","nm_bairro_equipamento":"VILA GUILHERME","cd_cep_equipamento":"02054-100","tx_horario_funcionamento":null,"tx_numero_telefone":"3475-5256 / 2904-8270","cd_equipamento_base_origem":null}},{"type":"Feature","id":"equipamento_saude_ubs_posto_centro_v2.120929","geometry":{"type":"Point","coordinates":[345415.091,7396134.801]},"geometry_name":"ge_ponto","properties":{"cd_identificador":120929,"cd_identificador_tema_equipamento":6,"nm_tema_equipamento":"SAUDE","cd_identificador_rede_equipamento":0,"nm_rede_equipamento":"SEM REDE","tx_rede_equipamento":"Sem descrição","cd_identificador_tipo_equipamento":45,"nm_tipo_equipamento":"Unidade Básica de Saúde","tx_tipo_equipamento":"Atendimento básico em Pediatria, Ginecologia, Clínica Geral, Enfermagem e Odontologia. Principais serviços oferecidos: consultas médicas, inalações, injeções, curativos, vacinas, coleta de exames laboratoriais, tratamento odontológico, encaminhamentos par","cd_identificador_classe_equipamento":5,"nm_classe_equipamento":"UBS/POSTO DE SAÚDE/CENTRO DE SAÚDE","tx_classe_equipamento":"O PRIMEIRO CONTATO DO PACIENTE COM O SUS.","cd_identificador_esfera_administrativa_equipamento":1,"nm_esfera_administrativa_equipamento":"Municipal","tx_esfera_administrativa_equipamento":"Administração municipal","cd_equipamento":"669","nm_equipamento":"UBS VILA GUILHERMINA - DR. AMERICO RASPA NETO","tx_endereco_equipamento":"R. JOÃO MARCHIORI, 59","nm_bairro_equipamento":"CIDADE PATRIARCA","cd_cep_equipamento":"03547-020","tx_horario_funcionamento":null,"tx_numero_telefone":"2791-5321","cd_equipamento_base_origem":null}},{"type":"Feature","id":"equipamento_saude_ubs_posto_centro_v2.120930","geometry":{"type":"Point","coordinates":[334233.604,7388859.727]},"geometry_name":"ge_ponto","properties":{"cd_identificador":120930,"cd_identificador_tema_equipamento":6,"nm_tema_equipamento":"SAUDE","cd_identificador_rede_equipamento":0,"nm_rede_equipamento":"SEM REDE","tx_rede_equipamento":"Sem descrição","cd_identificador_tipo_equipamento":45,"nm_tipo_equipamento":"Unidade Básica de Saúde","tx_tipo_equipamento":"Atendimento básico em Pediatria, Ginecologia, Clínica Geral, Enfermagem e Odontologia. Principais serviços oferecidos: consultas médicas, inalações, injeções, curativos, vacinas, coleta de exames laboratoriais, tratamento odontológico, encaminhamentos par","cd_identificador_classe_equipamento":5,"nm_classe_equipamento":"UBS/POSTO DE SAÚDE/CENTRO DE SAÚDE","tx_classe_equipamento":"O PRIMEIRO CONTATO DO PACIENTE COM O SUS.","cd_identificador_esfera_administrativa_equipamento":1,"nm_esfera_administrativa_equipamento":"Municipal","tx_esfera_administrativa_equipamento":"Administração municipal","cd_equipamento":"337","nm_equipamento":"UBS VILA GUMERCINDO - PROF JANDIRA MASSUR","tx_endereco_equipamento":"AV. DR RICARDO JAFET, 3025","nm_bairro_equipamento":"VILA FIRMIANO PINTO","cd_cep_equipamento":"04123-030","tx_horario_funcionamento":null,"tx_numero_telefone":"5062-7232","cd_equipamento_base_origem":null}},{"type":"Feature","id":"equipamento_saude_ubs_posto_centro_v2.120931","geometry":{"type":"Point","coordinates":[343386.882,7390353.045]},"geometry_name":"ge_ponto","properties":{"cd_identificador":120931,"cd_identificador_tema_equipamento":6,"nm_tema_equipamento":"SAUDE","cd_identificador_rede_equipamento":0,"nm_rede_equipamento":"SEM REDE","tx_rede_equipamento":"Sem descrição","cd_identificador_tipo_equipamento":45,"nm_tipo_equipamento":"Unidade Básica de Saúde","tx_tipo_equipamento":"Atendimento básico em Pediatria, Ginecologia, Clínica Geral, Enfermagem e Odontologia. Principais serviços oferecidos: consultas médicas, inalações, injeções, curativos, vacinas, coleta de exames laboratoriais, tratamento odontológico, encaminhamentos par","cd_identificador_classe_equipamento":5,"nm_classe_equipamento":"UBS/POSTO DE SAÚDE/CENTRO DE SAÚDE","tx_classe_equipamento":"O PRIMEIRO CONTATO DO PACIENTE COM O SUS.","cd_identificador_esfera_administrativa_equipamento":1,"nm_esfera_administrativa_equipamento":"Municipal","tx_esfera_administrativa_equipamento":"Administração municipal","cd_equipamento":"1052","nm_equipamento":"UBS VILA HELOISA","tx_endereco_equipamento":"R. AIRES QUARESMA, 11","nm_bairro_equipamento":"VILA HELOISA","cd_cep_equipamento":"03286-095","tx_horario_funcionamento":null,"tx_numero_telefone":"2302-2347","cd_equipamento_base_origem":null}},{"type":"Feature","id":"equipamento_saude_ubs_posto_centro_v2.120932","geometry":{"type":"Point","coordinates":[331655.409,7380612.344]},"geometry_name":"ge_ponto","properties":{"cd_identificador":120932,"cd_identificador_tema_equipamento":6,"nm_tema_equipamento":"SAUDE","cd_identificador_rede_equipamento":0,"nm_rede_equipamento":"SEM REDE","tx_rede_equipamento":"Sem descrição","cd_identificador_tipo_equipamento":45,"nm_tipo_equipamento":"Unidade Básica de Saúde","tx_tipo_equipamento":"Atendimento básico em Pediatria, Ginecologia, Clínica Geral, Enfermagem e Odontologia. Principais serviços oferecidos: consultas médicas, inalações, injeções, curativos, vacinas, coleta de exames laboratoriais, tratamento odontológico, encaminhamentos par","cd_identificador_classe_equipamento":5,"nm_classe_equipamento":"UBS/POSTO DE SAÚDE/CENTRO DE SAÚDE","tx_classe_equipamento":"O PRIMEIRO CONTATO DO PACIENTE COM O SUS.","cd_identificador_esfera_administrativa_equipamento":1,"nm_esfera_administrativa_equipamento":"Municipal","tx_esfera_administrativa_equipamento":"Administração municipal","cd_equipamento":"195","nm_equipamento":"UBS VILA IMPERIO - DRA GILDA TERA TAHIRA","tx_endereco_equipamento":"R. DR NESTOR SAMPAIO PENTEADO, 181","nm_bairro_equipamento":"AMERICANÓPOLIS","cd_cep_equipamento":"04409-060","tx_horario_funcionamento":null,"tx_numero_telefone":"5624-6786","cd_equipamento_base_origem":null}},{"type":"Feature","id":"equipamento_saude_ubs_posto_centro_v2.120933","geometry":{"type":"Point","coordinates":[326342.446,7396558.194]},"geometry_name":"ge_ponto","properties":{"cd_identificador":120933,"cd_identificador_tema_equipamento":6,"nm_tema_equipamento":"SAUDE","cd_identificador_rede_equipamento":0,"nm_rede_equipamento":"SEM REDE","tx_rede_equipamento":"Sem descrição","cd_identificador_tipo_equipamento":45,"nm_tipo_equipamento":"Unidade Básica de Saúde","tx_tipo_equipamento":"Atendimento básico em Pediatria, Ginecologia, Clínica Geral, Enfermagem e Odontologia. Principais serviços oferecidos: consultas médicas, inalações, injeções, curativos, vacinas, coleta de exames laboratoriais, tratamento odontológico, encaminhamentos par","cd_identificador_classe_equipamento":5,"nm_classe_equipamento":"UBS/POSTO DE SAÚDE/CENTRO DE SAÚDE","tx_classe_equipamento":"O PRIMEIRO CONTATO DO PACIENTE COM O SUS.","cd_identificador_esfera_administrativa_equipamento":1,"nm_esfera_administrativa_equipamento":"Municipal","tx_esfera_administrativa_equipamento":"Administração municipal","cd_equipamento":"504","nm_equipamento":"UBS VILA IPOJUCA - WANDA COELHO DE MORAES","tx_endereco_equipamento":"R. CATÃO, 1266","nm_bairro_equipamento":"VILA ROMANA","cd_cep_equipamento":"05049-000","tx_horario_funcionamento":null,"tx_numero_telefone":"3676-1399","cd_equipamento_base_origem":null}},{"type":"Feature","id":"equipamento_saude_ubs_posto_centro_v2.120934","geometry":{"type":"Point","coordinates":[345875.743,7393619.409]},"geometry_name":"ge_ponto","properties":{"cd_identificador":120934,"cd_identificador_tema_equipamento":6,"nm_tema_equipamento":"SAUDE","cd_identificador_rede_equipamento":0,"nm_rede_equipamento":"SEM REDE","tx_rede_equipamento":"Sem descrição","cd_identificador_tipo_equipamento":45,"nm_tipo_equipamento":"Unidade Básica de Saúde","tx_tipo_equipamento":"Atendimento básico em Pediatria, Ginecologia, Clínica Geral, Enfermagem e Odontologia. Principais serviços oferecidos: consultas médicas, inalações, injeções, curativos, vacinas, coleta de exames laboratoriais, tratamento odontológico, encaminhamentos par","cd_identificador_classe_equipamento":5,"nm_classe_equipamento":"UBS/POSTO DE SAÚDE/CENTRO DE SAÚDE","tx_classe_equipamento":"O PRIMEIRO CONTATO DO PACIENTE COM O SUS.","cd_identificador_esfera_administrativa_equipamento":1,"nm_esfera_administrativa_equipamento":"Municipal","tx_esfera_administrativa_equipamento":"Administração municipal","cd_equipamento":"408","nm_equipamento":"UBS VILA ITAPEMA","tx_endereco_equipamento":"R. COSTEIRA, 572","nm_bairro_equipamento":"JD ARISI","cd_cep_equipamento":"03573-010","tx_horario_funcionamento":null,"tx_numero_telefone":"2724-6146","cd_equipamento_base_origem":null}},{"type":"Feature","id":"equipamento_saude_ubs_posto_centro_v2.120935","geometry":{"type":"Point","coordinates":[336521.691,7400968.04]},"geometry_name":"ge_ponto","properties":{"cd_identificador":120935,"cd_identificador_tema_equipamento":6,"nm_tema_equipamento":"SAUDE","cd_identificador_rede_equipamento":0,"nm_rede_equipamento":"SEM REDE","tx_rede_equipamento":"Sem descrição","cd_identificador_tipo_equipamento":45,"nm_tipo_equipamento":"Unidade Básica de Saúde","tx_tipo_equipamento":"Atendimento básico em Pediatria, Ginecologia, Clínica Geral, Enfermagem e Odontologia. Principais serviços oferecidos: consultas médicas, inalações, injeções, curativos, vacinas, coleta de exames laboratoriais, tratamento odontológico, encaminhamentos par","cd_identificador_classe_equipamento":5,"nm_classe_equipamento":"UBS/POSTO DE SAÚDE/CENTRO DE SAÚDE","tx_classe_equipamento":"O PRIMEIRO CONTATO DO PACIENTE COM O SUS.","cd_identificador_esfera_administrativa_equipamento":1,"nm_esfera_administrativa_equipamento":"Municipal","tx_esfera_administrativa_equipamento":"Administração municipal","cd_equipamento":"997","nm_equipamento":"UBS VILA IZOLINA MAZZEI","tx_endereco_equipamento":"R. ORLANDO RIBEIRO DANTAS, 154","nm_bairro_equipamento":"VILA IZOLINA MAZZEI","cd_cep_equipamento":"02083-010","tx_horario_funcionamento":null,"tx_numero_telefone":"3478-6101","cd_equipamento_base_origem":null}},{"type":"Feature","id":"equipamento_saude_ubs_posto_centro_v2.120936","geometry":{"type":"Point","coordinates":[351962.23,7400102.263]},"geometry_name":"ge_ponto","properties":{"cd_identificador":120936,"cd_identificador_tema_equipamento":6,"nm_tema_equipamento":"SAUDE","cd_identificador_rede_equipamento":0,"nm_rede_equipamento":"SEM REDE","tx_rede_equipamento":"Sem descrição","cd_identificador_tipo_equipamento":45,"nm_tipo_equipamento":"Unidade Básica de Saúde","tx_tipo_equipamento":"Atendimento básico em Pediatria, Ginecologia, Clínica Geral, Enfermagem e Odontologia. Principais serviços oferecidos: consultas médicas, inalações, injeções, curativos, vacinas, coleta de exames laboratoriais, tratamento odontológico, encaminhamentos par","cd_identificador_classe_equipamento":5,"nm_classe_equipamento":"UBS/POSTO DE SAÚDE/CENTRO DE SAÚDE","tx_classe_equipamento":"O PRIMEIRO CONTATO DO PACIENTE COM O SUS.","cd_identificador_esfera_administrativa_equipamento":1,"nm_esfera_administrativa_equipamento":"Municipal","tx_esfera_administrativa_equipamento":"Administração municipal","cd_equipamento":"893","nm_equipamento":"UBS VILA JACUÍ","tx_endereco_equipamento":"R. EDIPO FELICIANO, 165","nm_bairro_equipamento":"VILA JACUÍ","cd_cep_equipamento":"08060-220","tx_horario_funcionamento":null,"tx_numero_telefone":"2297-8709","cd_equipamento_base_origem":null}},{"type":"Feature","id":"equipamento_saude_ubs_posto_centro_v2.120937","geometry":{"type":"Point","coordinates":[321683.227,7398530.088]},"geometry_name":"ge_ponto","properties":{"cd_identificador":120937,"cd_identificador_tema_equipamento":6,"nm_tema_equipamento":"SAUDE","cd_identificador_rede_equipamento":0,"nm_rede_equipamento":"SEM REDE","tx_rede_equipamento":"Sem descrição","cd_identificador_tipo_equipamento":45,"nm_tipo_equipamento":"Unidade Básica de Saúde","tx_tipo_equipamento":"Atendimento básico em Pediatria, Ginecologia, Clínica Geral, Enfermagem e Odontologia. Principais serviços oferecidos: consultas médicas, inalações, injeções, curativos, vacinas, coleta de exames laboratoriais, tratamento odontológico, encaminhamentos par","cd_identificador_classe_equipamento":5,"nm_classe_equipamento":"UBS/POSTO DE SAÚDE/CENTRO DE SAÚDE","tx_classe_equipamento":"O PRIMEIRO CONTATO DO PACIENTE COM O SUS.","cd_identificador_esfera_administrativa_equipamento":1,"nm_esfera_administrativa_equipamento":"Municipal","tx_esfera_administrativa_equipamento":"Administração municipal","cd_equipamento":"498","nm_equipamento":"UBS VILA JAGUARA","tx_endereco_equipamento":"R. PAÚVA, 721","nm_bairro_equipamento":"VILA JAGUARA","cd_cep_equipamento":"05116-001","tx_horario_funcionamento":null,"tx_numero_telefone":"3625-1775","cd_equipamento_base_origem":null}},{"type":"Feature","id":"equipamento_saude_ubs_posto_centro_v2.120938","geometry":{"type":"Point","coordinates":[330078.093,7380916.747]},"geometry_name":"ge_ponto","properties":{"cd_identificador":120938,"cd_identificador_tema_equipamento":6,"nm_tema_equipamento":"SAUDE","cd_identificador_rede_equipamento":0,"nm_rede_equipamento":"SEM REDE","tx_rede_equipamento":"Sem descrição","cd_identificador_tipo_equipamento":45,"nm_tipo_equipamento":"Unidade Básica de Saúde","tx_tipo_equipamento":"Atendimento básico em Pediatria, Ginecologia, Clínica Geral, Enfermagem e Odontologia. Principais serviços oferecidos: consultas médicas, inalações, injeções, curativos, vacinas, coleta de exames laboratoriais, tratamento odontológico, encaminhamentos par","cd_identificador_classe_equipamento":5,"nm_classe_equipamento":"UBS/POSTO DE SAÚDE/CENTRO DE SAÚDE","tx_classe_equipamento":"O PRIMEIRO CONTATO DO PACIENTE COM O SUS.","cd_identificador_esfera_administrativa_equipamento":1,"nm_esfera_administrativa_equipamento":"Municipal","tx_esfera_administrativa_equipamento":"Administração municipal","cd_equipamento":"192","nm_equipamento":"UBS VILA JOANIZA - JOÃO YUNES","tx_endereco_equipamento":"R. FERNANDO MELAO MARTINI, S/N","nm_bairro_equipamento":"CIDADE ADEMAR","cd_cep_equipamento":"04438-290","tx_horario_funcionamento":null,"tx_numero_telefone":"5622-0844","cd_equipamento_base_origem":null}},{"type":"Feature","id":"equipamento_saude_ubs_posto_centro_v2.120939","geometry":{"type":"Point","coordinates":[336951.23,7400369.011]},"geometry_name":"ge_ponto","properties":{"cd_identificador":120939,"cd_identificador_tema_equipamento":6,"nm_tema_equipamento":"SAUDE","cd_identificador_rede_equipamento":0,"nm_rede_equipamento":"SEM REDE","tx_rede_equipamento":"Sem descrição","cd_identificador_tipo_equipamento":45,"nm_tipo_equipamento":"Unidade Básica de Saúde","tx_tipo_equipamento":"Atendimento básico em Pediatria, Ginecologia, Clínica Geral, Enfermagem e Odontologia. Principais serviços oferecidos: consultas médicas, inalações, injeções, curativos, vacinas, coleta de exames laboratoriais, tratamento odontológico, encaminhamentos par","cd_identificador_classe_equipamento":5,"nm_classe_equipamento":"UBS/POSTO DE SAÚDE/CENTRO DE SAÚDE","tx_classe_equipamento":"O PRIMEIRO CONTATO DO PACIENTE COM O SUS.","cd_identificador_esfera_administrativa_equipamento":1,"nm_esfera_administrativa_equipamento":"Municipal","tx_esfera_administrativa_equipamento":"Administração municipal","cd_equipamento":"993","nm_equipamento":"UBS VILA LEONOR","tx_endereco_equipamento":"AV. ANGELINA, 770","nm_bairro_equipamento":"VL LEONOR","cd_cep_equipamento":"02077-000","tx_horario_funcionamento":null,"tx_numero_telefone":"2207-4797","cd_equipamento_base_origem":null}},{"type":"Feature","id":"equipamento_saude_ubs_posto_centro_v2.120940","geometry":{"type":"Point","coordinates":[324674.765,7405007.662]},"geometry_name":"ge_ponto","properties":{"cd_identificador":120940,"cd_identificador_tema_equipamento":6,"nm_tema_equipamento":"SAUDE","cd_identificador_rede_equipamento":0,"nm_rede_equipamento":"SEM REDE","tx_rede_equipamento":"Sem descrição","cd_identificador_tipo_equipamento":45,"nm_tipo_equipamento":"Unidade Básica de Saúde","tx_tipo_equipamento":"Atendimento básico em Pediatria, Ginecologia, Clínica Geral, Enfermagem e Odontologia. Principais serviços oferecidos: consultas médicas, inalações, injeções, curativos, vacinas, coleta de exames laboratoriais, tratamento odontológico, encaminhamentos par","cd_identificador_classe_equipamento":5,"nm_classe_equipamento":"UBS/POSTO DE SAÚDE/CENTRO DE SAÚDE","tx_classe_equipamento":"O PRIMEIRO CONTATO DO PACIENTE COM O SUS.","cd_identificador_esfera_administrativa_equipamento":1,"nm_esfera_administrativa_equipamento":"Municipal","tx_esfera_administrativa_equipamento":"Administração municipal","cd_equipamento":"745","nm_equipamento":"UBS VILA MAGGI","tx_endereco_equipamento":"R. CONDE MONTERONE, 40","nm_bairro_equipamento":"PIRITUBA","cd_cep_equipamento":"02982-190","tx_horario_funcionamento":null,"tx_numero_telefone":"3972-1435","cd_equipamento_base_origem":null}},{"type":"Feature","id":"equipamento_saude_ubs_posto_centro_v2.120941","geometry":{"type":"Point","coordinates":[321781.49,7400571.897]},"geometry_name":"ge_ponto","properties":{"cd_identificador":120941,"cd_identificador_tema_equipamento":6,"nm_tema_equipamento":"SAUDE","cd_identificador_rede_equipamento":0,"nm_rede_equipamento":"SEM REDE","tx_rede_equipamento":"Sem descrição","cd_identificador_tipo_equipamento":45,"nm_tipo_equipamento":"Unidade Básica de Saúde","tx_tipo_equipamento":"Atendimento básico em Pediatria, Ginecologia, Clínica Geral, Enfermagem e Odontologia. Principais serviços oferecidos: consultas médicas, inalações, injeções, curativos, vacinas, coleta de exames laboratoriais, tratamento odontológico, encaminhamentos par","cd_identificador_classe_equipamento":5,"nm_classe_equipamento":"UBS/POSTO DE SAÚDE/CENTRO DE SAÚDE","tx_classe_equipamento":"O PRIMEIRO CONTATO DO PACIENTE COM O SUS.","cd_identificador_esfera_administrativa_equipamento":1,"nm_esfera_administrativa_equipamento":"Municipal","tx_esfera_administrativa_equipamento":"Administração municipal","cd_equipamento":"762","nm_equipamento":"UBS VILA MANGALOT","tx_endereco_equipamento":"R. PORTÃO PRETO, 220","nm_bairro_equipamento":"SÃO DOMINGOS","cd_cep_equipamento":"05131-120","tx_horario_funcionamento":null,"tx_numero_telefone":"3904-1292","cd_equipamento_base_origem":null}},{"type":"Feature","id":"equipamento_saude_ubs_posto_centro_v2.120942","geometry":{"type":"Point","coordinates":[324531.099,7368173.276]},"geometry_name":"ge_ponto","properties":{"cd_identificador":120942,"cd_identificador_tema_equipamento":6,"nm_tema_equipamento":"SAUDE","cd_identificador_rede_equipamento":0,"nm_rede_equipamento":"SEM REDE","tx_rede_equipamento":"Sem descrição","cd_identificador_tipo_equipamento":45,"nm_tipo_equipamento":"Unidade Básica de Saúde","tx_tipo_equipamento":"Atendimento básico em Pediatria, Ginecologia, Clínica Geral, Enfermagem e Odontologia. Principais serviços oferecidos: consultas médicas, inalações, injeções, curativos, vacinas, coleta de exames laboratoriais, tratamento odontológico, encaminhamentos par","cd_identificador_classe_equipamento":5,"nm_classe_equipamento":"UBS/POSTO DE SAÚDE/CENTRO DE SAÚDE","tx_classe_equipamento":"O PRIMEIRO CONTATO DO PACIENTE COM O SUS.","cd_identificador_esfera_administrativa_equipamento":1,"nm_esfera_administrativa_equipamento":"Municipal","tx_esfera_administrativa_equipamento":"Administração municipal","cd_equipamento":"614","nm_equipamento":"UBS VILA MARCELO","tx_endereco_equipamento":"R. AMADO BENEDITO VILAS BOAS, 616","nm_bairro_equipamento":"VL MARCELO","cd_cep_equipamento":"04866-000","tx_horario_funcionamento":null,"tx_numero_telefone":"5979-8972 / 5922-3576","cd_equipamento_base_origem":null}},{"type":"Feature","id":"equipamento_saude_ubs_posto_centro_v2.120943","geometry":{"type":"Point","coordinates":[337590.64,7400229.915]},"geometry_name":"ge_ponto","properties":{"cd_identificador":120943,"cd_identificador_tema_equipamento":6,"nm_tema_equipamento":"SAUDE","cd_identificador_rede_equipamento":0,"nm_rede_equipamento":"SEM REDE","tx_rede_equipamento":"Sem descrição","cd_identificador_tipo_equipamento":45,"nm_tipo_equipamento":"Unidade Básica de Saúde","tx_tipo_equipamento":"Atendimento básico em Pediatria, Ginecologia, Clínica Geral, Enfermagem e Odontologia. Principais serviços oferecidos: consultas médicas, inalações, injeções, curativos, vacinas, coleta de exames laboratoriais, tratamento odontológico, encaminhamentos par","cd_identificador_classe_equipamento":5,"nm_classe_equipamento":"UBS/POSTO DE SAÚDE/CENTRO DE SAÚDE","tx_classe_equipamento":"O PRIMEIRO CONTATO DO PACIENTE COM O SUS.","cd_identificador_esfera_administrativa_equipamento":1,"nm_esfera_administrativa_equipamento":"Municipal","tx_esfera_administrativa_equipamento":"Administração municipal","cd_equipamento":"1005","nm_equipamento":"UBS VILA MARIA - DR. LUIZ PAULO GNECCO","tx_endereco_equipamento":"R. ANDRÉ DA FONSECA, 70","nm_bairro_equipamento":"VILA MUNHOZ","cd_cep_equipamento":"02135-010","tx_horario_funcionamento":null,"tx_numero_telefone":"3475-5203","cd_equipamento_base_origem":null}},{"type":"Feature","id":"equipamento_saude_ubs_posto_centro_v2.120944","geometry":{"type":"Point","coordinates":[332328.025,7389579.487]},"geometry_name":"ge_ponto","properties":{"cd_identificador":120944,"cd_identificador_tema_equipamento":6,"nm_tema_equipamento":"SAUDE","cd_identificador_rede_equipamento":0,"nm_rede_equipamento":"SEM REDE","tx_rede_equipamento":"Sem descrição","cd_identificador_tipo_equipamento":45,"nm_tipo_equipamento":"Unidade Básica de Saúde","tx_tipo_equipamento":"Atendimento básico em Pediatria, Ginecologia, Clínica Geral, Enfermagem e Odontologia. Principais serviços oferecidos: consultas médicas, inalações, injeções, curativos, vacinas, coleta de exames laboratoriais, tratamento odontológico, encaminhamentos par","cd_identificador_classe_equipamento":5,"nm_classe_equipamento":"UBS/POSTO DE SAÚDE/CENTRO DE SAÚDE","tx_classe_equipamento":"O PRIMEIRO CONTATO DO PACIENTE COM O SUS.","cd_identificador_esfera_administrativa_equipamento":1,"nm_esfera_administrativa_equipamento":"Municipal","tx_esfera_administrativa_equipamento":"Administração municipal","cd_equipamento":"1037","nm_equipamento":"UBS VILA MARIANA - DIOGO NOMURA","tx_endereco_equipamento":"R. DIOGO DE FARIA, 678","nm_bairro_equipamento":"VILA CLEMENTINO","cd_cep_equipamento":"04037-000","tx_horario_funcionamento":null,"tx_numero_telefone":"5082-1072","cd_equipamento_base_origem":null}},{"type":"Feature","id":"equipamento_saude_ubs_posto_centro_v2.120945","geometry":{"type":"Point","coordinates":[344047.605,7395949.196]},"geometry_name":"ge_ponto","properties":{"cd_identificador":120945,"cd_identificador_tema_equipamento":6,"nm_tema_equipamento":"SAUDE","cd_identificador_rede_equipamento":0,"nm_rede_equipamento":"SEM REDE","tx_rede_equipamento":"Sem descrição","cd_identificador_tipo_equipamento":45,"nm_tipo_equipamento":"Unidade Básica de Saúde","tx_tipo_equipamento":"Atendimento básico em Pediatria, Ginecologia, Clínica Geral, Enfermagem e Odontologia. Principais serviços oferecidos: consultas médicas, inalações, injeções, curativos, vacinas, coleta de exames laboratoriais, tratamento odontológico, encaminhamentos par","cd_identificador_classe_equipamento":5,"nm_classe_equipamento":"UBS/POSTO DE SAÚDE/CENTRO DE SAÚDE","tx_classe_equipamento":"O PRIMEIRO CONTATO DO PACIENTE COM O SUS.","cd_identificador_esfera_administrativa_equipamento":1,"nm_esfera_administrativa_equipamento":"Municipal","tx_esfera_administrativa_equipamento":"Administração municipal","cd_equipamento":"668","nm_equipamento":"UBS VILA MATILDE - DR. RUBENS DO VAL","tx_endereco_equipamento":"R. MARCONDES DE BRITO, 1304","nm_bairro_equipamento":"VILA MATILDE","cd_cep_equipamento":"03509-000","tx_horario_funcionamento":null,"tx_numero_telefone":"2653-4391","cd_equipamento_base_origem":null}},{"type":"Feature","id":"equipamento_saude_ubs_posto_centro_v2.120946","geometry":{"type":"Point","coordinates":[335510.766,7385419.057]},"geometry_name":"ge_ponto","properties":{"cd_identificador":120946,"cd_identificador_tema_equipamento":6,"nm_tema_equipamento":"SAUDE","cd_identificador_rede_equipamento":0,"nm_rede_equipamento":"SEM REDE","tx_rede_equipamento":"Sem descrição","cd_identificador_tipo_equipamento":45,"nm_tipo_equipamento":"Unidade Básica de Saúde","tx_tipo_equipamento":"Atendimento básico em Pediatria, Ginecologia, Clínica Geral, Enfermagem e Odontologia. Principais serviços oferecidos: consultas médicas, inalações, injeções, curativos, vacinas, coleta de exames laboratoriais, tratamento odontológico, encaminhamentos par","cd_identificador_classe_equipamento":5,"nm_classe_equipamento":"UBS/POSTO DE SAÚDE/CENTRO DE SAÚDE","tx_classe_equipamento":"O PRIMEIRO CONTATO DO PACIENTE COM O SUS.","cd_identificador_esfera_administrativa_equipamento":1,"nm_esfera_administrativa_equipamento":"Municipal","tx_esfera_administrativa_equipamento":"Administração municipal","cd_equipamento":"336","nm_equipamento":"UBS VILA MORAES - JOÃO PAULO BOTELHO VIEIRA","tx_endereco_equipamento":"R. GIOVANNI DI BALDUCCIO, 250","nm_bairro_equipamento":"VILA MORAES","cd_cep_equipamento":"04170-000","tx_horario_funcionamento":null,"tx_numero_telefone":"5058-0891","cd_equipamento_base_origem":null}},{"type":"Feature","id":"equipamento_saude_ubs_posto_centro_v2.120947","geometry":{"type":"Point","coordinates":[326005.413,7370861.618]},"geometry_name":"ge_ponto","properties":{"cd_identificador":120947,"cd_identificador_tema_equipamento":6,"nm_tema_equipamento":"SAUDE","cd_identificador_rede_equipamento":0,"nm_rede_equipamento":"SEM REDE","tx_rede_equipamento":"Sem descrição","cd_identificador_tipo_equipamento":45,"nm_tipo_equipamento":"Unidade Básica de Saúde","tx_tipo_equipamento":"Atendimento básico em Pediatria, Ginecologia, Clínica Geral, Enfermagem e Odontologia. Principais serviços oferecidos: consultas médicas, inalações, injeções, curativos, vacinas, coleta de exames laboratoriais, tratamento odontológico, encaminhamentos par","cd_identificador_classe_equipamento":5,"nm_classe_equipamento":"UBS/POSTO DE SAÚDE/CENTRO DE SAÚDE","tx_classe_equipamento":"O PRIMEIRO CONTATO DO PACIENTE COM O SUS.","cd_identificador_esfera_administrativa_equipamento":1,"nm_esfera_administrativa_equipamento":"Municipal","tx_esfera_administrativa_equipamento":"Administração municipal","cd_equipamento":"138","nm_equipamento":"UBS VILA NATAL","tx_endereco_equipamento":"AV. PROFª. MARTA MARIA BERNARDES, 246","nm_bairro_equipamento":"VILA NATAL","cd_cep_equipamento":"04863-000","tx_horario_funcionamento":null,"tx_numero_telefone":"5527-4071","cd_equipamento_base_origem":null}},{"type":"Feature","id":"equipamento_saude_ubs_posto_centro_v2.120948","geometry":{"type":"Point","coordinates":[337830.394,7402685.997]},"geometry_name":"ge_ponto","properties":{"cd_identificador":120948,"cd_identificador_tema_equipamento":6,"nm_tema_equipamento":"SAUDE","cd_identificador_rede_equipamento":0,"nm_rede_equipamento":"SEM REDE","tx_rede_equipamento":"Sem descrição","cd_identificador_tipo_equipamento":45,"nm_tipo_equipamento":"Unidade Básica de Saúde","tx_tipo_equipamento":"Atendimento básico em Pediatria, Ginecologia, Clínica Geral, Enfermagem e Odontologia. Principais serviços oferecidos: consultas médicas, inalações, injeções, curativos, vacinas, coleta de exames laboratoriais, tratamento odontológico, encaminhamentos par","cd_identificador_classe_equipamento":5,"nm_classe_equipamento":"UBS/POSTO DE SAÚDE/CENTRO DE SAÚDE","tx_classe_equipamento":"O PRIMEIRO CONTATO DO PACIENTE COM O SUS.","cd_identificador_esfera_administrativa_equipamento":1,"nm_esfera_administrativa_equipamento":"Municipal","tx_esfera_administrativa_equipamento":"Administração municipal","cd_equipamento":"794","nm_equipamento":"UBS VILA NIVI","tx_endereco_equipamento":"PRAÇA CAMPINÓPOLIS, 125","nm_bairro_equipamento":"VILA NIVI","cd_cep_equipamento":"02252-160","tx_horario_funcionamento":null,"tx_numero_telefone":"2201-7219","cd_equipamento_base_origem":null}},{"type":"Feature","id":"equipamento_saude_ubs_posto_centro_v2.120949","geometry":{"type":"Point","coordinates":[352715.548,7396586.36]},"geometry_name":"ge_ponto","properties":{"cd_identificador":120949,"cd_identificador_tema_equipamento":6,"nm_tema_equipamento":"SAUDE","cd_identificador_rede_equipamento":0,"nm_rede_equipamento":"SEM REDE","tx_rede_equipamento":"Sem descrição","cd_identificador_tipo_equipamento":45,"nm_tipo_equipamento":"Unidade Básica de Saúde","tx_tipo_equipamento":"Atendimento básico em Pediatria, Ginecologia, Clínica Geral, Enfermagem e Odontologia. Principais serviços oferecidos: consultas médicas, inalações, injeções, curativos, vacinas, coleta de exames laboratoriais, tratamento odontológico, encaminhamentos par","cd_identificador_classe_equipamento":5,"nm_classe_equipamento":"UBS/POSTO DE SAÚDE/CENTRO DE SAÚDE","tx_classe_equipamento":"O PRIMEIRO CONTATO DO PACIENTE COM O SUS.","cd_identificador_esfera_administrativa_equipamento":1,"nm_esfera_administrativa_equipamento":"Municipal","tx_esfera_administrativa_equipamento":"Administração municipal","cd_equipamento":"424","nm_equipamento":"UBS VILA NOSSA SENHORA APARECIDA","tx_endereco_equipamento":"R. PAULINO SERQUEIRA X GUAIA GUAÇU, 1","nm_bairro_equipamento":"ITAQUERA","cd_cep_equipamento":"08215-160","tx_horario_funcionamento":null,"tx_numero_telefone":"2079-7871","cd_equipamento_base_origem":null}},{"type":"Feature","id":"equipamento_saude_ubs_posto_centro_v2.120950","geometry":{"type":"Point","coordinates":[354353.563,7398606.5]},"geometry_name":"ge_ponto","properties":{"cd_identificador":120950,"cd_identificador_tema_equipamento":6,"nm_tema_equipamento":"SAUDE","cd_identificador_rede_equipamento":0,"nm_rede_equipamento":"SEM REDE","tx_rede_equipamento":"Sem descrição","cd_identificador_tipo_equipamento":45,"nm_tipo_equipamento":"Unidade Básica de Saúde","tx_tipo_equipamento":"Atendimento básico em Pediatria, Ginecologia, Clínica Geral, Enfermagem e Odontologia. Principais serviços oferecidos: consultas médicas, inalações, injeções, curativos, vacinas, coleta de exames laboratoriais, tratamento odontológico, encaminhamentos par","cd_identificador_classe_equipamento":5,"nm_classe_equipamento":"UBS/POSTO DE SAÚDE/CENTRO DE SAÚDE","tx_classe_equipamento":"O PRIMEIRO CONTATO DO PACIENTE COM O SUS.","cd_identificador_esfera_administrativa_equipamento":1,"nm_esfera_administrativa_equipamento":"Municipal","tx_esfera_administrativa_equipamento":"Administração municipal","cd_equipamento":"393","nm_equipamento":"UBS VILA NOVA CURUÇÁ","tx_endereco_equipamento":"R. NARCEJA, 51","nm_bairro_equipamento":"SÃO MIGUEL PAULISTA","cd_cep_equipamento":"08032-340","tx_horario_funcionamento":null,"tx_numero_telefone":"2035-2292 / 2135-2990","cd_equipamento_base_origem":null}},{"type":"Feature","id":"equipamento_saude_ubs_posto_centro_v2.120951","geometry":{"type":"Point","coordinates":[339363.713,7405624.389]},"geometry_name":"ge_ponto","properties":{"cd_identificador":120951,"cd_identificador_tema_equipamento":6,"nm_tema_equipamento":"SAUDE","cd_identificador_rede_equipamento":0,"nm_rede_equipamento":"SEM REDE","tx_rede_equipamento":"Sem descrição","cd_identificador_tipo_equipamento":45,"nm_tipo_equipamento":"Unidade Básica de Saúde","tx_tipo_equipamento":"Atendimento básico em Pediatria, Ginecologia, Clínica Geral, Enfermagem e Odontologia. Principais serviços oferecidos: consultas médicas, inalações, injeções, curativos, vacinas, coleta de exames laboratoriais, tratamento odontológico, encaminhamentos par","cd_identificador_classe_equipamento":5,"nm_classe_equipamento":"UBS/POSTO DE SAÚDE/CENTRO DE SAÚDE","tx_classe_equipamento":"O PRIMEIRO CONTATO DO PACIENTE COM O SUS.","cd_identificador_esfera_administrativa_equipamento":1,"nm_esfera_administrativa_equipamento":"Municipal","tx_esfera_administrativa_equipamento":"Administração municipal","cd_equipamento":"478","nm_equipamento":"UBS VILA NOVA GALVÃO - SÔNIA REGINA CAMPANELLI","tx_endereco_equipamento":"R. ALFEU LUIS GASPARINI, 116","nm_bairro_equipamento":"VILA NOVA GALVÃO","cd_cep_equipamento":"02281-110","tx_horario_funcionamento":null,"tx_numero_telefone":"2241-7366","cd_equipamento_base_origem":null}},{"type":"Feature","id":"equipamento_saude_ubs_posto_centro_v2.120952","geometry":{"type":"Point","coordinates":[343636.85,7395144.446]},"geometry_name":"ge_ponto","properties":{"cd_identificador":120952,"cd_identificador_tema_equipamento":6,"nm_tema_equipamento":"SAUDE","cd_identificador_rede_equipamento":0,"nm_rede_equipamento":"SEM REDE","tx_rede_equipamento":"Sem descrição","cd_identificador_tipo_equipamento":45,"nm_tipo_equipamento":"Unidade Básica de Saúde","tx_tipo_equipamento":"Atendimento básico em Pediatria, Ginecologia, Clínica Geral, Enfermagem e Odontologia. Principais serviços oferecidos: consultas médicas, inalações, injeções, curativos, vacinas, coleta de exames laboratoriais, tratamento odontológico, encaminhamentos par","cd_identificador_classe_equipamento":5,"nm_classe_equipamento":"UBS/POSTO DE SAÚDE/CENTRO DE SAÚDE","tx_classe_equipamento":"O PRIMEIRO CONTATO DO PACIENTE COM O SUS.","cd_identificador_esfera_administrativa_equipamento":1,"nm_esfera_administrativa_equipamento":"Municipal","tx_esfera_administrativa_equipamento":"Administração municipal","cd_equipamento":"6","nm_equipamento":"UBS VILA NOVA MANCHESTER - DR. ARLINDO GENNARI","tx_endereco_equipamento":"PRAÇA HAROLDO DALTRO, 461","nm_bairro_equipamento":"VL NOVA MANCHESTER","cd_cep_equipamento":"03444-090","tx_horario_funcionamento":null,"tx_numero_telefone":"2295-4163","cd_equipamento_base_origem":null}},{"type":"Feature","id":"equipamento_saude_ubs_posto_centro_v2.120953","geometry":{"type":"Point","coordinates":[345921.765,7391587.255]},"geometry_name":"ge_ponto","properties":{"cd_identificador":120953,"cd_identificador_tema_equipamento":6,"nm_tema_equipamento":"SAUDE","cd_identificador_rede_equipamento":0,"nm_rede_equipamento":"SEM REDE","tx_rede_equipamento":"Sem descrição","cd_identificador_tipo_equipamento":45,"nm_tipo_equipamento":"Unidade Básica de Saúde","tx_tipo_equipamento":"Atendimento básico em Pediatria, Ginecologia, Clínica Geral, Enfermagem e Odontologia. Principais serviços oferecidos: consultas médicas, inalações, injeções, curativos, vacinas, coleta de exames laboratoriais, tratamento odontológico, encaminhamentos par","cd_identificador_classe_equipamento":5,"nm_classe_equipamento":"UBS/POSTO DE SAÚDE/CENTRO DE SAÚDE","tx_classe_equipamento":"O PRIMEIRO CONTATO DO PACIENTE COM O SUS.","cd_identificador_esfera_administrativa_equipamento":1,"nm_esfera_administrativa_equipamento":"Municipal","tx_esfera_administrativa_equipamento":"Administração municipal","cd_equipamento":"2","nm_equipamento":"UBS VILA NOVA YORK","tx_endereco_equipamento":"R. DR EDGARD MAGALHÃES NORONHA, 200","nm_bairro_equipamento":"VL NOVA YORK","cd_cep_equipamento":"03480-000","tx_horario_funcionamento":null,"tx_numero_telefone":"2721-2707","cd_equipamento_base_origem":null}},{"type":"Feature","id":"equipamento_saude_ubs_posto_centro_v2.120954","geometry":{"type":"Point","coordinates":[329465.231,7389872.506]},"geometry_name":"ge_ponto","properties":{"cd_identificador":120954,"cd_identificador_tema_equipamento":6,"nm_tema_equipamento":"SAUDE","cd_identificador_rede_equipamento":0,"nm_rede_equipamento":"SEM REDE","tx_rede_equipamento":"Sem descrição","cd_identificador_tipo_equipamento":45,"nm_tipo_equipamento":"Unidade Básica de Saúde","tx_tipo_equipamento":"Atendimento básico em Pediatria, Ginecologia, Clínica Geral, Enfermagem e Odontologia. Principais serviços oferecidos: consultas médicas, inalações, injeções, curativos, vacinas, coleta de exames laboratoriais, tratamento odontológico, encaminhamentos par","cd_identificador_classe_equipamento":5,"nm_classe_equipamento":"UBS/POSTO DE SAÚDE/CENTRO DE SAÚDE","tx_classe_equipamento":"O PRIMEIRO CONTATO DO PACIENTE COM O SUS.","cd_identificador_esfera_administrativa_equipamento":1,"nm_esfera_administrativa_equipamento":"Municipal","tx_esfera_administrativa_equipamento":"Administração municipal","cd_equipamento":"1015","nm_equipamento":"UBS VILA OLIMPIA - MAX PERLMAN","tx_endereco_equipamento":"R. JACQUES FELIX, 499","nm_bairro_equipamento":"VL NOVA CONCEIÇÃO","cd_cep_equipamento":"04509-001","tx_horario_funcionamento":null,"tx_numero_telefone":"3842-4849","cd_equipamento_base_origem":null}},{"type":"Feature","id":"equipamento_saude_ubs_posto_centro_v2.120955","geometry":{"type":"Point","coordinates":[326303.462,7400840.001]},"geometry_name":"ge_ponto","properties":{"cd_identificador":120955,"cd_identificador_tema_equipamento":6,"nm_tema_equipamento":"SAUDE","cd_identificador_rede_equipamento":0,"nm_rede_equipamento":"SEM REDE","tx_rede_equipamento":"Sem descrição","cd_identificador_tipo_equipamento":45,"nm_tipo_equipamento":"Unidade Básica de Saúde","tx_tipo_equipamento":"Atendimento básico em Pediatria, Ginecologia, Clínica Geral, Enfermagem e Odontologia. Principais serviços oferecidos: consultas médicas, inalações, injeções, curativos, vacinas, coleta de exames laboratoriais, tratamento odontológico, encaminhamentos par","cd_identificador_classe_equipamento":5,"nm_classe_equipamento":"UBS/POSTO DE SAÚDE/CENTRO DE SAÚDE","tx_classe_equipamento":"O PRIMEIRO CONTATO DO PACIENTE COM O SUS.","cd_identificador_esfera_administrativa_equipamento":1,"nm_esfera_administrativa_equipamento":"Municipal","tx_esfera_administrativa_equipamento":"Administração municipal","cd_equipamento":"296","nm_equipamento":"UBS VILA PALMEIRAS (PROVISORIAMENTE NA UBS GUANABARA)","tx_endereco_equipamento":"AV. MINISTRO PETRÔNIO PORTELA, 663","nm_bairro_equipamento":"FREGUESIA DO Ó","cd_cep_equipamento":"02959-000","tx_horario_funcionamento":null,"tx_numero_telefone":"3931-8242","cd_equipamento_base_origem":null}},{"type":"Feature","id":"equipamento_saude_ubs_posto_centro_v2.120956","geometry":{"type":"Point","coordinates":[349463.075,7400917.59]},"geometry_name":"ge_ponto","properties":{"cd_identificador":120956,"cd_identificador_tema_equipamento":6,"nm_tema_equipamento":"SAUDE","cd_identificador_rede_equipamento":0,"nm_rede_equipamento":"SEM REDE","tx_rede_equipamento":"Sem descrição","cd_identificador_tipo_equipamento":45,"nm_tipo_equipamento":"Unidade Básica de Saúde","tx_tipo_equipamento":"Atendimento básico em Pediatria, Ginecologia, Clínica Geral, Enfermagem e Odontologia. Principais serviços oferecidos: consultas médicas, inalações, injeções, curativos, vacinas, coleta de exames laboratoriais, tratamento odontológico, encaminhamentos par","cd_identificador_classe_equipamento":5,"nm_classe_equipamento":"UBS/POSTO DE SAÚDE/CENTRO DE SAÚDE","tx_classe_equipamento":"O PRIMEIRO CONTATO DO PACIENTE COM O SUS.","cd_identificador_esfera_administrativa_equipamento":1,"nm_esfera_administrativa_equipamento":"Municipal","tx_esfera_administrativa_equipamento":"Administração municipal","cd_equipamento":"244","nm_equipamento":"UBS VILA PARANAGUÁ","tx_endereco_equipamento":"R. JOSÉ GOES NOGUEIRA, 70","nm_bairro_equipamento":"VL PARANAGUÁ","cd_cep_equipamento":"03807-380","tx_horario_funcionamento":null,"tx_numero_telefone":"2943-8044 / 2546-0098","cd_equipamento_base_origem":null}},{"type":"Feature","id":"equipamento_saude_ubs_posto_centro_v2.120957","geometry":{"type":"Point","coordinates":[328334.132,7403790.473]},"geometry_name":"ge_ponto","properties":{"cd_identificador":120957,"cd_identificador_tema_equipamento":6,"nm_tema_equipamento":"SAUDE","cd_identificador_rede_equipamento":0,"nm_rede_equipamento":"SEM REDE","tx_rede_equipamento":"Sem descrição","cd_identificador_tipo_equipamento":45,"nm_tipo_equipamento":"Unidade Básica de Saúde","tx_tipo_equipamento":"Atendimento básico em Pediatria, Ginecologia, Clínica Geral, Enfermagem e Odontologia. Principais serviços oferecidos: consultas médicas, inalações, injeções, curativos, vacinas, coleta de exames laboratoriais, tratamento odontológico, encaminhamentos par","cd_identificador_classe_equipamento":5,"nm_classe_equipamento":"UBS/POSTO DE SAÚDE/CENTRO DE SAÚDE","tx_classe_equipamento":"O PRIMEIRO CONTATO DO PACIENTE COM O SUS.","cd_identificador_esfera_administrativa_equipamento":1,"nm_esfera_administrativa_equipamento":"Municipal","tx_esfera_administrativa_equipamento":"Administração municipal","cd_equipamento":"270","nm_equipamento":"UBS VILA PENTEADO - FATIMA DE JESUS VIANA ROSA","tx_endereco_equipamento":"R. URUPEVA, 219","nm_bairro_equipamento":"VILA PENTEADO","cd_cep_equipamento":"02866-080","tx_horario_funcionamento":null,"tx_numero_telefone":"3851-8201 / 3985-3545","cd_equipamento_base_origem":null}},{"type":"Feature","id":"equipamento_saude_ubs_posto_centro_v2.120958","geometry":{"type":"Point","coordinates":[321587.249,7401970.962]},"geometry_name":"ge_ponto","properties":{"cd_identificador":120958,"cd_identificador_tema_equipamento":6,"nm_tema_equipamento":"SAUDE","cd_identificador_rede_equipamento":0,"nm_rede_equipamento":"SEM REDE","tx_rede_equipamento":"Sem descrição","cd_identificador_tipo_equipamento":45,"nm_tipo_equipamento":"Unidade Básica de Saúde","tx_tipo_equipamento":"Atendimento básico em Pediatria, Ginecologia, Clínica Geral, Enfermagem e Odontologia. Principais serviços oferecidos: consultas médicas, inalações, injeções, curativos, vacinas, coleta de exames laboratoriais, tratamento odontológico, encaminhamentos par","cd_identificador_classe_equipamento":5,"nm_classe_equipamento":"UBS/POSTO DE SAÚDE/CENTRO DE SAÚDE","tx_classe_equipamento":"O PRIMEIRO CONTATO DO PACIENTE COM O SUS.","cd_identificador_esfera_administrativa_equipamento":1,"nm_esfera_administrativa_equipamento":"Municipal","tx_esfera_administrativa_equipamento":"Administração municipal","cd_equipamento":"738","nm_equipamento":"UBS VILA PIRITUBA","tx_endereco_equipamento":"R. RIBEIRÃO VERMELHO, 501","nm_bairro_equipamento":"VILA PIRITUBA","cd_cep_equipamento":"05170-000","tx_horario_funcionamento":null,"tx_numero_telefone":"3904-2509 / 3901-3848","cd_equipamento_base_origem":null}},{"type":"Feature","id":"equipamento_saude_ubs_posto_centro_v2.120959","geometry":{"type":"Point","coordinates":[321891.049,7387057.841]},"geometry_name":"ge_ponto","properties":{"cd_identificador":120959,"cd_identificador_tema_equipamento":6,"nm_tema_equipamento":"SAUDE","cd_identificador_rede_equipamento":0,"nm_rede_equipamento":"SEM REDE","tx_rede_equipamento":"Sem descrição","cd_identificador_tipo_equipamento":45,"nm_tipo_equipamento":"Unidade Básica de Saúde","tx_tipo_equipamento":"Atendimento básico em Pediatria, Ginecologia, Clínica Geral, Enfermagem e Odontologia. Principais serviços oferecidos: consultas médicas, inalações, injeções, curativos, vacinas, coleta de exames laboratoriais, tratamento odontológico, encaminhamentos par","cd_identificador_classe_equipamento":5,"nm_classe_equipamento":"UBS/POSTO DE SAÚDE/CENTRO DE SAÚDE","tx_classe_equipamento":"O PRIMEIRO CONTATO DO PACIENTE COM O SUS.","cd_identificador_esfera_administrativa_equipamento":1,"nm_esfera_administrativa_equipamento":"Municipal","tx_esfera_administrativa_equipamento":"Administração municipal","cd_equipamento":"99","nm_equipamento":"UBS VILA PRAIA -VITORIO ROLANDO BOCCALETTI","tx_endereco_equipamento":"R. ANDRÉ DE ANDRADE, S/N","nm_bairro_equipamento":"VILA PRAIA","cd_cep_equipamento":"05749-240","tx_horario_funcionamento":null,"tx_numero_telefone":"3501-3603 / 3742-9041","cd_equipamento_base_origem":null}},{"type":"Feature","id":"equipamento_saude_ubs_posto_centro_v2.120960","geometry":{"type":"Point","coordinates":[353673.653,7398718.776]},"geometry_name":"ge_ponto","properties":{"cd_identificador":120960,"cd_identificador_tema_equipamento":6,"nm_tema_equipamento":"SAUDE","cd_identificador_rede_equipamento":0,"nm_rede_equipamento":"SEM REDE","tx_rede_equipamento":"Sem descrição","cd_identificador_tipo_equipamento":45,"nm_tipo_equipamento":"Unidade Básica de Saúde","tx_tipo_equipamento":"Atendimento básico em Pediatria, Ginecologia, Clínica Geral, Enfermagem e Odontologia. Principais serviços oferecidos: consultas médicas, inalações, injeções, curativos, vacinas, coleta de exames laboratoriais, tratamento odontológico, encaminhamentos par","cd_identificador_classe_equipamento":5,"nm_classe_equipamento":"UBS/POSTO DE SAÚDE/CENTRO DE SAÚDE","tx_classe_equipamento":"O PRIMEIRO CONTATO DO PACIENTE COM O SUS.","cd_identificador_esfera_administrativa_equipamento":1,"nm_esfera_administrativa_equipamento":"Municipal","tx_esfera_administrativa_equipamento":"Administração municipal","cd_equipamento":"874","nm_equipamento":"UBS VILA PROGRESSO","tx_endereco_equipamento":"R. REAL HORTO, 115","nm_bairro_equipamento":"VL PROGRESSO","cd_cep_equipamento":"08245-260","tx_horario_funcionamento":null,"tx_numero_telefone":"2035-2488","cd_equipamento_base_origem":null}},{"type":"Feature","id":"equipamento_saude_ubs_posto_centro_v2.120961","geometry":{"type":"Point","coordinates":[326121.426,7402815.166]},"geometry_name":"ge_ponto","properties":{"cd_identificador":120961,"cd_identificador_tema_equipamento":6,"nm_tema_equipamento":"SAUDE","cd_identificador_rede_equipamento":0,"nm_rede_equipamento":"SEM REDE","tx_rede_equipamento":"Sem descrição","cd_identificador_tipo_equipamento":45,"nm_tipo_equipamento":"Unidade Básica de Saúde","tx_tipo_equipamento":"Atendimento básico em Pediatria, Ginecologia, Clínica Geral, Enfermagem e Odontologia. Principais serviços oferecidos: consultas médicas, inalações, injeções, curativos, vacinas, coleta de exames laboratoriais, tratamento odontológico, encaminhamentos par","cd_identificador_classe_equipamento":5,"nm_classe_equipamento":"UBS/POSTO DE SAÚDE/CENTRO DE SAÚDE","tx_classe_equipamento":"O PRIMEIRO CONTATO DO PACIENTE COM O SUS.","cd_identificador_esfera_administrativa_equipamento":1,"nm_esfera_administrativa_equipamento":"Municipal","tx_esfera_administrativa_equipamento":"Administração municipal","cd_equipamento":"289","nm_equipamento":"UBS VILA PROGRESSO - JD MONTE ALEGRE","tx_endereco_equipamento":"R. ANTONIO GENELLE, 30","nm_bairro_equipamento":"JD MONTE ALEGRE","cd_cep_equipamento":"02811-020","tx_horario_funcionamento":null,"tx_numero_telefone":"3975-2893 / 3992-2349","cd_equipamento_base_origem":null}},{"type":"Feature","id":"equipamento_saude_ubs_posto_centro_v2.120962","geometry":{"type":"Point","coordinates":[338483.474,7391138.8]},"geometry_name":"ge_ponto","properties":{"cd_identificador":120962,"cd_identificador_tema_equipamento":6,"nm_tema_equipamento":"SAUDE","cd_identificador_rede_equipamento":0,"nm_rede_equipamento":"SEM REDE","tx_rede_equipamento":"Sem descrição","cd_identificador_tipo_equipamento":45,"nm_tipo_equipamento":"Unidade Básica de Saúde","tx_tipo_equipamento":"Atendimento básico em Pediatria, Ginecologia, Clínica Geral, Enfermagem e Odontologia. Principais serviços oferecidos: consultas médicas, inalações, injeções, curativos, vacinas, coleta de exames laboratoriais, tratamento odontológico, encaminhamentos par","cd_identificador_classe_equipamento":5,"nm_classe_equipamento":"UBS/POSTO DE SAÚDE/CENTRO DE SAÚDE","tx_classe_equipamento":"O PRIMEIRO CONTATO DO PACIENTE COM O SUS.","cd_identificador_esfera_administrativa_equipamento":1,"nm_esfera_administrativa_equipamento":"Municipal","tx_esfera_administrativa_equipamento":"Administração municipal","cd_equipamento":"1060","nm_equipamento":"UBS VILA PRUDENTE","tx_endereco_equipamento":"PRAÇA DO CENTENÁRIO DE VILA PRUDENTE - VEIGA CABRAL, 108","nm_bairro_equipamento":"VILA PRUDENTE","cd_cep_equipamento":"03132-050","tx_horario_funcionamento":null,"tx_numero_telefone":"2272-5763","cd_equipamento_base_origem":null}},{"type":"Feature","id":"equipamento_saude_ubs_posto_centro_v2.120963","geometry":{"type":"Point","coordinates":[350552.646,7398095.254]},"geometry_name":"ge_ponto","properties":{"cd_identificador":120963,"cd_identificador_tema_equipamento":6,"nm_tema_equipamento":"SAUDE","cd_identificador_rede_equipamento":0,"nm_rede_equipamento":"SEM REDE","tx_rede_equipamento":"Sem descrição","cd_identificador_tipo_equipamento":45,"nm_tipo_equipamento":"Unidade Básica de Saúde","tx_tipo_equipamento":"Atendimento básico em Pediatria, Ginecologia, Clínica Geral, Enfermagem e Odontologia. Principais serviços oferecidos: consultas médicas, inalações, injeções, curativos, vacinas, coleta de exames laboratoriais, tratamento odontológico, encaminhamentos par","cd_identificador_classe_equipamento":5,"nm_classe_equipamento":"UBS/POSTO DE SAÚDE/CENTRO DE SAÚDE","tx_classe_equipamento":"O PRIMEIRO CONTATO DO PACIENTE COM O SUS.","cd_identificador_esfera_administrativa_equipamento":1,"nm_esfera_administrativa_equipamento":"Municipal","tx_esfera_administrativa_equipamento":"Administração municipal","cd_equipamento":"415","nm_equipamento":"UBS VILA RAMOS - DR. LUIZ AUGUSTO DE CAMPOS","tx_endereco_equipamento":"AV. AUGUSTO ANTUNES, 1631","nm_bairro_equipamento":"LIMOEIRO","cd_cep_equipamento":"08235-630","tx_horario_funcionamento":null,"tx_numero_telefone":"2052-6945 / 2051-7317","cd_equipamento_base_origem":null}},{"type":"Feature","id":"equipamento_saude_ubs_posto_centro_v2.120964","geometry":{"type":"Point","coordinates":[328644.893,7402060.246]},"geometry_name":"ge_ponto","properties":{"cd_identificador":120964,"cd_identificador_tema_equipamento":6,"nm_tema_equipamento":"SAUDE","cd_identificador_rede_equipamento":0,"nm_rede_equipamento":"SEM REDE","tx_rede_equipamento":"Sem descrição","cd_identificador_tipo_equipamento":45,"nm_tipo_equipamento":"Unidade Básica de Saúde","tx_tipo_equipamento":"Atendimento básico em Pediatria, Ginecologia, Clínica Geral, Enfermagem e Odontologia. Principais serviços oferecidos: consultas médicas, inalações, injeções, curativos, vacinas, coleta de exames laboratoriais, tratamento odontológico, encaminhamentos par","cd_identificador_classe_equipamento":5,"nm_classe_equipamento":"UBS/POSTO DE SAÚDE/CENTRO DE SAÚDE","tx_classe_equipamento":"O PRIMEIRO CONTATO DO PACIENTE COM O SUS.","cd_identificador_esfera_administrativa_equipamento":1,"nm_esfera_administrativa_equipamento":"Municipal","tx_esfera_administrativa_equipamento":"Administração municipal","cd_equipamento":"292","nm_equipamento":"UBS VILA RAMOS - FREGUESIA DO Ó","tx_endereco_equipamento":"R. FERRAZ DE VASCONCELOS, 80","nm_bairro_equipamento":"NOSSA SENHORA DO O","cd_cep_equipamento":"02760-060","tx_horario_funcionamento":null,"tx_numero_telefone":"3924-4111","cd_equipamento_base_origem":null}},{"type":"Feature","id":"equipamento_saude_ubs_posto_centro_v2.120965","geometry":{"type":"Point","coordinates":[351074.521,7397015.062]},"geometry_name":"ge_ponto","properties":{"cd_identificador":120965,"cd_identificador_tema_equipamento":6,"nm_tema_equipamento":"SAUDE","cd_identificador_rede_equipamento":0,"nm_rede_equipamento":"SEM REDE","tx_rede_equipamento":"Sem descrição","cd_identificador_tipo_equipamento":45,"nm_tipo_equipamento":"Unidade Básica de Saúde","tx_tipo_equipamento":"Atendimento básico em Pediatria, Ginecologia, Clínica Geral, Enfermagem e Odontologia. Principais serviços oferecidos: consultas médicas, inalações, injeções, curativos, vacinas, coleta de exames laboratoriais, tratamento odontológico, encaminhamentos par","cd_identificador_classe_equipamento":5,"nm_classe_equipamento":"UBS/POSTO DE SAÚDE/CENTRO DE SAÚDE","tx_classe_equipamento":"O PRIMEIRO CONTATO DO PACIENTE COM O SUS.","cd_identificador_esfera_administrativa_equipamento":1,"nm_esfera_administrativa_equipamento":"Municipal","tx_esfera_administrativa_equipamento":"Administração municipal","cd_equipamento":"419","nm_equipamento":"UBS VILA REGINA","tx_endereco_equipamento":"R. CATARINA LOPES, 450","nm_bairro_equipamento":"VILA REGINA","cd_cep_equipamento":"08225-000","tx_horario_funcionamento":null,"tx_numero_telefone":"2205-6003 / 2944-7662","cd_equipamento_base_origem":null}},{"type":"Feature","id":"equipamento_saude_ubs_posto_centro_v2.120966","geometry":{"type":"Point","coordinates":[346263.52,7387302.412]},"geometry_name":"ge_ponto","properties":{"cd_identificador":120966,"cd_identificador_tema_equipamento":6,"nm_tema_equipamento":"SAUDE","cd_identificador_rede_equipamento":0,"nm_rede_equipamento":"SEM REDE","tx_rede_equipamento":"Sem descrição","cd_identificador_tipo_equipamento":45,"nm_tipo_equipamento":"Unidade Básica de Saúde","tx_tipo_equipamento":"Atendimento básico em Pediatria, Ginecologia, Clínica Geral, Enfermagem e Odontologia. Principais serviços oferecidos: consultas médicas, inalações, injeções, curativos, vacinas, coleta de exames laboratoriais, tratamento odontológico, encaminhamentos par","cd_identificador_classe_equipamento":5,"nm_classe_equipamento":"UBS/POSTO DE SAÚDE/CENTRO DE SAÚDE","tx_classe_equipamento":"O PRIMEIRO CONTATO DO PACIENTE COM O SUS.","cd_identificador_esfera_administrativa_equipamento":1,"nm_esfera_administrativa_equipamento":"Municipal","tx_esfera_administrativa_equipamento":"Administração municipal","cd_equipamento":"900","nm_equipamento":"UBS VILA RENATO - MARIA DAS GRAÇAS DA SILVA","tx_endereco_equipamento":"R. BERNARDINO FERRAZ, 54","nm_bairro_equipamento":"VL RENATO","cd_cep_equipamento":"03978-210","tx_horario_funcionamento":null,"tx_numero_telefone":"2703-0947 / 2703-0970","cd_equipamento_base_origem":null}},{"type":"Feature","id":"equipamento_saude_ubs_posto_centro_v2.120967","geometry":{"type":"Point","coordinates":[326929.832,7396930.863]},"geometry_name":"ge_ponto","properties":{"cd_identificador":120967,"cd_identificador_tema_equipamento":6,"nm_tema_equipamento":"SAUDE","cd_identificador_rede_equipamento":0,"nm_rede_equipamento":"SEM REDE","tx_rede_equipamento":"Sem descrição","cd_identificador_tipo_equipamento":45,"nm_tipo_equipamento":"Unidade Básica de Saúde","tx_tipo_equipamento":"Atendimento básico em Pediatria, Ginecologia, Clínica Geral, Enfermagem e Odontologia. Principais serviços oferecidos: consultas médicas, inalações, injeções, curativos, vacinas, coleta de exames laboratoriais, tratamento odontológico, encaminhamentos par","cd_identificador_classe_equipamento":5,"nm_classe_equipamento":"UBS/POSTO DE SAÚDE/CENTRO DE SAÚDE","tx_classe_equipamento":"O PRIMEIRO CONTATO DO PACIENTE COM O SUS.","cd_identificador_esfera_administrativa_equipamento":1,"nm_esfera_administrativa_equipamento":"Municipal","tx_esfera_administrativa_equipamento":"Administração municipal","cd_equipamento":"502","nm_equipamento":"UBS VILA ROMANA","tx_endereco_equipamento":"R. VESPASIANO, 679","nm_bairro_equipamento":"VL ROMANA","cd_cep_equipamento":"05044-050","tx_horario_funcionamento":null,"tx_numero_telefone":"3672-0911 / 3862-4102","cd_equipamento_base_origem":null}},{"type":"Feature","id":"equipamento_saude_ubs_posto_centro_v2.120968","geometry":{"type":"Point","coordinates":[323092.392,7362242.929]},"geometry_name":"ge_ponto","properties":{"cd_identificador":120968,"cd_identificador_tema_equipamento":6,"nm_tema_equipamento":"SAUDE","cd_identificador_rede_equipamento":0,"nm_rede_equipamento":"SEM REDE","tx_rede_equipamento":"Sem descrição","cd_identificador_tipo_equipamento":45,"nm_tipo_equipamento":"Unidade Básica de Saúde","tx_tipo_equipamento":"Atendimento básico em Pediatria, Ginecologia, Clínica Geral, Enfermagem e Odontologia. Principais serviços oferecidos: consultas médicas, inalações, injeções, curativos, vacinas, coleta de exames laboratoriais, tratamento odontológico, encaminhamentos par","cd_identificador_classe_equipamento":5,"nm_classe_equipamento":"UBS/POSTO DE SAÚDE/CENTRO DE SAÚDE","tx_classe_equipamento":"O PRIMEIRO CONTATO DO PACIENTE COM O SUS.","cd_identificador_esfera_administrativa_equipamento":1,"nm_esfera_administrativa_equipamento":"Municipal","tx_esfera_administrativa_equipamento":"Administração municipal","cd_equipamento":"623","nm_equipamento":"UBS VILA ROSCHEL","tx_endereco_equipamento":"R. ALICE BASTIDE, 290","nm_bairro_equipamento":"VL ROSCHEL","cd_cep_equipamento":"04891-140","tx_horario_funcionamento":null,"tx_numero_telefone":"5920-2604","cd_equipamento_base_origem":null}},{"type":"Feature","id":"equipamento_saude_ubs_posto_centro_v2.120969","geometry":{"type":"Point","coordinates":[339392.069,7401088.339]},"geometry_name":"ge_ponto","properties":{"cd_identificador":120969,"cd_identificador_tema_equipamento":6,"nm_tema_equipamento":"SAUDE","cd_identificador_rede_equipamento":0,"nm_rede_equipamento":"SEM REDE","tx_rede_equipamento":"Sem descrição","cd_identificador_tipo_equipamento":45,"nm_tipo_equipamento":"Unidade Básica de Saúde","tx_tipo_equipamento":"Atendimento básico em Pediatria, Ginecologia, Clínica Geral, Enfermagem e Odontologia. Principais serviços oferecidos: consultas médicas, inalações, injeções, curativos, vacinas, coleta de exames laboratoriais, tratamento odontológico, encaminhamentos par","cd_identificador_classe_equipamento":5,"nm_classe_equipamento":"UBS/POSTO DE SAÚDE/CENTRO DE SAÚDE","tx_classe_equipamento":"O PRIMEIRO CONTATO DO PACIENTE COM O SUS.","cd_identificador_esfera_administrativa_equipamento":1,"nm_esfera_administrativa_equipamento":"Municipal","tx_esfera_administrativa_equipamento":"Administração municipal","cd_equipamento":"1014","nm_equipamento":"UBS VILA SABRINA - DR. CARLOS AUGUSTO AUTRAN PEDERNEIRAS LIMA","tx_endereco_equipamento":"R. FRANCISCO FRANCO MACHADO, 150","nm_bairro_equipamento":"VL. SABRINA","cd_cep_equipamento":"02139-020","tx_horario_funcionamento":null,"tx_numero_telefone":"3478-7250","cd_equipamento_base_origem":null}},{"type":"Feature","id":"equipamento_saude_ubs_posto_centro_v2.120970","geometry":{"type":"Point","coordinates":[331471.158,7383178.296]},"geometry_name":"ge_ponto","properties":{"cd_identificador":120970,"cd_identificador_tema_equipamento":6,"nm_tema_equipamento":"SAUDE","cd_identificador_rede_equipamento":0,"nm_rede_equipamento":"SEM REDE","tx_rede_equipamento":"Sem descrição","cd_identificador_tipo_equipamento":45,"nm_tipo_equipamento":"Unidade Básica de Saúde","tx_tipo_equipamento":"Atendimento básico em Pediatria, Ginecologia, Clínica Geral, Enfermagem e Odontologia. Principais serviços oferecidos: consultas médicas, inalações, injeções, curativos, vacinas, coleta de exames laboratoriais, tratamento odontológico, encaminhamentos par","cd_identificador_classe_equipamento":5,"nm_classe_equipamento":"UBS/POSTO DE SAÚDE/CENTRO DE SAÚDE","tx_classe_equipamento":"O PRIMEIRO CONTATO DO PACIENTE COM O SUS.","cd_identificador_esfera_administrativa_equipamento":1,"nm_esfera_administrativa_equipamento":"Municipal","tx_esfera_administrativa_equipamento":"Administração municipal","cd_equipamento":"465","nm_equipamento":"UBS VILA SANTA CATARINA","tx_endereco_equipamento":"R. BELMIRO ZANETTI ESTEVES, 181","nm_bairro_equipamento":"VL SANTA CATARINA","cd_cep_equipamento":"04377-060","tx_horario_funcionamento":null,"tx_numero_telefone":"5563-9814","cd_equipamento_base_origem":null}},{"type":"Feature","id":"equipamento_saude_ubs_posto_centro_v2.120971","geometry":{"type":"Point","coordinates":[329318.232,7400890.333]},"geometry_name":"ge_ponto","properties":{"cd_identificador":120971,"cd_identificador_tema_equipamento":6,"nm_tema_equipamento":"SAUDE","cd_identificador_rede_equipamento":0,"nm_rede_equipamento":"SEM REDE","tx_rede_equipamento":"Sem descrição","cd_identificador_tipo_equipamento":45,"nm_tipo_equipamento":"Unidade Básica de Saúde","tx_tipo_equipamento":"Atendimento básico em Pediatria, Ginecologia, Clínica Geral, Enfermagem e Odontologia. Principais serviços oferecidos: consultas médicas, inalações, injeções, curativos, vacinas, coleta de exames laboratoriais, tratamento odontológico, encaminhamentos par","cd_identificador_classe_equipamento":5,"nm_classe_equipamento":"UBS/POSTO DE SAÚDE/CENTRO DE SAÚDE","tx_classe_equipamento":"O PRIMEIRO CONTATO DO PACIENTE COM O SUS.","cd_identificador_esfera_administrativa_equipamento":1,"nm_esfera_administrativa_equipamento":"Municipal","tx_esfera_administrativa_equipamento":"Administração municipal","cd_equipamento":"181","nm_equipamento":"UBS VILA SANTA MARIA","tx_endereco_equipamento":"R. PROFESSOR DARIO RIBEIRO, 670","nm_bairro_equipamento":"LIMÃO","cd_cep_equipamento":"02559-000","tx_horario_funcionamento":null,"tx_numero_telefone":"3965-6035","cd_equipamento_base_origem":null}},{"type":"Feature","id":"equipamento_saude_ubs_posto_centro_v2.120972","geometry":{"type":"Point","coordinates":[352409.161,7397586.271]},"geometry_name":"ge_ponto","properties":{"cd_identificador":120972,"cd_identificador_tema_equipamento":6,"nm_tema_equipamento":"SAUDE","cd_identificador_rede_equipamento":0,"nm_rede_equipamento":"SEM REDE","tx_rede_equipamento":"Sem descrição","cd_identificador_tipo_equipamento":45,"nm_tipo_equipamento":"Unidade Básica de Saúde","tx_tipo_equipamento":"Atendimento básico em Pediatria, Ginecologia, Clínica Geral, Enfermagem e Odontologia. Principais serviços oferecidos: consultas médicas, inalações, injeções, curativos, vacinas, coleta de exames laboratoriais, tratamento odontológico, encaminhamentos par","cd_identificador_classe_equipamento":5,"nm_classe_equipamento":"UBS/POSTO DE SAÚDE/CENTRO DE SAÚDE","tx_classe_equipamento":"O PRIMEIRO CONTATO DO PACIENTE COM O SUS.","cd_identificador_esfera_administrativa_equipamento":1,"nm_esfera_administrativa_equipamento":"Municipal","tx_esfera_administrativa_equipamento":"Administração municipal","cd_equipamento":"416","nm_equipamento":"UBS VILA SANTANA","tx_endereco_equipamento":"R. VITOR JOSE DE CASTRO, 84","nm_bairro_equipamento":"VL SANTANA","cd_cep_equipamento":"08240-300","tx_horario_funcionamento":null,"tx_numero_telefone":"2051-3962 / 2052-9698","cd_equipamento_base_origem":null}},{"type":"Feature","id":"equipamento_saude_ubs_posto_centro_v2.120973","geometry":{"type":"Point","coordinates":[340660.017,7394821.292]},"geometry_name":"ge_ponto","properties":{"cd_identificador":120973,"cd_identificador_tema_equipamento":6,"nm_tema_equipamento":"SAUDE","cd_identificador_rede_equipamento":0,"nm_rede_equipamento":"SEM REDE","tx_rede_equipamento":"Sem descrição","cd_identificador_tipo_equipamento":45,"nm_tipo_equipamento":"Unidade Básica de Saúde","tx_tipo_equipamento":"Atendimento básico em Pediatria, Ginecologia, Clínica Geral, Enfermagem e Odontologia. Principais serviços oferecidos: consultas médicas, inalações, injeções, curativos, vacinas, coleta de exames laboratoriais, tratamento odontológico, encaminhamentos par","cd_identificador_classe_equipamento":5,"nm_classe_equipamento":"UBS/POSTO DE SAÚDE/CENTRO DE SAÚDE","tx_classe_equipamento":"O PRIMEIRO CONTATO DO PACIENTE COM O SUS.","cd_identificador_esfera_administrativa_equipamento":1,"nm_esfera_administrativa_equipamento":"Municipal","tx_esfera_administrativa_equipamento":"Administração municipal","cd_equipamento":"603","nm_equipamento":"UBS VILA SANTO ESTEVÃO - WOADY JORGE KALIL","tx_endereco_equipamento":"R. ANTONIO CAMARDO, 678","nm_bairro_equipamento":"VILA GOMES CARDIM","cd_cep_equipamento":"03309-060","tx_horario_funcionamento":null,"tx_numero_telefone":"2093-7620","cd_equipamento_base_origem":null}},{"type":"Feature","id":"equipamento_saude_ubs_posto_centro_v2.120974","geometry":{"type":"Point","coordinates":[326723.845,7404672.561]},"geometry_name":"ge_ponto","properties":{"cd_identificador":120974,"cd_identificador_tema_equipamento":6,"nm_tema_equipamento":"SAUDE","cd_identificador_rede_equipamento":0,"nm_rede_equipamento":"SEM REDE","tx_rede_equipamento":"Sem descrição","cd_identificador_tipo_equipamento":45,"nm_tipo_equipamento":"Unidade Básica de Saúde","tx_tipo_equipamento":"Atendimento básico em Pediatria, Ginecologia, Clínica Geral, Enfermagem e Odontologia. Principais serviços oferecidos: consultas médicas, inalações, injeções, curativos, vacinas, coleta de exames laboratoriais, tratamento odontológico, encaminhamentos par","cd_identificador_classe_equipamento":5,"nm_classe_equipamento":"UBS/POSTO DE SAÚDE/CENTRO DE SAÚDE","tx_classe_equipamento":"O PRIMEIRO CONTATO DO PACIENTE COM O SUS.","cd_identificador_esfera_administrativa_equipamento":1,"nm_esfera_administrativa_equipamento":"Municipal","tx_esfera_administrativa_equipamento":"Administração municipal","cd_equipamento":"273","nm_equipamento":"UBS VILA TEREZINHA","tx_endereco_equipamento":"R. DOMINGOS FRANCISCO DE MEDEIROS, 70","nm_bairro_equipamento":"VILA TERESINHA","cd_cep_equipamento":"02854-010","tx_horario_funcionamento":null,"tx_numero_telefone":"3921-2380","cd_equipamento_base_origem":null}},{"type":"Feature","id":"equipamento_saude_ubs_posto_centro_v2.120975","geometry":{"type":"Point","coordinates":[325230.263,7402641.886]},"geometry_name":"ge_ponto","properties":{"cd_identificador":120975,"cd_identificador_tema_equipamento":6,"nm_tema_equipamento":"SAUDE","cd_identificador_rede_equipamento":0,"nm_rede_equipamento":"SEM REDE","tx_rede_equipamento":"Sem descrição","cd_identificador_tipo_equipamento":45,"nm_tipo_equipamento":"Unidade Básica de Saúde","tx_tipo_equipamento":"Atendimento básico em Pediatria, Ginecologia, Clínica Geral, Enfermagem e Odontologia. Principais serviços oferecidos: consultas médicas, inalações, injeções, curativos, vacinas, coleta de exames laboratoriais, tratamento odontológico, encaminhamentos par","cd_identificador_classe_equipamento":5,"nm_classe_equipamento":"UBS/POSTO DE SAÚDE/CENTRO DE SAÚDE","tx_classe_equipamento":"O PRIMEIRO CONTATO DO PACIENTE COM O SUS.","cd_identificador_esfera_administrativa_equipamento":1,"nm_esfera_administrativa_equipamento":"Municipal","tx_esfera_administrativa_equipamento":"Administração municipal","cd_equipamento":"749","nm_equipamento":"UBS VILA ZATT","tx_endereco_equipamento":"R. MONSENHOR MANUEL GOMES, 77","nm_bairro_equipamento":"VILA ZATT","cd_cep_equipamento":"02975-120","tx_horario_funcionamento":null,"tx_numero_telefone":"3975-2116","cd_equipamento_base_origem":null}},{"type":"Feature","id":"equipamento_saude_ubs_posto_centro_v2.120976","geometry":{"type":"Point","coordinates":[321944.929,7380989.49]},"geometry_name":"ge_ponto","properties":{"cd_identificador":120976,"cd_identificador_tema_equipamento":6,"nm_tema_equipamento":"SAUDE","cd_identificador_rede_equipamento":0,"nm_rede_equipamento":"SEM REDE","tx_rede_equipamento":"Sem descrição","cd_identificador_tipo_equipamento":45,"nm_tipo_equipamento":"Unidade Básica de Saúde","tx_tipo_equipamento":"Atendimento básico em Pediatria, Ginecologia, Clínica Geral, Enfermagem e Odontologia. Principais serviços oferecidos: consultas médicas, inalações, injeções, curativos, vacinas, coleta de exames laboratoriais, tratamento odontológico, encaminhamentos par","cd_identificador_classe_equipamento":5,"nm_classe_equipamento":"UBS/POSTO DE SAÚDE/CENTRO DE SAÚDE","tx_classe_equipamento":"O PRIMEIRO CONTATO DO PACIENTE COM O SUS.","cd_identificador_esfera_administrativa_equipamento":1,"nm_esfera_administrativa_equipamento":"Municipal","tx_esfera_administrativa_equipamento":"Administração municipal","cd_equipamento":"554","nm_equipamento":"UBS ZUMBI DOS PALMARES","tx_endereco_equipamento":"R. HUMBERTO DE ALMEIDA, 279","nm_bairro_equipamento":"CHÁCARA SANTANA","cd_cep_equipamento":"05831-000","tx_horario_funcionamento":null,"tx_numero_telefone":"3777-1350","cd_equipamento_base_origem":null}},{"type":"Feature","id":"equipamento_saude_ubs_posto_centro_v2.120977","geometry":{"type":"Point","coordinates":[320871.237,7404019.008]},"geometry_name":"ge_ponto","properties":{"cd_identificador":120977,"cd_identificador_tema_equipamento":6,"nm_tema_equipamento":"SAUDE","cd_identificador_rede_equipamento":0,"nm_rede_equipamento":"SEM REDE","tx_rede_equipamento":"Sem descrição","cd_identificador_tipo_equipamento":45,"nm_tipo_equipamento":"Unidade Básica de Saúde","tx_tipo_equipamento":"Atendimento básico em Pediatria, Ginecologia, Clínica Geral, Enfermagem e Odontologia. Principais serviços oferecidos: consultas médicas, inalações, injeções, curativos, vacinas, coleta de exames laboratoriais, tratamento odontológico, encaminhamentos par","cd_identificador_classe_equipamento":5,"nm_classe_equipamento":"UBS/POSTO DE SAÚDE/CENTRO DE SAÚDE","tx_classe_equipamento":"O PRIMEIRO CONTATO DO PACIENTE COM O SUS.","cd_identificador_esfera_administrativa_equipamento":1,"nm_esfera_administrativa_equipamento":"Municipal","tx_esfera_administrativa_equipamento":"Administração municipal","cd_equipamento":"727","nm_equipamento":"UBSI ALDEIA JARAGUA - KWARÃY DJEKUPÉ","tx_endereco_equipamento":"ESTRADA TURÍSTICA DO JARAGUÁ, 3750","nm_bairro_equipamento":"JARAGUÁ","cd_cep_equipamento":"05161-000","tx_horario_funcionamento":null,"tx_numero_telefone":"3903-4988","cd_equipamento_base_origem":null}},{"type":"Feature","id":"equipamento_saude_ubs_posto_centro_v2.120978","geometry":{"type":"Point","coordinates":[334929.874,7359796.351]},"geometry_name":"ge_ponto","properties":{"cd_identificador":120978,"cd_identificador_tema_equipamento":6,"nm_tema_equipamento":"SAUDE","cd_identificador_rede_equipamento":0,"nm_rede_equipamento":"SEM REDE","tx_rede_equipamento":"Sem descrição","cd_identificador_tipo_equipamento":45,"nm_tipo_equipamento":"Unidade Básica de Saúde","tx_tipo_equipamento":"Atendimento básico em Pediatria, Ginecologia, Clínica Geral, Enfermagem e Odontologia. Principais serviços oferecidos: consultas médicas, inalações, injeções, curativos, vacinas, coleta de exames laboratoriais, tratamento odontológico, encaminhamentos par","cd_identificador_classe_equipamento":5,"nm_classe_equipamento":"UBS/POSTO DE SAÚDE/CENTRO DE SAÚDE","tx_classe_equipamento":"O PRIMEIRO CONTATO DO PACIENTE COM O SUS.","cd_identificador_esfera_administrativa_equipamento":1,"nm_esfera_administrativa_equipamento":"Municipal","tx_esfera_administrativa_equipamento":"Administração municipal","cd_equipamento":"622","nm_equipamento":"UBSI KRUKUTU","tx_endereco_equipamento":"ESTRADA DO CURUCUTU, S/Nº","nm_bairro_equipamento":"CIPO DO MEIO","cd_cep_equipamento":"04895-090","tx_horario_funcionamento":null,"tx_numero_telefone":"5827-7585","cd_equipamento_base_origem":null}},{"type":"Feature","id":"equipamento_saude_ubs_posto_centro_v2.120979","geometry":{"type":"Point","coordinates":[331825.557,7359443.925]},"geometry_name":"ge_ponto","properties":{"cd_identificador":120979,"cd_identificador_tema_equipamento":6,"nm_tema_equipamento":"SAUDE","cd_identificador_rede_equipamento":0,"nm_rede_equipamento":"SEM REDE","tx_rede_equipamento":"Sem descrição","cd_identificador_tipo_equipamento":45,"nm_tipo_equipamento":"Unidade Básica de Saúde","tx_tipo_equipamento":"Atendimento básico em Pediatria, Ginecologia, Clínica Geral, Enfermagem e Odontologia. Principais serviços oferecidos: consultas médicas, inalações, injeções, curativos, vacinas, coleta de exames laboratoriais, tratamento odontológico, encaminhamentos par","cd_identificador_classe_equipamento":5,"nm_classe_equipamento":"UBS/POSTO DE SAÚDE/CENTRO DE SAÚDE","tx_classe_equipamento":"O PRIMEIRO CONTATO DO PACIENTE COM O SUS.","cd_identificador_esfera_administrativa_equipamento":1,"nm_esfera_administrativa_equipamento":"Municipal","tx_esfera_administrativa_equipamento":"Administração municipal","cd_equipamento":"633","nm_equipamento":"UBSI VERA POTY","tx_endereco_equipamento":"ESTRADA JOÃO LANG, 153","nm_bairro_equipamento":"BARRAGEM","cd_cep_equipamento":"04895-070","tx_horario_funcionamento":null,"tx_numero_telefone":"5977-3851","cd_equipamento_base_origem":null}}],"totalFeatures":483,"numberMatched":483,"numberReturned":483,"timeStamp":"2026-05-16T18:08:06.764Z","crs":{"type":"name","properties":{"name":"urn:ogc:def:crs:EPSG::31983"}}}